date,shift,machine_id,unit,department,machine_type,target_qty,actual_qty,efficiency_pct
2026-06-01,1,TOY-01,Unit I,Weaving,Toyota,21700,21153,97.48
2026-06-01,1,TOY-02,Unit I,Weaving,Toyota,21700,16775,77.31
2026-06-01,1,TOY-03,Unit I,Weaving,Toyota,21700,21317,98.24
2026-06-01,1,TOY-04,Unit I,Weaving,Toyota,21700,21700,100.0
2026-06-01,1,TOY-05,Unit I,Weaving,Toyota,21700,20360,93.83
2026-06-01,1,TOY-06,Unit I,Weaving,Toyota,21700,20360,93.83
2026-06-01,1,TOY-07,Unit I,Weaving,Toyota,21700,21700,100.0
2026-06-01,1,TOY-08,Unit I,Weaving,Toyota,21700,17758,81.84
2026-06-01,1,TOY-09,Unit I,Weaving,Toyota,21700,20105,92.65
2026-06-01,1,TOY-10,Unit I,Weaving,Toyota,21700,21203,97.71
2026-06-01,1,TOY-11,Unit I,Weaving,Toyota,21700,20112,92.68
2026-06-01,1,TOY-12,Unit I,Weaving,Toyota,21700,20109,92.67
2026-06-01,1,TOY-13,Unit I,Weaving,Toyota,21700,20877,96.21
2026-06-01,1,TOY-14,Unit I,Weaving,Toyota,21700,18539,85.43
2026-06-01,1,TOY-15,Unit I,Weaving,Toyota,21700,18743,86.38
2026-06-01,1,TSU-01,Unit I,Weaving,Tsudakoma,15000,13828,92.19
2026-06-01,1,TSU-02,Unit I,Weaving,Tsudakoma,15000,13490,89.94
2026-06-01,1,TSU-03,Unit I,Weaving,Tsudakoma,15000,14485,96.57
2026-06-01,1,TSU-04,Unit I,Weaving,Tsudakoma,15000,13568,90.46
2026-06-01,1,TSU-05,Unit I,Weaving,Tsudakoma,15000,13190,87.94
2026-06-01,1,TSU-06,Unit I,Weaving,Tsudakoma,15000,15000,100.0
2026-06-01,1,TSU-07,Unit I,Weaving,Tsudakoma,15000,14080,93.87
2026-06-01,1,TSU-08,Unit I,Weaving,Tsudakoma,15000,14300,95.34
2026-06-01,1,TSU-09,Unit I,Weaving,Tsudakoma,15000,13181,87.88
2026-06-01,1,TSU-10,Unit I,Weaving,Tsudakoma,15000,13841,92.28
2026-06-01,1,SUL-01,Unit I,Weaving,Sulzer,2700,2579,95.55
2026-06-01,1,SUL-02,Unit I,Weaving,Sulzer,2700,2409,89.25
2026-06-01,1,SUL-03,Unit I,Weaving,Sulzer,2700,2615,96.88
2026-06-01,1,SUL-04,Unit I,Weaving,Sulzer,2700,2483,92.0
2026-06-01,1,SUL-05,Unit I,Weaving,Sulzer,2700,2525,93.54
2026-06-01,1,RF-01,Unit I,Spinning,RingFrame,2500,2299,91.99
2026-06-01,1,RF-02,Unit I,Spinning,RingFrame,2500,2500,100.0
2026-06-01,1,RF-03,Unit I,Spinning,RingFrame,2500,2373,94.93
2026-06-01,1,RF-04,Unit I,Spinning,RingFrame,2500,2242,89.71
2026-06-01,1,RF-05,Unit I,Spinning,RingFrame,2500,2477,99.11
2026-06-01,1,RF-06,Unit I,Spinning,RingFrame,2500,2222,88.9
2026-06-01,1,RF-07,Unit I,Spinning,RingFrame,2500,2401,96.04
2026-06-01,1,RF-08,Unit I,Spinning,RingFrame,2500,2130,85.2
2026-06-01,1,RF-09,Unit I,Spinning,RingFrame,2500,2208,88.36
2026-06-01,1,RF-10,Unit I,Spinning,RingFrame,2500,2399,95.98
2026-06-01,1,RF-11,Unit I,Spinning,RingFrame,2500,2042,81.69
2026-06-01,1,RF-12,Unit I,Spinning,RingFrame,2500,2396,95.86
2026-06-01,1,VTX-01,Unit I,Spinning,Vortex,4700,4437,94.42
2026-06-01,1,VTX-02,Unit I,Spinning,Vortex,4700,4394,93.49
2026-06-01,1,VTX-03,Unit I,Spinning,Vortex,4700,4117,87.61
2026-06-01,1,VTX-04,Unit I,Spinning,Vortex,4700,4295,91.4
2026-06-01,1,VTX-05,Unit I,Spinning,Vortex,4700,4356,92.7
2026-06-01,1,VTX-06,Unit I,Spinning,Vortex,4700,3914,83.29
2026-06-01,1,VTX-07,Unit I,Spinning,Vortex,4700,4545,96.72
2026-06-01,1,VTX-08,Unit I,Spinning,Vortex,4700,4050,86.18
2026-06-01,1,VTX-09,Unit I,Spinning,Vortex,4700,4541,96.62
2026-06-01,1,VTX-10,Unit I,Spinning,Vortex,4700,4374,93.07
2026-06-01,1,VTX-11,Unit I,Spinning,Vortex,4700,4305,91.62
2026-06-01,1,VTX-12,Unit I,Spinning,Vortex,4700,4608,98.06
2026-06-01,1,AJ-01,Unit I,Spinning,Airjet,3750,3750,100.0
2026-06-01,1,AJ-02,Unit I,Spinning,Airjet,3750,3737,99.66
2026-06-01,1,AJ-03,Unit I,Spinning,Airjet,3750,3405,90.8
2026-06-01,1,AJ-04,Unit I,Spinning,Airjet,3750,3504,93.45
2026-06-01,1,AJ-05,Unit I,Spinning,Airjet,3750,3624,96.66
2026-06-01,2,TOY-01,Unit I,Weaving,Toyota,21700,21673,99.88
2026-06-01,2,TOY-02,Unit I,Weaving,Toyota,21700,16406,75.6
2026-06-01,2,TOY-03,Unit I,Weaving,Toyota,21700,20413,94.07
2026-06-01,2,TOY-04,Unit I,Weaving,Toyota,21700,19414,89.47
2026-06-01,2,TOY-05,Unit I,Weaving,Toyota,21700,19317,89.02
2026-06-01,2,TOY-06,Unit I,Weaving,Toyota,21700,21496,99.06
2026-06-01,2,TOY-07,Unit I,Weaving,Toyota,21700,21700,100.0
2026-06-01,2,TOY-08,Unit I,Weaving,Toyota,21700,16847,77.64
2026-06-01,2,TOY-09,Unit I,Weaving,Toyota,21700,21700,100.0
2026-06-01,2,TOY-10,Unit I,Weaving,Toyota,21700,21007,96.81
2026-06-01,2,TOY-11,Unit I,Weaving,Toyota,21700,19915,91.77
2026-06-01,2,TOY-12,Unit I,Weaving,Toyota,21700,21007,96.81
2026-06-01,2,TOY-13,Unit I,Weaving,Toyota,21700,21700,100.0
2026-06-01,2,TOY-14,Unit I,Weaving,Toyota,21700,20576,94.82
2026-06-01,2,TOY-15,Unit I,Weaving,Toyota,21700,21700,100.0
2026-06-01,2,TSU-01,Unit I,Weaving,Tsudakoma,15000,12285,81.9
2026-06-01,2,TSU-02,Unit I,Weaving,Tsudakoma,15000,14866,99.11
2026-06-01,2,TSU-03,Unit I,Weaving,Tsudakoma,15000,14315,95.44
2026-06-01,2,TSU-04,Unit I,Weaving,Tsudakoma,15000,14025,93.5
2026-06-01,2,TSU-05,Unit I,Weaving,Tsudakoma,15000,14318,95.46
2026-06-01,2,TSU-06,Unit I,Weaving,Tsudakoma,15000,12759,85.06
2026-06-01,2,TSU-07,Unit I,Weaving,Tsudakoma,15000,14085,93.9
2026-06-01,2,TSU-08,Unit I,Weaving,Tsudakoma,15000,14517,96.79
2026-06-01,2,TSU-09,Unit I,Weaving,Tsudakoma,15000,15000,100.0
2026-06-01,2,TSU-10,Unit I,Weaving,Tsudakoma,15000,13861,92.41
2026-06-01,2,SUL-01,Unit I,Weaving,Sulzer,2700,2455,90.96
2026-06-01,2,SUL-02,Unit I,Weaving,Sulzer,2700,2497,92.49
2026-06-01,2,SUL-03,Unit I,Weaving,Sulzer,2700,2688,99.58
2026-06-01,2,SUL-04,Unit I,Weaving,Sulzer,2700,2609,96.64
2026-06-01,2,SUL-05,Unit I,Weaving,Sulzer,2700,2493,92.35
2026-06-01,2,RF-01,Unit I,Spinning,RingFrame,2500,2439,97.57
2026-06-01,2,RF-02,Unit I,Spinning,RingFrame,2500,2387,95.49
2026-06-01,2,RF-03,Unit I,Spinning,RingFrame,2500,2496,99.84
2026-06-01,2,RF-04,Unit I,Spinning,RingFrame,2500,2287,91.49
2026-06-01,2,RF-05,Unit I,Spinning,RingFrame,2500,2334,93.36
2026-06-01,2,RF-06,Unit I,Spinning,RingFrame,2500,2325,93.04
2026-06-01,2,RF-07,Unit I,Spinning,RingFrame,2500,2192,87.68
2026-06-01,2,RF-08,Unit I,Spinning,RingFrame,2500,2412,96.48
2026-06-01,2,RF-09,Unit I,Spinning,RingFrame,2500,2407,96.31
2026-06-01,2,RF-10,Unit I,Spinning,RingFrame,2500,2375,95.03
2026-06-01,2,RF-11,Unit I,Spinning,RingFrame,2500,1920,76.83
2026-06-01,2,RF-12,Unit I,Spinning,RingFrame,2500,2198,87.92
2026-06-01,2,VTX-01,Unit I,Spinning,Vortex,4700,4366,92.9
2026-06-01,2,VTX-02,Unit I,Spinning,Vortex,4700,4384,93.29
2026-06-01,2,VTX-03,Unit I,Spinning,Vortex,4700,4276,90.99
2026-06-01,2,VTX-04,Unit I,Spinning,Vortex,4700,4427,94.19
2026-06-01,2,VTX-05,Unit I,Spinning,Vortex,4700,4559,97.02
2026-06-01,2,VTX-06,Unit I,Spinning,Vortex,4700,4109,87.43
2026-06-01,2,VTX-07,Unit I,Spinning,Vortex,4700,4506,95.87
2026-06-01,2,VTX-08,Unit I,Spinning,Vortex,4700,4525,96.29
2026-06-01,2,VTX-09,Unit I,Spinning,Vortex,4700,4447,94.63
2026-06-01,2,VTX-10,Unit I,Spinning,Vortex,4700,4014,85.41
2026-06-01,2,VTX-11,Unit I,Spinning,Vortex,4700,4458,94.87
2026-06-01,2,VTX-12,Unit I,Spinning,Vortex,4700,4479,95.3
2026-06-01,2,AJ-01,Unit I,Spinning,Airjet,3750,3750,100.0
2026-06-01,2,AJ-02,Unit I,Spinning,Airjet,3750,3526,94.04
2026-06-01,2,AJ-03,Unit I,Spinning,Airjet,3750,3619,96.51
2026-06-01,2,AJ-04,Unit I,Spinning,Airjet,3750,3555,94.83
2026-06-01,2,AJ-05,Unit I,Spinning,Airjet,3750,3343,89.16
2026-06-01,3,TOY-01,Unit I,Weaving,Toyota,21700,21700,100.0
2026-06-01,3,TOY-02,Unit I,Weaving,Toyota,21700,17741,81.76
2026-06-01,3,TOY-03,Unit I,Weaving,Toyota,21700,21473,98.96
2026-06-01,3,TOY-04,Unit I,Weaving,Toyota,21700,19628,90.45
2026-06-01,3,TOY-05,Unit I,Weaving,Toyota,21700,21700,100.0
2026-06-01,3,TOY-06,Unit I,Weaving,Toyota,21700,19093,87.99
2026-06-01,3,TOY-07,Unit I,Weaving,Toyota,21700,21251,97.93
2026-06-01,3,TOY-08,Unit I,Weaving,Toyota,21700,19302,88.95
2026-06-01,3,TOY-09,Unit I,Weaving,Toyota,21700,19540,90.05
2026-06-01,3,TOY-10,Unit I,Weaving,Toyota,21700,20000,92.17
2026-06-01,3,TOY-11,Unit I,Weaving,Toyota,21700,20723,95.5
2026-06-01,3,TOY-12,Unit I,Weaving,Toyota,21700,20068,92.48
2026-06-01,3,TOY-13,Unit I,Weaving,Toyota,21700,18932,87.25
2026-06-01,3,TOY-14,Unit I,Weaving,Toyota,21700,20689,95.34
2026-06-01,3,TOY-15,Unit I,Weaving,Toyota,21700,19462,89.69
2026-06-01,3,TSU-01,Unit I,Weaving,Tsudakoma,15000,14605,97.37
2026-06-01,3,TSU-02,Unit I,Weaving,Tsudakoma,15000,13560,90.4
2026-06-01,3,TSU-03,Unit I,Weaving,Tsudakoma,15000,15000,100.0
2026-06-01,3,TSU-04,Unit I,Weaving,Tsudakoma,15000,13662,91.08
2026-06-01,3,TSU-05,Unit I,Weaving,Tsudakoma,15000,14008,93.39
2026-06-01,3,TSU-06,Unit I,Weaving,Tsudakoma,15000,14860,99.07
2026-06-01,3,TSU-07,Unit I,Weaving,Tsudakoma,15000,13326,88.85
2026-06-01,3,TSU-08,Unit I,Weaving,Tsudakoma,15000,14420,96.14
2026-06-01,3,TSU-09,Unit I,Weaving,Tsudakoma,15000,15000,100.0
2026-06-01,3,TSU-10,Unit I,Weaving,Tsudakoma,15000,13044,86.96
2026-06-01,3,SUL-01,Unit I,Weaving,Sulzer,2700,2589,95.92
2026-06-01,3,SUL-02,Unit I,Weaving,Sulzer,2700,2600,96.3
2026-06-01,3,SUL-03,Unit I,Weaving,Sulzer,2700,2670,98.91
2026-06-01,3,SUL-04,Unit I,Weaving,Sulzer,2700,2398,88.82
2026-06-01,3,SUL-05,Unit I,Weaving,Sulzer,2700,2386,88.4
2026-06-01,3,RF-01,Unit I,Spinning,RingFrame,2500,2440,97.61
2026-06-01,3,RF-02,Unit I,Spinning,RingFrame,2500,2412,96.48
2026-06-01,3,RF-03,Unit I,Spinning,RingFrame,2500,2406,96.25
2026-06-01,3,RF-04,Unit I,Spinning,RingFrame,2500,2418,96.73
2026-06-01,3,RF-05,Unit I,Spinning,RingFrame,2500,2289,91.6
2026-06-01,3,RF-06,Unit I,Spinning,RingFrame,2500,2404,96.16
2026-06-01,3,RF-07,Unit I,Spinning,RingFrame,2500,2411,96.47
2026-06-01,3,RF-08,Unit I,Spinning,RingFrame,2500,2285,91.43
2026-06-01,3,RF-09,Unit I,Spinning,RingFrame,2500,2500,100.0
2026-06-01,3,RF-10,Unit I,Spinning,RingFrame,2500,2434,97.37
2026-06-01,3,RF-11,Unit I,Spinning,RingFrame,2500,1801,72.04
2026-06-01,3,RF-12,Unit I,Spinning,RingFrame,2500,2457,98.28
2026-06-01,3,VTX-01,Unit I,Spinning,Vortex,4700,4235,90.13
2026-06-01,3,VTX-02,Unit I,Spinning,Vortex,4700,4649,98.94
2026-06-01,3,VTX-03,Unit I,Spinning,Vortex,4700,4700,100.0
2026-06-01,3,VTX-04,Unit I,Spinning,Vortex,4700,4272,90.9
2026-06-01,3,VTX-05,Unit I,Spinning,Vortex,4700,4691,99.82
2026-06-01,3,VTX-06,Unit I,Spinning,Vortex,4700,3763,80.06
2026-06-01,3,VTX-07,Unit I,Spinning,Vortex,4700,4658,99.11
2026-06-01,3,VTX-08,Unit I,Spinning,Vortex,4700,4700,100.0
2026-06-01,3,VTX-09,Unit I,Spinning,Vortex,4700,4407,93.77
2026-06-01,3,VTX-10,Unit I,Spinning,Vortex,4700,4287,91.23
2026-06-01,3,VTX-11,Unit I,Spinning,Vortex,4700,4255,90.55
2026-06-01,3,VTX-12,Unit I,Spinning,Vortex,4700,4273,90.92
2026-06-01,3,AJ-01,Unit I,Spinning,Airjet,3750,3548,94.61
2026-06-01,3,AJ-02,Unit I,Spinning,Airjet,3750,3626,96.71
2026-06-01,3,AJ-03,Unit I,Spinning,Airjet,3750,3614,96.38
2026-06-01,3,AJ-04,Unit I,Spinning,Airjet,3750,3717,99.14
2026-06-01,3,AJ-05,Unit I,Spinning,Airjet,3750,3564,95.07
2026-06-02,1,TOY-01,Unit I,Weaving,Toyota,21700,21700,100.0
2026-06-02,1,TOY-02,Unit I,Weaving,Toyota,21700,16638,76.68
2026-06-02,1,TOY-03,Unit I,Weaving,Toyota,21700,21700,100.0
2026-06-02,1,TOY-04,Unit I,Weaving,Toyota,21700,21293,98.13
2026-06-02,1,TOY-05,Unit I,Weaving,Toyota,21700,19684,90.71
2026-06-02,1,TOY-06,Unit I,Weaving,Toyota,21700,19453,89.65
2026-06-02,1,TOY-07,Unit I,Weaving,Toyota,21700,21138,97.41
2026-06-02,1,TOY-08,Unit I,Weaving,Toyota,21700,16683,76.88
2026-06-02,1,TOY-09,Unit I,Weaving,Toyota,21700,21389,98.57
2026-06-02,1,TOY-10,Unit I,Weaving,Toyota,21700,21128,97.37
2026-06-02,1,TOY-11,Unit I,Weaving,Toyota,21700,20535,94.64
2026-06-02,1,TOY-12,Unit I,Weaving,Toyota,21700,19696,90.77
2026-06-02,1,TOY-13,Unit I,Weaving,Toyota,21700,18971,87.43
2026-06-02,1,TOY-14,Unit I,Weaving,Toyota,21700,20130,92.77
2026-06-02,1,TOY-15,Unit I,Weaving,Toyota,21700,21544,99.28
2026-06-02,1,TSU-01,Unit I,Weaving,Tsudakoma,15000,14410,96.07
2026-06-02,1,TSU-02,Unit I,Weaving,Tsudakoma,15000,13315,88.77
2026-06-02,1,TSU-03,Unit I,Weaving,Tsudakoma,15000,14379,95.87
2026-06-02,1,TSU-04,Unit I,Weaving,Tsudakoma,15000,14538,96.93
2026-06-02,1,TSU-05,Unit I,Weaving,Tsudakoma,15000,13587,90.58
2026-06-02,1,TSU-06,Unit I,Weaving,Tsudakoma,15000,14365,95.77
2026-06-02,1,TSU-07,Unit I,Weaving,Tsudakoma,15000,14293,95.29
2026-06-02,1,TSU-08,Unit I,Weaving,Tsudakoma,15000,13392,89.29
2026-06-02,1,TSU-09,Unit I,Weaving,Tsudakoma,15000,14518,96.79
2026-06-02,1,TSU-10,Unit I,Weaving,Tsudakoma,15000,14670,97.8
2026-06-02,1,SUL-01,Unit I,Weaving,Sulzer,2700,2700,100.0
2026-06-02,1,SUL-02,Unit I,Weaving,Sulzer,2700,2700,100.0
2026-06-02,1,SUL-03,Unit I,Weaving,Sulzer,2700,2379,88.11
2026-06-02,1,SUL-04,Unit I,Weaving,Sulzer,2700,2438,90.31
2026-06-02,1,SUL-05,Unit I,Weaving,Sulzer,2700,2634,97.58
2026-06-02,1,RF-01,Unit I,Spinning,RingFrame,2500,2439,97.57
2026-06-02,1,RF-02,Unit I,Spinning,RingFrame,2500,2439,97.58
2026-06-02,1,RF-03,Unit I,Spinning,RingFrame,2500,2500,100.0
2026-06-02,1,RF-04,Unit I,Spinning,RingFrame,2500,2446,97.85
2026-06-02,1,RF-05,Unit I,Spinning,RingFrame,2500,2500,100.0
2026-06-02,1,RF-06,Unit I,Spinning,RingFrame,2500,2494,99.77
2026-06-02,1,RF-07,Unit I,Spinning,RingFrame,2500,2456,98.26
2026-06-02,1,RF-08,Unit I,Spinning,RingFrame,2500,2335,93.42
2026-06-02,1,RF-09,Unit I,Spinning,RingFrame,2500,2469,98.79
2026-06-02,1,RF-10,Unit I,Spinning,RingFrame,2500,2278,91.14
2026-06-02,1,RF-11,Unit I,Spinning,RingFrame,2500,1920,76.82
2026-06-02,1,RF-12,Unit I,Spinning,RingFrame,2500,2314,92.57
2026-06-02,1,VTX-01,Unit I,Spinning,Vortex,4700,4484,95.41
2026-06-02,1,VTX-02,Unit I,Spinning,Vortex,4700,4700,100.0
2026-06-02,1,VTX-03,Unit I,Spinning,Vortex,4700,4026,85.66
2026-06-02,1,VTX-04,Unit I,Spinning,Vortex,4700,4626,98.43
2026-06-02,1,VTX-05,Unit I,Spinning,Vortex,4700,4086,86.94
2026-06-02,1,VTX-06,Unit I,Spinning,Vortex,4700,3555,75.64
2026-06-02,1,VTX-07,Unit I,Spinning,Vortex,4700,4700,100.0
2026-06-02,1,VTX-08,Unit I,Spinning,Vortex,4700,4480,95.32
2026-06-02,1,VTX-09,Unit I,Spinning,Vortex,4700,4211,89.61
2026-06-02,1,VTX-10,Unit I,Spinning,Vortex,4700,4296,91.42
2026-06-02,1,VTX-11,Unit I,Spinning,Vortex,4700,4624,98.4
2026-06-02,1,VTX-12,Unit I,Spinning,Vortex,4700,4293,91.35
2026-06-02,1,AJ-01,Unit I,Spinning,Airjet,3750,3603,96.08
2026-06-02,1,AJ-02,Unit I,Spinning,Airjet,3750,3571,95.23
2026-06-02,1,AJ-03,Unit I,Spinning,Airjet,3750,3440,91.74
2026-06-02,1,AJ-04,Unit I,Spinning,Airjet,3750,3750,100.0
2026-06-02,1,AJ-05,Unit I,Spinning,Airjet,3750,3681,98.17
2026-06-02,2,TOY-01,Unit I,Weaving,Toyota,21700,18417,84.87
2026-06-02,2,TOY-02,Unit I,Weaving,Toyota,21700,17128,78.93
2026-06-02,2,TOY-03,Unit I,Weaving,Toyota,21700,19896,91.69
2026-06-02,2,TOY-04,Unit I,Weaving,Toyota,21700,21539,99.26
2026-06-02,2,TOY-05,Unit I,Weaving,Toyota,21700,19755,91.04
2026-06-02,2,TOY-06,Unit I,Weaving,Toyota,21700,20490,94.43
2026-06-02,2,TOY-07,Unit I,Weaving,Toyota,21700,21162,97.52
2026-06-02,2,TOY-08,Unit I,Weaving,Toyota,21700,17865,82.33
2026-06-02,2,TOY-09,Unit I,Weaving,Toyota,21700,19312,89.0
2026-06-02,2,TOY-10,Unit I,Weaving,Toyota,21700,20252,93.33
2026-06-02,2,TOY-11,Unit I,Weaving,Toyota,21700,20099,92.63
2026-06-02,2,TOY-12,Unit I,Weaving,Toyota,21700,19906,91.73
2026-06-02,2,TOY-13,Unit I,Weaving,Toyota,21700,21700,100.0
2026-06-02,2,TOY-14,Unit I,Weaving,Toyota,21700,21054,97.02
2026-06-02,2,TOY-15,Unit I,Weaving,Toyota,21700,19246,88.7
2026-06-02,2,TSU-01,Unit I,Weaving,Tsudakoma,15000,14938,99.59
2026-06-02,2,TSU-02,Unit I,Weaving,Tsudakoma,15000,15000,100.0
2026-06-02,2,TSU-03,Unit I,Weaving,Tsudakoma,15000,15000,100.0
2026-06-02,2,TSU-04,Unit I,Weaving,Tsudakoma,15000,13110,87.4
2026-06-02,2,TSU-05,Unit I,Weaving,Tsudakoma,15000,13886,92.58
2026-06-02,2,TSU-06,Unit I,Weaving,Tsudakoma,15000,15000,100.0
2026-06-02,2,TSU-07,Unit I,Weaving,Tsudakoma,15000,13719,91.46
2026-06-02,2,TSU-08,Unit I,Weaving,Tsudakoma,15000,14582,97.22
2026-06-02,2,TSU-09,Unit I,Weaving,Tsudakoma,15000,14830,98.87
2026-06-02,2,TSU-10,Unit I,Weaving,Tsudakoma,15000,13554,90.37
2026-06-02,2,SUL-01,Unit I,Weaving,Sulzer,2700,2556,94.7
2026-06-02,2,SUL-02,Unit I,Weaving,Sulzer,2700,2127,78.79
2026-06-02,2,SUL-03,Unit I,Weaving,Sulzer,2700,2426,89.88
2026-06-02,2,SUL-04,Unit I,Weaving,Sulzer,2700,2530,93.74
2026-06-02,2,SUL-05,Unit I,Weaving,Sulzer,2700,2396,88.76
2026-06-02,2,RF-01,Unit I,Spinning,RingFrame,2500,2500,100.0
2026-06-02,2,RF-02,Unit I,Spinning,RingFrame,2500,2196,87.85
2026-06-02,2,RF-03,Unit I,Spinning,RingFrame,2500,2319,92.8
2026-06-02,2,RF-04,Unit I,Spinning,RingFrame,2500,2391,95.65
2026-06-02,2,RF-05,Unit I,Spinning,RingFrame,2500,2500,100.0
2026-06-02,2,RF-06,Unit I,Spinning,RingFrame,2500,2195,87.82
2026-06-02,2,RF-07,Unit I,Spinning,RingFrame,2500,2500,100.0
2026-06-02,2,RF-08,Unit I,Spinning,RingFrame,2500,2376,95.05
2026-06-02,2,RF-09,Unit I,Spinning,RingFrame,2500,2252,90.09
2026-06-02,2,RF-10,Unit I,Spinning,RingFrame,2500,2432,97.31
2026-06-02,2,RF-11,Unit I,Spinning,RingFrame,2500,1974,79.0
2026-06-02,2,RF-12,Unit I,Spinning,RingFrame,2500,2299,92.0
2026-06-02,2,VTX-01,Unit I,Spinning,Vortex,4700,4481,95.35
2026-06-02,2,VTX-02,Unit I,Spinning,Vortex,4700,4374,93.07
2026-06-02,2,VTX-03,Unit I,Spinning,Vortex,4700,4491,95.57
2026-06-02,2,VTX-04,Unit I,Spinning,Vortex,4700,4620,98.31
2026-06-02,2,VTX-05,Unit I,Spinning,Vortex,4700,4700,100.0
2026-06-02,2,VTX-06,Unit I,Spinning,Vortex,4700,3375,71.81
2026-06-02,2,VTX-07,Unit I,Spinning,Vortex,4700,4700,100.0
2026-06-02,2,VTX-08,Unit I,Spinning,Vortex,4700,4006,85.24
2026-06-02,2,VTX-09,Unit I,Spinning,Vortex,4700,4429,94.24
2026-06-02,2,VTX-10,Unit I,Spinning,Vortex,4700,4603,97.94
2026-06-02,2,VTX-11,Unit I,Spinning,Vortex,4700,4531,96.4
2026-06-02,2,VTX-12,Unit I,Spinning,Vortex,4700,4318,91.89
2026-06-02,2,AJ-01,Unit I,Spinning,Airjet,3750,3523,93.96
2026-06-02,2,AJ-02,Unit I,Spinning,Airjet,3750,3470,92.53
2026-06-02,2,AJ-03,Unit I,Spinning,Airjet,3750,3451,92.05
2026-06-02,2,AJ-04,Unit I,Spinning,Airjet,3750,3721,99.25
2026-06-02,2,AJ-05,Unit I,Spinning,Airjet,3750,3629,96.79
2026-06-02,3,TOY-01,Unit I,Weaving,Toyota,21700,19863,91.54
2026-06-02,3,TOY-02,Unit I,Weaving,Toyota,21700,17902,82.5
2026-06-02,3,TOY-03,Unit I,Weaving,Toyota,21700,20948,96.54
2026-06-02,3,TOY-04,Unit I,Weaving,Toyota,21700,21496,99.06
2026-06-02,3,TOY-05,Unit I,Weaving,Toyota,21700,21298,98.15
2026-06-02,3,TOY-06,Unit I,Weaving,Toyota,21700,19715,90.86
2026-06-02,3,TOY-07,Unit I,Weaving,Toyota,21700,20007,92.2
2026-06-02,3,TOY-08,Unit I,Weaving,Toyota,21700,17736,81.74
2026-06-02,3,TOY-09,Unit I,Weaving,Toyota,21700,21277,98.05
2026-06-02,3,TOY-10,Unit I,Weaving,Toyota,21700,20592,94.9
2026-06-02,3,TOY-11,Unit I,Weaving,Toyota,21700,20742,95.59
2026-06-02,3,TOY-12,Unit I,Weaving,Toyota,21700,21700,100.0
2026-06-02,3,TOY-13,Unit I,Weaving,Toyota,21700,19973,92.04
2026-06-02,3,TOY-14,Unit I,Weaving,Toyota,21700,21208,97.74
2026-06-02,3,TOY-15,Unit I,Weaving,Toyota,21700,20395,93.99
2026-06-02,3,TSU-01,Unit I,Weaving,Tsudakoma,15000,14086,93.91
2026-06-02,3,TSU-02,Unit I,Weaving,Tsudakoma,15000,15000,100.0
2026-06-02,3,TSU-03,Unit I,Weaving,Tsudakoma,15000,14869,99.13
2026-06-02,3,TSU-04,Unit I,Weaving,Tsudakoma,15000,14860,99.07
2026-06-02,3,TSU-05,Unit I,Weaving,Tsudakoma,15000,15000,100.0
2026-06-02,3,TSU-06,Unit I,Weaving,Tsudakoma,15000,14265,95.11
2026-06-02,3,TSU-07,Unit I,Weaving,Tsudakoma,15000,14761,98.41
2026-06-02,3,TSU-08,Unit I,Weaving,Tsudakoma,15000,14017,93.45
2026-06-02,3,TSU-09,Unit I,Weaving,Tsudakoma,15000,14493,96.62
2026-06-02,3,TSU-10,Unit I,Weaving,Tsudakoma,15000,14152,94.35
2026-06-02,3,SUL-01,Unit I,Weaving,Sulzer,2700,2578,95.48
2026-06-02,3,SUL-02,Unit I,Weaving,Sulzer,2700,2645,97.98
2026-06-02,3,SUL-03,Unit I,Weaving,Sulzer,2700,2454,90.91
2026-06-02,3,SUL-04,Unit I,Weaving,Sulzer,2700,2700,100.0
2026-06-02,3,SUL-05,Unit I,Weaving,Sulzer,2700,2429,89.97
2026-06-02,3,RF-01,Unit I,Spinning,RingFrame,2500,2223,88.93
2026-06-02,3,RF-02,Unit I,Spinning,RingFrame,2500,2500,100.0
2026-06-02,3,RF-03,Unit I,Spinning,RingFrame,2500,2473,98.96
2026-06-02,3,RF-04,Unit I,Spinning,RingFrame,2500,2453,98.12
2026-06-02,3,RF-05,Unit I,Spinning,RingFrame,2500,2453,98.14
2026-06-02,3,RF-06,Unit I,Spinning,RingFrame,2500,2373,94.94
2026-06-02,3,RF-07,Unit I,Spinning,RingFrame,2500,2262,90.51
2026-06-02,3,RF-08,Unit I,Spinning,RingFrame,2500,2384,95.38
2026-06-02,3,RF-09,Unit I,Spinning,RingFrame,2500,2290,91.61
2026-06-02,3,RF-10,Unit I,Spinning,RingFrame,2500,2496,99.88
2026-06-02,3,RF-11,Unit I,Spinning,RingFrame,2500,1931,77.26
2026-06-02,3,RF-12,Unit I,Spinning,RingFrame,2500,2271,90.87
2026-06-02,3,VTX-01,Unit I,Spinning,Vortex,4700,4389,93.39
2026-06-02,3,VTX-02,Unit I,Spinning,Vortex,4700,4562,97.06
2026-06-02,3,VTX-03,Unit I,Spinning,Vortex,4700,4332,92.18
2026-06-02,3,VTX-04,Unit I,Spinning,Vortex,4700,4271,90.89
2026-06-02,3,VTX-05,Unit I,Spinning,Vortex,4700,4522,96.22
2026-06-02,3,VTX-06,Unit I,Spinning,Vortex,4700,3723,79.22
2026-06-02,3,VTX-07,Unit I,Spinning,Vortex,4700,4345,92.47
2026-06-02,3,VTX-08,Unit I,Spinning,Vortex,4700,4354,92.64
2026-06-02,3,VTX-09,Unit I,Spinning,Vortex,4700,4519,96.16
2026-06-02,3,VTX-10,Unit I,Spinning,Vortex,4700,4124,87.76
2026-06-02,3,VTX-11,Unit I,Spinning,Vortex,4700,4134,87.96
2026-06-02,3,VTX-12,Unit I,Spinning,Vortex,4700,4296,91.41
2026-06-02,3,AJ-01,Unit I,Spinning,Airjet,3750,3522,93.93
2026-06-02,3,AJ-02,Unit I,Spinning,Airjet,3750,3620,96.55
2026-06-02,3,AJ-03,Unit I,Spinning,Airjet,3750,3750,100.0
2026-06-02,3,AJ-04,Unit I,Spinning,Airjet,3750,3723,99.29
2026-06-02,3,AJ-05,Unit I,Spinning,Airjet,3750,3532,94.2
2026-06-03,1,TOY-01,Unit I,Weaving,Toyota,21700,20594,94.9
2026-06-03,1,TOY-02,Unit I,Weaving,Toyota,21700,15838,72.99
2026-06-03,1,TOY-03,Unit I,Weaving,Toyota,21700,20594,94.91
2026-06-03,1,TOY-04,Unit I,Weaving,Toyota,21700,20301,93.56
2026-06-03,1,TOY-05,Unit I,Weaving,Toyota,21700,20965,96.61
2026-06-03,1,TOY-06,Unit I,Weaving,Toyota,21700,19717,90.86
2026-06-03,1,TOY-07,Unit I,Weaving,Toyota,21700,21178,97.6
2026-06-03,1,TOY-08,Unit I,Weaving,Toyota,21700,18589,85.66
2026-06-03,1,TOY-09,Unit I,Weaving,Toyota,21700,20496,94.46
2026-06-03,1,TOY-10,Unit I,Weaving,Toyota,21700,21050,97.01
2026-06-03,1,TOY-11,Unit I,Weaving,Toyota,21700,21363,98.45
2026-06-03,1,TOY-12,Unit I,Weaving,Toyota,21700,20179,92.99
2026-06-03,1,TOY-13,Unit I,Weaving,Toyota,21700,20858,96.12
2026-06-03,1,TOY-14,Unit I,Weaving,Toyota,21700,20628,95.06
2026-06-03,1,TOY-15,Unit I,Weaving,Toyota,21700,20720,95.49
2026-06-03,1,TSU-01,Unit I,Weaving,Tsudakoma,15000,13670,91.13
2026-06-03,1,TSU-02,Unit I,Weaving,Tsudakoma,15000,14268,95.12
2026-06-03,1,TSU-03,Unit I,Weaving,Tsudakoma,15000,14623,97.49
2026-06-03,1,TSU-04,Unit I,Weaving,Tsudakoma,15000,15000,100.0
2026-06-03,1,TSU-05,Unit I,Weaving,Tsudakoma,15000,14969,99.8
2026-06-03,1,TSU-06,Unit I,Weaving,Tsudakoma,15000,15000,100.0
2026-06-03,1,TSU-07,Unit I,Weaving,Tsudakoma,15000,13674,91.16
2026-06-03,1,TSU-08,Unit I,Weaving,Tsudakoma,15000,14904,99.36
2026-06-03,1,TSU-09,Unit I,Weaving,Tsudakoma,15000,14387,95.92
2026-06-03,1,TSU-10,Unit I,Weaving,Tsudakoma,15000,15000,100.0
2026-06-03,1,SUL-01,Unit I,Weaving,Sulzer,2700,2455,90.96
2026-06-03,1,SUL-02,Unit I,Weaving,Sulzer,2700,2451,90.8
2026-06-03,1,SUL-03,Unit I,Weaving,Sulzer,2700,2484,92.0
2026-06-03,1,SUL-04,Unit I,Weaving,Sulzer,2700,2278,84.38
2026-06-03,1,SUL-05,Unit I,Weaving,Sulzer,2700,2494,92.37
2026-06-03,1,RF-01,Unit I,Spinning,RingFrame,2500,2280,91.2
2026-06-03,1,RF-02,Unit I,Spinning,RingFrame,2500,2393,95.75
2026-06-03,1,RF-03,Unit I,Spinning,RingFrame,2500,2417,96.71
2026-06-03,1,RF-04,Unit I,Spinning,RingFrame,2500,2500,100.0
2026-06-03,1,RF-05,Unit I,Spinning,RingFrame,2500,2493,99.75
2026-06-03,1,RF-06,Unit I,Spinning,RingFrame,2500,2302,92.12
2026-06-03,1,RF-07,Unit I,Spinning,RingFrame,2500,2262,90.51
2026-06-03,1,RF-08,Unit I,Spinning,RingFrame,2500,2436,97.46
2026-06-03,1,RF-09,Unit I,Spinning,RingFrame,2500,2209,88.4
2026-06-03,1,RF-10,Unit I,Spinning,RingFrame,2500,2500,100.0
2026-06-03,1,RF-11,Unit I,Spinning,RingFrame,2500,2097,83.9
2026-06-03,1,RF-12,Unit I,Spinning,RingFrame,2500,2316,92.65
2026-06-03,1,VTX-01,Unit I,Spinning,Vortex,4700,4062,86.43
2026-06-03,1,VTX-02,Unit I,Spinning,Vortex,4700,4700,100.0
2026-06-03,1,VTX-03,Unit I,Spinning,Vortex,4700,4438,94.43
2026-06-03,1,VTX-04,Unit I,Spinning,Vortex,4700,4700,100.0
2026-06-03,1,VTX-05,Unit I,Spinning,Vortex,4700,4090,87.03
2026-06-03,1,VTX-06,Unit I,Spinning,Vortex,4700,3525,75.0
2026-06-03,1,VTX-07,Unit I,Spinning,Vortex,4700,4466,95.03
2026-06-03,1,VTX-08,Unit I,Spinning,Vortex,4700,4476,95.23
2026-06-03,1,VTX-09,Unit I,Spinning,Vortex,4700,4359,92.75
2026-06-03,1,VTX-10,Unit I,Spinning,Vortex,4700,4611,98.11
2026-06-03,1,VTX-11,Unit I,Spinning,Vortex,4700,4214,89.66
2026-06-03,1,VTX-12,Unit I,Spinning,Vortex,4700,4431,94.29
2026-06-03,1,AJ-01,Unit I,Spinning,Airjet,3750,3585,95.6
2026-06-03,1,AJ-02,Unit I,Spinning,Airjet,3750,3658,97.57
2026-06-03,1,AJ-03,Unit I,Spinning,Airjet,3750,3695,98.56
2026-06-03,1,AJ-04,Unit I,Spinning,Airjet,3750,3351,89.38
2026-06-03,1,AJ-05,Unit I,Spinning,Airjet,3750,3274,87.33
2026-06-03,2,TOY-01,Unit I,Weaving,Toyota,21700,21700,100.0
2026-06-03,2,TOY-02,Unit I,Weaving,Toyota,21700,17286,79.66
2026-06-03,2,TOY-03,Unit I,Weaving,Toyota,21700,19802,91.26
2026-06-03,2,TOY-04,Unit I,Weaving,Toyota,21700,21700,100.0
2026-06-03,2,TOY-05,Unit I,Weaving,Toyota,21700,20740,95.58
2026-06-03,2,TOY-06,Unit I,Weaving,Toyota,21700,21700,100.0
2026-06-03,2,TOY-07,Unit I,Weaving,Toyota,21700,20688,95.34
2026-06-03,2,TOY-08,Unit I,Weaving,Toyota,21700,19161,88.3
2026-06-03,2,TOY-09,Unit I,Weaving,Toyota,21700,21700,100.0
2026-06-03,2,TOY-10,Unit I,Weaving,Toyota,21700,20344,93.76
2026-06-03,2,TOY-11,Unit I,Weaving,Toyota,21700,21669,99.86
2026-06-03,2,TOY-12,Unit I,Weaving,Toyota,21700,21315,98.23
2026-06-03,2,TOY-13,Unit I,Weaving,Toyota,21700,21700,100.0
2026-06-03,2,TOY-14,Unit I,Weaving,Toyota,21700,19568,90.18
2026-06-03,2,TOY-15,Unit I,Weaving,Toyota,21700,21359,98.43
2026-06-03,2,TSU-01,Unit I,Weaving,Tsudakoma,15000,15000,100.0
2026-06-03,2,TSU-02,Unit I,Weaving,Tsudakoma,15000,12930,86.21
2026-06-03,2,TSU-03,Unit I,Weaving,Tsudakoma,15000,13362,89.08
2026-06-03,2,TSU-04,Unit I,Weaving,Tsudakoma,15000,12720,84.8
2026-06-03,2,TSU-05,Unit I,Weaving,Tsudakoma,15000,14047,93.65
2026-06-03,2,TSU-06,Unit I,Weaving,Tsudakoma,15000,14788,98.59
2026-06-03,2,TSU-07,Unit I,Weaving,Tsudakoma,15000,15000,100.0
2026-06-03,2,TSU-08,Unit I,Weaving,Tsudakoma,15000,14305,95.37
2026-06-03,2,TSU-09,Unit I,Weaving,Tsudakoma,15000,15000,100.0
2026-06-03,2,TSU-10,Unit I,Weaving,Tsudakoma,15000,13214,88.1
2026-06-03,2,SUL-01,Unit I,Weaving,Sulzer,2700,2335,86.48
2026-06-03,2,SUL-02,Unit I,Weaving,Sulzer,2700,2557,94.72
2026-06-03,2,SUL-03,Unit I,Weaving,Sulzer,2700,2616,96.92
2026-06-03,2,SUL-04,Unit I,Weaving,Sulzer,2700,2560,94.84
2026-06-03,2,SUL-05,Unit I,Weaving,Sulzer,2700,2285,84.66
2026-06-03,2,RF-01,Unit I,Spinning,RingFrame,2500,2363,94.55
2026-06-03,2,RF-02,Unit I,Spinning,RingFrame,2500,2211,88.48
2026-06-03,2,RF-03,Unit I,Spinning,RingFrame,2500,2458,98.35
2026-06-03,2,RF-04,Unit I,Spinning,RingFrame,2500,2420,96.83
2026-06-03,2,RF-05,Unit I,Spinning,RingFrame,2500,2257,90.3
2026-06-03,2,RF-06,Unit I,Spinning,RingFrame,2500,2310,92.43
2026-06-03,2,RF-07,Unit I,Spinning,RingFrame,2500,2242,89.7
2026-06-03,2,RF-08,Unit I,Spinning,RingFrame,2500,2367,94.69
2026-06-03,2,RF-09,Unit I,Spinning,RingFrame,2500,2494,99.78
2026-06-03,2,RF-10,Unit I,Spinning,RingFrame,2500,2251,90.07
2026-06-03,2,RF-11,Unit I,Spinning,RingFrame,2500,2013,80.52
2026-06-03,2,RF-12,Unit I,Spinning,RingFrame,2500,2308,92.35
2026-06-03,2,VTX-01,Unit I,Spinning,Vortex,4700,4278,91.04
2026-06-03,2,VTX-02,Unit I,Spinning,Vortex,4700,4439,94.46
2026-06-03,2,VTX-03,Unit I,Spinning,Vortex,4700,4221,89.82
2026-06-03,2,VTX-04,Unit I,Spinning,Vortex,4700,4334,92.23
2026-06-03,2,VTX-05,Unit I,Spinning,Vortex,4700,4183,89.01
2026-06-03,2,VTX-06,Unit I,Spinning,Vortex,4700,4127,87.82
2026-06-03,2,VTX-07,Unit I,Spinning,Vortex,4700,4473,95.18
2026-06-03,2,VTX-08,Unit I,Spinning,Vortex,4700,4300,91.5
2026-06-03,2,VTX-09,Unit I,Spinning,Vortex,4700,4515,96.07
2026-06-03,2,VTX-10,Unit I,Spinning,Vortex,4700,4438,94.44
2026-06-03,2,VTX-11,Unit I,Spinning,Vortex,4700,4413,93.9
2026-06-03,2,VTX-12,Unit I,Spinning,Vortex,4700,4609,98.07
2026-06-03,2,AJ-01,Unit I,Spinning,Airjet,3750,3704,98.79
2026-06-03,2,AJ-02,Unit I,Spinning,Airjet,3750,3463,92.35
2026-06-03,2,AJ-03,Unit I,Spinning,Airjet,3750,3454,92.12
2026-06-03,2,AJ-04,Unit I,Spinning,Airjet,3750,3510,93.62
2026-06-03,2,AJ-05,Unit I,Spinning,Airjet,3750,3130,83.49
2026-06-03,3,TOY-01,Unit I,Weaving,Toyota,21700,18971,87.42
2026-06-03,3,TOY-02,Unit I,Weaving,Toyota,21700,18409,84.83
2026-06-03,3,TOY-03,Unit I,Weaving,Toyota,21700,21700,100.0
2026-06-03,3,TOY-04,Unit I,Weaving,Toyota,21700,20344,93.75
2026-06-03,3,TOY-05,Unit I,Weaving,Toyota,21700,21240,97.88
2026-06-03,3,TOY-06,Unit I,Weaving,Toyota,21700,20952,96.56
2026-06-03,3,TOY-07,Unit I,Weaving,Toyota,21700,21700,100.0
2026-06-03,3,TOY-08,Unit I,Weaving,Toyota,21700,18140,83.6
2026-06-03,3,TOY-09,Unit I,Weaving,Toyota,21700,20476,94.36
2026-06-03,3,TOY-10,Unit I,Weaving,Toyota,21700,19578,90.22
2026-06-03,3,TOY-11,Unit I,Weaving,Toyota,21700,18872,86.97
2026-06-03,3,TOY-12,Unit I,Weaving,Toyota,21700,20835,96.02
2026-06-03,3,TOY-13,Unit I,Weaving,Toyota,21700,19794,91.22
2026-06-03,3,TOY-14,Unit I,Weaving,Toyota,21700,19071,87.89
2026-06-03,3,TOY-15,Unit I,Weaving,Toyota,21700,19913,91.77
2026-06-03,3,TSU-01,Unit I,Weaving,Tsudakoma,15000,13438,89.59
2026-06-03,3,TSU-02,Unit I,Weaving,Tsudakoma,15000,15000,100.0
2026-06-03,3,TSU-03,Unit I,Weaving,Tsudakoma,15000,14911,99.41
2026-06-03,3,TSU-04,Unit I,Weaving,Tsudakoma,15000,14244,94.96
2026-06-03,3,TSU-05,Unit I,Weaving,Tsudakoma,15000,15000,100.0
2026-06-03,3,TSU-06,Unit I,Weaving,Tsudakoma,15000,14308,95.39
2026-06-03,3,TSU-07,Unit I,Weaving,Tsudakoma,15000,13604,90.69
2026-06-03,3,TSU-08,Unit I,Weaving,Tsudakoma,15000,15000,100.0
2026-06-03,3,TSU-09,Unit I,Weaving,Tsudakoma,15000,14654,97.69
2026-06-03,3,TSU-10,Unit I,Weaving,Tsudakoma,15000,13472,89.81
2026-06-03,3,SUL-01,Unit I,Weaving,Sulzer,2700,2539,94.05
2026-06-03,3,SUL-02,Unit I,Weaving,Sulzer,2700,2446,90.62
2026-06-03,3,SUL-03,Unit I,Weaving,Sulzer,2700,2378,88.09
2026-06-03,3,SUL-04,Unit I,Weaving,Sulzer,2700,2690,99.63
2026-06-03,3,SUL-05,Unit I,Weaving,Sulzer,2700,2700,100.0
2026-06-03,3,RF-01,Unit I,Spinning,RingFrame,2500,2200,88.01
2026-06-03,3,RF-02,Unit I,Spinning,RingFrame,2500,2445,97.81
2026-06-03,3,RF-03,Unit I,Spinning,RingFrame,2500,2293,91.75
2026-06-03,3,RF-04,Unit I,Spinning,RingFrame,2500,2314,92.56
2026-06-03,3,RF-05,Unit I,Spinning,RingFrame,2500,2300,92.04
2026-06-03,3,RF-06,Unit I,Spinning,RingFrame,2500,2267,90.68
2026-06-03,3,RF-07,Unit I,Spinning,RingFrame,2500,2381,95.24
2026-06-03,3,RF-08,Unit I,Spinning,RingFrame,2500,2271,90.85
2026-06-03,3,RF-09,Unit I,Spinning,RingFrame,2500,2408,96.35
2026-06-03,3,RF-10,Unit I,Spinning,RingFrame,2500,2368,94.75
2026-06-03,3,RF-11,Unit I,Spinning,RingFrame,2500,1920,76.81
2026-06-03,3,RF-12,Unit I,Spinning,RingFrame,2500,2261,90.46
2026-06-03,3,VTX-01,Unit I,Spinning,Vortex,4700,4329,92.12
2026-06-03,3,VTX-02,Unit I,Spinning,Vortex,4700,4642,98.78
2026-06-03,3,VTX-03,Unit I,Spinning,Vortex,4700,4582,97.5
2026-06-03,3,VTX-04,Unit I,Spinning,Vortex,4700,4235,90.11
2026-06-03,3,VTX-05,Unit I,Spinning,Vortex,4700,4488,95.5
2026-06-03,3,VTX-06,Unit I,Spinning,Vortex,4700,3842,81.76
2026-06-03,3,VTX-07,Unit I,Spinning,Vortex,4700,4072,86.65
2026-06-03,3,VTX-08,Unit I,Spinning,Vortex,4700,4592,97.72
2026-06-03,3,VTX-09,Unit I,Spinning,Vortex,4700,4309,91.69
2026-06-03,3,VTX-10,Unit I,Spinning,Vortex,4700,4599,97.85
2026-06-03,3,VTX-11,Unit I,Spinning,Vortex,4700,4285,91.18
2026-06-03,3,VTX-12,Unit I,Spinning,Vortex,4700,4040,85.98
2026-06-03,3,AJ-01,Unit I,Spinning,Airjet,3750,3257,86.86
2026-06-03,3,AJ-02,Unit I,Spinning,Airjet,3750,3571,95.24
2026-06-03,3,AJ-03,Unit I,Spinning,Airjet,3750,3611,96.3
2026-06-03,3,AJ-04,Unit I,Spinning,Airjet,3750,3392,90.48
2026-06-03,3,AJ-05,Unit I,Spinning,Airjet,3750,3682,98.19
2026-06-04,1,TOY-01,Unit I,Weaving,Toyota,21700,18812,86.69
2026-06-04,1,TOY-02,Unit I,Weaving,Toyota,21700,16854,77.67
2026-06-04,1,TOY-03,Unit I,Weaving,Toyota,21700,19301,88.94
2026-06-04,1,TOY-04,Unit I,Weaving,Toyota,21700,19907,91.74
2026-06-04,1,TOY-05,Unit I,Weaving,Toyota,21700,20666,95.24
2026-06-04,1,TOY-06,Unit I,Weaving,Toyota,21700,19681,90.7
2026-06-04,1,TOY-07,Unit I,Weaving,Toyota,21700,20197,93.08
2026-06-04,1,TOY-08,Unit I,Weaving,Toyota,21700,18017,83.03
2026-06-04,1,TOY-09,Unit I,Weaving,Toyota,21700,19989,92.12
2026-06-04,1,TOY-10,Unit I,Weaving,Toyota,21700,21521,99.18
2026-06-04,1,TOY-11,Unit I,Weaving,Toyota,21700,19389,89.35
2026-06-04,1,TOY-12,Unit I,Weaving,Toyota,21700,21189,97.65
2026-06-04,1,TOY-13,Unit I,Weaving,Toyota,21700,21700,100.0
2026-06-04,1,TOY-14,Unit I,Weaving,Toyota,21700,17933,82.64
2026-06-04,1,TOY-15,Unit I,Weaving,Toyota,21700,19750,91.02
2026-06-04,1,TSU-01,Unit I,Weaving,Tsudakoma,15000,14682,97.89
2026-06-04,1,TSU-02,Unit I,Weaving,Tsudakoma,15000,14097,93.98
2026-06-04,1,TSU-03,Unit I,Weaving,Tsudakoma,15000,14528,96.86
2026-06-04,1,TSU-04,Unit I,Weaving,Tsudakoma,15000,13797,91.98
2026-06-04,1,TSU-05,Unit I,Weaving,Tsudakoma,15000,14314,95.43
2026-06-04,1,TSU-06,Unit I,Weaving,Tsudakoma,15000,14133,94.22
2026-06-04,1,TSU-07,Unit I,Weaving,Tsudakoma,15000,15000,100.0
2026-06-04,1,TSU-08,Unit I,Weaving,Tsudakoma,15000,14440,96.27
2026-06-04,1,TSU-09,Unit I,Weaving,Tsudakoma,15000,14503,96.69
2026-06-04,1,TSU-10,Unit I,Weaving,Tsudakoma,15000,13941,92.94
2026-06-04,1,SUL-01,Unit I,Weaving,Sulzer,2700,2499,92.56
2026-06-04,1,SUL-02,Unit I,Weaving,Sulzer,2700,2506,92.84
2026-06-04,1,SUL-03,Unit I,Weaving,Sulzer,2700,2618,96.97
2026-06-04,1,SUL-04,Unit I,Weaving,Sulzer,2700,2508,92.9
2026-06-04,1,SUL-05,Unit I,Weaving,Sulzer,2700,2604,96.45
2026-06-04,1,RF-01,Unit I,Spinning,RingFrame,2500,2500,100.0
2026-06-04,1,RF-02,Unit I,Spinning,RingFrame,2500,2483,99.36
2026-06-04,1,RF-03,Unit I,Spinning,RingFrame,2500,2334,93.37
2026-06-04,1,RF-04,Unit I,Spinning,RingFrame,2500,2500,100.0
2026-06-04,1,RF-05,Unit I,Spinning,RingFrame,2500,2323,92.96
2026-06-04,1,RF-06,Unit I,Spinning,RingFrame,2500,2120,84.81
2026-06-04,1,RF-07,Unit I,Spinning,RingFrame,2500,2248,89.96
2026-06-04,1,RF-08,Unit I,Spinning,RingFrame,2500,2141,85.65
2026-06-04,1,RF-09,Unit I,Spinning,RingFrame,2500,2331,93.24
2026-06-04,1,RF-10,Unit I,Spinning,RingFrame,2500,2377,95.09
2026-06-04,1,RF-11,Unit I,Spinning,RingFrame,2500,2159,86.38
2026-06-04,1,RF-12,Unit I,Spinning,RingFrame,2500,2415,96.63
2026-06-04,1,VTX-01,Unit I,Spinning,Vortex,4700,4413,93.9
2026-06-04,1,VTX-02,Unit I,Spinning,Vortex,4700,4659,99.15
2026-06-04,1,VTX-03,Unit I,Spinning,Vortex,4700,3945,83.94
2026-06-04,1,VTX-04,Unit I,Spinning,Vortex,4700,4520,96.18
2026-06-04,1,VTX-05,Unit I,Spinning,Vortex,4700,4646,98.85
2026-06-04,1,VTX-06,Unit I,Spinning,Vortex,4700,3318,70.61
2026-06-04,1,VTX-07,Unit I,Spinning,Vortex,4700,4700,100.0
2026-06-04,1,VTX-08,Unit I,Spinning,Vortex,4700,4544,96.69
2026-06-04,1,VTX-09,Unit I,Spinning,Vortex,4700,4367,92.92
2026-06-04,1,VTX-10,Unit I,Spinning,Vortex,4700,4613,98.16
2026-06-04,1,VTX-11,Unit I,Spinning,Vortex,4700,4700,100.0
2026-06-04,1,VTX-12,Unit I,Spinning,Vortex,4700,4507,95.91
2026-06-04,1,AJ-01,Unit I,Spinning,Airjet,3750,3609,96.24
2026-06-04,1,AJ-02,Unit I,Spinning,Airjet,3750,3476,92.7
2026-06-04,1,AJ-03,Unit I,Spinning,Airjet,3750,3403,90.75
2026-06-04,1,AJ-04,Unit I,Spinning,Airjet,3750,3718,99.15
2026-06-04,1,AJ-05,Unit I,Spinning,Airjet,3750,3401,90.72
2026-06-04,2,TOY-01,Unit I,Weaving,Toyota,21700,20692,95.36
2026-06-04,2,TOY-02,Unit I,Weaving,Toyota,21700,16407,75.61
2026-06-04,2,TOY-03,Unit I,Weaving,Toyota,21700,21134,97.39
2026-06-04,2,TOY-04,Unit I,Weaving,Toyota,21700,20977,96.67
2026-06-04,2,TOY-05,Unit I,Weaving,Toyota,21700,21700,100.0
2026-06-04,2,TOY-06,Unit I,Weaving,Toyota,21700,20061,92.45
2026-06-04,2,TOY-07,Unit I,Weaving,Toyota,21700,20322,93.65
2026-06-04,2,TOY-08,Unit I,Weaving,Toyota,21700,15864,73.11
2026-06-04,2,TOY-09,Unit I,Weaving,Toyota,21700,20132,92.78
2026-06-04,2,TOY-10,Unit I,Weaving,Toyota,21700,21024,96.89
2026-06-04,2,TOY-11,Unit I,Weaving,Toyota,21700,21436,98.78
2026-06-04,2,TOY-12,Unit I,Weaving,Toyota,21700,19614,90.39
2026-06-04,2,TOY-13,Unit I,Weaving,Toyota,21700,21558,99.35
2026-06-04,2,TOY-14,Unit I,Weaving,Toyota,21700,21700,100.0
2026-06-04,2,TOY-15,Unit I,Weaving,Toyota,21700,21063,97.07
2026-06-04,2,TSU-01,Unit I,Weaving,Tsudakoma,15000,15000,100.0
2026-06-04,2,TSU-02,Unit I,Weaving,Tsudakoma,15000,13669,91.13
2026-06-04,2,TSU-03,Unit I,Weaving,Tsudakoma,15000,13316,88.78
2026-06-04,2,TSU-04,Unit I,Weaving,Tsudakoma,15000,12915,86.11
2026-06-04,2,TSU-05,Unit I,Weaving,Tsudakoma,15000,15000,100.0
2026-06-04,2,TSU-06,Unit I,Weaving,Tsudakoma,15000,14740,98.27
2026-06-04,2,TSU-07,Unit I,Weaving,Tsudakoma,15000,14208,94.72
2026-06-04,2,TSU-08,Unit I,Weaving,Tsudakoma,15000,14459,96.4
2026-06-04,2,TSU-09,Unit I,Weaving,Tsudakoma,15000,13405,89.37
2026-06-04,2,TSU-10,Unit I,Weaving,Tsudakoma,15000,15000,100.0
2026-06-04,2,SUL-01,Unit I,Weaving,Sulzer,2700,2582,95.65
2026-06-04,2,SUL-02,Unit I,Weaving,Sulzer,2700,2579,95.55
2026-06-04,2,SUL-03,Unit I,Weaving,Sulzer,2700,2662,98.63
2026-06-04,2,SUL-04,Unit I,Weaving,Sulzer,2700,2629,97.41
2026-06-04,2,SUL-05,Unit I,Weaving,Sulzer,2700,2595,96.12
2026-06-04,2,RF-01,Unit I,Spinning,RingFrame,2500,2276,91.05
2026-06-04,2,RF-02,Unit I,Spinning,RingFrame,2500,2433,97.36
2026-06-04,2,RF-03,Unit I,Spinning,RingFrame,2500,2500,100.0
2026-06-04,2,RF-04,Unit I,Spinning,RingFrame,2500,2500,100.0
2026-06-04,2,RF-05,Unit I,Spinning,RingFrame,2500,2500,100.0
2026-06-04,2,RF-06,Unit I,Spinning,RingFrame,2500,2311,92.44
2026-06-04,2,RF-07,Unit I,Spinning,RingFrame,2500,2251,90.05
2026-06-04,2,RF-08,Unit I,Spinning,RingFrame,2500,2359,94.37
2026-06-04,2,RF-09,Unit I,Spinning,RingFrame,2500,2381,95.28
2026-06-04,2,RF-10,Unit I,Spinning,RingFrame,2500,2500,100.0
2026-06-04,2,RF-11,Unit I,Spinning,RingFrame,2500,1738,69.54
2026-06-04,2,RF-12,Unit I,Spinning,RingFrame,2500,2500,100.0
2026-06-04,2,VTX-01,Unit I,Spinning,Vortex,4700,4427,94.21
2026-06-04,2,VTX-02,Unit I,Spinning,Vortex,4700,4364,92.87
2026-06-04,2,VTX-03,Unit I,Spinning,Vortex,4700,4227,89.94
2026-06-04,2,VTX-04,Unit I,Spinning,Vortex,4700,4076,86.73
2026-06-04,2,VTX-05,Unit I,Spinning,Vortex,4700,4658,99.12
2026-06-04,2,VTX-06,Unit I,Spinning,Vortex,4700,3683,78.37
2026-06-04,2,VTX-07,Unit I,Spinning,Vortex,4700,4161,88.55
2026-06-04,2,VTX-08,Unit I,Spinning,Vortex,4700,4160,88.52
2026-06-04,2,VTX-09,Unit I,Spinning,Vortex,4700,4386,93.32
2026-06-04,2,VTX-10,Unit I,Spinning,Vortex,4700,4700,100.0
2026-06-04,2,VTX-11,Unit I,Spinning,Vortex,4700,4403,93.7
2026-06-04,2,VTX-12,Unit I,Spinning,Vortex,4700,4111,87.48
2026-06-04,2,AJ-01,Unit I,Spinning,Airjet,3750,3516,93.77
2026-06-04,2,AJ-02,Unit I,Spinning,Airjet,3750,3511,93.64
2026-06-04,2,AJ-03,Unit I,Spinning,Airjet,3750,3056,81.52
2026-06-04,2,AJ-04,Unit I,Spinning,Airjet,3750,3552,94.73
2026-06-04,2,AJ-05,Unit I,Spinning,Airjet,3750,3519,93.85
2026-06-04,3,TOY-01,Unit I,Weaving,Toyota,21700,21370,98.48
2026-06-04,3,TOY-02,Unit I,Weaving,Toyota,21700,18932,87.24
2026-06-04,3,TOY-03,Unit I,Weaving,Toyota,21700,21700,100.0
2026-06-04,3,TOY-04,Unit I,Weaving,Toyota,21700,20323,93.66
2026-06-04,3,TOY-05,Unit I,Weaving,Toyota,21700,19414,89.47
2026-06-04,3,TOY-06,Unit I,Weaving,Toyota,21700,21700,100.0
2026-06-04,3,TOY-07,Unit I,Weaving,Toyota,21700,20679,95.3
2026-06-04,3,TOY-08,Unit I,Weaving,Toyota,21700,16941,78.07
2026-06-04,3,TOY-09,Unit I,Weaving,Toyota,21700,20588,94.88
2026-06-04,3,TOY-10,Unit I,Weaving,Toyota,21700,20829,95.99
2026-06-04,3,TOY-11,Unit I,Weaving,Toyota,21700,20458,94.28
2026-06-04,3,TOY-12,Unit I,Weaving,Toyota,21700,19992,92.13
2026-06-04,3,TOY-13,Unit I,Weaving,Toyota,21700,20021,92.27
2026-06-04,3,TOY-14,Unit I,Weaving,Toyota,21700,20579,94.84
2026-06-04,3,TOY-15,Unit I,Weaving,Toyota,21700,20025,92.28
2026-06-04,3,TSU-01,Unit I,Weaving,Tsudakoma,15000,13715,91.44
2026-06-04,3,TSU-02,Unit I,Weaving,Tsudakoma,15000,14329,95.53
2026-06-04,3,TSU-03,Unit I,Weaving,Tsudakoma,15000,14058,93.73
2026-06-04,3,TSU-04,Unit I,Weaving,Tsudakoma,15000,15000,100.0
2026-06-04,3,TSU-05,Unit I,Weaving,Tsudakoma,15000,12261,81.75
2026-06-04,3,TSU-06,Unit I,Weaving,Tsudakoma,15000,15000,100.0
2026-06-04,3,TSU-07,Unit I,Weaving,Tsudakoma,15000,15000,100.0
2026-06-04,3,TSU-08,Unit I,Weaving,Tsudakoma,15000,12694,84.63
2026-06-04,3,TSU-09,Unit I,Weaving,Tsudakoma,15000,13992,93.29
2026-06-04,3,TSU-10,Unit I,Weaving,Tsudakoma,15000,13971,93.14
2026-06-04,3,SUL-01,Unit I,Weaving,Sulzer,2700,2374,87.96
2026-06-04,3,SUL-02,Unit I,Weaving,Sulzer,2700,2459,91.11
2026-06-04,3,SUL-03,Unit I,Weaving,Sulzer,2700,2415,89.45
2026-06-04,3,SUL-04,Unit I,Weaving,Sulzer,2700,2700,100.0
2026-06-04,3,SUL-05,Unit I,Weaving,Sulzer,2700,2691,99.68
2026-06-04,3,RF-01,Unit I,Spinning,RingFrame,2500,2500,100.0
2026-06-04,3,RF-02,Unit I,Spinning,RingFrame,2500,2465,98.61
2026-06-04,3,RF-03,Unit I,Spinning,RingFrame,2500,2233,89.35
2026-06-04,3,RF-04,Unit I,Spinning,RingFrame,2500,2309,92.38
2026-06-04,3,RF-05,Unit I,Spinning,RingFrame,2500,2436,97.45
2026-06-04,3,RF-06,Unit I,Spinning,RingFrame,2500,2222,88.89
2026-06-04,3,RF-07,Unit I,Spinning,RingFrame,2500,2464,98.56
2026-06-04,3,RF-08,Unit I,Spinning,RingFrame,2500,2344,93.8
2026-06-04,3,RF-09,Unit I,Spinning,RingFrame,2500,2328,93.13
2026-06-04,3,RF-10,Unit I,Spinning,RingFrame,2500,2463,98.55
2026-06-04,3,RF-11,Unit I,Spinning,RingFrame,2500,2005,80.22
2026-06-04,3,RF-12,Unit I,Spinning,RingFrame,2500,2329,93.2
2026-06-04,3,VTX-01,Unit I,Spinning,Vortex,4700,4700,100.0
2026-06-04,3,VTX-02,Unit I,Spinning,Vortex,4700,4210,89.59
2026-06-04,3,VTX-03,Unit I,Spinning,Vortex,4700,4609,98.08
2026-06-04,3,VTX-04,Unit I,Spinning,Vortex,4700,4604,97.97
2026-06-04,3,VTX-05,Unit I,Spinning,Vortex,4700,4392,93.45
2026-06-04,3,VTX-06,Unit I,Spinning,Vortex,4700,3742,79.63
2026-06-04,3,VTX-07,Unit I,Spinning,Vortex,4700,4170,88.74
2026-06-04,3,VTX-08,Unit I,Spinning,Vortex,4700,4682,99.62
2026-06-04,3,VTX-09,Unit I,Spinning,Vortex,4700,4421,94.08
2026-06-04,3,VTX-10,Unit I,Spinning,Vortex,4700,4342,92.39
2026-06-04,3,VTX-11,Unit I,Spinning,Vortex,4700,4700,100.0
2026-06-04,3,VTX-12,Unit I,Spinning,Vortex,4700,4299,91.48
2026-06-04,3,AJ-01,Unit I,Spinning,Airjet,3750,3298,87.96
2026-06-04,3,AJ-02,Unit I,Spinning,Airjet,3750,3270,87.22
2026-06-04,3,AJ-03,Unit I,Spinning,Airjet,3750,3676,98.03
2026-06-04,3,AJ-04,Unit I,Spinning,Airjet,3750,3322,88.6
2026-06-04,3,AJ-05,Unit I,Spinning,Airjet,3750,3750,100.0
2026-06-05,1,TOY-01,Unit I,Weaving,Toyota,21700,18356,84.59
2026-06-05,1,TOY-02,Unit I,Weaving,Toyota,21700,18766,86.48
2026-06-05,1,TOY-03,Unit I,Weaving,Toyota,21700,20843,96.06
2026-06-05,1,TOY-04,Unit I,Weaving,Toyota,21700,20510,94.52
2026-06-05,1,TOY-05,Unit I,Weaving,Toyota,21700,20023,92.28
2026-06-05,1,TOY-06,Unit I,Weaving,Toyota,21700,21048,97.0
2026-06-05,1,TOY-07,Unit I,Weaving,Toyota,21700,20574,94.81
2026-06-05,1,TOY-08,Unit I,Weaving,Toyota,21700,18123,83.52
2026-06-05,1,TOY-09,Unit I,Weaving,Toyota,21700,20738,95.57
2026-06-05,1,TOY-10,Unit I,Weaving,Toyota,21700,20778,95.75
2026-06-05,1,TOY-11,Unit I,Weaving,Toyota,21700,20220,93.18
2026-06-05,1,TOY-12,Unit I,Weaving,Toyota,21700,20553,94.72
2026-06-05,1,TOY-13,Unit I,Weaving,Toyota,21700,20948,96.54
2026-06-05,1,TOY-14,Unit I,Weaving,Toyota,21700,18759,86.45
2026-06-05,1,TOY-15,Unit I,Weaving,Toyota,21700,19152,88.26
2026-06-05,1,TSU-01,Unit I,Weaving,Tsudakoma,15000,14807,98.72
2026-06-05,1,TSU-02,Unit I,Weaving,Tsudakoma,15000,14378,95.85
2026-06-05,1,TSU-03,Unit I,Weaving,Tsudakoma,15000,14112,94.08
2026-06-05,1,TSU-04,Unit I,Weaving,Tsudakoma,15000,14263,95.09
2026-06-05,1,TSU-05,Unit I,Weaving,Tsudakoma,15000,14510,96.74
2026-06-05,1,TSU-06,Unit I,Weaving,Tsudakoma,15000,13845,92.3
2026-06-05,1,TSU-07,Unit I,Weaving,Tsudakoma,15000,13666,91.11
2026-06-05,1,TSU-08,Unit I,Weaving,Tsudakoma,15000,14396,95.98
2026-06-05,1,TSU-09,Unit I,Weaving,Tsudakoma,15000,13516,90.11
2026-06-05,1,TSU-10,Unit I,Weaving,Tsudakoma,15000,14556,97.04
2026-06-05,1,SUL-01,Unit I,Weaving,Sulzer,2700,2335,86.49
2026-06-05,1,SUL-02,Unit I,Weaving,Sulzer,2700,2700,100.0
2026-06-05,1,SUL-03,Unit I,Weaving,Sulzer,2700,2628,97.36
2026-06-05,1,SUL-04,Unit I,Weaving,Sulzer,2700,2599,96.28
2026-06-05,1,SUL-05,Unit I,Weaving,Sulzer,2700,2697,99.91
2026-06-05,1,RF-01,Unit I,Spinning,RingFrame,2500,2500,100.0
2026-06-05,1,RF-02,Unit I,Spinning,RingFrame,2500,2500,100.0
2026-06-05,1,RF-03,Unit I,Spinning,RingFrame,2500,2144,85.8
2026-06-05,1,RF-04,Unit I,Spinning,RingFrame,2500,2215,88.6
2026-06-05,1,RF-05,Unit I,Spinning,RingFrame,2500,2296,91.88
2026-06-05,1,RF-06,Unit I,Spinning,RingFrame,2500,2378,95.13
2026-06-05,1,RF-07,Unit I,Spinning,RingFrame,2500,2439,97.59
2026-06-05,1,RF-08,Unit I,Spinning,RingFrame,2500,2284,91.37
2026-06-05,1,RF-09,Unit I,Spinning,RingFrame,2500,2398,95.93
2026-06-05,1,RF-10,Unit I,Spinning,RingFrame,2500,2280,91.22
2026-06-05,1,RF-11,Unit I,Spinning,RingFrame,2500,1873,74.94
2026-06-05,1,RF-12,Unit I,Spinning,RingFrame,2500,2199,87.97
2026-06-05,1,VTX-01,Unit I,Spinning,Vortex,4700,4248,90.38
2026-06-05,1,VTX-02,Unit I,Spinning,Vortex,4700,4147,88.24
2026-06-05,1,VTX-03,Unit I,Spinning,Vortex,4700,4235,90.12
2026-06-05,1,VTX-04,Unit I,Spinning,Vortex,4700,4700,100.0
2026-06-05,1,VTX-05,Unit I,Spinning,Vortex,4700,4241,90.25
2026-06-05,1,VTX-06,Unit I,Spinning,Vortex,4700,4284,91.16
2026-06-05,1,VTX-07,Unit I,Spinning,Vortex,4700,4580,97.47
2026-06-05,1,VTX-08,Unit I,Spinning,Vortex,4700,4508,95.92
2026-06-05,1,VTX-09,Unit I,Spinning,Vortex,4700,4263,90.71
2026-06-05,1,VTX-10,Unit I,Spinning,Vortex,4700,4629,98.5
2026-06-05,1,VTX-11,Unit I,Spinning,Vortex,4700,4329,92.12
2026-06-05,1,VTX-12,Unit I,Spinning,Vortex,4700,4493,95.61
2026-06-05,1,AJ-01,Unit I,Spinning,Airjet,3750,3750,100.0
2026-06-05,1,AJ-02,Unit I,Spinning,Airjet,3750,3544,94.52
2026-06-05,1,AJ-03,Unit I,Spinning,Airjet,3750,3750,100.0
2026-06-05,1,AJ-04,Unit I,Spinning,Airjet,3750,3430,91.48
2026-06-05,1,AJ-05,Unit I,Spinning,Airjet,3750,3555,94.83
2026-06-05,2,TOY-01,Unit I,Weaving,Toyota,21700,21700,100.0
2026-06-05,2,TOY-02,Unit I,Weaving,Toyota,21700,16245,74.87
2026-06-05,2,TOY-03,Unit I,Weaving,Toyota,21700,21700,100.0
2026-06-05,2,TOY-04,Unit I,Weaving,Toyota,21700,21382,98.54
2026-06-05,2,TOY-05,Unit I,Weaving,Toyota,21700,20004,92.19
2026-06-05,2,TOY-06,Unit I,Weaving,Toyota,21700,21301,98.16
2026-06-05,2,TOY-07,Unit I,Weaving,Toyota,21700,21670,99.86
2026-06-05,2,TOY-08,Unit I,Weaving,Toyota,21700,17600,81.11
2026-06-05,2,TOY-09,Unit I,Weaving,Toyota,21700,18911,87.15
2026-06-05,2,TOY-10,Unit I,Weaving,Toyota,21700,19826,91.36
2026-06-05,2,TOY-11,Unit I,Weaving,Toyota,21700,20346,93.76
2026-06-05,2,TOY-12,Unit I,Weaving,Toyota,21700,20534,94.63
2026-06-05,2,TOY-13,Unit I,Weaving,Toyota,21700,21288,98.1
2026-06-05,2,TOY-14,Unit I,Weaving,Toyota,21700,20807,95.89
2026-06-05,2,TOY-15,Unit I,Weaving,Toyota,21700,19166,88.32
2026-06-05,2,TSU-01,Unit I,Weaving,Tsudakoma,15000,14535,96.9
2026-06-05,2,TSU-02,Unit I,Weaving,Tsudakoma,15000,14707,98.05
2026-06-05,2,TSU-03,Unit I,Weaving,Tsudakoma,15000,14669,97.8
2026-06-05,2,TSU-04,Unit I,Weaving,Tsudakoma,15000,15000,100.0
2026-06-05,2,TSU-05,Unit I,Weaving,Tsudakoma,15000,14875,99.17
2026-06-05,2,TSU-06,Unit I,Weaving,Tsudakoma,15000,14594,97.3
2026-06-05,2,TSU-07,Unit I,Weaving,Tsudakoma,15000,14197,94.65
2026-06-05,2,TSU-08,Unit I,Weaving,Tsudakoma,15000,13004,86.7
2026-06-05,2,TSU-09,Unit I,Weaving,Tsudakoma,15000,14572,97.15
2026-06-05,2,TSU-10,Unit I,Weaving,Tsudakoma,15000,14405,96.04
2026-06-05,2,SUL-01,Unit I,Weaving,Sulzer,2700,2601,96.36
2026-06-05,2,SUL-02,Unit I,Weaving,Sulzer,2700,2392,88.62
2026-06-05,2,SUL-03,Unit I,Weaving,Sulzer,2700,2419,89.59
2026-06-05,2,SUL-04,Unit I,Weaving,Sulzer,2700,2700,100.0
2026-06-05,2,SUL-05,Unit I,Weaving,Sulzer,2700,2559,94.8
2026-06-05,2,RF-01,Unit I,Spinning,RingFrame,2500,2460,98.41
2026-06-05,2,RF-02,Unit I,Spinning,RingFrame,2500,2378,95.14
2026-06-05,2,RF-03,Unit I,Spinning,RingFrame,2500,2378,95.15
2026-06-05,2,RF-04,Unit I,Spinning,RingFrame,2500,2492,99.69
2026-06-05,2,RF-05,Unit I,Spinning,RingFrame,2500,2310,92.42
2026-06-05,2,RF-06,Unit I,Spinning,RingFrame,2500,2387,95.48
2026-06-05,2,RF-07,Unit I,Spinning,RingFrame,2500,2317,92.69
2026-06-05,2,RF-08,Unit I,Spinning,RingFrame,2500,2320,92.83
2026-06-05,2,RF-09,Unit I,Spinning,RingFrame,2500,2336,93.45
2026-06-05,2,RF-10,Unit I,Spinning,RingFrame,2500,2402,96.11
2026-06-05,2,RF-11,Unit I,Spinning,RingFrame,2500,1890,75.61
2026-06-05,2,RF-12,Unit I,Spinning,RingFrame,2500,2500,100.0
2026-06-05,2,VTX-01,Unit I,Spinning,Vortex,4700,4254,90.53
2026-06-05,2,VTX-02,Unit I,Spinning,Vortex,4700,4421,94.07
2026-06-05,2,VTX-03,Unit I,Spinning,Vortex,4700,4361,92.8
2026-06-05,2,VTX-04,Unit I,Spinning,Vortex,4700,4700,100.0
2026-06-05,2,VTX-05,Unit I,Spinning,Vortex,4700,4511,95.98
2026-06-05,2,VTX-06,Unit I,Spinning,Vortex,4700,3908,83.16
2026-06-05,2,VTX-07,Unit I,Spinning,Vortex,4700,4115,87.57
2026-06-05,2,VTX-08,Unit I,Spinning,Vortex,4700,4527,96.34
2026-06-05,2,VTX-09,Unit I,Spinning,Vortex,4700,4674,99.45
2026-06-05,2,VTX-10,Unit I,Spinning,Vortex,4700,4484,95.41
2026-06-05,2,VTX-11,Unit I,Spinning,Vortex,4700,4700,100.0
2026-06-05,2,VTX-12,Unit I,Spinning,Vortex,4700,4343,92.41
2026-06-05,2,AJ-01,Unit I,Spinning,Airjet,3750,3750,100.0
2026-06-05,2,AJ-02,Unit I,Spinning,Airjet,3750,3750,100.0
2026-06-05,2,AJ-03,Unit I,Spinning,Airjet,3750,3494,93.19
2026-06-05,2,AJ-04,Unit I,Spinning,Airjet,3750,3478,92.77
2026-06-05,2,AJ-05,Unit I,Spinning,Airjet,3750,3750,100.0
2026-06-05,3,TOY-01,Unit I,Weaving,Toyota,21700,21700,100.0
2026-06-05,3,TOY-02,Unit I,Weaving,Toyota,21700,16358,75.39
2026-06-05,3,TOY-03,Unit I,Weaving,Toyota,21700,20159,92.9
2026-06-05,3,TOY-04,Unit I,Weaving,Toyota,21700,20309,93.59
2026-06-05,3,TOY-05,Unit I,Weaving,Toyota,21700,19156,88.28
2026-06-05,3,TOY-06,Unit I,Weaving,Toyota,21700,19618,90.41
2026-06-05,3,TOY-07,Unit I,Weaving,Toyota,21700,19525,89.98
2026-06-05,3,TOY-08,Unit I,Weaving,Toyota,21700,16092,74.16
2026-06-05,3,TOY-09,Unit I,Weaving,Toyota,21700,20577,94.83
2026-06-05,3,TOY-10,Unit I,Weaving,Toyota,21700,20869,96.17
2026-06-05,3,TOY-11,Unit I,Weaving,Toyota,21700,21700,100.0
2026-06-05,3,TOY-12,Unit I,Weaving,Toyota,21700,19531,90.01
2026-06-05,3,TOY-13,Unit I,Weaving,Toyota,21700,21682,99.92
2026-06-05,3,TOY-14,Unit I,Weaving,Toyota,21700,20382,93.93
2026-06-05,3,TOY-15,Unit I,Weaving,Toyota,21700,20561,94.75
2026-06-05,3,TSU-01,Unit I,Weaving,Tsudakoma,15000,14756,98.37
2026-06-05,3,TSU-02,Unit I,Weaving,Tsudakoma,15000,13407,89.39
2026-06-05,3,TSU-03,Unit I,Weaving,Tsudakoma,15000,14536,96.91
2026-06-05,3,TSU-04,Unit I,Weaving,Tsudakoma,15000,14374,95.83
2026-06-05,3,TSU-05,Unit I,Weaving,Tsudakoma,15000,14619,97.46
2026-06-05,3,TSU-06,Unit I,Weaving,Tsudakoma,15000,14466,96.45
2026-06-05,3,TSU-07,Unit I,Weaving,Tsudakoma,15000,15000,100.0
2026-06-05,3,TSU-08,Unit I,Weaving,Tsudakoma,15000,13771,91.81
2026-06-05,3,TSU-09,Unit I,Weaving,Tsudakoma,15000,13851,92.35
2026-06-05,3,TSU-10,Unit I,Weaving,Tsudakoma,15000,13782,91.88
2026-06-05,3,SUL-01,Unit I,Weaving,Sulzer,2700,2490,92.22
2026-06-05,3,SUL-02,Unit I,Weaving,Sulzer,2700,2478,91.81
2026-06-05,3,SUL-03,Unit I,Weaving,Sulzer,2700,2700,100.0
2026-06-05,3,SUL-04,Unit I,Weaving,Sulzer,2700,2700,100.0
2026-06-05,3,SUL-05,Unit I,Weaving,Sulzer,2700,2487,92.15
2026-06-05,3,RF-01,Unit I,Spinning,RingFrame,2500,2270,90.84
2026-06-05,3,RF-02,Unit I,Spinning,RingFrame,2500,2433,97.36
2026-06-05,3,RF-03,Unit I,Spinning,RingFrame,2500,2305,92.24
2026-06-05,3,RF-04,Unit I,Spinning,RingFrame,2500,2454,98.16
2026-06-05,3,RF-05,Unit I,Spinning,RingFrame,2500,2400,96.01
2026-06-05,3,RF-06,Unit I,Spinning,RingFrame,2500,2185,87.42
2026-06-05,3,RF-07,Unit I,Spinning,RingFrame,2500,2500,100.0
2026-06-05,3,RF-08,Unit I,Spinning,RingFrame,2500,2500,100.0
2026-06-05,3,RF-09,Unit I,Spinning,RingFrame,2500,2298,91.94
2026-06-05,3,RF-10,Unit I,Spinning,RingFrame,2500,2326,93.06
2026-06-05,3,RF-11,Unit I,Spinning,RingFrame,2500,1985,79.43
2026-06-05,3,RF-12,Unit I,Spinning,RingFrame,2500,2416,96.67
2026-06-05,3,VTX-01,Unit I,Spinning,Vortex,4700,4619,98.29
2026-06-05,3,VTX-02,Unit I,Spinning,Vortex,4700,4700,100.0
2026-06-05,3,VTX-03,Unit I,Spinning,Vortex,4700,4423,94.12
2026-06-05,3,VTX-04,Unit I,Spinning,Vortex,4700,4277,91.01
2026-06-05,3,VTX-05,Unit I,Spinning,Vortex,4700,4140,88.1
2026-06-05,3,VTX-06,Unit I,Spinning,Vortex,4700,3494,74.35
2026-06-05,3,VTX-07,Unit I,Spinning,Vortex,4700,4457,94.83
2026-06-05,3,VTX-08,Unit I,Spinning,Vortex,4700,4700,100.0
2026-06-05,3,VTX-09,Unit I,Spinning,Vortex,4700,4343,92.41
2026-06-05,3,VTX-10,Unit I,Spinning,Vortex,4700,4517,96.12
2026-06-05,3,VTX-11,Unit I,Spinning,Vortex,4700,4461,94.92
2026-06-05,3,VTX-12,Unit I,Spinning,Vortex,4700,4700,100.0
2026-06-05,3,AJ-01,Unit I,Spinning,Airjet,3750,3750,100.0
2026-06-05,3,AJ-02,Unit I,Spinning,Airjet,3750,3462,92.35
2026-06-05,3,AJ-03,Unit I,Spinning,Airjet,3750,3470,92.55
2026-06-05,3,AJ-04,Unit I,Spinning,Airjet,3750,3750,100.0
2026-06-05,3,AJ-05,Unit I,Spinning,Airjet,3750,3690,98.41
2026-06-06,1,TOY-01,Unit I,Weaving,Toyota,21700,21700,100.0
2026-06-06,1,TOY-02,Unit I,Weaving,Toyota,21700,17559,80.92
2026-06-06,1,TOY-03,Unit I,Weaving,Toyota,21700,20225,93.2
2026-06-06,1,TOY-04,Unit I,Weaving,Toyota,21700,21255,97.95
2026-06-06,1,TOY-05,Unit I,Weaving,Toyota,21700,21700,100.0
2026-06-06,1,TOY-06,Unit I,Weaving,Toyota,21700,21505,99.1
2026-06-06,1,TOY-07,Unit I,Weaving,Toyota,21700,21165,97.54
2026-06-06,1,TOY-08,Unit I,Weaving,Toyota,21700,18083,83.33
2026-06-06,1,TOY-09,Unit I,Weaving,Toyota,21700,21700,100.0
2026-06-06,1,TOY-10,Unit I,Weaving,Toyota,21700,21700,100.0
2026-06-06,1,TOY-11,Unit I,Weaving,Toyota,21700,21318,98.24
2026-06-06,1,TOY-12,Unit I,Weaving,Toyota,21700,20433,94.16
2026-06-06,1,TOY-13,Unit I,Weaving,Toyota,21700,20774,95.73
2026-06-06,1,TOY-14,Unit I,Weaving,Toyota,21700,21700,100.0
2026-06-06,1,TOY-15,Unit I,Weaving,Toyota,21700,19728,90.92
2026-06-06,1,TSU-01,Unit I,Weaving,Tsudakoma,15000,14526,96.84
2026-06-06,1,TSU-02,Unit I,Weaving,Tsudakoma,15000,13954,93.03
2026-06-06,1,TSU-03,Unit I,Weaving,Tsudakoma,15000,14271,95.14
2026-06-06,1,TSU-04,Unit I,Weaving,Tsudakoma,15000,15000,100.0
2026-06-06,1,TSU-05,Unit I,Weaving,Tsudakoma,15000,14393,95.96
2026-06-06,1,TSU-06,Unit I,Weaving,Tsudakoma,15000,14284,95.23
2026-06-06,1,TSU-07,Unit I,Weaving,Tsudakoma,15000,13230,88.2
2026-06-06,1,TSU-08,Unit I,Weaving,Tsudakoma,15000,14809,98.73
2026-06-06,1,TSU-09,Unit I,Weaving,Tsudakoma,15000,14734,98.23
2026-06-06,1,TSU-10,Unit I,Weaving,Tsudakoma,15000,15000,100.0
2026-06-06,1,SUL-01,Unit I,Weaving,Sulzer,2700,2523,93.46
2026-06-06,1,SUL-02,Unit I,Weaving,Sulzer,2700,2594,96.1
2026-06-06,1,SUL-03,Unit I,Weaving,Sulzer,2700,2598,96.25
2026-06-06,1,SUL-04,Unit I,Weaving,Sulzer,2700,2700,100.0
2026-06-06,1,SUL-05,Unit I,Weaving,Sulzer,2700,2552,94.52
2026-06-06,1,RF-01,Unit I,Spinning,RingFrame,2500,2409,96.4
2026-06-06,1,RF-02,Unit I,Spinning,RingFrame,2500,2450,98.04
2026-06-06,1,RF-03,Unit I,Spinning,RingFrame,2500,2398,95.93
2026-06-06,1,RF-04,Unit I,Spinning,RingFrame,2500,2319,92.77
2026-06-06,1,RF-05,Unit I,Spinning,RingFrame,2500,2399,95.97
2026-06-06,1,RF-06,Unit I,Spinning,RingFrame,2500,2500,100.0
2026-06-06,1,RF-07,Unit I,Spinning,RingFrame,2500,2246,89.87
2026-06-06,1,RF-08,Unit I,Spinning,RingFrame,2500,2391,95.66
2026-06-06,1,RF-09,Unit I,Spinning,RingFrame,2500,2287,91.5
2026-06-06,1,RF-10,Unit I,Spinning,RingFrame,2500,2500,100.0
2026-06-06,1,RF-11,Unit I,Spinning,RingFrame,2500,1759,70.38
2026-06-06,1,RF-12,Unit I,Spinning,RingFrame,2500,2305,92.21
2026-06-06,1,VTX-01,Unit I,Spinning,Vortex,4700,4553,96.89
2026-06-06,1,VTX-02,Unit I,Spinning,Vortex,4700,4700,100.0
2026-06-06,1,VTX-03,Unit I,Spinning,Vortex,4700,4449,94.67
2026-06-06,1,VTX-04,Unit I,Spinning,Vortex,4700,4334,92.22
2026-06-06,1,VTX-05,Unit I,Spinning,Vortex,4700,4700,100.0
2026-06-06,1,VTX-06,Unit I,Spinning,Vortex,4700,3325,70.76
2026-06-06,1,VTX-07,Unit I,Spinning,Vortex,4700,3948,84.01
2026-06-06,1,VTX-08,Unit I,Spinning,Vortex,4700,4568,97.2
2026-06-06,1,VTX-09,Unit I,Spinning,Vortex,4700,4347,92.49
2026-06-06,1,VTX-10,Unit I,Spinning,Vortex,4700,4225,89.89
2026-06-06,1,VTX-11,Unit I,Spinning,Vortex,4700,4631,98.54
2026-06-06,1,VTX-12,Unit I,Spinning,Vortex,4700,4522,96.22
2026-06-06,1,AJ-01,Unit I,Spinning,Airjet,3750,3456,92.18
2026-06-06,1,AJ-02,Unit I,Spinning,Airjet,3750,3322,88.6
2026-06-06,1,AJ-03,Unit I,Spinning,Airjet,3750,3726,99.36
2026-06-06,1,AJ-04,Unit I,Spinning,Airjet,3750,3684,98.25
2026-06-06,1,AJ-05,Unit I,Spinning,Airjet,3750,3543,94.5
2026-06-06,2,TOY-01,Unit I,Weaving,Toyota,21700,21700,100.0
2026-06-06,2,TOY-02,Unit I,Weaving,Toyota,21700,15764,72.65
2026-06-06,2,TOY-03,Unit I,Weaving,Toyota,21700,18959,87.37
2026-06-06,2,TOY-04,Unit I,Weaving,Toyota,21700,19864,91.54
2026-06-06,2,TOY-05,Unit I,Weaving,Toyota,21700,20565,94.77
2026-06-06,2,TOY-06,Unit I,Weaving,Toyota,21700,20879,96.22
2026-06-06,2,TOY-07,Unit I,Weaving,Toyota,21700,20353,93.79
2026-06-06,2,TOY-08,Unit I,Weaving,Toyota,21700,17307,79.76
2026-06-06,2,TOY-09,Unit I,Weaving,Toyota,21700,19257,88.74
2026-06-06,2,TOY-10,Unit I,Weaving,Toyota,21700,21700,100.0
2026-06-06,2,TOY-11,Unit I,Weaving,Toyota,21700,20525,94.59
2026-06-06,2,TOY-12,Unit I,Weaving,Toyota,21700,21700,100.0
2026-06-06,2,TOY-13,Unit I,Weaving,Toyota,21700,20986,96.71
2026-06-06,2,TOY-14,Unit I,Weaving,Toyota,21700,21110,97.28
2026-06-06,2,TOY-15,Unit I,Weaving,Toyota,21700,21233,97.85
2026-06-06,2,TSU-01,Unit I,Weaving,Tsudakoma,15000,14585,97.24
2026-06-06,2,TSU-02,Unit I,Weaving,Tsudakoma,15000,14732,98.21
2026-06-06,2,TSU-03,Unit I,Weaving,Tsudakoma,15000,15000,100.0
2026-06-06,2,TSU-04,Unit I,Weaving,Tsudakoma,15000,14397,95.98
2026-06-06,2,TSU-05,Unit I,Weaving,Tsudakoma,15000,14781,98.55
2026-06-06,2,TSU-06,Unit I,Weaving,Tsudakoma,15000,14182,94.55
2026-06-06,2,TSU-07,Unit I,Weaving,Tsudakoma,15000,15000,100.0
2026-06-06,2,TSU-08,Unit I,Weaving,Tsudakoma,15000,13742,91.62
2026-06-06,2,TSU-09,Unit I,Weaving,Tsudakoma,15000,15000,100.0
2026-06-06,2,TSU-10,Unit I,Weaving,Tsudakoma,15000,14219,94.8
2026-06-06,2,SUL-01,Unit I,Weaving,Sulzer,2700,2371,87.85
2026-06-06,2,SUL-02,Unit I,Weaving,Sulzer,2700,2582,95.64
2026-06-06,2,SUL-03,Unit I,Weaving,Sulzer,2700,2473,91.59
2026-06-06,2,SUL-04,Unit I,Weaving,Sulzer,2700,2678,99.2
2026-06-06,2,SUL-05,Unit I,Weaving,Sulzer,2700,2476,91.74
2026-06-06,2,RF-01,Unit I,Spinning,RingFrame,2500,2319,92.77
2026-06-06,2,RF-02,Unit I,Spinning,RingFrame,2500,2138,85.55
2026-06-06,2,RF-03,Unit I,Spinning,RingFrame,2500,2318,92.74
2026-06-06,2,RF-04,Unit I,Spinning,RingFrame,2500,2072,82.88
2026-06-06,2,RF-05,Unit I,Spinning,RingFrame,2500,2177,87.08
2026-06-06,2,RF-06,Unit I,Spinning,RingFrame,2500,2470,98.8
2026-06-06,2,RF-07,Unit I,Spinning,RingFrame,2500,2473,98.93
2026-06-06,2,RF-08,Unit I,Spinning,RingFrame,2500,2428,97.13
2026-06-06,2,RF-09,Unit I,Spinning,RingFrame,2500,2254,90.17
2026-06-06,2,RF-10,Unit I,Spinning,RingFrame,2500,2369,94.76
2026-06-06,2,RF-11,Unit I,Spinning,RingFrame,2500,1949,77.98
2026-06-06,2,RF-12,Unit I,Spinning,RingFrame,2500,2230,89.21
2026-06-06,2,VTX-01,Unit I,Spinning,Vortex,4700,4700,100.0
2026-06-06,2,VTX-02,Unit I,Spinning,Vortex,4700,4671,99.39
2026-06-06,2,VTX-03,Unit I,Spinning,Vortex,4700,4413,93.9
2026-06-06,2,VTX-04,Unit I,Spinning,Vortex,4700,4471,95.13
2026-06-06,2,VTX-05,Unit I,Spinning,Vortex,4700,4513,96.04
2026-06-06,2,VTX-06,Unit I,Spinning,Vortex,4700,3186,67.79
2026-06-06,2,VTX-07,Unit I,Spinning,Vortex,4700,4406,93.76
2026-06-06,2,VTX-08,Unit I,Spinning,Vortex,4700,4304,91.59
2026-06-06,2,VTX-09,Unit I,Spinning,Vortex,4700,4229,89.99
2026-06-06,2,VTX-10,Unit I,Spinning,Vortex,4700,4398,93.59
2026-06-06,2,VTX-11,Unit I,Spinning,Vortex,4700,4700,100.0
2026-06-06,2,VTX-12,Unit I,Spinning,Vortex,4700,4615,98.2
2026-06-06,2,AJ-01,Unit I,Spinning,Airjet,3750,3455,92.14
2026-06-06,2,AJ-02,Unit I,Spinning,Airjet,3750,3669,97.86
2026-06-06,2,AJ-03,Unit I,Spinning,Airjet,3750,3750,100.0
2026-06-06,2,AJ-04,Unit I,Spinning,Airjet,3750,3735,99.62
2026-06-06,2,AJ-05,Unit I,Spinning,Airjet,3750,3573,95.3
2026-06-06,3,TOY-01,Unit I,Weaving,Toyota,21700,19913,91.77
2026-06-06,3,TOY-02,Unit I,Weaving,Toyota,21700,17683,81.49
2026-06-06,3,TOY-03,Unit I,Weaving,Toyota,21700,21041,96.97
2026-06-06,3,TOY-04,Unit I,Weaving,Toyota,21700,21586,99.48
2026-06-06,3,TOY-05,Unit I,Weaving,Toyota,21700,21304,98.18
2026-06-06,3,TOY-06,Unit I,Weaving,Toyota,21700,21700,100.0
2026-06-06,3,TOY-07,Unit I,Weaving,Toyota,21700,20034,92.32
2026-06-06,3,TOY-08,Unit I,Weaving,Toyota,21700,18355,84.59
2026-06-06,3,TOY-09,Unit I,Weaving,Toyota,21700,20829,95.99
2026-06-06,3,TOY-10,Unit I,Weaving,Toyota,21700,21700,100.0
2026-06-06,3,TOY-11,Unit I,Weaving,Toyota,21700,19867,91.55
2026-06-06,3,TOY-12,Unit I,Weaving,Toyota,21700,21700,100.0
2026-06-06,3,TOY-13,Unit I,Weaving,Toyota,21700,20829,95.99
2026-06-06,3,TOY-14,Unit I,Weaving,Toyota,21700,19908,91.74
2026-06-06,3,TOY-15,Unit I,Weaving,Toyota,21700,20089,92.58
2026-06-06,3,TSU-01,Unit I,Weaving,Tsudakoma,15000,14009,93.4
2026-06-06,3,TSU-02,Unit I,Weaving,Tsudakoma,15000,14568,97.12
2026-06-06,3,TSU-03,Unit I,Weaving,Tsudakoma,15000,14642,97.61
2026-06-06,3,TSU-04,Unit I,Weaving,Tsudakoma,15000,13819,92.13
2026-06-06,3,TSU-05,Unit I,Weaving,Tsudakoma,15000,14231,94.88
2026-06-06,3,TSU-06,Unit I,Weaving,Tsudakoma,15000,15000,100.0
2026-06-06,3,TSU-07,Unit I,Weaving,Tsudakoma,15000,15000,100.0
2026-06-06,3,TSU-08,Unit I,Weaving,Tsudakoma,15000,14577,97.18
2026-06-06,3,TSU-09,Unit I,Weaving,Tsudakoma,15000,14278,95.19
2026-06-06,3,TSU-10,Unit I,Weaving,Tsudakoma,15000,14340,95.6
2026-06-06,3,SUL-01,Unit I,Weaving,Sulzer,2700,2647,98.07
2026-06-06,3,SUL-02,Unit I,Weaving,Sulzer,2700,2426,89.89
2026-06-06,3,SUL-03,Unit I,Weaving,Sulzer,2700,2530,93.71
2026-06-06,3,SUL-04,Unit I,Weaving,Sulzer,2700,2339,86.66
2026-06-06,3,SUL-05,Unit I,Weaving,Sulzer,2700,2618,97.0
2026-06-06,3,RF-01,Unit I,Spinning,RingFrame,2500,2455,98.24
2026-06-06,3,RF-02,Unit I,Spinning,RingFrame,2500,2314,92.58
2026-06-06,3,RF-03,Unit I,Spinning,RingFrame,2500,2500,100.0
2026-06-06,3,RF-04,Unit I,Spinning,RingFrame,2500,2221,88.87
2026-06-06,3,RF-05,Unit I,Spinning,RingFrame,2500,2191,87.68
2026-06-06,3,RF-06,Unit I,Spinning,RingFrame,2500,2403,96.12
2026-06-06,3,RF-07,Unit I,Spinning,RingFrame,2500,2500,100.0
2026-06-06,3,RF-08,Unit I,Spinning,RingFrame,2500,2500,100.0
2026-06-06,3,RF-09,Unit I,Spinning,RingFrame,2500,2317,92.71
2026-06-06,3,RF-10,Unit I,Spinning,RingFrame,2500,2500,100.0
2026-06-06,3,RF-11,Unit I,Spinning,RingFrame,2500,1945,77.81
2026-06-06,3,RF-12,Unit I,Spinning,RingFrame,2500,2353,94.14
2026-06-06,3,VTX-01,Unit I,Spinning,Vortex,4700,4672,99.42
2026-06-06,3,VTX-02,Unit I,Spinning,Vortex,4700,4618,98.26
2026-06-06,3,VTX-03,Unit I,Spinning,Vortex,4700,4094,87.12
2026-06-06,3,VTX-04,Unit I,Spinning,Vortex,4700,4700,100.0
2026-06-06,3,VTX-05,Unit I,Spinning,Vortex,4700,4700,100.0
2026-06-06,3,VTX-06,Unit I,Spinning,Vortex,4700,3518,74.87
2026-06-06,3,VTX-07,Unit I,Spinning,Vortex,4700,4558,96.98
2026-06-06,3,VTX-08,Unit I,Spinning,Vortex,4700,4581,97.47
2026-06-06,3,VTX-09,Unit I,Spinning,Vortex,4700,4526,96.3
2026-06-06,3,VTX-10,Unit I,Spinning,Vortex,4700,4335,92.25
2026-06-06,3,VTX-11,Unit I,Spinning,Vortex,4700,4307,91.64
2026-06-06,3,VTX-12,Unit I,Spinning,Vortex,4700,4458,94.87
2026-06-06,3,AJ-01,Unit I,Spinning,Airjet,3750,3750,100.0
2026-06-06,3,AJ-02,Unit I,Spinning,Airjet,3750,3664,97.72
2026-06-06,3,AJ-03,Unit I,Spinning,Airjet,3750,3493,93.15
2026-06-06,3,AJ-04,Unit I,Spinning,Airjet,3750,3707,98.86
2026-06-06,3,AJ-05,Unit I,Spinning,Airjet,3750,3028,80.76
2026-06-07,1,TOY-01,Unit I,Weaving,Toyota,21700,21700,100.0
2026-06-07,1,TOY-02,Unit I,Weaving,Toyota,21700,15038,69.3
2026-06-07,1,TOY-03,Unit I,Weaving,Toyota,21700,20221,93.19
2026-06-07,1,TOY-04,Unit I,Weaving,Toyota,21700,19400,89.4
2026-06-07,1,TOY-05,Unit I,Weaving,Toyota,21700,19210,88.53
2026-06-07,1,TOY-06,Unit I,Weaving,Toyota,21700,21700,100.0
2026-06-07,1,TOY-07,Unit I,Weaving,Toyota,21700,20107,92.66
2026-06-07,1,TOY-08,Unit I,Weaving,Toyota,21700,17301,79.73
2026-06-07,1,TOY-09,Unit I,Weaving,Toyota,21700,20564,94.77
2026-06-07,1,TOY-10,Unit I,Weaving,Toyota,21700,21132,97.39
2026-06-07,1,TOY-11,Unit I,Weaving,Toyota,21700,20698,95.38
2026-06-07,1,TOY-12,Unit I,Weaving,Toyota,21700,19222,88.59
2026-06-07,1,TOY-13,Unit I,Weaving,Toyota,21700,21695,99.98
2026-06-07,1,TOY-14,Unit I,Weaving,Toyota,21700,20079,92.53
2026-06-07,1,TOY-15,Unit I,Weaving,Toyota,21700,18926,87.22
2026-06-07,1,TSU-01,Unit I,Weaving,Tsudakoma,15000,13928,92.86
2026-06-07,1,TSU-02,Unit I,Weaving,Tsudakoma,15000,15000,100.0
2026-06-07,1,TSU-03,Unit I,Weaving,Tsudakoma,15000,14887,99.25
2026-06-07,1,TSU-04,Unit I,Weaving,Tsudakoma,15000,13988,93.26
2026-06-07,1,TSU-05,Unit I,Weaving,Tsudakoma,15000,13988,93.25
2026-06-07,1,TSU-06,Unit I,Weaving,Tsudakoma,15000,14008,93.39
2026-06-07,1,TSU-07,Unit I,Weaving,Tsudakoma,15000,15000,100.0
2026-06-07,1,TSU-08,Unit I,Weaving,Tsudakoma,15000,14536,96.91
2026-06-07,1,TSU-09,Unit I,Weaving,Tsudakoma,15000,14572,97.15
2026-06-07,1,TSU-10,Unit I,Weaving,Tsudakoma,15000,15000,100.0
2026-06-07,1,SUL-01,Unit I,Weaving,Sulzer,2700,2597,96.19
2026-06-07,1,SUL-02,Unit I,Weaving,Sulzer,2700,2530,93.7
2026-06-07,1,SUL-03,Unit I,Weaving,Sulzer,2700,2538,94.02
2026-06-07,1,SUL-04,Unit I,Weaving,Sulzer,2700,2555,94.64
2026-06-07,1,SUL-05,Unit I,Weaving,Sulzer,2700,2559,94.81
2026-06-07,1,RF-01,Unit I,Spinning,RingFrame,2500,2465,98.64
2026-06-07,1,RF-02,Unit I,Spinning,RingFrame,2500,2381,95.26
2026-06-07,1,RF-03,Unit I,Spinning,RingFrame,2500,2466,98.66
2026-06-07,1,RF-04,Unit I,Spinning,RingFrame,2500,2364,94.6
2026-06-07,1,RF-05,Unit I,Spinning,RingFrame,2500,2384,95.39
2026-06-07,1,RF-06,Unit I,Spinning,RingFrame,2500,2125,85.01
2026-06-07,1,RF-07,Unit I,Spinning,RingFrame,2500,2489,99.58
2026-06-07,1,RF-08,Unit I,Spinning,RingFrame,2500,2418,96.73
2026-06-07,1,RF-09,Unit I,Spinning,RingFrame,2500,2499,99.99
2026-06-07,1,RF-10,Unit I,Spinning,RingFrame,2500,2012,80.52
2026-06-07,1,RF-11,Unit I,Spinning,RingFrame,2500,2211,88.44
2026-06-07,1,RF-12,Unit I,Spinning,RingFrame,2500,2357,94.3
2026-06-07,1,VTX-01,Unit I,Spinning,Vortex,4700,4700,100.0
2026-06-07,1,VTX-02,Unit I,Spinning,Vortex,4700,4220,89.8
2026-06-07,1,VTX-03,Unit I,Spinning,Vortex,4700,4609,98.06
2026-06-07,1,VTX-04,Unit I,Spinning,Vortex,4700,4217,89.73
2026-06-07,1,VTX-05,Unit I,Spinning,Vortex,4700,4318,91.88
2026-06-07,1,VTX-06,Unit I,Spinning,Vortex,4700,4115,87.57
2026-06-07,1,VTX-07,Unit I,Spinning,Vortex,4700,4420,94.05
2026-06-07,1,VTX-08,Unit I,Spinning,Vortex,4700,4516,96.09
2026-06-07,1,VTX-09,Unit I,Spinning,Vortex,4700,4669,99.35
2026-06-07,1,VTX-10,Unit I,Spinning,Vortex,4700,4581,97.48
2026-06-07,1,VTX-11,Unit I,Spinning,Vortex,4700,4500,95.75
2026-06-07,1,VTX-12,Unit I,Spinning,Vortex,4700,4550,96.82
2026-06-07,1,AJ-01,Unit I,Spinning,Airjet,3750,3750,100.0
2026-06-07,1,AJ-02,Unit I,Spinning,Airjet,3750,3551,94.71
2026-06-07,1,AJ-03,Unit I,Spinning,Airjet,3750,3600,96.01
2026-06-07,1,AJ-04,Unit I,Spinning,Airjet,3750,3750,100.0
2026-06-07,1,AJ-05,Unit I,Spinning,Airjet,3750,3750,100.0
2026-06-07,2,TOY-01,Unit I,Weaving,Toyota,21700,21700,100.0
2026-06-07,2,TOY-02,Unit I,Weaving,Toyota,21700,17619,81.19
2026-06-07,2,TOY-03,Unit I,Weaving,Toyota,21700,19374,89.28
2026-06-07,2,TOY-04,Unit I,Weaving,Toyota,21700,21700,100.0
2026-06-07,2,TOY-05,Unit I,Weaving,Toyota,21700,19371,89.27
2026-06-07,2,TOY-06,Unit I,Weaving,Toyota,21700,20943,96.51
2026-06-07,2,TOY-07,Unit I,Weaving,Toyota,21700,19796,91.23
2026-06-07,2,TOY-08,Unit I,Weaving,Toyota,21700,16856,77.68
2026-06-07,2,TOY-09,Unit I,Weaving,Toyota,21700,20971,96.64
2026-06-07,2,TOY-10,Unit I,Weaving,Toyota,21700,20963,96.61
2026-06-07,2,TOY-11,Unit I,Weaving,Toyota,21700,21072,97.11
2026-06-07,2,TOY-12,Unit I,Weaving,Toyota,21700,21700,100.0
2026-06-07,2,TOY-13,Unit I,Weaving,Toyota,21700,21107,97.27
2026-06-07,2,TOY-14,Unit I,Weaving,Toyota,21700,20350,93.78
2026-06-07,2,TOY-15,Unit I,Weaving,Toyota,21700,21661,99.82
2026-06-07,2,TSU-01,Unit I,Weaving,Tsudakoma,15000,15000,100.0
2026-06-07,2,TSU-02,Unit I,Weaving,Tsudakoma,15000,13329,88.86
2026-06-07,2,TSU-03,Unit I,Weaving,Tsudakoma,15000,14698,97.99
2026-06-07,2,TSU-04,Unit I,Weaving,Tsudakoma,15000,14775,98.51
2026-06-07,2,TSU-05,Unit I,Weaving,Tsudakoma,15000,14026,93.51
2026-06-07,2,TSU-06,Unit I,Weaving,Tsudakoma,15000,15000,100.0
2026-06-07,2,TSU-07,Unit I,Weaving,Tsudakoma,15000,14137,94.25
2026-06-07,2,TSU-08,Unit I,Weaving,Tsudakoma,15000,14344,95.63
2026-06-07,2,TSU-09,Unit I,Weaving,Tsudakoma,15000,14120,94.13
2026-06-07,2,TSU-10,Unit I,Weaving,Tsudakoma,15000,14261,95.08
2026-06-07,2,SUL-01,Unit I,Weaving,Sulzer,2700,2417,89.52
2026-06-07,2,SUL-02,Unit I,Weaving,Sulzer,2700,2370,87.8
2026-06-07,2,SUL-03,Unit I,Weaving,Sulzer,2700,2700,100.0
2026-06-07,2,SUL-04,Unit I,Weaving,Sulzer,2700,2450,90.77
2026-06-07,2,SUL-05,Unit I,Weaving,Sulzer,2700,2431,90.04
2026-06-07,2,RF-01,Unit I,Spinning,RingFrame,2500,2105,84.23
2026-06-07,2,RF-02,Unit I,Spinning,RingFrame,2500,2295,91.81
2026-06-07,2,RF-03,Unit I,Spinning,RingFrame,2500,2209,88.38
2026-06-07,2,RF-04,Unit I,Spinning,RingFrame,2500,2500,100.0
2026-06-07,2,RF-05,Unit I,Spinning,RingFrame,2500,2500,100.0
2026-06-07,2,RF-06,Unit I,Spinning,RingFrame,2500,2288,91.56
2026-06-07,2,RF-07,Unit I,Spinning,RingFrame,2500,2500,100.0
2026-06-07,2,RF-08,Unit I,Spinning,RingFrame,2500,2497,99.91
2026-06-07,2,RF-09,Unit I,Spinning,RingFrame,2500,2334,93.38
2026-06-07,2,RF-10,Unit I,Spinning,RingFrame,2500,2062,82.5
2026-06-07,2,RF-11,Unit I,Spinning,RingFrame,2500,2236,89.45
2026-06-07,2,RF-12,Unit I,Spinning,RingFrame,2500,2201,88.05
2026-06-07,2,VTX-01,Unit I,Spinning,Vortex,4700,4078,86.77
2026-06-07,2,VTX-02,Unit I,Spinning,Vortex,4700,4700,100.0
2026-06-07,2,VTX-03,Unit I,Spinning,Vortex,4700,4700,100.0
2026-06-07,2,VTX-04,Unit I,Spinning,Vortex,4700,4700,100.0
2026-06-07,2,VTX-05,Unit I,Spinning,Vortex,4700,4597,97.82
2026-06-07,2,VTX-06,Unit I,Spinning,Vortex,4700,3805,80.97
2026-06-07,2,VTX-07,Unit I,Spinning,Vortex,4700,4665,99.27
2026-06-07,2,VTX-08,Unit I,Spinning,Vortex,4700,4643,98.79
2026-06-07,2,VTX-09,Unit I,Spinning,Vortex,4700,4531,96.41
2026-06-07,2,VTX-10,Unit I,Spinning,Vortex,4700,4489,95.52
2026-06-07,2,VTX-11,Unit I,Spinning,Vortex,4700,4450,94.69
2026-06-07,2,VTX-12,Unit I,Spinning,Vortex,4700,4287,91.23
2026-06-07,2,AJ-01,Unit I,Spinning,Airjet,3750,3509,93.6
2026-06-07,2,AJ-02,Unit I,Spinning,Airjet,3750,3245,86.54
2026-06-07,2,AJ-03,Unit I,Spinning,Airjet,3750,3544,94.51
2026-06-07,2,AJ-04,Unit I,Spinning,Airjet,3750,3377,90.06
2026-06-07,2,AJ-05,Unit I,Spinning,Airjet,3750,3355,89.48
2026-06-07,3,TOY-01,Unit I,Weaving,Toyota,21700,20810,95.9
2026-06-07,3,TOY-02,Unit I,Weaving,Toyota,21700,18436,84.96
2026-06-07,3,TOY-03,Unit I,Weaving,Toyota,21700,21611,99.59
2026-06-07,3,TOY-04,Unit I,Weaving,Toyota,21700,18911,87.15
2026-06-07,3,TOY-05,Unit I,Weaving,Toyota,21700,19541,90.05
2026-06-07,3,TOY-06,Unit I,Weaving,Toyota,21700,21635,99.7
2026-06-07,3,TOY-07,Unit I,Weaving,Toyota,21700,19549,90.09
2026-06-07,3,TOY-08,Unit I,Weaving,Toyota,21700,16682,76.88
2026-06-07,3,TOY-09,Unit I,Weaving,Toyota,21700,21211,97.75
2026-06-07,3,TOY-10,Unit I,Weaving,Toyota,21700,19564,90.16
2026-06-07,3,TOY-11,Unit I,Weaving,Toyota,21700,20729,95.53
2026-06-07,3,TOY-12,Unit I,Weaving,Toyota,21700,19167,88.33
2026-06-07,3,TOY-13,Unit I,Weaving,Toyota,21700,19962,91.99
2026-06-07,3,TOY-14,Unit I,Weaving,Toyota,21700,20961,96.6
2026-06-07,3,TOY-15,Unit I,Weaving,Toyota,21700,18886,87.04
2026-06-07,3,TSU-01,Unit I,Weaving,Tsudakoma,15000,14580,97.2
2026-06-07,3,TSU-02,Unit I,Weaving,Tsudakoma,15000,14235,94.9
2026-06-07,3,TSU-03,Unit I,Weaving,Tsudakoma,15000,14664,97.76
2026-06-07,3,TSU-04,Unit I,Weaving,Tsudakoma,15000,14417,96.12
2026-06-07,3,TSU-05,Unit I,Weaving,Tsudakoma,15000,15000,100.0
2026-06-07,3,TSU-06,Unit I,Weaving,Tsudakoma,15000,14343,95.63
2026-06-07,3,TSU-07,Unit I,Weaving,Tsudakoma,15000,13927,92.85
2026-06-07,3,TSU-08,Unit I,Weaving,Tsudakoma,15000,14341,95.61
2026-06-07,3,TSU-09,Unit I,Weaving,Tsudakoma,15000,14657,97.72
2026-06-07,3,TSU-10,Unit I,Weaving,Tsudakoma,15000,14286,95.24
2026-06-07,3,SUL-01,Unit I,Weaving,Sulzer,2700,2570,95.2
2026-06-07,3,SUL-02,Unit I,Weaving,Sulzer,2700,2470,91.49
2026-06-07,3,SUL-03,Unit I,Weaving,Sulzer,2700,2475,91.69
2026-06-07,3,SUL-04,Unit I,Weaving,Sulzer,2700,2375,87.99
2026-06-07,3,SUL-05,Unit I,Weaving,Sulzer,2700,2700,100.0
2026-06-07,3,RF-01,Unit I,Spinning,RingFrame,2500,2219,88.78
2026-06-07,3,RF-02,Unit I,Spinning,RingFrame,2500,2288,91.54
2026-06-07,3,RF-03,Unit I,Spinning,RingFrame,2500,2285,91.41
2026-06-07,3,RF-04,Unit I,Spinning,RingFrame,2500,2486,99.47
2026-06-07,3,RF-05,Unit I,Spinning,RingFrame,2500,2338,93.53
2026-06-07,3,RF-06,Unit I,Spinning,RingFrame,2500,2500,100.0
2026-06-07,3,RF-07,Unit I,Spinning,RingFrame,2500,2290,91.63
2026-06-07,3,RF-08,Unit I,Spinning,RingFrame,2500,2409,96.39
2026-06-07,3,RF-09,Unit I,Spinning,RingFrame,2500,2270,90.82
2026-06-07,3,RF-10,Unit I,Spinning,RingFrame,2500,2500,100.0
2026-06-07,3,RF-11,Unit I,Spinning,RingFrame,2500,1801,72.06
2026-06-07,3,RF-12,Unit I,Spinning,RingFrame,2500,2413,96.55
2026-06-07,3,VTX-01,Unit I,Spinning,Vortex,4700,4613,98.17
2026-06-07,3,VTX-02,Unit I,Spinning,Vortex,4700,4562,97.07
2026-06-07,3,VTX-03,Unit I,Spinning,Vortex,4700,4421,94.07
2026-06-07,3,VTX-04,Unit I,Spinning,Vortex,4700,4434,94.35
2026-06-07,3,VTX-05,Unit I,Spinning,Vortex,4700,4475,95.22
2026-06-07,3,VTX-06,Unit I,Spinning,Vortex,4700,3631,77.26
2026-06-07,3,VTX-07,Unit I,Spinning,Vortex,4700,4691,99.82
2026-06-07,3,VTX-08,Unit I,Spinning,Vortex,4700,4700,100.0
2026-06-07,3,VTX-09,Unit I,Spinning,Vortex,4700,4333,92.21
2026-06-07,3,VTX-10,Unit I,Spinning,Vortex,4700,4143,88.15
2026-06-07,3,VTX-11,Unit I,Spinning,Vortex,4700,4444,94.56
2026-06-07,3,VTX-12,Unit I,Spinning,Vortex,4700,4700,100.0
2026-06-07,3,AJ-01,Unit I,Spinning,Airjet,3750,3411,90.98
2026-06-07,3,AJ-02,Unit I,Spinning,Airjet,3750,3750,100.0
2026-06-07,3,AJ-03,Unit I,Spinning,Airjet,3750,3750,100.0
2026-06-07,3,AJ-04,Unit I,Spinning,Airjet,3750,3458,92.23
2026-06-07,3,AJ-05,Unit I,Spinning,Airjet,3750,3669,97.84
2026-06-08,1,TOY-01,Unit I,Weaving,Toyota,21700,21700,100.0
2026-06-08,1,TOY-02,Unit I,Weaving,Toyota,21700,16514,76.1
2026-06-08,1,TOY-03,Unit I,Weaving,Toyota,21700,20394,93.98
2026-06-08,1,TOY-04,Unit I,Weaving,Toyota,21700,19983,92.09
2026-06-08,1,TOY-05,Unit I,Weaving,Toyota,21700,19513,89.93
2026-06-08,1,TOY-06,Unit I,Weaving,Toyota,21700,19910,91.75
2026-06-08,1,TOY-07,Unit I,Weaving,Toyota,21700,19287,88.88
2026-06-08,1,TOY-08,Unit I,Weaving,Toyota,21700,16962,78.17
2026-06-08,1,TOY-09,Unit I,Weaving,Toyota,21700,19779,91.15
2026-06-08,1,TOY-10,Unit I,Weaving,Toyota,21700,20868,96.17
2026-06-08,1,TOY-11,Unit I,Weaving,Toyota,21700,18926,87.22
2026-06-08,1,TOY-12,Unit I,Weaving,Toyota,21700,20974,96.65
2026-06-08,1,TOY-13,Unit I,Weaving,Toyota,21700,21519,99.17
2026-06-08,1,TOY-14,Unit I,Weaving,Toyota,21700,18451,85.03
2026-06-08,1,TOY-15,Unit I,Weaving,Toyota,21700,21020,96.87
2026-06-08,1,TSU-01,Unit I,Weaving,Tsudakoma,15000,15000,100.0
2026-06-08,1,TSU-02,Unit I,Weaving,Tsudakoma,15000,13342,88.95
2026-06-08,1,TSU-03,Unit I,Weaving,Tsudakoma,15000,15000,100.0
2026-06-08,1,TSU-04,Unit I,Weaving,Tsudakoma,15000,14564,97.1
2026-06-08,1,TSU-05,Unit I,Weaving,Tsudakoma,15000,13721,91.47
2026-06-08,1,TSU-06,Unit I,Weaving,Tsudakoma,15000,14208,94.72
2026-06-08,1,TSU-07,Unit I,Weaving,Tsudakoma,15000,14668,97.79
2026-06-08,1,TSU-08,Unit I,Weaving,Tsudakoma,15000,14307,95.38
2026-06-08,1,TSU-09,Unit I,Weaving,Tsudakoma,15000,14654,97.69
2026-06-08,1,TSU-10,Unit I,Weaving,Tsudakoma,15000,13559,90.4
2026-06-08,1,SUL-01,Unit I,Weaving,Sulzer,2700,2587,95.85
2026-06-08,1,SUL-02,Unit I,Weaving,Sulzer,2700,2374,87.93
2026-06-08,1,SUL-03,Unit I,Weaving,Sulzer,2700,2549,94.44
2026-06-08,1,SUL-04,Unit I,Weaving,Sulzer,2700,2442,90.48
2026-06-08,1,SUL-05,Unit I,Weaving,Sulzer,2700,2465,91.32
2026-06-08,1,RF-01,Unit I,Spinning,RingFrame,2500,2500,100.0
2026-06-08,1,RF-02,Unit I,Spinning,RingFrame,2500,2500,100.0
2026-06-08,1,RF-03,Unit I,Spinning,RingFrame,2500,2451,98.05
2026-06-08,1,RF-04,Unit I,Spinning,RingFrame,2500,2238,89.54
2026-06-08,1,RF-05,Unit I,Spinning,RingFrame,2500,2335,93.42
2026-06-08,1,RF-06,Unit I,Spinning,RingFrame,2500,2500,100.0
2026-06-08,1,RF-07,Unit I,Spinning,RingFrame,2500,2392,95.71
2026-06-08,1,RF-08,Unit I,Spinning,RingFrame,2500,2500,100.0
2026-06-08,1,RF-09,Unit I,Spinning,RingFrame,2500,2424,96.97
2026-06-08,1,RF-10,Unit I,Spinning,RingFrame,2500,2399,95.96
2026-06-08,1,RF-11,Unit I,Spinning,RingFrame,2500,1911,76.45
2026-06-08,1,RF-12,Unit I,Spinning,RingFrame,2500,2391,95.67
2026-06-08,1,VTX-01,Unit I,Spinning,Vortex,4700,4429,94.24
2026-06-08,1,VTX-02,Unit I,Spinning,Vortex,4700,4631,98.54
2026-06-08,1,VTX-03,Unit I,Spinning,Vortex,4700,4689,99.78
2026-06-08,1,VTX-04,Unit I,Spinning,Vortex,4700,4280,91.07
2026-06-08,1,VTX-05,Unit I,Spinning,Vortex,4700,4152,88.34
2026-06-08,1,VTX-06,Unit I,Spinning,Vortex,4700,3234,68.82
2026-06-08,1,VTX-07,Unit I,Spinning,Vortex,4700,4584,97.54
2026-06-08,1,VTX-08,Unit I,Spinning,Vortex,4700,4205,89.48
2026-06-08,1,VTX-09,Unit I,Spinning,Vortex,4700,3959,84.24
2026-06-08,1,VTX-10,Unit I,Spinning,Vortex,4700,4556,96.94
2026-06-08,1,VTX-11,Unit I,Spinning,Vortex,4700,4700,100.0
2026-06-08,1,VTX-12,Unit I,Spinning,Vortex,4700,4463,94.97
2026-06-08,1,AJ-01,Unit I,Spinning,Airjet,3750,3719,99.19
2026-06-08,1,AJ-02,Unit I,Spinning,Airjet,3750,3577,95.41
2026-06-08,1,AJ-03,Unit I,Spinning,Airjet,3750,3543,94.51
2026-06-08,1,AJ-04,Unit I,Spinning,Airjet,3750,3734,99.6
2026-06-08,1,AJ-05,Unit I,Spinning,Airjet,3750,3508,93.55
2026-06-08,2,TOY-01,Unit I,Weaving,Toyota,21700,20905,96.34
2026-06-08,2,TOY-02,Unit I,Weaving,Toyota,21700,17275,79.61
2026-06-08,2,TOY-03,Unit I,Weaving,Toyota,21700,19890,91.66
2026-06-08,2,TOY-04,Unit I,Weaving,Toyota,21700,21691,99.96
2026-06-08,2,TOY-05,Unit I,Weaving,Toyota,21700,20425,94.13
2026-06-08,2,TOY-06,Unit I,Weaving,Toyota,21700,19795,91.22
2026-06-08,2,TOY-07,Unit I,Weaving,Toyota,21700,21197,97.68
2026-06-08,2,TOY-08,Unit I,Weaving,Toyota,21700,15951,73.51
2026-06-08,2,TOY-09,Unit I,Weaving,Toyota,21700,20645,95.14
2026-06-08,2,TOY-10,Unit I,Weaving,Toyota,21700,20605,94.95
2026-06-08,2,TOY-11,Unit I,Weaving,Toyota,21700,21700,100.0
2026-06-08,2,TOY-12,Unit I,Weaving,Toyota,21700,21130,97.37
2026-06-08,2,TOY-13,Unit I,Weaving,Toyota,21700,20587,94.87
2026-06-08,2,TOY-14,Unit I,Weaving,Toyota,21700,21502,99.09
2026-06-08,2,TOY-15,Unit I,Weaving,Toyota,21700,21700,100.0
2026-06-08,2,TSU-01,Unit I,Weaving,Tsudakoma,15000,14668,97.79
2026-06-08,2,TSU-02,Unit I,Weaving,Tsudakoma,15000,14257,95.05
2026-06-08,2,TSU-03,Unit I,Weaving,Tsudakoma,15000,13266,88.44
2026-06-08,2,TSU-04,Unit I,Weaving,Tsudakoma,15000,13451,89.67
2026-06-08,2,TSU-05,Unit I,Weaving,Tsudakoma,15000,14021,93.47
2026-06-08,2,TSU-06,Unit I,Weaving,Tsudakoma,15000,13792,91.95
2026-06-08,2,TSU-07,Unit I,Weaving,Tsudakoma,15000,14109,94.07
2026-06-08,2,TSU-08,Unit I,Weaving,Tsudakoma,15000,14292,95.28
2026-06-08,2,TSU-09,Unit I,Weaving,Tsudakoma,15000,14647,97.65
2026-06-08,2,TSU-10,Unit I,Weaving,Tsudakoma,15000,14197,94.65
2026-06-08,2,SUL-01,Unit I,Weaving,Sulzer,2700,2630,97.43
2026-06-08,2,SUL-02,Unit I,Weaving,Sulzer,2700,2573,95.32
2026-06-08,2,SUL-03,Unit I,Weaving,Sulzer,2700,2298,85.12
2026-06-08,2,SUL-04,Unit I,Weaving,Sulzer,2700,2438,90.3
2026-06-08,2,SUL-05,Unit I,Weaving,Sulzer,2700,2545,94.28
2026-06-08,2,RF-01,Unit I,Spinning,RingFrame,2500,2223,88.95
2026-06-08,2,RF-02,Unit I,Spinning,RingFrame,2500,2449,98.0
2026-06-08,2,RF-03,Unit I,Spinning,RingFrame,2500,2500,100.0
2026-06-08,2,RF-04,Unit I,Spinning,RingFrame,2500,2500,100.0
2026-06-08,2,RF-05,Unit I,Spinning,RingFrame,2500,2348,93.93
2026-06-08,2,RF-06,Unit I,Spinning,RingFrame,2500,2500,100.0
2026-06-08,2,RF-07,Unit I,Spinning,RingFrame,2500,2393,95.74
2026-06-08,2,RF-08,Unit I,Spinning,RingFrame,2500,2332,93.31
2026-06-08,2,RF-09,Unit I,Spinning,RingFrame,2500,2298,91.93
2026-06-08,2,RF-10,Unit I,Spinning,RingFrame,2500,2337,93.49
2026-06-08,2,RF-11,Unit I,Spinning,RingFrame,2500,1901,76.06
2026-06-08,2,RF-12,Unit I,Spinning,RingFrame,2500,2396,95.85
2026-06-08,2,VTX-01,Unit I,Spinning,Vortex,4700,4502,95.8
2026-06-08,2,VTX-02,Unit I,Spinning,Vortex,4700,4465,95.02
2026-06-08,2,VTX-03,Unit I,Spinning,Vortex,4700,4567,97.18
2026-06-08,2,VTX-04,Unit I,Spinning,Vortex,4700,4700,100.0
2026-06-08,2,VTX-05,Unit I,Spinning,Vortex,4700,4688,99.75
2026-06-08,2,VTX-06,Unit I,Spinning,Vortex,4700,3317,70.58
2026-06-08,2,VTX-07,Unit I,Spinning,Vortex,4700,3864,82.23
2026-06-08,2,VTX-08,Unit I,Spinning,Vortex,4700,4684,99.67
2026-06-08,2,VTX-09,Unit I,Spinning,Vortex,4700,4143,88.17
2026-06-08,2,VTX-10,Unit I,Spinning,Vortex,4700,4412,93.88
2026-06-08,2,VTX-11,Unit I,Spinning,Vortex,4700,4190,89.15
2026-06-08,2,VTX-12,Unit I,Spinning,Vortex,4700,4041,85.99
2026-06-08,2,AJ-01,Unit I,Spinning,Airjet,3750,3664,97.71
2026-06-08,2,AJ-02,Unit I,Spinning,Airjet,3750,3704,98.8
2026-06-08,2,AJ-03,Unit I,Spinning,Airjet,3750,3454,92.12
2026-06-08,2,AJ-04,Unit I,Spinning,Airjet,3750,3076,82.04
2026-06-08,2,AJ-05,Unit I,Spinning,Airjet,3750,3460,92.27
2026-06-08,3,TOY-01,Unit I,Weaving,Toyota,21700,21040,96.96
2026-06-08,3,TOY-02,Unit I,Weaving,Toyota,21700,15321,70.61
2026-06-08,3,TOY-03,Unit I,Weaving,Toyota,21700,20813,95.92
2026-06-08,3,TOY-04,Unit I,Weaving,Toyota,21700,20598,94.92
2026-06-08,3,TOY-05,Unit I,Weaving,Toyota,21700,21243,97.9
2026-06-08,3,TOY-06,Unit I,Weaving,Toyota,21700,20744,95.6
2026-06-08,3,TOY-07,Unit I,Weaving,Toyota,21700,19559,90.13
2026-06-08,3,TOY-08,Unit I,Weaving,Toyota,21700,18224,83.98
2026-06-08,3,TOY-09,Unit I,Weaving,Toyota,21700,20442,94.21
2026-06-08,3,TOY-10,Unit I,Weaving,Toyota,21700,20585,94.86
2026-06-08,3,TOY-11,Unit I,Weaving,Toyota,21700,19602,90.33
2026-06-08,3,TOY-12,Unit I,Weaving,Toyota,21700,20134,92.78
2026-06-08,3,TOY-13,Unit I,Weaving,Toyota,21700,19654,90.58
2026-06-08,3,TOY-14,Unit I,Weaving,Toyota,21700,20427,94.14
2026-06-08,3,TOY-15,Unit I,Weaving,Toyota,21700,21700,100.0
2026-06-08,3,TSU-01,Unit I,Weaving,Tsudakoma,15000,13221,88.14
2026-06-08,3,TSU-02,Unit I,Weaving,Tsudakoma,15000,13039,86.93
2026-06-08,3,TSU-03,Unit I,Weaving,Tsudakoma,15000,15000,100.0
2026-06-08,3,TSU-04,Unit I,Weaving,Tsudakoma,15000,14093,93.95
2026-06-08,3,TSU-05,Unit I,Weaving,Tsudakoma,15000,13748,91.65
2026-06-08,3,TSU-06,Unit I,Weaving,Tsudakoma,15000,15000,100.0
2026-06-08,3,TSU-07,Unit I,Weaving,Tsudakoma,15000,13795,91.97
2026-06-08,3,TSU-08,Unit I,Weaving,Tsudakoma,15000,15000,100.0
2026-06-08,3,TSU-09,Unit I,Weaving,Tsudakoma,15000,14758,98.39
2026-06-08,3,TSU-10,Unit I,Weaving,Tsudakoma,15000,13884,92.56
2026-06-08,3,SUL-01,Unit I,Weaving,Sulzer,2700,2700,100.0
2026-06-08,3,SUL-02,Unit I,Weaving,Sulzer,2700,2483,91.97
2026-06-08,3,SUL-03,Unit I,Weaving,Sulzer,2700,2665,98.71
2026-06-08,3,SUL-04,Unit I,Weaving,Sulzer,2700,2605,96.5
2026-06-08,3,SUL-05,Unit I,Weaving,Sulzer,2700,2700,100.0
2026-06-08,3,RF-01,Unit I,Spinning,RingFrame,2500,2500,100.0
2026-06-08,3,RF-02,Unit I,Spinning,RingFrame,2500,2379,95.16
2026-06-08,3,RF-03,Unit I,Spinning,RingFrame,2500,2280,91.23
2026-06-08,3,RF-04,Unit I,Spinning,RingFrame,2500,2432,97.3
2026-06-08,3,RF-05,Unit I,Spinning,RingFrame,2500,2290,91.61
2026-06-08,3,RF-06,Unit I,Spinning,RingFrame,2500,2500,100.0
2026-06-08,3,RF-07,Unit I,Spinning,RingFrame,2500,2392,95.68
2026-06-08,3,RF-08,Unit I,Spinning,RingFrame,2500,2329,93.17
2026-06-08,3,RF-09,Unit I,Spinning,RingFrame,2500,2398,95.92
2026-06-08,3,RF-10,Unit I,Spinning,RingFrame,2500,2206,88.26
2026-06-08,3,RF-11,Unit I,Spinning,RingFrame,2500,1828,73.14
2026-06-08,3,RF-12,Unit I,Spinning,RingFrame,2500,2500,100.0
2026-06-08,3,VTX-01,Unit I,Spinning,Vortex,4700,4310,91.72
2026-06-08,3,VTX-02,Unit I,Spinning,Vortex,4700,4218,89.77
2026-06-08,3,VTX-03,Unit I,Spinning,Vortex,4700,4591,97.68
2026-06-08,3,VTX-04,Unit I,Spinning,Vortex,4700,4700,100.0
2026-06-08,3,VTX-05,Unit I,Spinning,Vortex,4700,4633,98.59
2026-06-08,3,VTX-06,Unit I,Spinning,Vortex,4700,3900,82.98
2026-06-08,3,VTX-07,Unit I,Spinning,Vortex,4700,4287,91.22
2026-06-08,3,VTX-08,Unit I,Spinning,Vortex,4700,4130,87.89
2026-06-08,3,VTX-09,Unit I,Spinning,Vortex,4700,4700,100.0
2026-06-08,3,VTX-10,Unit I,Spinning,Vortex,4700,4389,93.39
2026-06-08,3,VTX-11,Unit I,Spinning,Vortex,4700,4406,93.75
2026-06-08,3,VTX-12,Unit I,Spinning,Vortex,4700,4700,100.0
2026-06-08,3,AJ-01,Unit I,Spinning,Airjet,3750,3666,97.78
2026-06-08,3,AJ-02,Unit I,Spinning,Airjet,3750,3647,97.28
2026-06-08,3,AJ-03,Unit I,Spinning,Airjet,3750,3750,100.0
2026-06-08,3,AJ-04,Unit I,Spinning,Airjet,3750,3441,91.78
2026-06-08,3,AJ-05,Unit I,Spinning,Airjet,3750,3736,99.64
2026-06-09,1,TOY-01,Unit I,Weaving,Toyota,21700,20676,95.29
2026-06-09,1,TOY-02,Unit I,Weaving,Toyota,21700,17217,79.34
2026-06-09,1,TOY-03,Unit I,Weaving,Toyota,21700,21700,100.0
2026-06-09,1,TOY-04,Unit I,Weaving,Toyota,21700,21166,97.54
2026-06-09,1,TOY-05,Unit I,Weaving,Toyota,21700,21199,97.69
2026-06-09,1,TOY-06,Unit I,Weaving,Toyota,21700,21700,100.0
2026-06-09,1,TOY-07,Unit I,Weaving,Toyota,21700,20219,93.18
2026-06-09,1,TOY-08,Unit I,Weaving,Toyota,21700,16015,73.8
2026-06-09,1,TOY-09,Unit I,Weaving,Toyota,21700,19481,89.78
2026-06-09,1,TOY-10,Unit I,Weaving,Toyota,21700,18481,85.17
2026-06-09,1,TOY-11,Unit I,Weaving,Toyota,21700,21700,100.0
2026-06-09,1,TOY-12,Unit I,Weaving,Toyota,21700,19418,89.48
2026-06-09,1,TOY-13,Unit I,Weaving,Toyota,21700,20374,93.89
2026-06-09,1,TOY-14,Unit I,Weaving,Toyota,21700,20314,93.62
2026-06-09,1,TOY-15,Unit I,Weaving,Toyota,21700,20948,96.54
2026-06-09,1,TSU-01,Unit I,Weaving,Tsudakoma,15000,14861,99.08
2026-06-09,1,TSU-02,Unit I,Weaving,Tsudakoma,15000,14895,99.3
2026-06-09,1,TSU-03,Unit I,Weaving,Tsudakoma,15000,13812,92.08
2026-06-09,1,TSU-04,Unit I,Weaving,Tsudakoma,15000,14124,94.16
2026-06-09,1,TSU-05,Unit I,Weaving,Tsudakoma,15000,14461,96.41
2026-06-09,1,TSU-06,Unit I,Weaving,Tsudakoma,15000,14063,93.76
2026-06-09,1,TSU-07,Unit I,Weaving,Tsudakoma,15000,15000,100.0
2026-06-09,1,TSU-08,Unit I,Weaving,Tsudakoma,15000,14618,97.45
2026-06-09,1,TSU-09,Unit I,Weaving,Tsudakoma,15000,14801,98.67
2026-06-09,1,TSU-10,Unit I,Weaving,Tsudakoma,15000,14747,98.31
2026-06-09,1,SUL-01,Unit I,Weaving,Sulzer,2700,2700,100.0
2026-06-09,1,SUL-02,Unit I,Weaving,Sulzer,2700,2589,95.91
2026-06-09,1,SUL-03,Unit I,Weaving,Sulzer,2700,2389,88.52
2026-06-09,1,SUL-04,Unit I,Weaving,Sulzer,2700,2618,97.0
2026-06-09,1,SUL-05,Unit I,Weaving,Sulzer,2700,2477,91.74
2026-06-09,1,RF-01,Unit I,Spinning,RingFrame,2500,2308,92.36
2026-06-09,1,RF-02,Unit I,Spinning,RingFrame,2500,2448,97.93
2026-06-09,1,RF-03,Unit I,Spinning,RingFrame,2500,2500,100.0
2026-06-09,1,RF-04,Unit I,Spinning,RingFrame,2500,2377,95.11
2026-06-09,1,RF-05,Unit I,Spinning,RingFrame,2500,2413,96.54
2026-06-09,1,RF-06,Unit I,Spinning,RingFrame,2500,2500,100.0
2026-06-09,1,RF-07,Unit I,Spinning,RingFrame,2500,2405,96.2
2026-06-09,1,RF-08,Unit I,Spinning,RingFrame,2500,2500,100.0
2026-06-09,1,RF-09,Unit I,Spinning,RingFrame,2500,2445,97.83
2026-06-09,1,RF-10,Unit I,Spinning,RingFrame,2500,2154,86.2
2026-06-09,1,RF-11,Unit I,Spinning,RingFrame,2500,2044,81.77
2026-06-09,1,RF-12,Unit I,Spinning,RingFrame,2500,2422,96.91
2026-06-09,1,VTX-01,Unit I,Spinning,Vortex,4700,4700,100.0
2026-06-09,1,VTX-02,Unit I,Spinning,Vortex,4700,4623,98.37
2026-06-09,1,VTX-03,Unit I,Spinning,Vortex,4700,4432,94.31
2026-06-09,1,VTX-04,Unit I,Spinning,Vortex,4700,4177,88.88
2026-06-09,1,VTX-05,Unit I,Spinning,Vortex,4700,4415,93.95
2026-06-09,1,VTX-06,Unit I,Spinning,Vortex,4700,3466,73.75
2026-06-09,1,VTX-07,Unit I,Spinning,Vortex,4700,4328,92.1
2026-06-09,1,VTX-08,Unit I,Spinning,Vortex,4700,4603,97.94
2026-06-09,1,VTX-09,Unit I,Spinning,Vortex,4700,4700,100.0
2026-06-09,1,VTX-10,Unit I,Spinning,Vortex,4700,4557,96.97
2026-06-09,1,VTX-11,Unit I,Spinning,Vortex,4700,4183,89.02
2026-06-09,1,VTX-12,Unit I,Spinning,Vortex,4700,4569,97.22
2026-06-09,1,AJ-01,Unit I,Spinning,Airjet,3750,3750,100.0
2026-06-09,1,AJ-02,Unit I,Spinning,Airjet,3750,3448,91.95
2026-06-09,1,AJ-03,Unit I,Spinning,Airjet,3750,3537,94.33
2026-06-09,1,AJ-04,Unit I,Spinning,Airjet,3750,3565,95.07
2026-06-09,1,AJ-05,Unit I,Spinning,Airjet,3750,3415,91.08
2026-06-09,2,TOY-01,Unit I,Weaving,Toyota,21700,21318,98.24
2026-06-09,2,TOY-02,Unit I,Weaving,Toyota,21700,16794,77.4
2026-06-09,2,TOY-03,Unit I,Weaving,Toyota,21700,21070,97.1
2026-06-09,2,TOY-04,Unit I,Weaving,Toyota,21700,19652,90.56
2026-06-09,2,TOY-05,Unit I,Weaving,Toyota,21700,20140,92.81
2026-06-09,2,TOY-06,Unit I,Weaving,Toyota,21700,21398,98.61
2026-06-09,2,TOY-07,Unit I,Weaving,Toyota,21700,20210,93.14
2026-06-09,2,TOY-08,Unit I,Weaving,Toyota,21700,18799,86.63
2026-06-09,2,TOY-09,Unit I,Weaving,Toyota,21700,20181,93.0
2026-06-09,2,TOY-10,Unit I,Weaving,Toyota,21700,20858,96.12
2026-06-09,2,TOY-11,Unit I,Weaving,Toyota,21700,21626,99.66
2026-06-09,2,TOY-12,Unit I,Weaving,Toyota,21700,19076,87.91
2026-06-09,2,TOY-13,Unit I,Weaving,Toyota,21700,18704,86.2
2026-06-09,2,TOY-14,Unit I,Weaving,Toyota,21700,18959,87.37
2026-06-09,2,TOY-15,Unit I,Weaving,Toyota,21700,21700,100.0
2026-06-09,2,TSU-01,Unit I,Weaving,Tsudakoma,15000,13836,92.24
2026-06-09,2,TSU-02,Unit I,Weaving,Tsudakoma,15000,15000,100.0
2026-06-09,2,TSU-03,Unit I,Weaving,Tsudakoma,15000,13826,92.18
2026-06-09,2,TSU-04,Unit I,Weaving,Tsudakoma,15000,14388,95.92
2026-06-09,2,TSU-05,Unit I,Weaving,Tsudakoma,15000,15000,100.0
2026-06-09,2,TSU-06,Unit I,Weaving,Tsudakoma,15000,15000,100.0
2026-06-09,2,TSU-07,Unit I,Weaving,Tsudakoma,15000,15000,100.0
2026-06-09,2,TSU-08,Unit I,Weaving,Tsudakoma,15000,15000,100.0
2026-06-09,2,TSU-09,Unit I,Weaving,Tsudakoma,15000,15000,100.0
2026-06-09,2,TSU-10,Unit I,Weaving,Tsudakoma,15000,14694,97.96
2026-06-09,2,SUL-01,Unit I,Weaving,Sulzer,2700,2670,98.89
2026-06-09,2,SUL-02,Unit I,Weaving,Sulzer,2700,2490,92.24
2026-06-09,2,SUL-03,Unit I,Weaving,Sulzer,2700,2454,90.91
2026-06-09,2,SUL-04,Unit I,Weaving,Sulzer,2700,2564,94.98
2026-06-09,2,SUL-05,Unit I,Weaving,Sulzer,2700,2542,94.15
2026-06-09,2,RF-01,Unit I,Spinning,RingFrame,2500,2318,92.73
2026-06-09,2,RF-02,Unit I,Spinning,RingFrame,2500,2462,98.48
2026-06-09,2,RF-03,Unit I,Spinning,RingFrame,2500,2494,99.78
2026-06-09,2,RF-04,Unit I,Spinning,RingFrame,2500,2386,95.44
2026-06-09,2,RF-05,Unit I,Spinning,RingFrame,2500,2500,100.0
2026-06-09,2,RF-06,Unit I,Spinning,RingFrame,2500,2232,89.29
2026-06-09,2,RF-07,Unit I,Spinning,RingFrame,2500,2350,94.03
2026-06-09,2,RF-08,Unit I,Spinning,RingFrame,2500,2285,91.42
2026-06-09,2,RF-09,Unit I,Spinning,RingFrame,2500,2141,85.67
2026-06-09,2,RF-10,Unit I,Spinning,RingFrame,2500,2364,94.59
2026-06-09,2,RF-11,Unit I,Spinning,RingFrame,2500,1934,77.39
2026-06-09,2,RF-12,Unit I,Spinning,RingFrame,2500,2500,100.0
2026-06-09,2,VTX-01,Unit I,Spinning,Vortex,4700,4613,98.15
2026-06-09,2,VTX-02,Unit I,Spinning,Vortex,4700,4224,89.88
2026-06-09,2,VTX-03,Unit I,Spinning,Vortex,4700,4700,100.0
2026-06-09,2,VTX-04,Unit I,Spinning,Vortex,4700,4700,100.0
2026-06-09,2,VTX-05,Unit I,Spinning,Vortex,4700,4601,97.91
2026-06-09,2,VTX-06,Unit I,Spinning,Vortex,4700,3612,76.87
2026-06-09,2,VTX-07,Unit I,Spinning,Vortex,4700,4239,90.2
2026-06-09,2,VTX-08,Unit I,Spinning,Vortex,4700,4377,93.14
2026-06-09,2,VTX-09,Unit I,Spinning,Vortex,4700,4700,100.0
2026-06-09,2,VTX-10,Unit I,Spinning,Vortex,4700,4700,100.0
2026-06-09,2,VTX-11,Unit I,Spinning,Vortex,4700,4700,100.0
2026-06-09,2,VTX-12,Unit I,Spinning,Vortex,4700,4350,92.56
2026-06-09,2,AJ-01,Unit I,Spinning,Airjet,3750,3352,89.4
2026-06-09,2,AJ-02,Unit I,Spinning,Airjet,3750,3588,95.7
2026-06-09,2,AJ-03,Unit I,Spinning,Airjet,3750,3230,86.16
2026-06-09,2,AJ-04,Unit I,Spinning,Airjet,3750,3623,96.62
2026-06-09,2,AJ-05,Unit I,Spinning,Airjet,3750,3534,94.26
2026-06-09,3,TOY-01,Unit I,Weaving,Toyota,21700,20109,92.67
2026-06-09,3,TOY-02,Unit I,Weaving,Toyota,21700,15195,70.03
2026-06-09,3,TOY-03,Unit I,Weaving,Toyota,21700,21172,97.57
2026-06-09,3,TOY-04,Unit I,Weaving,Toyota,21700,20037,92.34
2026-06-09,3,TOY-05,Unit I,Weaving,Toyota,21700,19345,89.15
2026-06-09,3,TOY-06,Unit I,Weaving,Toyota,21700,17498,80.64
2026-06-09,3,TOY-07,Unit I,Weaving,Toyota,21700,20585,94.86
2026-06-09,3,TOY-08,Unit I,Weaving,Toyota,21700,18848,86.86
2026-06-09,3,TOY-09,Unit I,Weaving,Toyota,21700,21700,100.0
2026-06-09,3,TOY-10,Unit I,Weaving,Toyota,21700,20119,92.71
2026-06-09,3,TOY-11,Unit I,Weaving,Toyota,21700,19961,91.99
2026-06-09,3,TOY-12,Unit I,Weaving,Toyota,21700,21123,97.34
2026-06-09,3,TOY-13,Unit I,Weaving,Toyota,21700,19531,90.01
2026-06-09,3,TOY-14,Unit I,Weaving,Toyota,21700,20942,96.51
2026-06-09,3,TOY-15,Unit I,Weaving,Toyota,21700,21446,98.83
2026-06-09,3,TSU-01,Unit I,Weaving,Tsudakoma,15000,15000,100.0
2026-06-09,3,TSU-02,Unit I,Weaving,Tsudakoma,15000,14174,94.5
2026-06-09,3,TSU-03,Unit I,Weaving,Tsudakoma,15000,14097,93.98
2026-06-09,3,TSU-04,Unit I,Weaving,Tsudakoma,15000,13591,90.61
2026-06-09,3,TSU-05,Unit I,Weaving,Tsudakoma,15000,13629,90.87
2026-06-09,3,TSU-06,Unit I,Weaving,Tsudakoma,15000,14080,93.87
2026-06-09,3,TSU-07,Unit I,Weaving,Tsudakoma,15000,14525,96.84
2026-06-09,3,TSU-08,Unit I,Weaving,Tsudakoma,15000,14935,99.57
2026-06-09,3,TSU-09,Unit I,Weaving,Tsudakoma,15000,13647,90.98
2026-06-09,3,TSU-10,Unit I,Weaving,Tsudakoma,15000,15000,100.0
2026-06-09,3,SUL-01,Unit I,Weaving,Sulzer,2700,2528,93.64
2026-06-09,3,SUL-02,Unit I,Weaving,Sulzer,2700,2562,94.89
2026-06-09,3,SUL-03,Unit I,Weaving,Sulzer,2700,2464,91.26
2026-06-09,3,SUL-04,Unit I,Weaving,Sulzer,2700,2237,82.88
2026-06-09,3,SUL-05,Unit I,Weaving,Sulzer,2700,2684,99.42
2026-06-09,3,RF-01,Unit I,Spinning,RingFrame,2500,2467,98.68
2026-06-09,3,RF-02,Unit I,Spinning,RingFrame,2500,2339,93.59
2026-06-09,3,RF-03,Unit I,Spinning,RingFrame,2500,2383,95.33
2026-06-09,3,RF-04,Unit I,Spinning,RingFrame,2500,2439,97.58
2026-06-09,3,RF-05,Unit I,Spinning,RingFrame,2500,2179,87.19
2026-06-09,3,RF-06,Unit I,Spinning,RingFrame,2500,2308,92.35
2026-06-09,3,RF-07,Unit I,Spinning,RingFrame,2500,2474,98.97
2026-06-09,3,RF-08,Unit I,Spinning,RingFrame,2500,2218,88.73
2026-06-09,3,RF-09,Unit I,Spinning,RingFrame,2500,2411,96.47
2026-06-09,3,RF-10,Unit I,Spinning,RingFrame,2500,2205,88.22
2026-06-09,3,RF-11,Unit I,Spinning,RingFrame,2500,2008,80.33
2026-06-09,3,RF-12,Unit I,Spinning,RingFrame,2500,2370,94.82
2026-06-09,3,VTX-01,Unit I,Spinning,Vortex,4700,4085,86.92
2026-06-09,3,VTX-02,Unit I,Spinning,Vortex,4700,4700,100.0
2026-06-09,3,VTX-03,Unit I,Spinning,Vortex,4700,4292,91.33
2026-06-09,3,VTX-04,Unit I,Spinning,Vortex,4700,4274,90.95
2026-06-09,3,VTX-05,Unit I,Spinning,Vortex,4700,4512,96.0
2026-06-09,3,VTX-06,Unit I,Spinning,Vortex,4700,3935,83.74
2026-06-09,3,VTX-07,Unit I,Spinning,Vortex,4700,4226,89.92
2026-06-09,3,VTX-08,Unit I,Spinning,Vortex,4700,4479,95.31
2026-06-09,3,VTX-09,Unit I,Spinning,Vortex,4700,4565,97.14
2026-06-09,3,VTX-10,Unit I,Spinning,Vortex,4700,4627,98.47
2026-06-09,3,VTX-11,Unit I,Spinning,Vortex,4700,4506,95.88
2026-06-09,3,VTX-12,Unit I,Spinning,Vortex,4700,4378,93.16
2026-06-09,3,AJ-01,Unit I,Spinning,Airjet,3750,3407,90.86
2026-06-09,3,AJ-02,Unit I,Spinning,Airjet,3750,3578,95.43
2026-06-09,3,AJ-03,Unit I,Spinning,Airjet,3750,3361,89.64
2026-06-09,3,AJ-04,Unit I,Spinning,Airjet,3750,3014,80.39
2026-06-09,3,AJ-05,Unit I,Spinning,Airjet,3750,3644,97.18
2026-06-10,1,TOY-01,Unit I,Weaving,Toyota,21700,21595,99.52
2026-06-10,1,TOY-02,Unit I,Weaving,Toyota,21700,14362,66.19
2026-06-10,1,TOY-03,Unit I,Weaving,Toyota,21700,19519,89.95
2026-06-10,1,TOY-04,Unit I,Weaving,Toyota,21700,21286,98.1
2026-06-10,1,TOY-05,Unit I,Weaving,Toyota,21700,21700,100.0
2026-06-10,1,TOY-06,Unit I,Weaving,Toyota,21700,20637,95.1
2026-06-10,1,TOY-07,Unit I,Weaving,Toyota,21700,19825,91.36
2026-06-10,1,TOY-08,Unit I,Weaving,Toyota,21700,16727,77.09
2026-06-10,1,TOY-09,Unit I,Weaving,Toyota,21700,21700,100.0
2026-06-10,1,TOY-10,Unit I,Weaving,Toyota,21700,19914,91.77
2026-06-10,1,TOY-11,Unit I,Weaving,Toyota,21700,19747,91.0
2026-06-10,1,TOY-12,Unit I,Weaving,Toyota,21700,20091,92.59
2026-06-10,1,TOY-13,Unit I,Weaving,Toyota,21700,19580,90.23
2026-06-10,1,TOY-14,Unit I,Weaving,Toyota,21700,20748,95.61
2026-06-10,1,TOY-15,Unit I,Weaving,Toyota,21700,21700,100.0
2026-06-10,1,TSU-01,Unit I,Weaving,Tsudakoma,15000,14492,96.62
2026-06-10,1,TSU-02,Unit I,Weaving,Tsudakoma,15000,14060,93.74
2026-06-10,1,TSU-03,Unit I,Weaving,Tsudakoma,15000,14031,93.54
2026-06-10,1,TSU-04,Unit I,Weaving,Tsudakoma,15000,13077,87.18
2026-06-10,1,TSU-05,Unit I,Weaving,Tsudakoma,15000,14912,99.42
2026-06-10,1,TSU-06,Unit I,Weaving,Tsudakoma,15000,14191,94.61
2026-06-10,1,TSU-07,Unit I,Weaving,Tsudakoma,15000,14114,94.1
2026-06-10,1,TSU-08,Unit I,Weaving,Tsudakoma,15000,15000,100.0
2026-06-10,1,TSU-09,Unit I,Weaving,Tsudakoma,15000,14474,96.49
2026-06-10,1,TSU-10,Unit I,Weaving,Tsudakoma,15000,13686,91.24
2026-06-10,1,SUL-01,Unit I,Weaving,Sulzer,2700,2507,92.87
2026-06-10,1,SUL-02,Unit I,Weaving,Sulzer,2700,2700,100.0
2026-06-10,1,SUL-03,Unit I,Weaving,Sulzer,2700,2580,95.57
2026-06-10,1,SUL-04,Unit I,Weaving,Sulzer,2700,2370,87.81
2026-06-10,1,SUL-05,Unit I,Weaving,Sulzer,2700,2689,99.6
2026-06-10,1,RF-01,Unit I,Spinning,RingFrame,2500,2291,91.66
2026-06-10,1,RF-02,Unit I,Spinning,RingFrame,2500,2500,100.0
2026-06-10,1,RF-03,Unit I,Spinning,RingFrame,2500,2500,100.0
2026-06-10,1,RF-04,Unit I,Spinning,RingFrame,2500,2319,92.76
2026-06-10,1,RF-05,Unit I,Spinning,RingFrame,2500,2500,100.0
2026-06-10,1,RF-06,Unit I,Spinning,RingFrame,2500,2383,95.34
2026-06-10,1,RF-07,Unit I,Spinning,RingFrame,2500,2481,99.26
2026-06-10,1,RF-08,Unit I,Spinning,RingFrame,2500,2435,97.42
2026-06-10,1,RF-09,Unit I,Spinning,RingFrame,2500,2269,90.77
2026-06-10,1,RF-10,Unit I,Spinning,RingFrame,2500,2294,91.78
2026-06-10,1,RF-11,Unit I,Spinning,RingFrame,2500,2078,83.15
2026-06-10,1,RF-12,Unit I,Spinning,RingFrame,2500,2333,93.33
2026-06-10,1,VTX-01,Unit I,Spinning,Vortex,4700,4370,92.98
2026-06-10,1,VTX-02,Unit I,Spinning,Vortex,4700,4240,90.22
2026-06-10,1,VTX-03,Unit I,Spinning,Vortex,4700,4564,97.12
2026-06-10,1,VTX-04,Unit I,Spinning,Vortex,4700,4700,100.0
2026-06-10,1,VTX-05,Unit I,Spinning,Vortex,4700,4214,89.66
2026-06-10,1,VTX-06,Unit I,Spinning,Vortex,4700,3671,78.12
2026-06-10,1,VTX-07,Unit I,Spinning,Vortex,4700,4700,100.0
2026-06-10,1,VTX-08,Unit I,Spinning,Vortex,4700,4446,94.6
2026-06-10,1,VTX-09,Unit I,Spinning,Vortex,4700,4571,97.26
2026-06-10,1,VTX-10,Unit I,Spinning,Vortex,4700,4215,89.69
2026-06-10,1,VTX-11,Unit I,Spinning,Vortex,4700,4565,97.14
2026-06-10,1,VTX-12,Unit I,Spinning,Vortex,4700,4421,94.06
2026-06-10,1,AJ-01,Unit I,Spinning,Airjet,3750,3747,99.93
2026-06-10,1,AJ-02,Unit I,Spinning,Airjet,3750,3750,100.0
2026-06-10,1,AJ-03,Unit I,Spinning,Airjet,3750,3750,100.0
2026-06-10,1,AJ-04,Unit I,Spinning,Airjet,3750,3671,97.9
2026-06-10,1,AJ-05,Unit I,Spinning,Airjet,3750,3623,96.63
2026-06-10,2,TOY-01,Unit I,Weaving,Toyota,21700,20825,95.97
2026-06-10,2,TOY-02,Unit I,Weaving,Toyota,21700,16542,76.23
2026-06-10,2,TOY-03,Unit I,Weaving,Toyota,21700,20982,96.69
2026-06-10,2,TOY-04,Unit I,Weaving,Toyota,21700,20294,93.52
2026-06-10,2,TOY-05,Unit I,Weaving,Toyota,21700,20797,95.84
2026-06-10,2,TOY-06,Unit I,Weaving,Toyota,21700,21700,100.0
2026-06-10,2,TOY-07,Unit I,Weaving,Toyota,21700,19522,89.97
2026-06-10,2,TOY-08,Unit I,Weaving,Toyota,21700,18162,83.7
2026-06-10,2,TOY-09,Unit I,Weaving,Toyota,21700,21700,100.0
2026-06-10,2,TOY-10,Unit I,Weaving,Toyota,21700,20486,94.41
2026-06-10,2,TOY-11,Unit I,Weaving,Toyota,21700,18312,84.39
2026-06-10,2,TOY-12,Unit I,Weaving,Toyota,21700,19955,91.96
2026-06-10,2,TOY-13,Unit I,Weaving,Toyota,21700,21700,100.0
2026-06-10,2,TOY-14,Unit I,Weaving,Toyota,21700,20590,94.89
2026-06-10,2,TOY-15,Unit I,Weaving,Toyota,21700,19530,90.0
2026-06-10,2,TSU-01,Unit I,Weaving,Tsudakoma,15000,13871,92.48
2026-06-10,2,TSU-02,Unit I,Weaving,Tsudakoma,15000,14880,99.2
2026-06-10,2,TSU-03,Unit I,Weaving,Tsudakoma,15000,14660,97.73
2026-06-10,2,TSU-04,Unit I,Weaving,Tsudakoma,15000,14070,93.81
2026-06-10,2,TSU-05,Unit I,Weaving,Tsudakoma,15000,13974,93.17
2026-06-10,2,TSU-06,Unit I,Weaving,Tsudakoma,15000,13956,93.04
2026-06-10,2,TSU-07,Unit I,Weaving,Tsudakoma,15000,13558,90.39
2026-06-10,2,TSU-08,Unit I,Weaving,Tsudakoma,15000,15000,100.0
2026-06-10,2,TSU-09,Unit I,Weaving,Tsudakoma,15000,14008,93.39
2026-06-10,2,TSU-10,Unit I,Weaving,Tsudakoma,15000,15000,100.0
2026-06-10,2,SUL-01,Unit I,Weaving,Sulzer,2700,2700,100.0
2026-06-10,2,SUL-02,Unit I,Weaving,Sulzer,2700,2699,99.99
2026-06-10,2,SUL-03,Unit I,Weaving,Sulzer,2700,2506,92.84
2026-06-10,2,SUL-04,Unit I,Weaving,Sulzer,2700,2619,97.02
2026-06-10,2,SUL-05,Unit I,Weaving,Sulzer,2700,2561,94.88
2026-06-10,2,RF-01,Unit I,Spinning,RingFrame,2500,2262,90.48
2026-06-10,2,RF-02,Unit I,Spinning,RingFrame,2500,2415,96.62
2026-06-10,2,RF-03,Unit I,Spinning,RingFrame,2500,2227,89.1
2026-06-10,2,RF-04,Unit I,Spinning,RingFrame,2500,2500,100.0
2026-06-10,2,RF-05,Unit I,Spinning,RingFrame,2500,2316,92.68
2026-06-10,2,RF-06,Unit I,Spinning,RingFrame,2500,2400,96.01
2026-06-10,2,RF-07,Unit I,Spinning,RingFrame,2500,2410,96.42
2026-06-10,2,RF-08,Unit I,Spinning,RingFrame,2500,2342,93.71
2026-06-10,2,RF-09,Unit I,Spinning,RingFrame,2500,2448,97.93
2026-06-10,2,RF-10,Unit I,Spinning,RingFrame,2500,2315,92.63
2026-06-10,2,RF-11,Unit I,Spinning,RingFrame,2500,2058,82.36
2026-06-10,2,RF-12,Unit I,Spinning,RingFrame,2500,2206,88.27
2026-06-10,2,VTX-01,Unit I,Spinning,Vortex,4700,4494,95.63
2026-06-10,2,VTX-02,Unit I,Spinning,Vortex,4700,4700,100.0
2026-06-10,2,VTX-03,Unit I,Spinning,Vortex,4700,4229,90.0
2026-06-10,2,VTX-04,Unit I,Spinning,Vortex,4700,4305,91.61
2026-06-10,2,VTX-05,Unit I,Spinning,Vortex,4700,4585,97.57
2026-06-10,2,VTX-06,Unit I,Spinning,Vortex,4700,3708,78.9
2026-06-10,2,VTX-07,Unit I,Spinning,Vortex,4700,4547,96.75
2026-06-10,2,VTX-08,Unit I,Spinning,Vortex,4700,4579,97.45
2026-06-10,2,VTX-09,Unit I,Spinning,Vortex,4700,4614,98.17
2026-06-10,2,VTX-10,Unit I,Spinning,Vortex,4700,4700,100.0
2026-06-10,2,VTX-11,Unit I,Spinning,Vortex,4700,4561,97.05
2026-06-10,2,VTX-12,Unit I,Spinning,Vortex,4700,4408,93.79
2026-06-10,2,AJ-01,Unit I,Spinning,Airjet,3750,3688,98.36
2026-06-10,2,AJ-02,Unit I,Spinning,Airjet,3750,3750,100.0
2026-06-10,2,AJ-03,Unit I,Spinning,Airjet,3750,3537,94.34
2026-06-10,2,AJ-04,Unit I,Spinning,Airjet,3750,3379,90.13
2026-06-10,2,AJ-05,Unit I,Spinning,Airjet,3750,3750,100.0
2026-06-10,3,TOY-01,Unit I,Weaving,Toyota,21700,20484,94.4
2026-06-10,3,TOY-02,Unit I,Weaving,Toyota,21700,14568,67.14
2026-06-10,3,TOY-03,Unit I,Weaving,Toyota,21700,21534,99.24
2026-06-10,3,TOY-04,Unit I,Weaving,Toyota,21700,20034,92.32
2026-06-10,3,TOY-05,Unit I,Weaving,Toyota,21700,20516,94.55
2026-06-10,3,TOY-06,Unit I,Weaving,Toyota,21700,20975,96.66
2026-06-10,3,TOY-07,Unit I,Weaving,Toyota,21700,20821,95.95
2026-06-10,3,TOY-08,Unit I,Weaving,Toyota,21700,17695,81.55
2026-06-10,3,TOY-09,Unit I,Weaving,Toyota,21700,20142,92.82
2026-06-10,3,TOY-10,Unit I,Weaving,Toyota,21700,21171,97.57
2026-06-10,3,TOY-11,Unit I,Weaving,Toyota,21700,20333,93.7
2026-06-10,3,TOY-12,Unit I,Weaving,Toyota,21700,21416,98.69
2026-06-10,3,TOY-13,Unit I,Weaving,Toyota,21700,21282,98.08
2026-06-10,3,TOY-14,Unit I,Weaving,Toyota,21700,19600,90.32
2026-06-10,3,TOY-15,Unit I,Weaving,Toyota,21700,21700,100.0
2026-06-10,3,TSU-01,Unit I,Weaving,Tsudakoma,15000,13848,92.32
2026-06-10,3,TSU-02,Unit I,Weaving,Tsudakoma,15000,14856,99.04
2026-06-10,3,TSU-03,Unit I,Weaving,Tsudakoma,15000,14525,96.84
2026-06-10,3,TSU-04,Unit I,Weaving,Tsudakoma,15000,15000,100.0
2026-06-10,3,TSU-05,Unit I,Weaving,Tsudakoma,15000,14082,93.88
2026-06-10,3,TSU-06,Unit I,Weaving,Tsudakoma,15000,13988,93.25
2026-06-10,3,TSU-07,Unit I,Weaving,Tsudakoma,15000,14235,94.9
2026-06-10,3,TSU-08,Unit I,Weaving,Tsudakoma,15000,14022,93.48
2026-06-10,3,TSU-09,Unit I,Weaving,Tsudakoma,15000,14849,99.0
2026-06-10,3,TSU-10,Unit I,Weaving,Tsudakoma,15000,13037,86.92
2026-06-10,3,SUL-01,Unit I,Weaving,Sulzer,2700,2422,89.73
2026-06-10,3,SUL-02,Unit I,Weaving,Sulzer,2700,2420,89.66
2026-06-10,3,SUL-03,Unit I,Weaving,Sulzer,2700,2693,99.75
2026-06-10,3,SUL-04,Unit I,Weaving,Sulzer,2700,2700,100.0
2026-06-10,3,SUL-05,Unit I,Weaving,Sulzer,2700,2550,94.48
2026-06-10,3,RF-01,Unit I,Spinning,RingFrame,2500,2353,94.16
2026-06-10,3,RF-02,Unit I,Spinning,RingFrame,2500,2383,95.35
2026-06-10,3,RF-03,Unit I,Spinning,RingFrame,2500,2500,100.0
2026-06-10,3,RF-04,Unit I,Spinning,RingFrame,2500,2259,90.36
2026-06-10,3,RF-05,Unit I,Spinning,RingFrame,2500,2404,96.19
2026-06-10,3,RF-06,Unit I,Spinning,RingFrame,2500,2496,99.88
2026-06-10,3,RF-07,Unit I,Spinning,RingFrame,2500,2437,97.51
2026-06-10,3,RF-08,Unit I,Spinning,RingFrame,2500,2398,95.95
2026-06-10,3,RF-09,Unit I,Spinning,RingFrame,2500,2500,100.0
2026-06-10,3,RF-10,Unit I,Spinning,RingFrame,2500,2037,81.48
2026-06-10,3,RF-11,Unit I,Spinning,RingFrame,2500,2034,81.39
2026-06-10,3,RF-12,Unit I,Spinning,RingFrame,2500,2293,91.73
2026-06-10,3,VTX-01,Unit I,Spinning,Vortex,4700,4034,85.85
2026-06-10,3,VTX-02,Unit I,Spinning,Vortex,4700,4585,97.56
2026-06-10,3,VTX-03,Unit I,Spinning,Vortex,4700,4700,100.0
2026-06-10,3,VTX-04,Unit I,Spinning,Vortex,4700,4432,94.31
2026-06-10,3,VTX-05,Unit I,Spinning,Vortex,4700,4688,99.76
2026-06-10,3,VTX-06,Unit I,Spinning,Vortex,4700,4044,86.06
2026-06-10,3,VTX-07,Unit I,Spinning,Vortex,4700,4700,100.0
2026-06-10,3,VTX-08,Unit I,Spinning,Vortex,4700,4700,100.0
2026-06-10,3,VTX-09,Unit I,Spinning,Vortex,4700,4639,98.71
2026-06-10,3,VTX-10,Unit I,Spinning,Vortex,4700,4482,95.38
2026-06-10,3,VTX-11,Unit I,Spinning,Vortex,4700,4088,86.99
2026-06-10,3,VTX-12,Unit I,Spinning,Vortex,4700,4407,93.77
2026-06-10,3,AJ-01,Unit I,Spinning,Airjet,3750,3404,90.78
2026-06-10,3,AJ-02,Unit I,Spinning,Airjet,3750,3750,100.0
2026-06-10,3,AJ-03,Unit I,Spinning,Airjet,3750,3529,94.12
2026-06-10,3,AJ-04,Unit I,Spinning,Airjet,3750,3585,95.62
2026-06-10,3,AJ-05,Unit I,Spinning,Airjet,3750,3665,97.76
2026-06-11,1,TOY-01,Unit I,Weaving,Toyota,21700,20662,95.22
2026-06-11,1,TOY-02,Unit I,Weaving,Toyota,21700,18765,86.48
2026-06-11,1,TOY-03,Unit I,Weaving,Toyota,21700,19939,91.89
2026-06-11,1,TOY-04,Unit I,Weaving,Toyota,21700,20826,95.97
2026-06-11,1,TOY-05,Unit I,Weaving,Toyota,21700,19809,91.29
2026-06-11,1,TOY-06,Unit I,Weaving,Toyota,21700,19182,88.4
2026-06-11,1,TOY-07,Unit I,Weaving,Toyota,21700,19951,91.94
2026-06-11,1,TOY-08,Unit I,Weaving,Toyota,21700,16885,77.81
2026-06-11,1,TOY-09,Unit I,Weaving,Toyota,21700,20149,92.85
2026-06-11,1,TOY-10,Unit I,Weaving,Toyota,21700,19863,91.54
2026-06-11,1,TOY-11,Unit I,Weaving,Toyota,21700,19089,87.97
2026-06-11,1,TOY-12,Unit I,Weaving,Toyota,21700,20524,94.58
2026-06-11,1,TOY-13,Unit I,Weaving,Toyota,21700,18982,87.48
2026-06-11,1,TOY-14,Unit I,Weaving,Toyota,21700,21439,98.8
2026-06-11,1,TOY-15,Unit I,Weaving,Toyota,21700,20704,95.41
2026-06-11,1,TSU-01,Unit I,Weaving,Tsudakoma,15000,13156,87.71
2026-06-11,1,TSU-02,Unit I,Weaving,Tsudakoma,15000,14018,93.45
2026-06-11,1,TSU-03,Unit I,Weaving,Tsudakoma,15000,13685,91.24
2026-06-11,1,TSU-04,Unit I,Weaving,Tsudakoma,15000,14489,96.6
2026-06-11,1,TSU-05,Unit I,Weaving,Tsudakoma,15000,15000,100.0
2026-06-11,1,TSU-06,Unit I,Weaving,Tsudakoma,15000,12843,85.62
2026-06-11,1,TSU-07,Unit I,Weaving,Tsudakoma,15000,14336,95.58
2026-06-11,1,TSU-08,Unit I,Weaving,Tsudakoma,15000,14129,94.2
2026-06-11,1,TSU-09,Unit I,Weaving,Tsudakoma,15000,14753,98.36
2026-06-11,1,TSU-10,Unit I,Weaving,Tsudakoma,15000,14409,96.07
2026-06-11,1,SUL-01,Unit I,Weaving,Sulzer,2700,2463,91.24
2026-06-11,1,SUL-02,Unit I,Weaving,Sulzer,2700,2521,93.4
2026-06-11,1,SUL-03,Unit I,Weaving,Sulzer,2700,2457,91.02
2026-06-11,1,SUL-04,Unit I,Weaving,Sulzer,2700,2700,100.0
2026-06-11,1,SUL-05,Unit I,Weaving,Sulzer,2700,2567,95.11
2026-06-11,1,RF-01,Unit I,Spinning,RingFrame,2500,2500,100.0
2026-06-11,1,RF-02,Unit I,Spinning,RingFrame,2500,2367,94.7
2026-06-11,1,RF-03,Unit I,Spinning,RingFrame,2500,2286,91.46
2026-06-11,1,RF-04,Unit I,Spinning,RingFrame,2500,2185,87.43
2026-06-11,1,RF-05,Unit I,Spinning,RingFrame,2500,2149,85.98
2026-06-11,1,RF-06,Unit I,Spinning,RingFrame,2500,2176,87.08
2026-06-11,1,RF-07,Unit I,Spinning,RingFrame,2500,2408,96.34
2026-06-11,1,RF-08,Unit I,Spinning,RingFrame,2500,2438,97.54
2026-06-11,1,RF-09,Unit I,Spinning,RingFrame,2500,2177,87.09
2026-06-11,1,RF-10,Unit I,Spinning,RingFrame,2500,2486,99.48
2026-06-11,1,RF-11,Unit I,Spinning,RingFrame,2500,1889,75.58
2026-06-11,1,RF-12,Unit I,Spinning,RingFrame,2500,2393,95.73
2026-06-11,1,VTX-01,Unit I,Spinning,Vortex,4700,4700,100.0
2026-06-11,1,VTX-02,Unit I,Spinning,Vortex,4700,4675,99.48
2026-06-11,1,VTX-03,Unit I,Spinning,Vortex,4700,4401,93.66
2026-06-11,1,VTX-04,Unit I,Spinning,Vortex,4700,4255,90.54
2026-06-11,1,VTX-05,Unit I,Spinning,Vortex,4700,3959,84.24
2026-06-11,1,VTX-06,Unit I,Spinning,Vortex,4700,3496,74.4
2026-06-11,1,VTX-07,Unit I,Spinning,Vortex,4700,4415,93.94
2026-06-11,1,VTX-08,Unit I,Spinning,Vortex,4700,4233,90.06
2026-06-11,1,VTX-09,Unit I,Spinning,Vortex,4700,4434,94.34
2026-06-11,1,VTX-10,Unit I,Spinning,Vortex,4700,4483,95.38
2026-06-11,1,VTX-11,Unit I,Spinning,Vortex,4700,4412,93.88
2026-06-11,1,VTX-12,Unit I,Spinning,Vortex,4700,4312,91.75
2026-06-11,1,AJ-01,Unit I,Spinning,Airjet,3750,3594,95.84
2026-06-11,1,AJ-02,Unit I,Spinning,Airjet,3750,3645,97.21
2026-06-11,1,AJ-03,Unit I,Spinning,Airjet,3750,3358,89.55
2026-06-11,1,AJ-04,Unit I,Spinning,Airjet,3750,3750,100.0
2026-06-11,1,AJ-05,Unit I,Spinning,Airjet,3750,3544,94.51
2026-06-11,2,TOY-01,Unit I,Weaving,Toyota,21700,20635,95.09
2026-06-11,2,TOY-02,Unit I,Weaving,Toyota,21700,17694,81.54
2026-06-11,2,TOY-03,Unit I,Weaving,Toyota,21700,20868,96.17
2026-06-11,2,TOY-04,Unit I,Weaving,Toyota,21700,21649,99.77
2026-06-11,2,TOY-05,Unit I,Weaving,Toyota,21700,20926,96.44
2026-06-11,2,TOY-06,Unit I,Weaving,Toyota,21700,19950,91.94
2026-06-11,2,TOY-07,Unit I,Weaving,Toyota,21700,21007,96.81
2026-06-11,2,TOY-08,Unit I,Weaving,Toyota,21700,15685,72.28
2026-06-11,2,TOY-09,Unit I,Weaving,Toyota,21700,20732,95.54
2026-06-11,2,TOY-10,Unit I,Weaving,Toyota,21700,20578,94.83
2026-06-11,2,TOY-11,Unit I,Weaving,Toyota,21700,20389,93.96
2026-06-11,2,TOY-12,Unit I,Weaving,Toyota,21700,20475,94.36
2026-06-11,2,TOY-13,Unit I,Weaving,Toyota,21700,18573,85.59
2026-06-11,2,TOY-14,Unit I,Weaving,Toyota,21700,20019,92.26
2026-06-11,2,TOY-15,Unit I,Weaving,Toyota,21700,20715,95.46
2026-06-11,2,TSU-01,Unit I,Weaving,Tsudakoma,15000,14369,95.8
2026-06-11,2,TSU-02,Unit I,Weaving,Tsudakoma,15000,13479,89.86
2026-06-11,2,TSU-03,Unit I,Weaving,Tsudakoma,15000,15000,100.0
2026-06-11,2,TSU-04,Unit I,Weaving,Tsudakoma,15000,13600,90.67
2026-06-11,2,TSU-05,Unit I,Weaving,Tsudakoma,15000,14977,99.85
2026-06-11,2,TSU-06,Unit I,Weaving,Tsudakoma,15000,14570,97.14
2026-06-11,2,TSU-07,Unit I,Weaving,Tsudakoma,15000,13765,91.77
2026-06-11,2,TSU-08,Unit I,Weaving,Tsudakoma,15000,15000,100.0
2026-06-11,2,TSU-09,Unit I,Weaving,Tsudakoma,15000,13354,89.03
2026-06-11,2,TSU-10,Unit I,Weaving,Tsudakoma,15000,14939,99.6
2026-06-11,2,SUL-01,Unit I,Weaving,Sulzer,2700,2700,100.0
2026-06-11,2,SUL-02,Unit I,Weaving,Sulzer,2700,2474,91.65
2026-06-11,2,SUL-03,Unit I,Weaving,Sulzer,2700,2700,100.0
2026-06-11,2,SUL-04,Unit I,Weaving,Sulzer,2700,2531,93.75
2026-06-11,2,SUL-05,Unit I,Weaving,Sulzer,2700,2603,96.44
2026-06-11,2,RF-01,Unit I,Spinning,RingFrame,2500,2407,96.3
2026-06-11,2,RF-02,Unit I,Spinning,RingFrame,2500,2358,94.33
2026-06-11,2,RF-03,Unit I,Spinning,RingFrame,2500,2476,99.05
2026-06-11,2,RF-04,Unit I,Spinning,RingFrame,2500,2474,98.97
2026-06-11,2,RF-05,Unit I,Spinning,RingFrame,2500,2156,86.26
2026-06-11,2,RF-06,Unit I,Spinning,RingFrame,2500,2500,100.0
2026-06-11,2,RF-07,Unit I,Spinning,RingFrame,2500,2167,86.69
2026-06-11,2,RF-08,Unit I,Spinning,RingFrame,2500,2500,100.0
2026-06-11,2,RF-09,Unit I,Spinning,RingFrame,2500,2500,100.0
2026-06-11,2,RF-10,Unit I,Spinning,RingFrame,2500,2238,89.55
2026-06-11,2,RF-11,Unit I,Spinning,RingFrame,2500,1898,75.95
2026-06-11,2,RF-12,Unit I,Spinning,RingFrame,2500,2236,89.47
2026-06-11,2,VTX-01,Unit I,Spinning,Vortex,4700,4414,93.93
2026-06-11,2,VTX-02,Unit I,Spinning,Vortex,4700,4392,93.46
2026-06-11,2,VTX-03,Unit I,Spinning,Vortex,4700,4648,98.9
2026-06-11,2,VTX-04,Unit I,Spinning,Vortex,4700,4700,100.0
2026-06-11,2,VTX-05,Unit I,Spinning,Vortex,4700,4700,100.0
2026-06-11,2,VTX-06,Unit I,Spinning,Vortex,4700,3533,75.19
2026-06-11,2,VTX-07,Unit I,Spinning,Vortex,4700,4415,93.95
2026-06-11,2,VTX-08,Unit I,Spinning,Vortex,4700,4069,86.58
2026-06-11,2,VTX-09,Unit I,Spinning,Vortex,4700,4275,90.97
2026-06-11,2,VTX-10,Unit I,Spinning,Vortex,4700,4691,99.82
2026-06-11,2,VTX-11,Unit I,Spinning,Vortex,4700,4700,100.0
2026-06-11,2,VTX-12,Unit I,Spinning,Vortex,4700,4174,88.83
2026-06-11,2,AJ-01,Unit I,Spinning,Airjet,3750,3451,92.04
2026-06-11,2,AJ-02,Unit I,Spinning,Airjet,3750,3557,94.87
2026-06-11,2,AJ-03,Unit I,Spinning,Airjet,3750,3615,96.4
2026-06-11,2,AJ-04,Unit I,Spinning,Airjet,3750,3410,90.95
2026-06-11,2,AJ-05,Unit I,Spinning,Airjet,3750,3642,97.12
2026-06-11,3,TOY-01,Unit I,Weaving,Toyota,21700,20100,92.63
2026-06-11,3,TOY-02,Unit I,Weaving,Toyota,21700,16910,77.93
2026-06-11,3,TOY-03,Unit I,Weaving,Toyota,21700,21207,97.73
2026-06-11,3,TOY-04,Unit I,Weaving,Toyota,21700,20621,95.03
2026-06-11,3,TOY-05,Unit I,Weaving,Toyota,21700,20141,92.82
2026-06-11,3,TOY-06,Unit I,Weaving,Toyota,21700,20496,94.45
2026-06-11,3,TOY-07,Unit I,Weaving,Toyota,21700,20519,94.56
2026-06-11,3,TOY-08,Unit I,Weaving,Toyota,21700,16524,76.15
2026-06-11,3,TOY-09,Unit I,Weaving,Toyota,21700,20334,93.71
2026-06-11,3,TOY-10,Unit I,Weaving,Toyota,21700,21700,100.0
2026-06-11,3,TOY-11,Unit I,Weaving,Toyota,21700,21223,97.8
2026-06-11,3,TOY-12,Unit I,Weaving,Toyota,21700,20294,93.52
2026-06-11,3,TOY-13,Unit I,Weaving,Toyota,21700,21371,98.48
2026-06-11,3,TOY-14,Unit I,Weaving,Toyota,21700,20252,93.33
2026-06-11,3,TOY-15,Unit I,Weaving,Toyota,21700,21700,100.0
2026-06-11,3,TSU-01,Unit I,Weaving,Tsudakoma,15000,14527,96.85
2026-06-11,3,TSU-02,Unit I,Weaving,Tsudakoma,15000,14169,94.46
2026-06-11,3,TSU-03,Unit I,Weaving,Tsudakoma,15000,14585,97.24
2026-06-11,3,TSU-04,Unit I,Weaving,Tsudakoma,15000,13071,87.15
2026-06-11,3,TSU-05,Unit I,Weaving,Tsudakoma,15000,13404,89.37
2026-06-11,3,TSU-06,Unit I,Weaving,Tsudakoma,15000,13354,89.03
2026-06-11,3,TSU-07,Unit I,Weaving,Tsudakoma,15000,14357,95.71
2026-06-11,3,TSU-08,Unit I,Weaving,Tsudakoma,15000,15000,100.0
2026-06-11,3,TSU-09,Unit I,Weaving,Tsudakoma,15000,15000,100.0
2026-06-11,3,TSU-10,Unit I,Weaving,Tsudakoma,15000,14728,98.19
2026-06-11,3,SUL-01,Unit I,Weaving,Sulzer,2700,2632,97.5
2026-06-11,3,SUL-02,Unit I,Weaving,Sulzer,2700,2321,85.99
2026-06-11,3,SUL-03,Unit I,Weaving,Sulzer,2700,2491,92.29
2026-06-11,3,SUL-04,Unit I,Weaving,Sulzer,2700,2458,91.06
2026-06-11,3,SUL-05,Unit I,Weaving,Sulzer,2700,2481,91.9
2026-06-11,3,RF-01,Unit I,Spinning,RingFrame,2500,2353,94.16
2026-06-11,3,RF-02,Unit I,Spinning,RingFrame,2500,2315,92.64
2026-06-11,3,RF-03,Unit I,Spinning,RingFrame,2500,2127,85.1
2026-06-11,3,RF-04,Unit I,Spinning,RingFrame,2500,2468,98.74
2026-06-11,3,RF-05,Unit I,Spinning,RingFrame,2500,2240,89.64
2026-06-11,3,RF-06,Unit I,Spinning,RingFrame,2500,2404,96.2
2026-06-11,3,RF-07,Unit I,Spinning,RingFrame,2500,2500,100.0
2026-06-11,3,RF-08,Unit I,Spinning,RingFrame,2500,2260,90.4
2026-06-11,3,RF-09,Unit I,Spinning,RingFrame,2500,2058,82.35
2026-06-11,3,RF-10,Unit I,Spinning,RingFrame,2500,2339,93.57
2026-06-11,3,RF-11,Unit I,Spinning,RingFrame,2500,2087,83.5
2026-06-11,3,RF-12,Unit I,Spinning,RingFrame,2500,2500,100.0
2026-06-11,3,VTX-01,Unit I,Spinning,Vortex,4700,4176,88.85
2026-06-11,3,VTX-02,Unit I,Spinning,Vortex,4700,4581,97.48
2026-06-11,3,VTX-03,Unit I,Spinning,Vortex,4700,4355,92.67
2026-06-11,3,VTX-04,Unit I,Spinning,Vortex,4700,4440,94.47
2026-06-11,3,VTX-05,Unit I,Spinning,Vortex,4700,4700,100.0
2026-06-11,3,VTX-06,Unit I,Spinning,Vortex,4700,3312,70.49
2026-06-11,3,VTX-07,Unit I,Spinning,Vortex,4700,4524,96.27
2026-06-11,3,VTX-08,Unit I,Spinning,Vortex,4700,4574,97.34
2026-06-11,3,VTX-09,Unit I,Spinning,Vortex,4700,4700,100.0
2026-06-11,3,VTX-10,Unit I,Spinning,Vortex,4700,4488,95.49
2026-06-11,3,VTX-11,Unit I,Spinning,Vortex,4700,4537,96.54
2026-06-11,3,VTX-12,Unit I,Spinning,Vortex,4700,4372,93.04
2026-06-11,3,AJ-01,Unit I,Spinning,Airjet,3750,3612,96.35
2026-06-11,3,AJ-02,Unit I,Spinning,Airjet,3750,3498,93.28
2026-06-11,3,AJ-03,Unit I,Spinning,Airjet,3750,3679,98.11
2026-06-11,3,AJ-04,Unit I,Spinning,Airjet,3750,3493,93.15
2026-06-11,3,AJ-05,Unit I,Spinning,Airjet,3750,3633,96.89
2026-06-12,1,TOY-01,Unit I,Weaving,Toyota,21700,20583,94.85
2026-06-12,1,TOY-02,Unit I,Weaving,Toyota,21700,18147,83.63
2026-06-12,1,TOY-03,Unit I,Weaving,Toyota,21700,20559,94.74
2026-06-12,1,TOY-04,Unit I,Weaving,Toyota,21700,18691,86.13
2026-06-12,1,TOY-05,Unit I,Weaving,Toyota,21700,21700,100.0
2026-06-12,1,TOY-06,Unit I,Weaving,Toyota,21700,19632,90.47
2026-06-12,1,TOY-07,Unit I,Weaving,Toyota,21700,19905,91.73
2026-06-12,1,TOY-08,Unit I,Weaving,Toyota,21700,16279,75.02
2026-06-12,1,TOY-09,Unit I,Weaving,Toyota,21700,21700,100.0
2026-06-12,1,TOY-10,Unit I,Weaving,Toyota,21700,18297,84.32
2026-06-12,1,TOY-11,Unit I,Weaving,Toyota,21700,21700,100.0
2026-06-12,1,TOY-12,Unit I,Weaving,Toyota,21700,21700,100.0
2026-06-12,1,TOY-13,Unit I,Weaving,Toyota,21700,20857,96.12
2026-06-12,1,TOY-14,Unit I,Weaving,Toyota,21700,20555,94.73
2026-06-12,1,TOY-15,Unit I,Weaving,Toyota,21700,20924,96.43
2026-06-12,1,TSU-01,Unit I,Weaving,Tsudakoma,15000,14640,97.61
2026-06-12,1,TSU-02,Unit I,Weaving,Tsudakoma,15000,14733,98.23
2026-06-12,1,TSU-03,Unit I,Weaving,Tsudakoma,15000,14666,97.78
2026-06-12,1,TSU-04,Unit I,Weaving,Tsudakoma,15000,14317,95.45
2026-06-12,1,TSU-05,Unit I,Weaving,Tsudakoma,15000,14101,94.01
2026-06-12,1,TSU-06,Unit I,Weaving,Tsudakoma,15000,14136,94.24
2026-06-12,1,TSU-07,Unit I,Weaving,Tsudakoma,15000,14103,94.03
2026-06-12,1,TSU-08,Unit I,Weaving,Tsudakoma,15000,15000,100.0
2026-06-12,1,TSU-09,Unit I,Weaving,Tsudakoma,15000,14695,97.97
2026-06-12,1,TSU-10,Unit I,Weaving,Tsudakoma,15000,12044,80.3
2026-06-12,1,SUL-01,Unit I,Weaving,Sulzer,2700,2653,98.28
2026-06-12,1,SUL-02,Unit I,Weaving,Sulzer,2700,2591,95.97
2026-06-12,1,SUL-03,Unit I,Weaving,Sulzer,2700,2562,94.91
2026-06-12,1,SUL-04,Unit I,Weaving,Sulzer,2700,2512,93.06
2026-06-12,1,SUL-05,Unit I,Weaving,Sulzer,2700,2700,100.0
2026-06-12,1,RF-01,Unit I,Spinning,RingFrame,2500,2493,99.74
2026-06-12,1,RF-02,Unit I,Spinning,RingFrame,2500,2278,91.14
2026-06-12,1,RF-03,Unit I,Spinning,RingFrame,2500,2425,97.04
2026-06-12,1,RF-04,Unit I,Spinning,RingFrame,2500,2253,90.14
2026-06-12,1,RF-05,Unit I,Spinning,RingFrame,2500,2202,88.1
2026-06-12,1,RF-06,Unit I,Spinning,RingFrame,2500,2296,91.87
2026-06-12,1,RF-07,Unit I,Spinning,RingFrame,2500,2482,99.31
2026-06-12,1,RF-08,Unit I,Spinning,RingFrame,2500,2494,99.77
2026-06-12,1,RF-09,Unit I,Spinning,RingFrame,2500,2439,97.57
2026-06-12,1,RF-10,Unit I,Spinning,RingFrame,2500,2465,98.63
2026-06-12,1,RF-11,Unit I,Spinning,RingFrame,2500,2014,80.58
2026-06-12,1,RF-12,Unit I,Spinning,RingFrame,2500,2294,91.79
2026-06-12,1,VTX-01,Unit I,Spinning,Vortex,4700,4566,97.16
2026-06-12,1,VTX-02,Unit I,Spinning,Vortex,4700,4653,99.0
2026-06-12,1,VTX-03,Unit I,Spinning,Vortex,4700,4642,98.77
2026-06-12,1,VTX-04,Unit I,Spinning,Vortex,4700,4700,100.0
2026-06-12,1,VTX-05,Unit I,Spinning,Vortex,4700,4631,98.54
2026-06-12,1,VTX-06,Unit I,Spinning,Vortex,4700,3748,79.76
2026-06-12,1,VTX-07,Unit I,Spinning,Vortex,4700,4700,100.0
2026-06-12,1,VTX-08,Unit I,Spinning,Vortex,4700,4458,94.87
2026-06-12,1,VTX-09,Unit I,Spinning,Vortex,4700,4257,90.59
2026-06-12,1,VTX-10,Unit I,Spinning,Vortex,4700,4426,94.18
2026-06-12,1,VTX-11,Unit I,Spinning,Vortex,4700,4289,91.28
2026-06-12,1,VTX-12,Unit I,Spinning,Vortex,4700,4306,91.62
2026-06-12,1,AJ-01,Unit I,Spinning,Airjet,3750,3535,94.28
2026-06-12,1,AJ-02,Unit I,Spinning,Airjet,3750,3413,91.04
2026-06-12,1,AJ-03,Unit I,Spinning,Airjet,3750,3504,93.46
2026-06-12,1,AJ-04,Unit I,Spinning,Airjet,3750,3207,85.53
2026-06-12,1,AJ-05,Unit I,Spinning,Airjet,3750,3602,96.07
2026-06-12,2,TOY-01,Unit I,Weaving,Toyota,21700,20616,95.01
2026-06-12,2,TOY-02,Unit I,Weaving,Toyota,21700,16039,73.91
2026-06-12,2,TOY-03,Unit I,Weaving,Toyota,21700,21330,98.3
2026-06-12,2,TOY-04,Unit I,Weaving,Toyota,21700,21632,99.69
2026-06-12,2,TOY-05,Unit I,Weaving,Toyota,21700,18870,86.96
2026-06-12,2,TOY-06,Unit I,Weaving,Toyota,21700,19787,91.19
2026-06-12,2,TOY-07,Unit I,Weaving,Toyota,21700,19780,91.15
2026-06-12,2,TOY-08,Unit I,Weaving,Toyota,21700,15906,73.3
2026-06-12,2,TOY-09,Unit I,Weaving,Toyota,21700,21514,99.15
2026-06-12,2,TOY-10,Unit I,Weaving,Toyota,21700,20404,94.03
2026-06-12,2,TOY-11,Unit I,Weaving,Toyota,21700,20328,93.68
2026-06-12,2,TOY-12,Unit I,Weaving,Toyota,21700,18440,84.98
2026-06-12,2,TOY-13,Unit I,Weaving,Toyota,21700,21304,98.18
2026-06-12,2,TOY-14,Unit I,Weaving,Toyota,21700,19270,88.8
2026-06-12,2,TOY-15,Unit I,Weaving,Toyota,21700,20680,95.3
2026-06-12,2,TSU-01,Unit I,Weaving,Tsudakoma,15000,14458,96.39
2026-06-12,2,TSU-02,Unit I,Weaving,Tsudakoma,15000,15000,100.0
2026-06-12,2,TSU-03,Unit I,Weaving,Tsudakoma,15000,13268,88.46
2026-06-12,2,TSU-04,Unit I,Weaving,Tsudakoma,15000,11985,79.9
2026-06-12,2,TSU-05,Unit I,Weaving,Tsudakoma,15000,14387,95.92
2026-06-12,2,TSU-06,Unit I,Weaving,Tsudakoma,15000,15000,100.0
2026-06-12,2,TSU-07,Unit I,Weaving,Tsudakoma,15000,15000,100.0
2026-06-12,2,TSU-08,Unit I,Weaving,Tsudakoma,15000,14407,96.05
2026-06-12,2,TSU-09,Unit I,Weaving,Tsudakoma,15000,13881,92.54
2026-06-12,2,TSU-10,Unit I,Weaving,Tsudakoma,15000,14855,99.04
2026-06-12,2,SUL-01,Unit I,Weaving,Sulzer,2700,2433,90.13
2026-06-12,2,SUL-02,Unit I,Weaving,Sulzer,2700,2629,97.38
2026-06-12,2,SUL-03,Unit I,Weaving,Sulzer,2700,2633,97.53
2026-06-12,2,SUL-04,Unit I,Weaving,Sulzer,2700,2700,100.0
2026-06-12,2,SUL-05,Unit I,Weaving,Sulzer,2700,2700,100.0
2026-06-12,2,RF-01,Unit I,Spinning,RingFrame,2500,2424,96.96
2026-06-12,2,RF-02,Unit I,Spinning,RingFrame,2500,2311,92.46
2026-06-12,2,RF-03,Unit I,Spinning,RingFrame,2500,2371,94.87
2026-06-12,2,RF-04,Unit I,Spinning,RingFrame,2500,2153,86.15
2026-06-12,2,RF-05,Unit I,Spinning,RingFrame,2500,2288,91.53
2026-06-12,2,RF-06,Unit I,Spinning,RingFrame,2500,2323,92.95
2026-06-12,2,RF-07,Unit I,Spinning,RingFrame,2500,2309,92.38
2026-06-12,2,RF-08,Unit I,Spinning,RingFrame,2500,2394,95.76
2026-06-12,2,RF-09,Unit I,Spinning,RingFrame,2500,2272,90.89
2026-06-12,2,RF-10,Unit I,Spinning,RingFrame,2500,2500,100.0
2026-06-12,2,RF-11,Unit I,Spinning,RingFrame,2500,1950,78.0
2026-06-12,2,RF-12,Unit I,Spinning,RingFrame,2500,2373,94.95
2026-06-12,2,VTX-01,Unit I,Spinning,Vortex,4700,4387,93.36
2026-06-12,2,VTX-02,Unit I,Spinning,Vortex,4700,4501,95.78
2026-06-12,2,VTX-03,Unit I,Spinning,Vortex,4700,4658,99.13
2026-06-12,2,VTX-04,Unit I,Spinning,Vortex,4700,4261,90.66
2026-06-12,2,VTX-05,Unit I,Spinning,Vortex,4700,4310,91.71
2026-06-12,2,VTX-06,Unit I,Spinning,Vortex,4700,3594,76.48
2026-06-12,2,VTX-07,Unit I,Spinning,Vortex,4700,4148,88.27
2026-06-12,2,VTX-08,Unit I,Spinning,Vortex,4700,4272,90.9
2026-06-12,2,VTX-09,Unit I,Spinning,Vortex,4700,4353,92.62
2026-06-12,2,VTX-10,Unit I,Spinning,Vortex,4700,4670,99.37
2026-06-12,2,VTX-11,Unit I,Spinning,Vortex,4700,4526,96.31
2026-06-12,2,VTX-12,Unit I,Spinning,Vortex,4700,4510,95.97
2026-06-12,2,AJ-01,Unit I,Spinning,Airjet,3750,3722,99.25
2026-06-12,2,AJ-02,Unit I,Spinning,Airjet,3750,3536,94.31
2026-06-12,2,AJ-03,Unit I,Spinning,Airjet,3750,3635,96.95
2026-06-12,2,AJ-04,Unit I,Spinning,Airjet,3750,3543,94.48
2026-06-12,2,AJ-05,Unit I,Spinning,Airjet,3750,3612,96.33
2026-06-12,3,TOY-01,Unit I,Weaving,Toyota,21700,19982,92.09
2026-06-12,3,TOY-02,Unit I,Weaving,Toyota,21700,14279,65.81
2026-06-12,3,TOY-03,Unit I,Weaving,Toyota,21700,20469,94.33
2026-06-12,3,TOY-04,Unit I,Weaving,Toyota,21700,21700,100.0
2026-06-12,3,TOY-05,Unit I,Weaving,Toyota,21700,21619,99.63
2026-06-12,3,TOY-06,Unit I,Weaving,Toyota,21700,21662,99.83
2026-06-12,3,TOY-07,Unit I,Weaving,Toyota,21700,21700,100.0
2026-06-12,3,TOY-08,Unit I,Weaving,Toyota,21700,17022,78.44
2026-06-12,3,TOY-09,Unit I,Weaving,Toyota,21700,20829,95.99
2026-06-12,3,TOY-10,Unit I,Weaving,Toyota,21700,19944,91.91
2026-06-12,3,TOY-11,Unit I,Weaving,Toyota,21700,20272,93.42
2026-06-12,3,TOY-12,Unit I,Weaving,Toyota,21700,21283,98.08
2026-06-12,3,TOY-13,Unit I,Weaving,Toyota,21700,21700,100.0
2026-06-12,3,TOY-14,Unit I,Weaving,Toyota,21700,20463,94.3
2026-06-12,3,TOY-15,Unit I,Weaving,Toyota,21700,20126,92.75
2026-06-12,3,TSU-01,Unit I,Weaving,Tsudakoma,15000,14250,95.0
2026-06-12,3,TSU-02,Unit I,Weaving,Tsudakoma,15000,14700,98.01
2026-06-12,3,TSU-03,Unit I,Weaving,Tsudakoma,15000,13167,87.78
2026-06-12,3,TSU-04,Unit I,Weaving,Tsudakoma,15000,12527,83.52
2026-06-12,3,TSU-05,Unit I,Weaving,Tsudakoma,15000,13837,92.25
2026-06-12,3,TSU-06,Unit I,Weaving,Tsudakoma,15000,13334,88.9
2026-06-12,3,TSU-07,Unit I,Weaving,Tsudakoma,15000,13868,92.46
2026-06-12,3,TSU-08,Unit I,Weaving,Tsudakoma,15000,14139,94.26
2026-06-12,3,TSU-09,Unit I,Weaving,Tsudakoma,15000,13910,92.73
2026-06-12,3,TSU-10,Unit I,Weaving,Tsudakoma,15000,15000,100.0
2026-06-12,3,SUL-01,Unit I,Weaving,Sulzer,2700,2609,96.63
2026-06-12,3,SUL-02,Unit I,Weaving,Sulzer,2700,2605,96.5
2026-06-12,3,SUL-03,Unit I,Weaving,Sulzer,2700,2648,98.11
2026-06-12,3,SUL-04,Unit I,Weaving,Sulzer,2700,2411,89.31
2026-06-12,3,SUL-05,Unit I,Weaving,Sulzer,2700,2700,100.0
2026-06-12,3,RF-01,Unit I,Spinning,RingFrame,2500,2365,94.62
2026-06-12,3,RF-02,Unit I,Spinning,RingFrame,2500,2458,98.35
2026-06-12,3,RF-03,Unit I,Spinning,RingFrame,2500,2241,89.64
2026-06-12,3,RF-04,Unit I,Spinning,RingFrame,2500,2180,87.23
2026-06-12,3,RF-05,Unit I,Spinning,RingFrame,2500,2477,99.09
2026-06-12,3,RF-06,Unit I,Spinning,RingFrame,2500,2422,96.88
2026-06-12,3,RF-07,Unit I,Spinning,RingFrame,2500,2262,90.49
2026-06-12,3,RF-08,Unit I,Spinning,RingFrame,2500,2266,90.65
2026-06-12,3,RF-09,Unit I,Spinning,RingFrame,2500,2500,100.0
2026-06-12,3,RF-10,Unit I,Spinning,RingFrame,2500,2226,89.05
2026-06-12,3,RF-11,Unit I,Spinning,RingFrame,2500,2155,86.21
2026-06-12,3,RF-12,Unit I,Spinning,RingFrame,2500,2262,90.5
2026-06-12,3,VTX-01,Unit I,Spinning,Vortex,4700,4615,98.19
2026-06-12,3,VTX-02,Unit I,Spinning,Vortex,4700,4387,93.36
2026-06-12,3,VTX-03,Unit I,Spinning,Vortex,4700,4606,98.02
2026-06-12,3,VTX-04,Unit I,Spinning,Vortex,4700,4337,92.28
2026-06-12,3,VTX-05,Unit I,Spinning,Vortex,4700,4426,94.19
2026-06-12,3,VTX-06,Unit I,Spinning,Vortex,4700,3675,78.2
2026-06-12,3,VTX-07,Unit I,Spinning,Vortex,4700,4229,89.99
2026-06-12,3,VTX-08,Unit I,Spinning,Vortex,4700,4639,98.7
2026-06-12,3,VTX-09,Unit I,Spinning,Vortex,4700,4344,92.43
2026-06-12,3,VTX-10,Unit I,Spinning,Vortex,4700,4411,93.86
2026-06-12,3,VTX-11,Unit I,Spinning,Vortex,4700,4231,90.03
2026-06-12,3,VTX-12,Unit I,Spinning,Vortex,4700,3862,82.19
2026-06-12,3,AJ-01,Unit I,Spinning,Airjet,3750,3526,94.04
2026-06-12,3,AJ-02,Unit I,Spinning,Airjet,3750,3750,100.0
2026-06-12,3,AJ-03,Unit I,Spinning,Airjet,3750,3709,98.92
2026-06-12,3,AJ-04,Unit I,Spinning,Airjet,3750,3558,94.9
2026-06-12,3,AJ-05,Unit I,Spinning,Airjet,3750,3513,93.69
2026-06-13,1,TOY-01,Unit I,Weaving,Toyota,21700,20639,95.11
2026-06-13,1,TOY-02,Unit I,Weaving,Toyota,21700,17519,80.74
2026-06-13,1,TOY-03,Unit I,Weaving,Toyota,21700,19333,89.1
2026-06-13,1,TOY-04,Unit I,Weaving,Toyota,21700,21700,100.0
2026-06-13,1,TOY-05,Unit I,Weaving,Toyota,21700,21391,98.58
2026-06-13,1,TOY-06,Unit I,Weaving,Toyota,21700,21394,98.59
2026-06-13,1,TOY-07,Unit I,Weaving,Toyota,21700,21090,97.19
2026-06-13,1,TOY-08,Unit I,Weaving,Toyota,21700,16947,78.1
2026-06-13,1,TOY-09,Unit I,Weaving,Toyota,21700,21345,98.36
2026-06-13,1,TOY-10,Unit I,Weaving,Toyota,21700,21257,97.96
2026-06-13,1,TOY-11,Unit I,Weaving,Toyota,21700,20230,93.23
2026-06-13,1,TOY-12,Unit I,Weaving,Toyota,21700,19992,92.13
2026-06-13,1,TOY-13,Unit I,Weaving,Toyota,21700,20725,95.51
2026-06-13,1,TOY-14,Unit I,Weaving,Toyota,21700,21700,100.0
2026-06-13,1,TOY-15,Unit I,Weaving,Toyota,21700,19270,88.8
2026-06-13,1,TSU-01,Unit I,Weaving,Tsudakoma,15000,13149,87.66
2026-06-13,1,TSU-02,Unit I,Weaving,Tsudakoma,15000,14373,95.82
2026-06-13,1,TSU-03,Unit I,Weaving,Tsudakoma,15000,14288,95.25
2026-06-13,1,TSU-04,Unit I,Weaving,Tsudakoma,15000,14380,95.87
2026-06-13,1,TSU-05,Unit I,Weaving,Tsudakoma,15000,14432,96.22
2026-06-13,1,TSU-06,Unit I,Weaving,Tsudakoma,15000,14082,93.88
2026-06-13,1,TSU-07,Unit I,Weaving,Tsudakoma,15000,15000,100.0
2026-06-13,1,TSU-08,Unit I,Weaving,Tsudakoma,15000,13049,87.0
2026-06-13,1,TSU-09,Unit I,Weaving,Tsudakoma,15000,13628,90.86
2026-06-13,1,TSU-10,Unit I,Weaving,Tsudakoma,15000,14172,94.48
2026-06-13,1,SUL-01,Unit I,Weaving,Sulzer,2700,2343,86.78
2026-06-13,1,SUL-02,Unit I,Weaving,Sulzer,2700,2541,94.12
2026-06-13,1,SUL-03,Unit I,Weaving,Sulzer,2700,2700,100.0
2026-06-13,1,SUL-04,Unit I,Weaving,Sulzer,2700,2567,95.1
2026-06-13,1,SUL-05,Unit I,Weaving,Sulzer,2700,2596,96.15
2026-06-13,1,RF-01,Unit I,Spinning,RingFrame,2500,2217,88.7
2026-06-13,1,RF-02,Unit I,Spinning,RingFrame,2500,2297,91.92
2026-06-13,1,RF-03,Unit I,Spinning,RingFrame,2500,2328,93.12
2026-06-13,1,RF-04,Unit I,Spinning,RingFrame,2500,2335,93.41
2026-06-13,1,RF-05,Unit I,Spinning,RingFrame,2500,2500,100.0
2026-06-13,1,RF-06,Unit I,Spinning,RingFrame,2500,2444,97.79
2026-06-13,1,RF-07,Unit I,Spinning,RingFrame,2500,2236,89.44
2026-06-13,1,RF-08,Unit I,Spinning,RingFrame,2500,2405,96.23
2026-06-13,1,RF-09,Unit I,Spinning,RingFrame,2500,2437,97.49
2026-06-13,1,RF-10,Unit I,Spinning,RingFrame,2500,2500,100.0
2026-06-13,1,RF-11,Unit I,Spinning,RingFrame,2500,2147,85.9
2026-06-13,1,RF-12,Unit I,Spinning,RingFrame,2500,2248,89.92
2026-06-13,1,VTX-01,Unit I,Spinning,Vortex,4700,4274,90.95
2026-06-13,1,VTX-02,Unit I,Spinning,Vortex,4700,4169,88.71
2026-06-13,1,VTX-03,Unit I,Spinning,Vortex,4700,4410,93.83
2026-06-13,1,VTX-04,Unit I,Spinning,Vortex,4700,4574,97.33
2026-06-13,1,VTX-05,Unit I,Spinning,Vortex,4700,4697,99.94
2026-06-13,1,VTX-06,Unit I,Spinning,Vortex,4700,3648,77.62
2026-06-13,1,VTX-07,Unit I,Spinning,Vortex,4700,4389,93.4
2026-06-13,1,VTX-08,Unit I,Spinning,Vortex,4700,4500,95.76
2026-06-13,1,VTX-09,Unit I,Spinning,Vortex,4700,4268,90.82
2026-06-13,1,VTX-10,Unit I,Spinning,Vortex,4700,4700,100.0
2026-06-13,1,VTX-11,Unit I,Spinning,Vortex,4700,4087,86.96
2026-06-13,1,VTX-12,Unit I,Spinning,Vortex,4700,4508,95.92
2026-06-13,1,AJ-01,Unit I,Spinning,Airjet,3750,3750,100.0
2026-06-13,1,AJ-02,Unit I,Spinning,Airjet,3750,3563,95.03
2026-06-13,1,AJ-03,Unit I,Spinning,Airjet,3750,3526,94.05
2026-06-13,1,AJ-04,Unit I,Spinning,Airjet,3750,3495,93.21
2026-06-13,1,AJ-05,Unit I,Spinning,Airjet,3750,3528,94.1
2026-06-13,2,TOY-01,Unit I,Weaving,Toyota,21700,21700,100.0
2026-06-13,2,TOY-02,Unit I,Weaving,Toyota,21700,14526,66.94
2026-06-13,2,TOY-03,Unit I,Weaving,Toyota,21700,21700,100.0
2026-06-13,2,TOY-04,Unit I,Weaving,Toyota,21700,19070,87.88
2026-06-13,2,TOY-05,Unit I,Weaving,Toyota,21700,20325,93.67
2026-06-13,2,TOY-06,Unit I,Weaving,Toyota,21700,20149,92.85
2026-06-13,2,TOY-07,Unit I,Weaving,Toyota,21700,21253,97.94
2026-06-13,2,TOY-08,Unit I,Weaving,Toyota,21700,15192,70.01
2026-06-13,2,TOY-09,Unit I,Weaving,Toyota,21700,21116,97.31
2026-06-13,2,TOY-10,Unit I,Weaving,Toyota,21700,21700,100.0
2026-06-13,2,TOY-11,Unit I,Weaving,Toyota,21700,19135,88.18
2026-06-13,2,TOY-12,Unit I,Weaving,Toyota,21700,20820,95.95
2026-06-13,2,TOY-13,Unit I,Weaving,Toyota,21700,19896,91.69
2026-06-13,2,TOY-14,Unit I,Weaving,Toyota,21700,21077,97.13
2026-06-13,2,TOY-15,Unit I,Weaving,Toyota,21700,20635,95.1
2026-06-13,2,TSU-01,Unit I,Weaving,Tsudakoma,15000,13768,91.79
2026-06-13,2,TSU-02,Unit I,Weaving,Tsudakoma,15000,14615,97.44
2026-06-13,2,TSU-03,Unit I,Weaving,Tsudakoma,15000,15000,100.0
2026-06-13,2,TSU-04,Unit I,Weaving,Tsudakoma,15000,14106,94.05
2026-06-13,2,TSU-05,Unit I,Weaving,Tsudakoma,15000,14789,98.6
2026-06-13,2,TSU-06,Unit I,Weaving,Tsudakoma,15000,13280,88.53
2026-06-13,2,TSU-07,Unit I,Weaving,Tsudakoma,15000,13532,90.22
2026-06-13,2,TSU-08,Unit I,Weaving,Tsudakoma,15000,14604,97.36
2026-06-13,2,TSU-09,Unit I,Weaving,Tsudakoma,15000,15000,100.0
2026-06-13,2,TSU-10,Unit I,Weaving,Tsudakoma,15000,14516,96.78
2026-06-13,2,SUL-01,Unit I,Weaving,Sulzer,2700,2522,93.43
2026-06-13,2,SUL-02,Unit I,Weaving,Sulzer,2700,2564,95.0
2026-06-13,2,SUL-03,Unit I,Weaving,Sulzer,2700,2396,88.75
2026-06-13,2,SUL-04,Unit I,Weaving,Sulzer,2700,2646,98.02
2026-06-13,2,SUL-05,Unit I,Weaving,Sulzer,2700,2684,99.41
2026-06-13,2,RF-01,Unit I,Spinning,RingFrame,2500,2318,92.74
2026-06-13,2,RF-02,Unit I,Spinning,RingFrame,2500,2316,92.65
2026-06-13,2,RF-03,Unit I,Spinning,RingFrame,2500,2408,96.33
2026-06-13,2,RF-04,Unit I,Spinning,RingFrame,2500,2320,92.82
2026-06-13,2,RF-05,Unit I,Spinning,RingFrame,2500,2366,94.67
2026-06-13,2,RF-06,Unit I,Spinning,RingFrame,2500,2500,100.0
2026-06-13,2,RF-07,Unit I,Spinning,RingFrame,2500,2344,93.76
2026-06-13,2,RF-08,Unit I,Spinning,RingFrame,2500,2330,93.21
2026-06-13,2,RF-09,Unit I,Spinning,RingFrame,2500,2294,91.76
2026-06-13,2,RF-10,Unit I,Spinning,RingFrame,2500,2468,98.72
2026-06-13,2,RF-11,Unit I,Spinning,RingFrame,2500,1927,77.09
2026-06-13,2,RF-12,Unit I,Spinning,RingFrame,2500,2293,91.75
2026-06-13,2,VTX-01,Unit I,Spinning,Vortex,4700,4700,100.0
2026-06-13,2,VTX-02,Unit I,Spinning,Vortex,4700,4700,100.0
2026-06-13,2,VTX-03,Unit I,Spinning,Vortex,4700,4323,92.0
2026-06-13,2,VTX-04,Unit I,Spinning,Vortex,4700,4026,85.67
2026-06-13,2,VTX-05,Unit I,Spinning,Vortex,4700,4700,100.0
2026-06-13,2,VTX-06,Unit I,Spinning,Vortex,4700,3505,74.58
2026-06-13,2,VTX-07,Unit I,Spinning,Vortex,4700,4650,98.95
2026-06-13,2,VTX-08,Unit I,Spinning,Vortex,4700,4002,85.15
2026-06-13,2,VTX-09,Unit I,Spinning,Vortex,4700,4674,99.46
2026-06-13,2,VTX-10,Unit I,Spinning,Vortex,4700,4180,88.94
2026-06-13,2,VTX-11,Unit I,Spinning,Vortex,4700,4636,98.65
2026-06-13,2,VTX-12,Unit I,Spinning,Vortex,4700,4468,95.07
2026-06-13,2,AJ-01,Unit I,Spinning,Airjet,3750,3383,90.23
2026-06-13,2,AJ-02,Unit I,Spinning,Airjet,3750,3486,92.96
2026-06-13,2,AJ-03,Unit I,Spinning,Airjet,3750,3691,98.43
2026-06-13,2,AJ-04,Unit I,Spinning,Airjet,3750,3582,95.53
2026-06-13,2,AJ-05,Unit I,Spinning,Airjet,3750,3672,97.92
2026-06-13,3,TOY-01,Unit I,Weaving,Toyota,21700,21700,100.0
2026-06-13,3,TOY-02,Unit I,Weaving,Toyota,21700,15228,70.18
2026-06-13,3,TOY-03,Unit I,Weaving,Toyota,21700,21700,100.0
2026-06-13,3,TOY-04,Unit I,Weaving,Toyota,21700,20728,95.52
2026-06-13,3,TOY-05,Unit I,Weaving,Toyota,21700,19639,90.51
2026-06-13,3,TOY-06,Unit I,Weaving,Toyota,21700,19171,88.35
2026-06-13,3,TOY-07,Unit I,Weaving,Toyota,21700,20409,94.05
2026-06-13,3,TOY-08,Unit I,Weaving,Toyota,21700,17925,82.61
2026-06-13,3,TOY-09,Unit I,Weaving,Toyota,21700,20476,94.36
2026-06-13,3,TOY-10,Unit I,Weaving,Toyota,21700,21700,100.0
2026-06-13,3,TOY-11,Unit I,Weaving,Toyota,21700,19040,87.74
2026-06-13,3,TOY-12,Unit I,Weaving,Toyota,21700,20601,94.94
2026-06-13,3,TOY-13,Unit I,Weaving,Toyota,21700,19256,88.74
2026-06-13,3,TOY-14,Unit I,Weaving,Toyota,21700,21009,96.82
2026-06-13,3,TOY-15,Unit I,Weaving,Toyota,21700,21577,99.43
2026-06-13,3,TSU-01,Unit I,Weaving,Tsudakoma,15000,13934,92.9
2026-06-13,3,TSU-02,Unit I,Weaving,Tsudakoma,15000,12296,81.98
2026-06-13,3,TSU-03,Unit I,Weaving,Tsudakoma,15000,14399,95.99
2026-06-13,3,TSU-04,Unit I,Weaving,Tsudakoma,15000,14577,97.18
2026-06-13,3,TSU-05,Unit I,Weaving,Tsudakoma,15000,14553,97.02
2026-06-13,3,TSU-06,Unit I,Weaving,Tsudakoma,15000,15000,100.0
2026-06-13,3,TSU-07,Unit I,Weaving,Tsudakoma,15000,13446,89.64
2026-06-13,3,TSU-08,Unit I,Weaving,Tsudakoma,15000,14760,98.4
2026-06-13,3,TSU-09,Unit I,Weaving,Tsudakoma,15000,15000,100.0
2026-06-13,3,TSU-10,Unit I,Weaving,Tsudakoma,15000,12916,86.11
2026-06-13,3,SUL-01,Unit I,Weaving,Sulzer,2700,2608,96.6
2026-06-13,3,SUL-02,Unit I,Weaving,Sulzer,2700,2496,92.48
2026-06-13,3,SUL-03,Unit I,Weaving,Sulzer,2700,2553,94.59
2026-06-13,3,SUL-04,Unit I,Weaving,Sulzer,2700,2611,96.74
2026-06-13,3,SUL-05,Unit I,Weaving,Sulzer,2700,2499,92.56
2026-06-13,3,RF-01,Unit I,Spinning,RingFrame,2500,2290,91.62
2026-06-13,3,RF-02,Unit I,Spinning,RingFrame,2500,2379,95.17
2026-06-13,3,RF-03,Unit I,Spinning,RingFrame,2500,2239,89.56
2026-06-13,3,RF-04,Unit I,Spinning,RingFrame,2500,2239,89.57
2026-06-13,3,RF-05,Unit I,Spinning,RingFrame,2500,2459,98.4
2026-06-13,3,RF-06,Unit I,Spinning,RingFrame,2500,2231,89.26
2026-06-13,3,RF-07,Unit I,Spinning,RingFrame,2500,2458,98.33
2026-06-13,3,RF-08,Unit I,Spinning,RingFrame,2500,2432,97.31
2026-06-13,3,RF-09,Unit I,Spinning,RingFrame,2500,2159,86.37
2026-06-13,3,RF-10,Unit I,Spinning,RingFrame,2500,2290,91.61
2026-06-13,3,RF-11,Unit I,Spinning,RingFrame,2500,2099,83.97
2026-06-13,3,RF-12,Unit I,Spinning,RingFrame,2500,2252,90.09
2026-06-13,3,VTX-01,Unit I,Spinning,Vortex,4700,4355,92.68
2026-06-13,3,VTX-02,Unit I,Spinning,Vortex,4700,4573,97.31
2026-06-13,3,VTX-03,Unit I,Spinning,Vortex,4700,4649,98.92
2026-06-13,3,VTX-04,Unit I,Spinning,Vortex,4700,4405,93.74
2026-06-13,3,VTX-05,Unit I,Spinning,Vortex,4700,4324,92.01
2026-06-13,3,VTX-06,Unit I,Spinning,Vortex,4700,4000,85.11
2026-06-13,3,VTX-07,Unit I,Spinning,Vortex,4700,4700,100.0
2026-06-13,3,VTX-08,Unit I,Spinning,Vortex,4700,4695,99.89
2026-06-13,3,VTX-09,Unit I,Spinning,Vortex,4700,4485,95.43
2026-06-13,3,VTX-10,Unit I,Spinning,Vortex,4700,4275,90.96
2026-06-13,3,VTX-11,Unit I,Spinning,Vortex,4700,4269,90.85
2026-06-13,3,VTX-12,Unit I,Spinning,Vortex,4700,4587,97.61
2026-06-13,3,AJ-01,Unit I,Spinning,Airjet,3750,3640,97.09
2026-06-13,3,AJ-02,Unit I,Spinning,Airjet,3750,3750,100.0
2026-06-13,3,AJ-03,Unit I,Spinning,Airjet,3750,3684,98.25
2026-06-13,3,AJ-04,Unit I,Spinning,Airjet,3750,3280,87.48
2026-06-13,3,AJ-05,Unit I,Spinning,Airjet,3750,3750,100.0
2026-06-14,1,TOY-01,Unit I,Weaving,Toyota,21700,19532,90.01
2026-06-14,1,TOY-02,Unit I,Weaving,Toyota,21700,16509,76.08
2026-06-14,1,TOY-03,Unit I,Weaving,Toyota,21700,20886,96.25
2026-06-14,1,TOY-04,Unit I,Weaving,Toyota,21700,21700,100.0
2026-06-14,1,TOY-05,Unit I,Weaving,Toyota,21700,21700,100.0
2026-06-14,1,TOY-06,Unit I,Weaving,Toyota,21700,21273,98.03
2026-06-14,1,TOY-07,Unit I,Weaving,Toyota,21700,20416,94.08
2026-06-14,1,TOY-08,Unit I,Weaving,Toyota,21700,17505,80.67
2026-06-14,1,TOY-09,Unit I,Weaving,Toyota,21700,21578,99.44
2026-06-14,1,TOY-10,Unit I,Weaving,Toyota,21700,20267,93.4
2026-06-14,1,TOY-11,Unit I,Weaving,Toyota,21700,21700,100.0
2026-06-14,1,TOY-12,Unit I,Weaving,Toyota,21700,20864,96.15
2026-06-14,1,TOY-13,Unit I,Weaving,Toyota,21700,21155,97.49
2026-06-14,1,TOY-14,Unit I,Weaving,Toyota,21700,21337,98.33
2026-06-14,1,TOY-15,Unit I,Weaving,Toyota,21700,21072,97.11
2026-06-14,1,TSU-01,Unit I,Weaving,Tsudakoma,15000,14879,99.19
2026-06-14,1,TSU-02,Unit I,Weaving,Tsudakoma,15000,13787,91.91
2026-06-14,1,TSU-03,Unit I,Weaving,Tsudakoma,15000,13831,92.21
2026-06-14,1,TSU-04,Unit I,Weaving,Tsudakoma,15000,13424,89.5
2026-06-14,1,TSU-05,Unit I,Weaving,Tsudakoma,15000,14579,97.2
2026-06-14,1,TSU-06,Unit I,Weaving,Tsudakoma,15000,14834,98.89
2026-06-14,1,TSU-07,Unit I,Weaving,Tsudakoma,15000,14593,97.29
2026-06-14,1,TSU-08,Unit I,Weaving,Tsudakoma,15000,15000,100.0
2026-06-14,1,TSU-09,Unit I,Weaving,Tsudakoma,15000,14245,94.97
2026-06-14,1,TSU-10,Unit I,Weaving,Tsudakoma,15000,14751,98.34
2026-06-14,1,SUL-01,Unit I,Weaving,Sulzer,2700,2417,89.54
2026-06-14,1,SUL-02,Unit I,Weaving,Sulzer,2700,2512,93.06
2026-06-14,1,SUL-03,Unit I,Weaving,Sulzer,2700,2658,98.48
2026-06-14,1,SUL-04,Unit I,Weaving,Sulzer,2700,2679,99.25
2026-06-14,1,SUL-05,Unit I,Weaving,Sulzer,2700,2525,93.53
2026-06-14,1,RF-01,Unit I,Spinning,RingFrame,2500,2366,94.64
2026-06-14,1,RF-02,Unit I,Spinning,RingFrame,2500,2185,87.41
2026-06-14,1,RF-03,Unit I,Spinning,RingFrame,2500,2330,93.21
2026-06-14,1,RF-04,Unit I,Spinning,RingFrame,2500,2486,99.45
2026-06-14,1,RF-05,Unit I,Spinning,RingFrame,2500,2446,97.88
2026-06-14,1,RF-06,Unit I,Spinning,RingFrame,2500,2437,97.5
2026-06-14,1,RF-07,Unit I,Spinning,RingFrame,2500,2381,95.25
2026-06-14,1,RF-08,Unit I,Spinning,RingFrame,2500,2375,95.04
2026-06-14,1,RF-09,Unit I,Spinning,RingFrame,2500,2292,91.7
2026-06-14,1,RF-10,Unit I,Spinning,RingFrame,2500,2462,98.49
2026-06-14,1,RF-11,Unit I,Spinning,RingFrame,2500,2002,80.1
2026-06-14,1,RF-12,Unit I,Spinning,RingFrame,2500,2436,97.46
2026-06-14,1,VTX-01,Unit I,Spinning,Vortex,4700,4341,92.37
2026-06-14,1,VTX-02,Unit I,Spinning,Vortex,4700,3958,84.23
2026-06-14,1,VTX-03,Unit I,Spinning,Vortex,4700,4700,100.0
2026-06-14,1,VTX-04,Unit I,Spinning,Vortex,4700,4352,92.61
2026-06-14,1,VTX-05,Unit I,Spinning,Vortex,4700,4262,90.69
2026-06-14,1,VTX-06,Unit I,Spinning,Vortex,4700,3828,81.47
2026-06-14,1,VTX-07,Unit I,Spinning,Vortex,4700,4372,93.04
2026-06-14,1,VTX-08,Unit I,Spinning,Vortex,4700,4700,100.0
2026-06-14,1,VTX-09,Unit I,Spinning,Vortex,4700,4609,98.09
2026-06-14,1,VTX-10,Unit I,Spinning,Vortex,4700,4625,98.42
2026-06-14,1,VTX-11,Unit I,Spinning,Vortex,4700,4144,88.17
2026-06-14,1,VTX-12,Unit I,Spinning,Vortex,4700,4700,100.0
2026-06-14,1,AJ-01,Unit I,Spinning,Airjet,3750,3611,96.31
2026-06-14,1,AJ-02,Unit I,Spinning,Airjet,3750,3493,93.15
2026-06-14,1,AJ-03,Unit I,Spinning,Airjet,3750,3589,95.72
2026-06-14,1,AJ-04,Unit I,Spinning,Airjet,3750,3229,86.12
2026-06-14,1,AJ-05,Unit I,Spinning,Airjet,3750,3639,97.04
2026-06-14,2,TOY-01,Unit I,Weaving,Toyota,21700,19498,89.85
2026-06-14,2,TOY-02,Unit I,Weaving,Toyota,21700,15458,71.24
2026-06-14,2,TOY-03,Unit I,Weaving,Toyota,21700,18963,87.39
2026-06-14,2,TOY-04,Unit I,Weaving,Toyota,21700,21700,100.0
2026-06-14,2,TOY-05,Unit I,Weaving,Toyota,21700,19932,91.85
2026-06-14,2,TOY-06,Unit I,Weaving,Toyota,21700,21700,100.0
2026-06-14,2,TOY-07,Unit I,Weaving,Toyota,21700,20033,92.32
2026-06-14,2,TOY-08,Unit I,Weaving,Toyota,21700,15073,69.46
2026-06-14,2,TOY-09,Unit I,Weaving,Toyota,21700,19403,89.42
2026-06-14,2,TOY-10,Unit I,Weaving,Toyota,21700,21700,100.0
2026-06-14,2,TOY-11,Unit I,Weaving,Toyota,21700,20445,94.22
2026-06-14,2,TOY-12,Unit I,Weaving,Toyota,21700,20020,92.26
2026-06-14,2,TOY-13,Unit I,Weaving,Toyota,21700,20788,95.8
2026-06-14,2,TOY-14,Unit I,Weaving,Toyota,21700,21159,97.51
2026-06-14,2,TOY-15,Unit I,Weaving,Toyota,21700,21700,100.0
2026-06-14,2,TSU-01,Unit I,Weaving,Tsudakoma,15000,15000,100.0
2026-06-14,2,TSU-02,Unit I,Weaving,Tsudakoma,15000,13980,93.2
2026-06-14,2,TSU-03,Unit I,Weaving,Tsudakoma,15000,13255,88.37
2026-06-14,2,TSU-04,Unit I,Weaving,Tsudakoma,15000,13939,92.93
2026-06-14,2,TSU-05,Unit I,Weaving,Tsudakoma,15000,14445,96.3
2026-06-14,2,TSU-06,Unit I,Weaving,Tsudakoma,15000,13527,90.18
2026-06-14,2,TSU-07,Unit I,Weaving,Tsudakoma,15000,13532,90.21
2026-06-14,2,TSU-08,Unit I,Weaving,Tsudakoma,15000,14507,96.72
2026-06-14,2,TSU-09,Unit I,Weaving,Tsudakoma,15000,14213,94.76
2026-06-14,2,TSU-10,Unit I,Weaving,Tsudakoma,15000,14274,95.16
2026-06-14,2,SUL-01,Unit I,Weaving,Sulzer,2700,2462,91.21
2026-06-14,2,SUL-02,Unit I,Weaving,Sulzer,2700,2533,93.85
2026-06-14,2,SUL-03,Unit I,Weaving,Sulzer,2700,2440,90.38
2026-06-14,2,SUL-04,Unit I,Weaving,Sulzer,2700,2685,99.45
2026-06-14,2,SUL-05,Unit I,Weaving,Sulzer,2700,2700,100.0
2026-06-14,2,RF-01,Unit I,Spinning,RingFrame,2500,2144,85.77
2026-06-14,2,RF-02,Unit I,Spinning,RingFrame,2500,2258,90.35
2026-06-14,2,RF-03,Unit I,Spinning,RingFrame,2500,2187,87.52
2026-06-14,2,RF-04,Unit I,Spinning,RingFrame,2500,2293,91.75
2026-06-14,2,RF-05,Unit I,Spinning,RingFrame,2500,2364,94.58
2026-06-14,2,RF-06,Unit I,Spinning,RingFrame,2500,2193,87.75
2026-06-14,2,RF-07,Unit I,Spinning,RingFrame,2500,2259,90.39
2026-06-14,2,RF-08,Unit I,Spinning,RingFrame,2500,2249,89.98
2026-06-14,2,RF-09,Unit I,Spinning,RingFrame,2500,2400,96.04
2026-06-14,2,RF-10,Unit I,Spinning,RingFrame,2500,2383,95.35
2026-06-14,2,RF-11,Unit I,Spinning,RingFrame,2500,1859,74.39
2026-06-14,2,RF-12,Unit I,Spinning,RingFrame,2500,2397,95.88
2026-06-14,2,VTX-01,Unit I,Spinning,Vortex,4700,4336,92.27
2026-06-14,2,VTX-02,Unit I,Spinning,Vortex,4700,4401,93.64
2026-06-14,2,VTX-03,Unit I,Spinning,Vortex,4700,4700,100.0
2026-06-14,2,VTX-04,Unit I,Spinning,Vortex,4700,4700,100.0
2026-06-14,2,VTX-05,Unit I,Spinning,Vortex,4700,4159,88.5
2026-06-14,2,VTX-06,Unit I,Spinning,Vortex,4700,3860,82.15
2026-06-14,2,VTX-07,Unit I,Spinning,Vortex,4700,4655,99.06
2026-06-14,2,VTX-08,Unit I,Spinning,Vortex,4700,4195,89.26
2026-06-14,2,VTX-09,Unit I,Spinning,Vortex,4700,4657,99.09
2026-06-14,2,VTX-10,Unit I,Spinning,Vortex,4700,4700,100.0
2026-06-14,2,VTX-11,Unit I,Spinning,Vortex,4700,4201,89.39
2026-06-14,2,VTX-12,Unit I,Spinning,Vortex,4700,4249,90.41
2026-06-14,2,AJ-01,Unit I,Spinning,Airjet,3750,3750,100.0
2026-06-14,2,AJ-02,Unit I,Spinning,Airjet,3750,3613,96.36
2026-06-14,2,AJ-03,Unit I,Spinning,Airjet,3750,3665,97.76
2026-06-14,2,AJ-04,Unit I,Spinning,Airjet,3750,3626,96.7
2026-06-14,2,AJ-05,Unit I,Spinning,Airjet,3750,3635,96.95
2026-06-14,3,TOY-01,Unit I,Weaving,Toyota,21700,19175,88.37
2026-06-14,3,TOY-02,Unit I,Weaving,Toyota,21700,18062,83.24
2026-06-14,3,TOY-03,Unit I,Weaving,Toyota,21700,21700,100.0
2026-06-14,3,TOY-04,Unit I,Weaving,Toyota,21700,20366,93.85
2026-06-14,3,TOY-05,Unit I,Weaving,Toyota,21700,20567,94.78
2026-06-14,3,TOY-06,Unit I,Weaving,Toyota,21700,18953,87.34
2026-06-14,3,TOY-07,Unit I,Weaving,Toyota,21700,21172,97.57
2026-06-14,3,TOY-08,Unit I,Weaving,Toyota,21700,17546,80.86
2026-06-14,3,TOY-09,Unit I,Weaving,Toyota,21700,20547,94.69
2026-06-14,3,TOY-10,Unit I,Weaving,Toyota,21700,21700,100.0
2026-06-14,3,TOY-11,Unit I,Weaving,Toyota,21700,20252,93.33
2026-06-14,3,TOY-12,Unit I,Weaving,Toyota,21700,21227,97.82
2026-06-14,3,TOY-13,Unit I,Weaving,Toyota,21700,19508,89.9
2026-06-14,3,TOY-14,Unit I,Weaving,Toyota,21700,20589,94.88
2026-06-14,3,TOY-15,Unit I,Weaving,Toyota,21700,20425,94.13
2026-06-14,3,TSU-01,Unit I,Weaving,Tsudakoma,15000,14418,96.13
2026-06-14,3,TSU-02,Unit I,Weaving,Tsudakoma,15000,13972,93.15
2026-06-14,3,TSU-03,Unit I,Weaving,Tsudakoma,15000,14151,94.34
2026-06-14,3,TSU-04,Unit I,Weaving,Tsudakoma,15000,14869,99.13
2026-06-14,3,TSU-05,Unit I,Weaving,Tsudakoma,15000,13922,92.82
2026-06-14,3,TSU-06,Unit I,Weaving,Tsudakoma,15000,13045,86.97
2026-06-14,3,TSU-07,Unit I,Weaving,Tsudakoma,15000,15000,100.0
2026-06-14,3,TSU-08,Unit I,Weaving,Tsudakoma,15000,15000,100.0
2026-06-14,3,TSU-09,Unit I,Weaving,Tsudakoma,15000,13280,88.54
2026-06-14,3,TSU-10,Unit I,Weaving,Tsudakoma,15000,14767,98.45
2026-06-14,3,SUL-01,Unit I,Weaving,Sulzer,2700,2497,92.49
2026-06-14,3,SUL-02,Unit I,Weaving,Sulzer,2700,2600,96.32
2026-06-14,3,SUL-03,Unit I,Weaving,Sulzer,2700,2604,96.47
2026-06-14,3,SUL-04,Unit I,Weaving,Sulzer,2700,2533,93.83
2026-06-14,3,SUL-05,Unit I,Weaving,Sulzer,2700,2459,91.08
2026-06-14,3,RF-01,Unit I,Spinning,RingFrame,2500,2288,91.55
2026-06-14,3,RF-02,Unit I,Spinning,RingFrame,2500,2260,90.42
2026-06-14,3,RF-03,Unit I,Spinning,RingFrame,2500,2271,90.84
2026-06-14,3,RF-04,Unit I,Spinning,RingFrame,2500,2366,94.66
2026-06-14,3,RF-05,Unit I,Spinning,RingFrame,2500,2285,91.42
2026-06-14,3,RF-06,Unit I,Spinning,RingFrame,2500,2460,98.41
2026-06-14,3,RF-07,Unit I,Spinning,RingFrame,2500,2500,100.0
2026-06-14,3,RF-08,Unit I,Spinning,RingFrame,2500,2302,92.1
2026-06-14,3,RF-09,Unit I,Spinning,RingFrame,2500,2404,96.2
2026-06-14,3,RF-10,Unit I,Spinning,RingFrame,2500,2437,97.5
2026-06-14,3,RF-11,Unit I,Spinning,RingFrame,2500,2009,80.36
2026-06-14,3,RF-12,Unit I,Spinning,RingFrame,2500,2384,95.38
2026-06-14,3,VTX-01,Unit I,Spinning,Vortex,4700,4639,98.71
2026-06-14,3,VTX-02,Unit I,Spinning,Vortex,4700,4578,97.41
2026-06-14,3,VTX-03,Unit I,Spinning,Vortex,4700,4174,88.81
2026-06-14,3,VTX-04,Unit I,Spinning,Vortex,4700,4669,99.35
2026-06-14,3,VTX-05,Unit I,Spinning,Vortex,4700,4673,99.44
2026-06-14,3,VTX-06,Unit I,Spinning,Vortex,4700,3486,74.18
2026-06-14,3,VTX-07,Unit I,Spinning,Vortex,4700,4473,95.19
2026-06-14,3,VTX-08,Unit I,Spinning,Vortex,4700,4625,98.42
2026-06-14,3,VTX-09,Unit I,Spinning,Vortex,4700,4415,93.95
2026-06-14,3,VTX-10,Unit I,Spinning,Vortex,4700,4700,100.0
2026-06-14,3,VTX-11,Unit I,Spinning,Vortex,4700,4700,100.0
2026-06-14,3,VTX-12,Unit I,Spinning,Vortex,4700,4280,91.07
2026-06-14,3,AJ-01,Unit I,Spinning,Airjet,3750,3303,88.09
2026-06-14,3,AJ-02,Unit I,Spinning,Airjet,3750,3619,96.52
2026-06-14,3,AJ-03,Unit I,Spinning,Airjet,3750,3697,98.61
2026-06-14,3,AJ-04,Unit I,Spinning,Airjet,3750,3519,93.85
2026-06-14,3,AJ-05,Unit I,Spinning,Airjet,3750,3750,100.0
2026-06-15,1,TOY-01,Unit I,Weaving,Toyota,21700,19162,88.31
2026-06-15,1,TOY-02,Unit I,Weaving,Toyota,21700,17677,81.46
2026-06-15,1,TOY-03,Unit I,Weaving,Toyota,21700,19957,91.97
2026-06-15,1,TOY-04,Unit I,Weaving,Toyota,21700,21700,100.0
2026-06-15,1,TOY-05,Unit I,Weaving,Toyota,21700,21700,100.0
2026-06-15,1,TOY-06,Unit I,Weaving,Toyota,21700,19783,91.17
2026-06-15,1,TOY-07,Unit I,Weaving,Toyota,21700,20018,92.25
2026-06-15,1,TOY-08,Unit I,Weaving,Toyota,21700,17858,82.3
2026-06-15,1,TOY-09,Unit I,Weaving,Toyota,21700,20194,93.06
2026-06-15,1,TOY-10,Unit I,Weaving,Toyota,21700,20565,94.77
2026-06-15,1,TOY-11,Unit I,Weaving,Toyota,21700,20642,95.13
2026-06-15,1,TOY-12,Unit I,Weaving,Toyota,21700,18532,85.4
2026-06-15,1,TOY-13,Unit I,Weaving,Toyota,21700,20599,94.93
2026-06-15,1,TOY-14,Unit I,Weaving,Toyota,21700,19866,91.55
2026-06-15,1,TOY-15,Unit I,Weaving,Toyota,21700,20079,92.53
2026-06-15,1,TSU-01,Unit I,Weaving,Tsudakoma,15000,15000,100.0
2026-06-15,1,TSU-02,Unit I,Weaving,Tsudakoma,15000,13307,88.72
2026-06-15,1,TSU-03,Unit I,Weaving,Tsudakoma,15000,14859,99.07
2026-06-15,1,TSU-04,Unit I,Weaving,Tsudakoma,15000,14040,93.61
2026-06-15,1,TSU-05,Unit I,Weaving,Tsudakoma,15000,14040,93.6
2026-06-15,1,TSU-06,Unit I,Weaving,Tsudakoma,15000,14842,98.95
2026-06-15,1,TSU-07,Unit I,Weaving,Tsudakoma,15000,14505,96.7
2026-06-15,1,TSU-08,Unit I,Weaving,Tsudakoma,15000,14677,97.85
2026-06-15,1,TSU-09,Unit I,Weaving,Tsudakoma,15000,14976,99.84
2026-06-15,1,TSU-10,Unit I,Weaving,Tsudakoma,15000,14001,93.34
2026-06-15,1,SUL-01,Unit I,Weaving,Sulzer,2700,2482,91.94
2026-06-15,1,SUL-02,Unit I,Weaving,Sulzer,2700,2418,89.57
2026-06-15,1,SUL-03,Unit I,Weaving,Sulzer,2700,2453,90.87
2026-06-15,1,SUL-04,Unit I,Weaving,Sulzer,2700,2700,100.0
2026-06-15,1,SUL-05,Unit I,Weaving,Sulzer,2700,2700,100.0
2026-06-15,1,RF-01,Unit I,Spinning,RingFrame,2500,2206,88.24
2026-06-15,1,RF-02,Unit I,Spinning,RingFrame,2500,2209,88.39
2026-06-15,1,RF-03,Unit I,Spinning,RingFrame,2500,2435,97.41
2026-06-15,1,RF-04,Unit I,Spinning,RingFrame,2500,2443,97.74
2026-06-15,1,RF-05,Unit I,Spinning,RingFrame,2500,2443,97.74
2026-06-15,1,RF-06,Unit I,Spinning,RingFrame,2500,2343,93.73
2026-06-15,1,RF-07,Unit I,Spinning,RingFrame,2500,2359,94.37
2026-06-15,1,RF-08,Unit I,Spinning,RingFrame,2500,2415,96.64
2026-06-15,1,RF-09,Unit I,Spinning,RingFrame,2500,2385,95.43
2026-06-15,1,RF-10,Unit I,Spinning,RingFrame,2500,2097,83.9
2026-06-15,1,RF-11,Unit I,Spinning,RingFrame,2500,1921,76.85
2026-06-15,1,RF-12,Unit I,Spinning,RingFrame,2500,2268,90.74
2026-06-15,1,VTX-01,Unit I,Spinning,Vortex,4700,4506,95.88
2026-06-15,1,VTX-02,Unit I,Spinning,Vortex,4700,4700,100.0
2026-06-15,1,VTX-03,Unit I,Spinning,Vortex,4700,4551,96.84
2026-06-15,1,VTX-04,Unit I,Spinning,Vortex,4700,4391,93.43
2026-06-15,1,VTX-05,Unit I,Spinning,Vortex,4700,4681,99.61
2026-06-15,1,VTX-06,Unit I,Spinning,Vortex,4700,3779,80.41
2026-06-15,1,VTX-07,Unit I,Spinning,Vortex,4700,4563,97.1
2026-06-15,1,VTX-08,Unit I,Spinning,Vortex,4700,4607,98.03
2026-06-15,1,VTX-09,Unit I,Spinning,Vortex,4700,4700,100.0
2026-06-15,1,VTX-10,Unit I,Spinning,Vortex,4700,4199,89.35
2026-06-15,1,VTX-11,Unit I,Spinning,Vortex,4700,4576,97.37
2026-06-15,1,VTX-12,Unit I,Spinning,Vortex,4700,4247,90.37
2026-06-15,1,AJ-01,Unit I,Spinning,Airjet,3750,3666,97.78
2026-06-15,1,AJ-02,Unit I,Spinning,Airjet,3750,3390,90.41
2026-06-15,1,AJ-03,Unit I,Spinning,Airjet,3750,3484,92.91
2026-06-15,1,AJ-04,Unit I,Spinning,Airjet,3750,3507,93.52
2026-06-15,1,AJ-05,Unit I,Spinning,Airjet,3750,3745,99.88
2026-06-15,2,TOY-01,Unit I,Weaving,Toyota,21700,21611,99.59
2026-06-15,2,TOY-02,Unit I,Weaving,Toyota,21700,15574,71.77
2026-06-15,2,TOY-03,Unit I,Weaving,Toyota,21700,20674,95.27
2026-06-15,2,TOY-04,Unit I,Weaving,Toyota,21700,19845,91.45
2026-06-15,2,TOY-05,Unit I,Weaving,Toyota,21700,19249,88.71
2026-06-15,2,TOY-06,Unit I,Weaving,Toyota,21700,20379,93.91
2026-06-15,2,TOY-07,Unit I,Weaving,Toyota,21700,20280,93.46
2026-06-15,2,TOY-08,Unit I,Weaving,Toyota,21700,19558,90.13
2026-06-15,2,TOY-09,Unit I,Weaving,Toyota,21700,21084,97.16
2026-06-15,2,TOY-10,Unit I,Weaving,Toyota,21700,19120,88.11
2026-06-15,2,TOY-11,Unit I,Weaving,Toyota,21700,20002,92.18
2026-06-15,2,TOY-12,Unit I,Weaving,Toyota,21700,21700,100.0
2026-06-15,2,TOY-13,Unit I,Weaving,Toyota,21700,21700,100.0
2026-06-15,2,TOY-14,Unit I,Weaving,Toyota,21700,18894,87.07
2026-06-15,2,TOY-15,Unit I,Weaving,Toyota,21700,18575,85.6
2026-06-15,2,TSU-01,Unit I,Weaving,Tsudakoma,15000,15000,100.0
2026-06-15,2,TSU-02,Unit I,Weaving,Tsudakoma,15000,14542,96.95
2026-06-15,2,TSU-03,Unit I,Weaving,Tsudakoma,15000,13598,90.66
2026-06-15,2,TSU-04,Unit I,Weaving,Tsudakoma,15000,14650,97.67
2026-06-15,2,TSU-05,Unit I,Weaving,Tsudakoma,15000,12273,81.82
2026-06-15,2,TSU-06,Unit I,Weaving,Tsudakoma,15000,14252,95.02
2026-06-15,2,TSU-07,Unit I,Weaving,Tsudakoma,15000,14495,96.64
2026-06-15,2,TSU-08,Unit I,Weaving,Tsudakoma,15000,14943,99.62
2026-06-15,2,TSU-09,Unit I,Weaving,Tsudakoma,15000,13489,89.93
2026-06-15,2,TSU-10,Unit I,Weaving,Tsudakoma,15000,14314,95.43
2026-06-15,2,SUL-01,Unit I,Weaving,Sulzer,2700,2440,90.37
2026-06-15,2,SUL-02,Unit I,Weaving,Sulzer,2700,2599,96.28
2026-06-15,2,SUL-03,Unit I,Weaving,Sulzer,2700,2444,90.52
2026-06-15,2,SUL-04,Unit I,Weaving,Sulzer,2700,2509,92.96
2026-06-15,2,SUL-05,Unit I,Weaving,Sulzer,2700,2430,90.02
2026-06-15,2,RF-01,Unit I,Spinning,RingFrame,2500,2456,98.26
2026-06-15,2,RF-02,Unit I,Spinning,RingFrame,2500,2482,99.29
2026-06-15,2,RF-03,Unit I,Spinning,RingFrame,2500,2345,93.83
2026-06-15,2,RF-04,Unit I,Spinning,RingFrame,2500,2379,95.19
2026-06-15,2,RF-05,Unit I,Spinning,RingFrame,2500,2193,87.76
2026-06-15,2,RF-06,Unit I,Spinning,RingFrame,2500,2337,93.5
2026-06-15,2,RF-07,Unit I,Spinning,RingFrame,2500,2368,94.75
2026-06-15,2,RF-08,Unit I,Spinning,RingFrame,2500,2500,100.0
2026-06-15,2,RF-09,Unit I,Spinning,RingFrame,2500,2236,89.44
2026-06-15,2,RF-10,Unit I,Spinning,RingFrame,2500,2500,100.0
2026-06-15,2,RF-11,Unit I,Spinning,RingFrame,2500,2074,82.98
2026-06-15,2,RF-12,Unit I,Spinning,RingFrame,2500,2410,96.4
2026-06-15,2,VTX-01,Unit I,Spinning,Vortex,4700,4700,100.0
2026-06-15,2,VTX-02,Unit I,Spinning,Vortex,4700,4552,96.86
2026-06-15,2,VTX-03,Unit I,Spinning,Vortex,4700,4556,96.95
2026-06-15,2,VTX-04,Unit I,Spinning,Vortex,4700,4452,94.73
2026-06-15,2,VTX-05,Unit I,Spinning,Vortex,4700,4700,100.0
2026-06-15,2,VTX-06,Unit I,Spinning,Vortex,4700,3923,83.48
2026-06-15,2,VTX-07,Unit I,Spinning,Vortex,4700,4317,91.87
2026-06-15,2,VTX-08,Unit I,Spinning,Vortex,4700,4154,88.4
2026-06-15,2,VTX-09,Unit I,Spinning,Vortex,4700,4417,93.99
2026-06-15,2,VTX-10,Unit I,Spinning,Vortex,4700,4276,91.0
2026-06-15,2,VTX-11,Unit I,Spinning,Vortex,4700,4450,94.68
2026-06-15,2,VTX-12,Unit I,Spinning,Vortex,4700,4700,100.0
2026-06-15,2,AJ-01,Unit I,Spinning,Airjet,3750,3476,92.71
2026-06-15,2,AJ-02,Unit I,Spinning,Airjet,3750,3554,94.79
2026-06-15,2,AJ-03,Unit I,Spinning,Airjet,3750,3573,95.29
2026-06-15,2,AJ-04,Unit I,Spinning,Airjet,3750,3721,99.24
2026-06-15,2,AJ-05,Unit I,Spinning,Airjet,3750,3141,83.77
2026-06-15,3,TOY-01,Unit I,Weaving,Toyota,21700,19956,91.97
2026-06-15,3,TOY-02,Unit I,Weaving,Toyota,21700,17155,79.06
2026-06-15,3,TOY-03,Unit I,Weaving,Toyota,21700,21700,100.0
2026-06-15,3,TOY-04,Unit I,Weaving,Toyota,21700,20081,92.54
2026-06-15,3,TOY-05,Unit I,Weaving,Toyota,21700,18578,85.62
2026-06-15,3,TOY-06,Unit I,Weaving,Toyota,21700,21287,98.1
2026-06-15,3,TOY-07,Unit I,Weaving,Toyota,21700,19925,91.82
2026-06-15,3,TOY-08,Unit I,Weaving,Toyota,21700,15635,72.05
2026-06-15,3,TOY-09,Unit I,Weaving,Toyota,21700,19937,91.88
2026-06-15,3,TOY-10,Unit I,Weaving,Toyota,21700,20414,94.08
2026-06-15,3,TOY-11,Unit I,Weaving,Toyota,21700,19958,91.98
2026-06-15,3,TOY-12,Unit I,Weaving,Toyota,21700,18221,83.97
2026-06-15,3,TOY-13,Unit I,Weaving,Toyota,21700,21588,99.49
2026-06-15,3,TOY-14,Unit I,Weaving,Toyota,21700,21700,100.0
2026-06-15,3,TOY-15,Unit I,Weaving,Toyota,21700,21321,98.26
2026-06-15,3,TSU-01,Unit I,Weaving,Tsudakoma,15000,13396,89.31
2026-06-15,3,TSU-02,Unit I,Weaving,Tsudakoma,15000,14098,93.99
2026-06-15,3,TSU-03,Unit I,Weaving,Tsudakoma,15000,14245,94.97
2026-06-15,3,TSU-04,Unit I,Weaving,Tsudakoma,15000,14699,97.99
2026-06-15,3,TSU-05,Unit I,Weaving,Tsudakoma,15000,14751,98.34
2026-06-15,3,TSU-06,Unit I,Weaving,Tsudakoma,15000,13699,91.33
2026-06-15,3,TSU-07,Unit I,Weaving,Tsudakoma,15000,14311,95.41
2026-06-15,3,TSU-08,Unit I,Weaving,Tsudakoma,15000,14592,97.29
2026-06-15,3,TSU-09,Unit I,Weaving,Tsudakoma,15000,15000,100.0
2026-06-15,3,TSU-10,Unit I,Weaving,Tsudakoma,15000,14778,98.52
2026-06-15,3,SUL-01,Unit I,Weaving,Sulzer,2700,2671,98.95
2026-06-15,3,SUL-02,Unit I,Weaving,Sulzer,2700,2576,95.42
2026-06-15,3,SUL-03,Unit I,Weaving,Sulzer,2700,2700,100.0
2026-06-15,3,SUL-04,Unit I,Weaving,Sulzer,2700,2620,97.05
2026-06-15,3,SUL-05,Unit I,Weaving,Sulzer,2700,2448,90.69
2026-06-15,3,RF-01,Unit I,Spinning,RingFrame,2500,2500,100.0
2026-06-15,3,RF-02,Unit I,Spinning,RingFrame,2500,2462,98.49
2026-06-15,3,RF-03,Unit I,Spinning,RingFrame,2500,2319,92.78
2026-06-15,3,RF-04,Unit I,Spinning,RingFrame,2500,2315,92.6
2026-06-15,3,RF-05,Unit I,Spinning,RingFrame,2500,2412,96.48
2026-06-15,3,RF-06,Unit I,Spinning,RingFrame,2500,2432,97.32
2026-06-15,3,RF-07,Unit I,Spinning,RingFrame,2500,2399,95.99
2026-06-15,3,RF-08,Unit I,Spinning,RingFrame,2500,2413,96.56
2026-06-15,3,RF-09,Unit I,Spinning,RingFrame,2500,2500,100.0
2026-06-15,3,RF-10,Unit I,Spinning,RingFrame,2500,2500,100.0
2026-06-15,3,RF-11,Unit I,Spinning,RingFrame,2500,1973,78.95
2026-06-15,3,RF-12,Unit I,Spinning,RingFrame,2500,2492,99.71
2026-06-15,3,VTX-01,Unit I,Spinning,Vortex,4700,4222,89.84
2026-06-15,3,VTX-02,Unit I,Spinning,Vortex,4700,4558,96.99
2026-06-15,3,VTX-03,Unit I,Spinning,Vortex,4700,4700,100.0
2026-06-15,3,VTX-04,Unit I,Spinning,Vortex,4700,4413,93.91
2026-06-15,3,VTX-05,Unit I,Spinning,Vortex,4700,4265,90.76
2026-06-15,3,VTX-06,Unit I,Spinning,Vortex,4700,3512,74.74
2026-06-15,3,VTX-07,Unit I,Spinning,Vortex,4700,4208,89.55
2026-06-15,3,VTX-08,Unit I,Spinning,Vortex,4700,4280,91.08
2026-06-15,3,VTX-09,Unit I,Spinning,Vortex,4700,4377,93.15
2026-06-15,3,VTX-10,Unit I,Spinning,Vortex,4700,4134,87.97
2026-06-15,3,VTX-11,Unit I,Spinning,Vortex,4700,4468,95.08
2026-06-15,3,VTX-12,Unit I,Spinning,Vortex,4700,4677,99.51
2026-06-15,3,AJ-01,Unit I,Spinning,Airjet,3750,3392,90.46
2026-06-15,3,AJ-02,Unit I,Spinning,Airjet,3750,3750,100.0
2026-06-15,3,AJ-03,Unit I,Spinning,Airjet,3750,3658,97.55
2026-06-15,3,AJ-04,Unit I,Spinning,Airjet,3750,3750,100.0
2026-06-15,3,AJ-05,Unit I,Spinning,Airjet,3750,3439,91.71
2026-06-16,1,TOY-01,Unit I,Weaving,Toyota,21700,21542,99.27
2026-06-16,1,TOY-02,Unit I,Weaving,Toyota,21700,15741,72.54
2026-06-16,1,TOY-03,Unit I,Weaving,Toyota,21700,21580,99.45
2026-06-16,1,TOY-04,Unit I,Weaving,Toyota,21700,20801,95.86
2026-06-16,1,TOY-05,Unit I,Weaving,Toyota,21700,21215,97.77
2026-06-16,1,TOY-06,Unit I,Weaving,Toyota,21700,19339,89.12
2026-06-16,1,TOY-07,Unit I,Weaving,Toyota,21700,19643,90.52
2026-06-16,1,TOY-08,Unit I,Weaving,Toyota,21700,17573,80.99
2026-06-16,1,TOY-09,Unit I,Weaving,Toyota,21700,19586,90.26
2026-06-16,1,TOY-10,Unit I,Weaving,Toyota,21700,21117,97.32
2026-06-16,1,TOY-11,Unit I,Weaving,Toyota,21700,19131,88.16
2026-06-16,1,TOY-12,Unit I,Weaving,Toyota,21700,21535,99.24
2026-06-16,1,TOY-13,Unit I,Weaving,Toyota,21700,19277,88.84
2026-06-16,1,TOY-14,Unit I,Weaving,Toyota,21700,21214,97.76
2026-06-16,1,TOY-15,Unit I,Weaving,Toyota,21700,21293,98.13
2026-06-16,1,TSU-01,Unit I,Weaving,Tsudakoma,15000,13727,91.52
2026-06-16,1,TSU-02,Unit I,Weaving,Tsudakoma,15000,14686,97.91
2026-06-16,1,TSU-03,Unit I,Weaving,Tsudakoma,15000,14445,96.3
2026-06-16,1,TSU-04,Unit I,Weaving,Tsudakoma,15000,13845,92.31
2026-06-16,1,TSU-05,Unit I,Weaving,Tsudakoma,15000,13493,89.96
2026-06-16,1,TSU-06,Unit I,Weaving,Tsudakoma,15000,12778,85.19
2026-06-16,1,TSU-07,Unit I,Weaving,Tsudakoma,15000,14512,96.75
2026-06-16,1,TSU-08,Unit I,Weaving,Tsudakoma,15000,13076,87.18
2026-06-16,1,TSU-09,Unit I,Weaving,Tsudakoma,15000,14321,95.48
2026-06-16,1,TSU-10,Unit I,Weaving,Tsudakoma,15000,14052,93.68
2026-06-16,1,SUL-01,Unit I,Weaving,Sulzer,2700,2656,98.4
2026-06-16,1,SUL-02,Unit I,Weaving,Sulzer,2700,2524,93.49
2026-06-16,1,SUL-03,Unit I,Weaving,Sulzer,2700,2520,93.35
2026-06-16,1,SUL-04,Unit I,Weaving,Sulzer,2700,2663,98.66
2026-06-16,1,SUL-05,Unit I,Weaving,Sulzer,2700,2610,96.68
2026-06-16,1,RF-01,Unit I,Spinning,RingFrame,2500,2414,96.58
2026-06-16,1,RF-02,Unit I,Spinning,RingFrame,2500,2433,97.35
2026-06-16,1,RF-03,Unit I,Spinning,RingFrame,2500,2183,87.32
2026-06-16,1,RF-04,Unit I,Spinning,RingFrame,2500,2469,98.78
2026-06-16,1,RF-05,Unit I,Spinning,RingFrame,2500,2451,98.06
2026-06-16,1,RF-06,Unit I,Spinning,RingFrame,2500,2247,89.92
2026-06-16,1,RF-07,Unit I,Spinning,RingFrame,2500,2344,93.78
2026-06-16,1,RF-08,Unit I,Spinning,RingFrame,2500,2370,94.8
2026-06-16,1,RF-09,Unit I,Spinning,RingFrame,2500,2358,94.33
2026-06-16,1,RF-10,Unit I,Spinning,RingFrame,2500,2416,96.67
2026-06-16,1,RF-11,Unit I,Spinning,RingFrame,2500,2128,85.16
2026-06-16,1,RF-12,Unit I,Spinning,RingFrame,2500,2500,100.0
2026-06-16,1,VTX-01,Unit I,Spinning,Vortex,4700,4156,88.44
2026-06-16,1,VTX-02,Unit I,Spinning,Vortex,4700,4611,98.11
2026-06-16,1,VTX-03,Unit I,Spinning,Vortex,4700,4700,100.0
2026-06-16,1,VTX-04,Unit I,Spinning,Vortex,4700,4555,96.93
2026-06-16,1,VTX-05,Unit I,Spinning,Vortex,4700,4700,100.0
2026-06-16,1,VTX-06,Unit I,Spinning,Vortex,4700,4138,88.06
2026-06-16,1,VTX-07,Unit I,Spinning,Vortex,4700,4700,100.0
2026-06-16,1,VTX-08,Unit I,Spinning,Vortex,4700,4523,96.25
2026-06-16,1,VTX-09,Unit I,Spinning,Vortex,4700,4700,100.0
2026-06-16,1,VTX-10,Unit I,Spinning,Vortex,4700,4499,95.72
2026-06-16,1,VTX-11,Unit I,Spinning,Vortex,4700,4470,95.12
2026-06-16,1,VTX-12,Unit I,Spinning,Vortex,4700,4382,93.24
2026-06-16,1,AJ-01,Unit I,Spinning,Airjet,3750,3750,100.0
2026-06-16,1,AJ-02,Unit I,Spinning,Airjet,3750,3409,90.91
2026-06-16,1,AJ-03,Unit I,Spinning,Airjet,3750,3750,100.0
2026-06-16,1,AJ-04,Unit I,Spinning,Airjet,3750,3656,97.5
2026-06-16,1,AJ-05,Unit I,Spinning,Airjet,3750,3300,88.0
2026-06-16,2,TOY-01,Unit I,Weaving,Toyota,21700,21013,96.84
2026-06-16,2,TOY-02,Unit I,Weaving,Toyota,21700,14647,67.5
2026-06-16,2,TOY-03,Unit I,Weaving,Toyota,21700,21293,98.13
2026-06-16,2,TOY-04,Unit I,Weaving,Toyota,21700,21575,99.43
2026-06-16,2,TOY-05,Unit I,Weaving,Toyota,21700,19972,92.04
2026-06-16,2,TOY-06,Unit I,Weaving,Toyota,21700,20749,95.62
2026-06-16,2,TOY-07,Unit I,Weaving,Toyota,21700,21700,100.0
2026-06-16,2,TOY-08,Unit I,Weaving,Toyota,21700,16377,75.47
2026-06-16,2,TOY-09,Unit I,Weaving,Toyota,21700,19466,89.71
2026-06-16,2,TOY-10,Unit I,Weaving,Toyota,21700,21700,100.0
2026-06-16,2,TOY-11,Unit I,Weaving,Toyota,21700,21700,100.0
2026-06-16,2,TOY-12,Unit I,Weaving,Toyota,21700,20619,95.02
2026-06-16,2,TOY-13,Unit I,Weaving,Toyota,21700,21700,100.0
2026-06-16,2,TOY-14,Unit I,Weaving,Toyota,21700,21700,100.0
2026-06-16,2,TOY-15,Unit I,Weaving,Toyota,21700,19809,91.29
2026-06-16,2,TSU-01,Unit I,Weaving,Tsudakoma,15000,13886,92.57
2026-06-16,2,TSU-02,Unit I,Weaving,Tsudakoma,15000,15000,100.0
2026-06-16,2,TSU-03,Unit I,Weaving,Tsudakoma,15000,15000,100.0
2026-06-16,2,TSU-04,Unit I,Weaving,Tsudakoma,15000,14672,97.81
2026-06-16,2,TSU-05,Unit I,Weaving,Tsudakoma,15000,13590,90.6
2026-06-16,2,TSU-06,Unit I,Weaving,Tsudakoma,15000,15000,100.0
2026-06-16,2,TSU-07,Unit I,Weaving,Tsudakoma,15000,13851,92.35
2026-06-16,2,TSU-08,Unit I,Weaving,Tsudakoma,15000,13998,93.32
2026-06-16,2,TSU-09,Unit I,Weaving,Tsudakoma,15000,14506,96.71
2026-06-16,2,TSU-10,Unit I,Weaving,Tsudakoma,15000,15000,100.0
2026-06-16,2,SUL-01,Unit I,Weaving,Sulzer,2700,2680,99.27
2026-06-16,2,SUL-02,Unit I,Weaving,Sulzer,2700,2621,97.07
2026-06-16,2,SUL-03,Unit I,Weaving,Sulzer,2700,2627,97.32
2026-06-16,2,SUL-04,Unit I,Weaving,Sulzer,2700,2570,95.22
2026-06-16,2,SUL-05,Unit I,Weaving,Sulzer,2700,2640,97.79
2026-06-16,2,RF-01,Unit I,Spinning,RingFrame,2500,2058,82.35
2026-06-16,2,RF-02,Unit I,Spinning,RingFrame,2500,2337,93.52
2026-06-16,2,RF-03,Unit I,Spinning,RingFrame,2500,2405,96.21
2026-06-16,2,RF-04,Unit I,Spinning,RingFrame,2500,2231,89.24
2026-06-16,2,RF-05,Unit I,Spinning,RingFrame,2500,2423,96.93
2026-06-16,2,RF-06,Unit I,Spinning,RingFrame,2500,2349,93.98
2026-06-16,2,RF-07,Unit I,Spinning,RingFrame,2500,2500,100.0
2026-06-16,2,RF-08,Unit I,Spinning,RingFrame,2500,2500,100.0
2026-06-16,2,RF-09,Unit I,Spinning,RingFrame,2500,2316,92.67
2026-06-16,2,RF-10,Unit I,Spinning,RingFrame,2500,2356,94.25
2026-06-16,2,RF-11,Unit I,Spinning,RingFrame,2500,1940,77.63
2026-06-16,2,RF-12,Unit I,Spinning,RingFrame,2500,2318,92.74
2026-06-16,2,VTX-01,Unit I,Spinning,Vortex,4700,4510,95.98
2026-06-16,2,VTX-02,Unit I,Spinning,Vortex,4700,4286,91.21
2026-06-16,2,VTX-03,Unit I,Spinning,Vortex,4700,4199,89.35
2026-06-16,2,VTX-04,Unit I,Spinning,Vortex,4700,4611,98.11
2026-06-16,2,VTX-05,Unit I,Spinning,Vortex,4700,4612,98.15
2026-06-16,2,VTX-06,Unit I,Spinning,Vortex,4700,3476,73.98
2026-06-16,2,VTX-07,Unit I,Spinning,Vortex,4700,4675,99.48
2026-06-16,2,VTX-08,Unit I,Spinning,Vortex,4700,4316,91.84
2026-06-16,2,VTX-09,Unit I,Spinning,Vortex,4700,4524,96.27
2026-06-16,2,VTX-10,Unit I,Spinning,Vortex,4700,4657,99.1
2026-06-16,2,VTX-11,Unit I,Spinning,Vortex,4700,4457,94.83
2026-06-16,2,VTX-12,Unit I,Spinning,Vortex,4700,4571,97.27
2026-06-16,2,AJ-01,Unit I,Spinning,Airjet,3750,3465,92.42
2026-06-16,2,AJ-02,Unit I,Spinning,Airjet,3750,3525,94.02
2026-06-16,2,AJ-03,Unit I,Spinning,Airjet,3750,3523,93.97
2026-06-16,2,AJ-04,Unit I,Spinning,Airjet,3750,3422,91.27
2026-06-16,2,AJ-05,Unit I,Spinning,Airjet,3750,3529,94.12
2026-06-16,3,TOY-01,Unit I,Weaving,Toyota,21700,18934,87.26
2026-06-16,3,TOY-02,Unit I,Weaving,Toyota,21700,16393,75.54
2026-06-16,3,TOY-03,Unit I,Weaving,Toyota,21700,20305,93.58
2026-06-16,3,TOY-04,Unit I,Weaving,Toyota,21700,20337,93.72
2026-06-16,3,TOY-05,Unit I,Weaving,Toyota,21700,20352,93.79
2026-06-16,3,TOY-06,Unit I,Weaving,Toyota,21700,20547,94.69
2026-06-16,3,TOY-07,Unit I,Weaving,Toyota,21700,21135,97.4
2026-06-16,3,TOY-08,Unit I,Weaving,Toyota,21700,17874,82.37
2026-06-16,3,TOY-09,Unit I,Weaving,Toyota,21700,19910,91.75
2026-06-16,3,TOY-10,Unit I,Weaving,Toyota,21700,19309,88.98
2026-06-16,3,TOY-11,Unit I,Weaving,Toyota,21700,19484,89.79
2026-06-16,3,TOY-12,Unit I,Weaving,Toyota,21700,20086,92.56
2026-06-16,3,TOY-13,Unit I,Weaving,Toyota,21700,20233,93.24
2026-06-16,3,TOY-14,Unit I,Weaving,Toyota,21700,19779,91.15
2026-06-16,3,TOY-15,Unit I,Weaving,Toyota,21700,19208,88.52
2026-06-16,3,TSU-01,Unit I,Weaving,Tsudakoma,15000,13907,92.72
2026-06-16,3,TSU-02,Unit I,Weaving,Tsudakoma,15000,14386,95.91
2026-06-16,3,TSU-03,Unit I,Weaving,Tsudakoma,15000,14696,97.98
2026-06-16,3,TSU-04,Unit I,Weaving,Tsudakoma,15000,13831,92.21
2026-06-16,3,TSU-05,Unit I,Weaving,Tsudakoma,15000,13940,92.94
2026-06-16,3,TSU-06,Unit I,Weaving,Tsudakoma,15000,13554,90.37
2026-06-16,3,TSU-07,Unit I,Weaving,Tsudakoma,15000,14226,94.84
2026-06-16,3,TSU-08,Unit I,Weaving,Tsudakoma,15000,13613,90.76
2026-06-16,3,TSU-09,Unit I,Weaving,Tsudakoma,15000,14679,97.87
2026-06-16,3,TSU-10,Unit I,Weaving,Tsudakoma,15000,12910,86.07
2026-06-16,3,SUL-01,Unit I,Weaving,Sulzer,2700,2516,93.2
2026-06-16,3,SUL-02,Unit I,Weaving,Sulzer,2700,2605,96.51
2026-06-16,3,SUL-03,Unit I,Weaving,Sulzer,2700,2589,95.92
2026-06-16,3,SUL-04,Unit I,Weaving,Sulzer,2700,2700,100.0
2026-06-16,3,SUL-05,Unit I,Weaving,Sulzer,2700,2612,96.75
2026-06-16,3,RF-01,Unit I,Spinning,RingFrame,2500,2249,89.98
2026-06-16,3,RF-02,Unit I,Spinning,RingFrame,2500,2363,94.52
2026-06-16,3,RF-03,Unit I,Spinning,RingFrame,2500,2152,86.12
2026-06-16,3,RF-04,Unit I,Spinning,RingFrame,2500,2364,94.6
2026-06-16,3,RF-05,Unit I,Spinning,RingFrame,2500,2270,90.83
2026-06-16,3,RF-06,Unit I,Spinning,RingFrame,2500,2489,99.58
2026-06-16,3,RF-07,Unit I,Spinning,RingFrame,2500,2306,92.25
2026-06-16,3,RF-08,Unit I,Spinning,RingFrame,2500,2360,94.42
2026-06-16,3,RF-09,Unit I,Spinning,RingFrame,2500,2295,91.82
2026-06-16,3,RF-10,Unit I,Spinning,RingFrame,2500,2500,100.0
2026-06-16,3,RF-11,Unit I,Spinning,RingFrame,2500,1909,76.39
2026-06-16,3,RF-12,Unit I,Spinning,RingFrame,2500,2500,100.0
2026-06-16,3,VTX-01,Unit I,Spinning,Vortex,4700,4656,99.07
2026-06-16,3,VTX-02,Unit I,Spinning,Vortex,4700,4578,97.41
2026-06-16,3,VTX-03,Unit I,Spinning,Vortex,4700,4551,96.84
2026-06-16,3,VTX-04,Unit I,Spinning,Vortex,4700,4557,96.97
2026-06-16,3,VTX-05,Unit I,Spinning,Vortex,4700,4011,85.36
2026-06-16,3,VTX-06,Unit I,Spinning,Vortex,4700,3600,76.61
2026-06-16,3,VTX-07,Unit I,Spinning,Vortex,4700,4663,99.23
2026-06-16,3,VTX-08,Unit I,Spinning,Vortex,4700,4453,94.76
2026-06-16,3,VTX-09,Unit I,Spinning,Vortex,4700,4134,87.97
2026-06-16,3,VTX-10,Unit I,Spinning,Vortex,4700,4452,94.74
2026-06-16,3,VTX-11,Unit I,Spinning,Vortex,4700,4700,100.0
2026-06-16,3,VTX-12,Unit I,Spinning,Vortex,4700,4700,100.0
2026-06-16,3,AJ-01,Unit I,Spinning,Airjet,3750,3550,94.69
2026-06-16,3,AJ-02,Unit I,Spinning,Airjet,3750,3740,99.76
2026-06-16,3,AJ-03,Unit I,Spinning,Airjet,3750,3493,93.17
2026-06-16,3,AJ-04,Unit I,Spinning,Airjet,3750,3243,86.48
2026-06-16,3,AJ-05,Unit I,Spinning,Airjet,3750,3389,90.38
2026-06-17,1,TOY-01,Unit I,Weaving,Toyota,21700,21700,100.0
2026-06-17,1,TOY-02,Unit I,Weaving,Toyota,21700,16628,76.63
2026-06-17,1,TOY-03,Unit I,Weaving,Toyota,21700,20350,93.78
2026-06-17,1,TOY-04,Unit I,Weaving,Toyota,21700,20289,93.5
2026-06-17,1,TOY-05,Unit I,Weaving,Toyota,21700,21700,100.0
2026-06-17,1,TOY-06,Unit I,Weaving,Toyota,21700,21700,100.0
2026-06-17,1,TOY-07,Unit I,Weaving,Toyota,21700,21700,100.0
2026-06-17,1,TOY-08,Unit I,Weaving,Toyota,21700,16753,77.2
2026-06-17,1,TOY-09,Unit I,Weaving,Toyota,21700,20935,96.48
2026-06-17,1,TOY-10,Unit I,Weaving,Toyota,21700,18969,87.42
2026-06-17,1,TOY-11,Unit I,Weaving,Toyota,21700,21700,100.0
2026-06-17,1,TOY-12,Unit I,Weaving,Toyota,21700,19347,89.16
2026-06-17,1,TOY-13,Unit I,Weaving,Toyota,21700,20850,96.08
2026-06-17,1,TOY-14,Unit I,Weaving,Toyota,21700,19424,89.51
2026-06-17,1,TOY-15,Unit I,Weaving,Toyota,21700,19976,92.06
2026-06-17,1,TSU-01,Unit I,Weaving,Tsudakoma,15000,13622,90.81
2026-06-17,1,TSU-02,Unit I,Weaving,Tsudakoma,15000,13794,91.96
2026-06-17,1,TSU-03,Unit I,Weaving,Tsudakoma,15000,13845,92.3
2026-06-17,1,TSU-04,Unit I,Weaving,Tsudakoma,15000,13838,92.26
2026-06-17,1,TSU-05,Unit I,Weaving,Tsudakoma,15000,14875,99.17
2026-06-17,1,TSU-06,Unit I,Weaving,Tsudakoma,15000,13421,89.48
2026-06-17,1,TSU-07,Unit I,Weaving,Tsudakoma,15000,14415,96.1
2026-06-17,1,TSU-08,Unit I,Weaving,Tsudakoma,15000,15000,100.0
2026-06-17,1,TSU-09,Unit I,Weaving,Tsudakoma,15000,13865,92.43
2026-06-17,1,TSU-10,Unit I,Weaving,Tsudakoma,15000,13711,91.41
2026-06-17,1,SUL-01,Unit I,Weaving,Sulzer,2700,2533,93.85
2026-06-17,1,SUL-02,Unit I,Weaving,Sulzer,2700,2700,100.0
2026-06-17,1,SUL-03,Unit I,Weaving,Sulzer,2700,2591,95.97
2026-06-17,1,SUL-04,Unit I,Weaving,Sulzer,2700,2493,92.34
2026-06-17,1,SUL-05,Unit I,Weaving,Sulzer,2700,2630,97.42
2026-06-17,1,RF-01,Unit I,Spinning,RingFrame,2500,2237,89.49
2026-06-17,1,RF-02,Unit I,Spinning,RingFrame,2500,2460,98.41
2026-06-17,1,RF-03,Unit I,Spinning,RingFrame,2500,2426,97.04
2026-06-17,1,RF-04,Unit I,Spinning,RingFrame,2500,2336,93.46
2026-06-17,1,RF-05,Unit I,Spinning,RingFrame,2500,2270,90.81
2026-06-17,1,RF-06,Unit I,Spinning,RingFrame,2500,2264,90.57
2026-06-17,1,RF-07,Unit I,Spinning,RingFrame,2500,2441,97.67
2026-06-17,1,RF-08,Unit I,Spinning,RingFrame,2500,2500,100.0
2026-06-17,1,RF-09,Unit I,Spinning,RingFrame,2500,2295,91.81
2026-06-17,1,RF-10,Unit I,Spinning,RingFrame,2500,2432,97.29
2026-06-17,1,RF-11,Unit I,Spinning,RingFrame,2500,1689,67.56
2026-06-17,1,RF-12,Unit I,Spinning,RingFrame,2500,2301,92.08
2026-06-17,1,VTX-01,Unit I,Spinning,Vortex,4700,4457,94.84
2026-06-17,1,VTX-02,Unit I,Spinning,Vortex,4700,4251,90.45
2026-06-17,1,VTX-03,Unit I,Spinning,Vortex,4700,4244,90.32
2026-06-17,1,VTX-04,Unit I,Spinning,Vortex,4700,4308,91.66
2026-06-17,1,VTX-05,Unit I,Spinning,Vortex,4700,4533,96.46
2026-06-17,1,VTX-06,Unit I,Spinning,Vortex,4700,3621,77.06
2026-06-17,1,VTX-07,Unit I,Spinning,Vortex,4700,3939,83.81
2026-06-17,1,VTX-08,Unit I,Spinning,Vortex,4700,3966,84.4
2026-06-17,1,VTX-09,Unit I,Spinning,Vortex,4700,4322,91.97
2026-06-17,1,VTX-10,Unit I,Spinning,Vortex,4700,4572,97.29
2026-06-17,1,VTX-11,Unit I,Spinning,Vortex,4700,3819,81.26
2026-06-17,1,VTX-12,Unit I,Spinning,Vortex,4700,4347,92.5
2026-06-17,1,AJ-01,Unit I,Spinning,Airjet,3750,3463,92.37
2026-06-17,1,AJ-02,Unit I,Spinning,Airjet,3750,3750,100.0
2026-06-17,1,AJ-03,Unit I,Spinning,Airjet,3750,3490,93.07
2026-06-17,1,AJ-04,Unit I,Spinning,Airjet,3750,3634,96.91
2026-06-17,1,AJ-05,Unit I,Spinning,Airjet,3750,3588,95.71
2026-06-17,2,TOY-01,Unit I,Weaving,Toyota,21700,18303,84.35
2026-06-17,2,TOY-02,Unit I,Weaving,Toyota,21700,17759,81.84
2026-06-17,2,TOY-03,Unit I,Weaving,Toyota,21700,20848,96.08
2026-06-17,2,TOY-04,Unit I,Weaving,Toyota,21700,21166,97.54
2026-06-17,2,TOY-05,Unit I,Weaving,Toyota,21700,21700,100.0
2026-06-17,2,TOY-06,Unit I,Weaving,Toyota,21700,18353,84.58
2026-06-17,2,TOY-07,Unit I,Weaving,Toyota,21700,21700,100.0
2026-06-17,2,TOY-08,Unit I,Weaving,Toyota,21700,16614,76.56
2026-06-17,2,TOY-09,Unit I,Weaving,Toyota,21700,20926,96.44
2026-06-17,2,TOY-10,Unit I,Weaving,Toyota,21700,20565,94.77
2026-06-17,2,TOY-11,Unit I,Weaving,Toyota,21700,20154,92.88
2026-06-17,2,TOY-12,Unit I,Weaving,Toyota,21700,19996,92.15
2026-06-17,2,TOY-13,Unit I,Weaving,Toyota,21700,20972,96.65
2026-06-17,2,TOY-14,Unit I,Weaving,Toyota,21700,18968,87.41
2026-06-17,2,TOY-15,Unit I,Weaving,Toyota,21700,21429,98.75
2026-06-17,2,TSU-01,Unit I,Weaving,Tsudakoma,15000,13937,92.92
2026-06-17,2,TSU-02,Unit I,Weaving,Tsudakoma,15000,13402,89.35
2026-06-17,2,TSU-03,Unit I,Weaving,Tsudakoma,15000,13912,92.75
2026-06-17,2,TSU-04,Unit I,Weaving,Tsudakoma,15000,15000,100.0
2026-06-17,2,TSU-05,Unit I,Weaving,Tsudakoma,15000,13848,92.32
2026-06-17,2,TSU-06,Unit I,Weaving,Tsudakoma,15000,14518,96.79
2026-06-17,2,TSU-07,Unit I,Weaving,Tsudakoma,15000,13701,91.35
2026-06-17,2,TSU-08,Unit I,Weaving,Tsudakoma,15000,14818,98.79
2026-06-17,2,TSU-09,Unit I,Weaving,Tsudakoma,15000,14764,98.43
2026-06-17,2,TSU-10,Unit I,Weaving,Tsudakoma,15000,15000,100.0
2026-06-17,2,SUL-01,Unit I,Weaving,Sulzer,2700,2541,94.12
2026-06-17,2,SUL-02,Unit I,Weaving,Sulzer,2700,2655,98.34
2026-06-17,2,SUL-03,Unit I,Weaving,Sulzer,2700,2578,95.49
2026-06-17,2,SUL-04,Unit I,Weaving,Sulzer,2700,2700,100.0
2026-06-17,2,SUL-05,Unit I,Weaving,Sulzer,2700,2467,91.41
2026-06-17,2,RF-01,Unit I,Spinning,RingFrame,2500,2468,98.73
2026-06-17,2,RF-02,Unit I,Spinning,RingFrame,2500,2350,94.03
2026-06-17,2,RF-03,Unit I,Spinning,RingFrame,2500,2366,94.68
2026-06-17,2,RF-04,Unit I,Spinning,RingFrame,2500,2386,95.46
2026-06-17,2,RF-05,Unit I,Spinning,RingFrame,2500,2406,96.26
2026-06-17,2,RF-06,Unit I,Spinning,RingFrame,2500,2360,94.42
2026-06-17,2,RF-07,Unit I,Spinning,RingFrame,2500,2401,96.07
2026-06-17,2,RF-08,Unit I,Spinning,RingFrame,2500,2500,100.0
2026-06-17,2,RF-09,Unit I,Spinning,RingFrame,2500,2498,99.93
2026-06-17,2,RF-10,Unit I,Spinning,RingFrame,2500,2483,99.35
2026-06-17,2,RF-11,Unit I,Spinning,RingFrame,2500,1893,75.72
2026-06-17,2,RF-12,Unit I,Spinning,RingFrame,2500,2263,90.55
2026-06-17,2,VTX-01,Unit I,Spinning,Vortex,4700,4689,99.78
2026-06-17,2,VTX-02,Unit I,Spinning,Vortex,4700,4670,99.38
2026-06-17,2,VTX-03,Unit I,Spinning,Vortex,4700,4700,100.0
2026-06-17,2,VTX-04,Unit I,Spinning,Vortex,4700,4323,91.98
2026-06-17,2,VTX-05,Unit I,Spinning,Vortex,4700,4411,93.85
2026-06-17,2,VTX-06,Unit I,Spinning,Vortex,4700,3280,69.8
2026-06-17,2,VTX-07,Unit I,Spinning,Vortex,4700,4372,93.04
2026-06-17,2,VTX-08,Unit I,Spinning,Vortex,4700,4699,99.98
2026-06-17,2,VTX-09,Unit I,Spinning,Vortex,4700,4355,92.67
2026-06-17,2,VTX-10,Unit I,Spinning,Vortex,4700,4615,98.2
2026-06-17,2,VTX-11,Unit I,Spinning,Vortex,4700,4420,94.05
2026-06-17,2,VTX-12,Unit I,Spinning,Vortex,4700,4541,96.62
2026-06-17,2,AJ-01,Unit I,Spinning,Airjet,3750,3347,89.26
2026-06-17,2,AJ-02,Unit I,Spinning,Airjet,3750,3578,95.43
2026-06-17,2,AJ-03,Unit I,Spinning,Airjet,3750,3001,80.04
2026-06-17,2,AJ-04,Unit I,Spinning,Airjet,3750,3527,94.07
2026-06-17,2,AJ-05,Unit I,Spinning,Airjet,3750,3256,86.85
2026-06-17,3,TOY-01,Unit I,Weaving,Toyota,21700,21700,100.0
2026-06-17,3,TOY-02,Unit I,Weaving,Toyota,21700,17769,81.89
2026-06-17,3,TOY-03,Unit I,Weaving,Toyota,21700,21121,97.33
2026-06-17,3,TOY-04,Unit I,Weaving,Toyota,21700,21700,100.0
2026-06-17,3,TOY-05,Unit I,Weaving,Toyota,21700,19585,90.26
2026-06-17,3,TOY-06,Unit I,Weaving,Toyota,21700,21700,100.0
2026-06-17,3,TOY-07,Unit I,Weaving,Toyota,21700,21626,99.66
2026-06-17,3,TOY-08,Unit I,Weaving,Toyota,21700,16669,76.82
2026-06-17,3,TOY-09,Unit I,Weaving,Toyota,21700,21700,100.0
2026-06-17,3,TOY-10,Unit I,Weaving,Toyota,21700,19414,89.47
2026-06-17,3,TOY-11,Unit I,Weaving,Toyota,21700,19720,90.88
2026-06-17,3,TOY-12,Unit I,Weaving,Toyota,21700,19954,91.96
2026-06-17,3,TOY-13,Unit I,Weaving,Toyota,21700,20041,92.36
2026-06-17,3,TOY-14,Unit I,Weaving,Toyota,21700,19468,89.72
2026-06-17,3,TOY-15,Unit I,Weaving,Toyota,21700,21700,100.0
2026-06-17,3,TSU-01,Unit I,Weaving,Tsudakoma,15000,14055,93.71
2026-06-17,3,TSU-02,Unit I,Weaving,Tsudakoma,15000,14514,96.76
2026-06-17,3,TSU-03,Unit I,Weaving,Tsudakoma,15000,13822,92.15
2026-06-17,3,TSU-04,Unit I,Weaving,Tsudakoma,15000,12884,85.9
2026-06-17,3,TSU-05,Unit I,Weaving,Tsudakoma,15000,14452,96.35
2026-06-17,3,TSU-06,Unit I,Weaving,Tsudakoma,15000,12815,85.44
2026-06-17,3,TSU-07,Unit I,Weaving,Tsudakoma,15000,14198,94.66
2026-06-17,3,TSU-08,Unit I,Weaving,Tsudakoma,15000,13223,88.16
2026-06-17,3,TSU-09,Unit I,Weaving,Tsudakoma,15000,15000,100.0
2026-06-17,3,TSU-10,Unit I,Weaving,Tsudakoma,15000,14933,99.56
2026-06-17,3,SUL-01,Unit I,Weaving,Sulzer,2700,2579,95.53
2026-06-17,3,SUL-02,Unit I,Weaving,Sulzer,2700,2700,100.0
2026-06-17,3,SUL-03,Unit I,Weaving,Sulzer,2700,2450,90.77
2026-06-17,3,SUL-04,Unit I,Weaving,Sulzer,2700,2638,97.72
2026-06-17,3,SUL-05,Unit I,Weaving,Sulzer,2700,2591,96.0
2026-06-17,3,RF-01,Unit I,Spinning,RingFrame,2500,2408,96.32
2026-06-17,3,RF-02,Unit I,Spinning,RingFrame,2500,2500,100.0
2026-06-17,3,RF-03,Unit I,Spinning,RingFrame,2500,2466,98.66
2026-06-17,3,RF-04,Unit I,Spinning,RingFrame,2500,2411,96.44
2026-06-17,3,RF-05,Unit I,Spinning,RingFrame,2500,2168,86.73
2026-06-17,3,RF-06,Unit I,Spinning,RingFrame,2500,2254,90.2
2026-06-17,3,RF-07,Unit I,Spinning,RingFrame,2500,2359,94.39
2026-06-17,3,RF-08,Unit I,Spinning,RingFrame,2500,2386,95.47
2026-06-17,3,RF-09,Unit I,Spinning,RingFrame,2500,2233,89.35
2026-06-17,3,RF-10,Unit I,Spinning,RingFrame,2500,2500,100.0
2026-06-17,3,RF-11,Unit I,Spinning,RingFrame,2500,2139,85.58
2026-06-17,3,RF-12,Unit I,Spinning,RingFrame,2500,2450,98.01
2026-06-17,3,VTX-01,Unit I,Spinning,Vortex,4700,4481,95.36
2026-06-17,3,VTX-02,Unit I,Spinning,Vortex,4700,4415,93.94
2026-06-17,3,VTX-03,Unit I,Spinning,Vortex,4700,4241,90.24
2026-06-17,3,VTX-04,Unit I,Spinning,Vortex,4700,4483,95.39
2026-06-17,3,VTX-05,Unit I,Spinning,Vortex,4700,4525,96.29
2026-06-17,3,VTX-06,Unit I,Spinning,Vortex,4700,3374,71.79
2026-06-17,3,VTX-07,Unit I,Spinning,Vortex,4700,4543,96.67
2026-06-17,3,VTX-08,Unit I,Spinning,Vortex,4700,4428,94.22
2026-06-17,3,VTX-09,Unit I,Spinning,Vortex,4700,4016,85.46
2026-06-17,3,VTX-10,Unit I,Spinning,Vortex,4700,4262,90.7
2026-06-17,3,VTX-11,Unit I,Spinning,Vortex,4700,4367,92.93
2026-06-17,3,VTX-12,Unit I,Spinning,Vortex,4700,4700,100.0
2026-06-17,3,AJ-01,Unit I,Spinning,Airjet,3750,3666,97.78
2026-06-17,3,AJ-02,Unit I,Spinning,Airjet,3750,3312,88.32
2026-06-17,3,AJ-03,Unit I,Spinning,Airjet,3750,3653,97.43
2026-06-17,3,AJ-04,Unit I,Spinning,Airjet,3750,3272,87.26
2026-06-17,3,AJ-05,Unit I,Spinning,Airjet,3750,3750,100.0
2026-06-18,1,TOY-01,Unit I,Weaving,Toyota,21700,20103,92.64
2026-06-18,1,TOY-02,Unit I,Weaving,Toyota,21700,16824,77.53
2026-06-18,1,TOY-03,Unit I,Weaving,Toyota,21700,21700,100.0
2026-06-18,1,TOY-04,Unit I,Weaving,Toyota,21700,19218,88.56
2026-06-18,1,TOY-05,Unit I,Weaving,Toyota,21700,19099,88.01
2026-06-18,1,TOY-06,Unit I,Weaving,Toyota,21700,19981,92.08
2026-06-18,1,TOY-07,Unit I,Weaving,Toyota,21700,21700,100.0
2026-06-18,1,TOY-08,Unit I,Weaving,Toyota,21700,15277,70.4
2026-06-18,1,TOY-09,Unit I,Weaving,Toyota,21700,17542,80.84
2026-06-18,1,TOY-10,Unit I,Weaving,Toyota,21700,20125,92.74
2026-06-18,1,TOY-11,Unit I,Weaving,Toyota,21700,21213,97.76
2026-06-18,1,TOY-12,Unit I,Weaving,Toyota,21700,21700,100.0
2026-06-18,1,TOY-13,Unit I,Weaving,Toyota,21700,20112,92.68
2026-06-18,1,TOY-14,Unit I,Weaving,Toyota,21700,20168,92.94
2026-06-18,1,TOY-15,Unit I,Weaving,Toyota,21700,21700,100.0
2026-06-18,1,TSU-01,Unit I,Weaving,Tsudakoma,15000,12847,85.65
2026-06-18,1,TSU-02,Unit I,Weaving,Tsudakoma,15000,13958,93.06
2026-06-18,1,TSU-03,Unit I,Weaving,Tsudakoma,15000,14392,95.95
2026-06-18,1,TSU-04,Unit I,Weaving,Tsudakoma,15000,14586,97.25
2026-06-18,1,TSU-05,Unit I,Weaving,Tsudakoma,15000,13867,92.45
2026-06-18,1,TSU-06,Unit I,Weaving,Tsudakoma,15000,14275,95.17
2026-06-18,1,TSU-07,Unit I,Weaving,Tsudakoma,15000,12383,82.56
2026-06-18,1,TSU-08,Unit I,Weaving,Tsudakoma,15000,13756,91.71
2026-06-18,1,TSU-09,Unit I,Weaving,Tsudakoma,15000,14590,97.27
2026-06-18,1,TSU-10,Unit I,Weaving,Tsudakoma,15000,13513,90.09
2026-06-18,1,SUL-01,Unit I,Weaving,Sulzer,2700,2572,95.29
2026-06-18,1,SUL-02,Unit I,Weaving,Sulzer,2700,2625,97.23
2026-06-18,1,SUL-03,Unit I,Weaving,Sulzer,2700,2518,93.29
2026-06-18,1,SUL-04,Unit I,Weaving,Sulzer,2700,2588,95.85
2026-06-18,1,SUL-05,Unit I,Weaving,Sulzer,2700,2435,90.19
2026-06-18,1,RF-01,Unit I,Spinning,RingFrame,2500,2349,93.97
2026-06-18,1,RF-02,Unit I,Spinning,RingFrame,2500,2451,98.05
2026-06-18,1,RF-03,Unit I,Spinning,RingFrame,2500,2394,95.78
2026-06-18,1,RF-04,Unit I,Spinning,RingFrame,2500,2301,92.07
2026-06-18,1,RF-05,Unit I,Spinning,RingFrame,2500,2403,96.12
2026-06-18,1,RF-06,Unit I,Spinning,RingFrame,2500,2464,98.57
2026-06-18,1,RF-07,Unit I,Spinning,RingFrame,2500,2118,84.75
2026-06-18,1,RF-08,Unit I,Spinning,RingFrame,2500,2500,100.0
2026-06-18,1,RF-09,Unit I,Spinning,RingFrame,2500,2332,93.32
2026-06-18,1,RF-10,Unit I,Spinning,RingFrame,2500,2428,97.13
2026-06-18,1,RF-11,Unit I,Spinning,RingFrame,2500,2099,83.99
2026-06-18,1,RF-12,Unit I,Spinning,RingFrame,2500,2203,88.14
2026-06-18,1,VTX-01,Unit I,Spinning,Vortex,4700,4298,91.45
2026-06-18,1,VTX-02,Unit I,Spinning,Vortex,4700,4397,93.56
2026-06-18,1,VTX-03,Unit I,Spinning,Vortex,4700,4280,91.08
2026-06-18,1,VTX-04,Unit I,Spinning,Vortex,4700,4700,100.0
2026-06-18,1,VTX-05,Unit I,Spinning,Vortex,4700,4263,90.72
2026-06-18,1,VTX-06,Unit I,Spinning,Vortex,4700,3535,75.22
2026-06-18,1,VTX-07,Unit I,Spinning,Vortex,4700,4513,96.02
2026-06-18,1,VTX-08,Unit I,Spinning,Vortex,4700,4182,88.99
2026-06-18,1,VTX-09,Unit I,Spinning,Vortex,4700,4372,93.02
2026-06-18,1,VTX-10,Unit I,Spinning,Vortex,4700,4539,96.59
2026-06-18,1,VTX-11,Unit I,Spinning,Vortex,4700,4386,93.34
2026-06-18,1,VTX-12,Unit I,Spinning,Vortex,4700,4443,94.53
2026-06-18,1,AJ-01,Unit I,Spinning,Airjet,3750,3463,92.35
2026-06-18,1,AJ-02,Unit I,Spinning,Airjet,3750,3278,87.43
2026-06-18,1,AJ-03,Unit I,Spinning,Airjet,3750,3622,96.61
2026-06-18,1,AJ-04,Unit I,Spinning,Airjet,3750,3750,100.0
2026-06-18,1,AJ-05,Unit I,Spinning,Airjet,3750,3565,95.09
2026-06-18,2,TOY-01,Unit I,Weaving,Toyota,21700,20859,96.13
2026-06-18,2,TOY-02,Unit I,Weaving,Toyota,21700,17677,81.46
2026-06-18,2,TOY-03,Unit I,Weaving,Toyota,21700,19237,88.65
2026-06-18,2,TOY-04,Unit I,Weaving,Toyota,21700,21700,100.0
2026-06-18,2,TOY-05,Unit I,Weaving,Toyota,21700,20834,96.01
2026-06-18,2,TOY-06,Unit I,Weaving,Toyota,21700,21700,100.0
2026-06-18,2,TOY-07,Unit I,Weaving,Toyota,21700,19819,91.33
2026-06-18,2,TOY-08,Unit I,Weaving,Toyota,21700,18898,87.09
2026-06-18,2,TOY-09,Unit I,Weaving,Toyota,21700,21456,98.88
2026-06-18,2,TOY-10,Unit I,Weaving,Toyota,21700,21215,97.77
2026-06-18,2,TOY-11,Unit I,Weaving,Toyota,21700,20868,96.17
2026-06-18,2,TOY-12,Unit I,Weaving,Toyota,21700,20345,93.76
2026-06-18,2,TOY-13,Unit I,Weaving,Toyota,21700,21700,100.0
2026-06-18,2,TOY-14,Unit I,Weaving,Toyota,21700,20767,95.7
2026-06-18,2,TOY-15,Unit I,Weaving,Toyota,21700,18480,85.16
2026-06-18,2,TSU-01,Unit I,Weaving,Tsudakoma,15000,13412,89.41
2026-06-18,2,TSU-02,Unit I,Weaving,Tsudakoma,15000,14110,94.07
2026-06-18,2,TSU-03,Unit I,Weaving,Tsudakoma,15000,14482,96.55
2026-06-18,2,TSU-04,Unit I,Weaving,Tsudakoma,15000,14207,94.72
2026-06-18,2,TSU-05,Unit I,Weaving,Tsudakoma,15000,15000,100.0
2026-06-18,2,TSU-06,Unit I,Weaving,Tsudakoma,15000,12786,85.24
2026-06-18,2,TSU-07,Unit I,Weaving,Tsudakoma,15000,14357,95.72
2026-06-18,2,TSU-08,Unit I,Weaving,Tsudakoma,15000,12886,85.91
2026-06-18,2,TSU-09,Unit I,Weaving,Tsudakoma,15000,14819,98.8
2026-06-18,2,TSU-10,Unit I,Weaving,Tsudakoma,15000,14179,94.53
2026-06-18,2,SUL-01,Unit I,Weaving,Sulzer,2700,2621,97.1
2026-06-18,2,SUL-02,Unit I,Weaving,Sulzer,2700,2448,90.68
2026-06-18,2,SUL-03,Unit I,Weaving,Sulzer,2700,2700,100.0
2026-06-18,2,SUL-04,Unit I,Weaving,Sulzer,2700,2700,100.0
2026-06-18,2,SUL-05,Unit I,Weaving,Sulzer,2700,2643,97.92
2026-06-18,2,RF-01,Unit I,Spinning,RingFrame,2500,2358,94.35
2026-06-18,2,RF-02,Unit I,Spinning,RingFrame,2500,2447,97.9
2026-06-18,2,RF-03,Unit I,Spinning,RingFrame,2500,2286,91.47
2026-06-18,2,RF-04,Unit I,Spinning,RingFrame,2500,2481,99.28
2026-06-18,2,RF-05,Unit I,Spinning,RingFrame,2500,2500,100.0
2026-06-18,2,RF-06,Unit I,Spinning,RingFrame,2500,2500,100.0
2026-06-18,2,RF-07,Unit I,Spinning,RingFrame,2500,2283,91.35
2026-06-18,2,RF-08,Unit I,Spinning,RingFrame,2500,2420,96.81
2026-06-18,2,RF-09,Unit I,Spinning,RingFrame,2500,2213,88.53
2026-06-18,2,RF-10,Unit I,Spinning,RingFrame,2500,2446,97.86
2026-06-18,2,RF-11,Unit I,Spinning,RingFrame,2500,2006,80.25
2026-06-18,2,RF-12,Unit I,Spinning,RingFrame,2500,2141,85.65
2026-06-18,2,VTX-01,Unit I,Spinning,Vortex,4700,4191,89.19
2026-06-18,2,VTX-02,Unit I,Spinning,Vortex,4700,4398,93.58
2026-06-18,2,VTX-03,Unit I,Spinning,Vortex,4700,4394,93.5
2026-06-18,2,VTX-04,Unit I,Spinning,Vortex,4700,4180,88.95
2026-06-18,2,VTX-05,Unit I,Spinning,Vortex,4700,4556,96.94
2026-06-18,2,VTX-06,Unit I,Spinning,Vortex,4700,3725,79.26
2026-06-18,2,VTX-07,Unit I,Spinning,Vortex,4700,4419,94.03
2026-06-18,2,VTX-08,Unit I,Spinning,Vortex,4700,4287,91.22
2026-06-18,2,VTX-09,Unit I,Spinning,Vortex,4700,4700,100.0
2026-06-18,2,VTX-10,Unit I,Spinning,Vortex,4700,4700,100.0
2026-06-18,2,VTX-11,Unit I,Spinning,Vortex,4700,4351,92.58
2026-06-18,2,VTX-12,Unit I,Spinning,Vortex,4700,4321,91.94
2026-06-18,2,AJ-01,Unit I,Spinning,Airjet,3750,3654,97.46
2026-06-18,2,AJ-02,Unit I,Spinning,Airjet,3750,3495,93.21
2026-06-18,2,AJ-03,Unit I,Spinning,Airjet,3750,3536,94.3
2026-06-18,2,AJ-04,Unit I,Spinning,Airjet,3750,3701,98.7
2026-06-18,2,AJ-05,Unit I,Spinning,Airjet,3750,3204,85.45
2026-06-18,3,TOY-01,Unit I,Weaving,Toyota,21700,21700,100.0
2026-06-18,3,TOY-02,Unit I,Weaving,Toyota,21700,17004,78.36
2026-06-18,3,TOY-03,Unit I,Weaving,Toyota,21700,20168,92.94
2026-06-18,3,TOY-04,Unit I,Weaving,Toyota,21700,20518,94.55
2026-06-18,3,TOY-05,Unit I,Weaving,Toyota,21700,20574,94.81
2026-06-18,3,TOY-06,Unit I,Weaving,Toyota,21700,18736,86.34
2026-06-18,3,TOY-07,Unit I,Weaving,Toyota,21700,21700,100.0
2026-06-18,3,TOY-08,Unit I,Weaving,Toyota,21700,16970,78.21
2026-06-18,3,TOY-09,Unit I,Weaving,Toyota,21700,21095,97.22
2026-06-18,3,TOY-10,Unit I,Weaving,Toyota,21700,21647,99.76
2026-06-18,3,TOY-11,Unit I,Weaving,Toyota,21700,19507,89.89
2026-06-18,3,TOY-12,Unit I,Weaving,Toyota,21700,21128,97.37
2026-06-18,3,TOY-13,Unit I,Weaving,Toyota,21700,20324,93.66
2026-06-18,3,TOY-14,Unit I,Weaving,Toyota,21700,21533,99.23
2026-06-18,3,TOY-15,Unit I,Weaving,Toyota,21700,18306,84.36
2026-06-18,3,TSU-01,Unit I,Weaving,Tsudakoma,15000,14175,94.5
2026-06-18,3,TSU-02,Unit I,Weaving,Tsudakoma,15000,13797,91.99
2026-06-18,3,TSU-03,Unit I,Weaving,Tsudakoma,15000,14574,97.16
2026-06-18,3,TSU-04,Unit I,Weaving,Tsudakoma,15000,14602,97.35
2026-06-18,3,TSU-05,Unit I,Weaving,Tsudakoma,15000,13719,91.46
2026-06-18,3,TSU-06,Unit I,Weaving,Tsudakoma,15000,13715,91.44
2026-06-18,3,TSU-07,Unit I,Weaving,Tsudakoma,15000,14167,94.45
2026-06-18,3,TSU-08,Unit I,Weaving,Tsudakoma,15000,13577,90.52
2026-06-18,3,TSU-09,Unit I,Weaving,Tsudakoma,15000,14881,99.21
2026-06-18,3,TSU-10,Unit I,Weaving,Tsudakoma,15000,13973,93.15
2026-06-18,3,SUL-01,Unit I,Weaving,Sulzer,2700,2172,80.47
2026-06-18,3,SUL-02,Unit I,Weaving,Sulzer,2700,2514,93.13
2026-06-18,3,SUL-03,Unit I,Weaving,Sulzer,2700,2424,89.81
2026-06-18,3,SUL-04,Unit I,Weaving,Sulzer,2700,2344,86.84
2026-06-18,3,SUL-05,Unit I,Weaving,Sulzer,2700,2397,88.81
2026-06-18,3,RF-01,Unit I,Spinning,RingFrame,2500,2388,95.55
2026-06-18,3,RF-02,Unit I,Spinning,RingFrame,2500,2500,100.0
2026-06-18,3,RF-03,Unit I,Spinning,RingFrame,2500,2414,96.57
2026-06-18,3,RF-04,Unit I,Spinning,RingFrame,2500,2299,91.97
2026-06-18,3,RF-05,Unit I,Spinning,RingFrame,2500,2431,97.28
2026-06-18,3,RF-06,Unit I,Spinning,RingFrame,2500,2317,92.7
2026-06-18,3,RF-07,Unit I,Spinning,RingFrame,2500,2288,91.53
2026-06-18,3,RF-08,Unit I,Spinning,RingFrame,2500,2230,89.23
2026-06-18,3,RF-09,Unit I,Spinning,RingFrame,2500,2156,86.24
2026-06-18,3,RF-10,Unit I,Spinning,RingFrame,2500,2326,93.05
2026-06-18,3,RF-11,Unit I,Spinning,RingFrame,2500,1969,78.79
2026-06-18,3,RF-12,Unit I,Spinning,RingFrame,2500,2362,94.52
2026-06-18,3,VTX-01,Unit I,Spinning,Vortex,4700,4367,92.92
2026-06-18,3,VTX-02,Unit I,Spinning,Vortex,4700,4242,90.27
2026-06-18,3,VTX-03,Unit I,Spinning,Vortex,4700,4607,98.04
2026-06-18,3,VTX-04,Unit I,Spinning,Vortex,4700,4155,88.41
2026-06-18,3,VTX-05,Unit I,Spinning,Vortex,4700,4647,98.88
2026-06-18,3,VTX-06,Unit I,Spinning,Vortex,4700,3430,72.99
2026-06-18,3,VTX-07,Unit I,Spinning,Vortex,4700,4288,91.24
2026-06-18,3,VTX-08,Unit I,Spinning,Vortex,4700,4120,87.67
2026-06-18,3,VTX-09,Unit I,Spinning,Vortex,4700,4347,92.49
2026-06-18,3,VTX-10,Unit I,Spinning,Vortex,4700,4694,99.88
2026-06-18,3,VTX-11,Unit I,Spinning,Vortex,4700,4586,97.58
2026-06-18,3,VTX-12,Unit I,Spinning,Vortex,4700,4694,99.89
2026-06-18,3,AJ-01,Unit I,Spinning,Airjet,3750,3660,97.61
2026-06-18,3,AJ-02,Unit I,Spinning,Airjet,3750,3355,89.48
2026-06-18,3,AJ-03,Unit I,Spinning,Airjet,3750,3500,93.35
2026-06-18,3,AJ-04,Unit I,Spinning,Airjet,3750,3416,91.1
2026-06-18,3,AJ-05,Unit I,Spinning,Airjet,3750,3750,100.0
2026-06-19,1,TOY-01,Unit I,Weaving,Toyota,21700,19316,89.02
2026-06-19,1,TOY-02,Unit I,Weaving,Toyota,21700,17895,82.47
2026-06-19,1,TOY-03,Unit I,Weaving,Toyota,21700,21583,99.46
2026-06-19,1,TOY-04,Unit I,Weaving,Toyota,21700,21700,100.0
2026-06-19,1,TOY-05,Unit I,Weaving,Toyota,21700,20170,92.95
2026-06-19,1,TOY-06,Unit I,Weaving,Toyota,21700,21387,98.56
2026-06-19,1,TOY-07,Unit I,Weaving,Toyota,21700,21700,100.0
2026-06-19,1,TOY-08,Unit I,Weaving,Toyota,21700,16255,74.91
2026-06-19,1,TOY-09,Unit I,Weaving,Toyota,21700,18949,87.32
2026-06-19,1,TOY-10,Unit I,Weaving,Toyota,21700,18575,85.6
2026-06-19,1,TOY-11,Unit I,Weaving,Toyota,21700,21388,98.56
2026-06-19,1,TOY-12,Unit I,Weaving,Toyota,21700,18571,85.58
2026-06-19,1,TOY-13,Unit I,Weaving,Toyota,21700,20211,93.14
2026-06-19,1,TOY-14,Unit I,Weaving,Toyota,21700,21089,97.19
2026-06-19,1,TOY-15,Unit I,Weaving,Toyota,21700,20815,95.93
2026-06-19,1,TSU-01,Unit I,Weaving,Tsudakoma,15000,14569,97.13
2026-06-19,1,TSU-02,Unit I,Weaving,Tsudakoma,15000,14416,96.11
2026-06-19,1,TSU-03,Unit I,Weaving,Tsudakoma,15000,15000,100.0
2026-06-19,1,TSU-04,Unit I,Weaving,Tsudakoma,15000,13535,90.24
2026-06-19,1,TSU-05,Unit I,Weaving,Tsudakoma,15000,13742,91.62
2026-06-19,1,TSU-06,Unit I,Weaving,Tsudakoma,15000,13670,91.14
2026-06-19,1,TSU-07,Unit I,Weaving,Tsudakoma,15000,14872,99.15
2026-06-19,1,TSU-08,Unit I,Weaving,Tsudakoma,15000,14925,99.5
2026-06-19,1,TSU-09,Unit I,Weaving,Tsudakoma,15000,14588,97.26
2026-06-19,1,TSU-10,Unit I,Weaving,Tsudakoma,15000,15000,100.0
2026-06-19,1,SUL-01,Unit I,Weaving,Sulzer,2700,2405,89.11
2026-06-19,1,SUL-02,Unit I,Weaving,Sulzer,2700,2700,100.0
2026-06-19,1,SUL-03,Unit I,Weaving,Sulzer,2700,2700,100.0
2026-06-19,1,SUL-04,Unit I,Weaving,Sulzer,2700,2664,98.68
2026-06-19,1,SUL-05,Unit I,Weaving,Sulzer,2700,2700,100.0
2026-06-19,1,RF-01,Unit I,Spinning,RingFrame,2500,2167,86.72
2026-06-19,1,RF-02,Unit I,Spinning,RingFrame,2500,2309,92.38
2026-06-19,1,RF-03,Unit I,Spinning,RingFrame,2500,2283,91.32
2026-06-19,1,RF-04,Unit I,Spinning,RingFrame,2500,2465,98.61
2026-06-19,1,RF-05,Unit I,Spinning,RingFrame,2500,2243,89.75
2026-06-19,1,RF-06,Unit I,Spinning,RingFrame,2500,2469,98.79
2026-06-19,1,RF-07,Unit I,Spinning,RingFrame,2500,2500,100.0
2026-06-19,1,RF-08,Unit I,Spinning,RingFrame,2500,2461,98.48
2026-06-19,1,RF-09,Unit I,Spinning,RingFrame,2500,2410,96.42
2026-06-19,1,RF-10,Unit I,Spinning,RingFrame,2500,2251,90.06
2026-06-19,1,RF-11,Unit I,Spinning,RingFrame,2500,1844,73.77
2026-06-19,1,RF-12,Unit I,Spinning,RingFrame,2500,2500,100.0
2026-06-19,1,VTX-01,Unit I,Spinning,Vortex,4700,4648,98.9
2026-06-19,1,VTX-02,Unit I,Spinning,Vortex,4700,4455,94.8
2026-06-19,1,VTX-03,Unit I,Spinning,Vortex,4700,4366,92.91
2026-06-19,1,VTX-04,Unit I,Spinning,Vortex,4700,3988,84.87
2026-06-19,1,VTX-05,Unit I,Spinning,Vortex,4700,4213,89.65
2026-06-19,1,VTX-06,Unit I,Spinning,Vortex,4700,4115,87.56
2026-06-19,1,VTX-07,Unit I,Spinning,Vortex,4700,4164,88.6
2026-06-19,1,VTX-08,Unit I,Spinning,Vortex,4700,4509,95.95
2026-06-19,1,VTX-09,Unit I,Spinning,Vortex,4700,4700,100.0
2026-06-19,1,VTX-10,Unit I,Spinning,Vortex,4700,4170,88.73
2026-06-19,1,VTX-11,Unit I,Spinning,Vortex,4700,4508,95.92
2026-06-19,1,VTX-12,Unit I,Spinning,Vortex,4700,4685,99.69
2026-06-19,1,AJ-01,Unit I,Spinning,Airjet,3750,3564,95.06
2026-06-19,1,AJ-02,Unit I,Spinning,Airjet,3750,3750,100.0
2026-06-19,1,AJ-03,Unit I,Spinning,Airjet,3750,3249,86.66
2026-06-19,1,AJ-04,Unit I,Spinning,Airjet,3750,3750,100.0
2026-06-19,1,AJ-05,Unit I,Spinning,Airjet,3750,3530,94.14
2026-06-19,2,TOY-01,Unit I,Weaving,Toyota,21700,21452,98.86
2026-06-19,2,TOY-02,Unit I,Weaving,Toyota,21700,17404,80.21
2026-06-19,2,TOY-03,Unit I,Weaving,Toyota,21700,19819,91.33
2026-06-19,2,TOY-04,Unit I,Weaving,Toyota,21700,20863,96.14
2026-06-19,2,TOY-05,Unit I,Weaving,Toyota,21700,18599,85.71
2026-06-19,2,TOY-06,Unit I,Weaving,Toyota,21700,21269,98.02
2026-06-19,2,TOY-07,Unit I,Weaving,Toyota,21700,20938,96.49
2026-06-19,2,TOY-08,Unit I,Weaving,Toyota,21700,17618,81.19
2026-06-19,2,TOY-09,Unit I,Weaving,Toyota,21700,21700,100.0
2026-06-19,2,TOY-10,Unit I,Weaving,Toyota,21700,21013,96.84
2026-06-19,2,TOY-11,Unit I,Weaving,Toyota,21700,20775,95.74
2026-06-19,2,TOY-12,Unit I,Weaving,Toyota,21700,19659,90.59
2026-06-19,2,TOY-13,Unit I,Weaving,Toyota,21700,19842,91.44
2026-06-19,2,TOY-14,Unit I,Weaving,Toyota,21700,21700,100.0
2026-06-19,2,TOY-15,Unit I,Weaving,Toyota,21700,21700,100.0
2026-06-19,2,TSU-01,Unit I,Weaving,Tsudakoma,15000,14071,93.81
2026-06-19,2,TSU-02,Unit I,Weaving,Tsudakoma,15000,14284,95.23
2026-06-19,2,TSU-03,Unit I,Weaving,Tsudakoma,15000,13571,90.48
2026-06-19,2,TSU-04,Unit I,Weaving,Tsudakoma,15000,15000,100.0
2026-06-19,2,TSU-05,Unit I,Weaving,Tsudakoma,15000,14749,98.33
2026-06-19,2,TSU-06,Unit I,Weaving,Tsudakoma,15000,15000,100.0
2026-06-19,2,TSU-07,Unit I,Weaving,Tsudakoma,15000,13591,90.61
2026-06-19,2,TSU-08,Unit I,Weaving,Tsudakoma,15000,13966,93.11
2026-06-19,2,TSU-09,Unit I,Weaving,Tsudakoma,15000,14423,96.16
2026-06-19,2,TSU-10,Unit I,Weaving,Tsudakoma,15000,14734,98.23
2026-06-19,2,SUL-01,Unit I,Weaving,Sulzer,2700,2535,93.92
2026-06-19,2,SUL-02,Unit I,Weaving,Sulzer,2700,2447,90.64
2026-06-19,2,SUL-03,Unit I,Weaving,Sulzer,2700,2683,99.41
2026-06-19,2,SUL-04,Unit I,Weaving,Sulzer,2700,2662,98.61
2026-06-19,2,SUL-05,Unit I,Weaving,Sulzer,2700,2441,90.42
2026-06-19,2,RF-01,Unit I,Spinning,RingFrame,2500,2500,100.0
2026-06-19,2,RF-02,Unit I,Spinning,RingFrame,2500,2500,100.0
2026-06-19,2,RF-03,Unit I,Spinning,RingFrame,2500,2391,95.67
2026-06-19,2,RF-04,Unit I,Spinning,RingFrame,2500,2384,95.4
2026-06-19,2,RF-05,Unit I,Spinning,RingFrame,2500,2444,97.77
2026-06-19,2,RF-06,Unit I,Spinning,RingFrame,2500,2267,90.69
2026-06-19,2,RF-07,Unit I,Spinning,RingFrame,2500,2378,95.15
2026-06-19,2,RF-08,Unit I,Spinning,RingFrame,2500,2105,84.24
2026-06-19,2,RF-09,Unit I,Spinning,RingFrame,2500,2484,99.38
2026-06-19,2,RF-10,Unit I,Spinning,RingFrame,2500,2179,87.19
2026-06-19,2,RF-11,Unit I,Spinning,RingFrame,2500,2137,85.52
2026-06-19,2,RF-12,Unit I,Spinning,RingFrame,2500,2333,93.35
2026-06-19,2,VTX-01,Unit I,Spinning,Vortex,4700,4415,93.94
2026-06-19,2,VTX-02,Unit I,Spinning,Vortex,4700,4317,91.86
2026-06-19,2,VTX-03,Unit I,Spinning,Vortex,4700,4397,93.56
2026-06-19,2,VTX-04,Unit I,Spinning,Vortex,4700,4700,100.0
2026-06-19,2,VTX-05,Unit I,Spinning,Vortex,4700,3880,82.56
2026-06-19,2,VTX-06,Unit I,Spinning,Vortex,4700,3966,84.38
2026-06-19,2,VTX-07,Unit I,Spinning,Vortex,4700,4544,96.69
2026-06-19,2,VTX-08,Unit I,Spinning,Vortex,4700,4181,88.96
2026-06-19,2,VTX-09,Unit I,Spinning,Vortex,4700,4212,89.62
2026-06-19,2,VTX-10,Unit I,Spinning,Vortex,4700,4700,100.0
2026-06-19,2,VTX-11,Unit I,Spinning,Vortex,4700,4242,90.27
2026-06-19,2,VTX-12,Unit I,Spinning,Vortex,4700,4193,89.23
2026-06-19,2,AJ-01,Unit I,Spinning,Airjet,3750,3750,100.0
2026-06-19,2,AJ-02,Unit I,Spinning,Airjet,3750,3625,96.69
2026-06-19,2,AJ-03,Unit I,Spinning,Airjet,3750,3386,90.31
2026-06-19,2,AJ-04,Unit I,Spinning,Airjet,3750,3603,96.08
2026-06-19,2,AJ-05,Unit I,Spinning,Airjet,3750,3370,89.87
2026-06-19,3,TOY-01,Unit I,Weaving,Toyota,21700,21700,100.0
2026-06-19,3,TOY-02,Unit I,Weaving,Toyota,21700,18077,83.31
2026-06-19,3,TOY-03,Unit I,Weaving,Toyota,21700,21192,97.66
2026-06-19,3,TOY-04,Unit I,Weaving,Toyota,21700,21007,96.81
2026-06-19,3,TOY-05,Unit I,Weaving,Toyota,21700,21700,100.0
2026-06-19,3,TOY-06,Unit I,Weaving,Toyota,21700,20614,95.0
2026-06-19,3,TOY-07,Unit I,Weaving,Toyota,21700,19332,89.09
2026-06-19,3,TOY-08,Unit I,Weaving,Toyota,21700,17413,80.25
2026-06-19,3,TOY-09,Unit I,Weaving,Toyota,21700,21700,100.0
2026-06-19,3,TOY-10,Unit I,Weaving,Toyota,21700,19513,89.93
2026-06-19,3,TOY-11,Unit I,Weaving,Toyota,21700,20222,93.19
2026-06-19,3,TOY-12,Unit I,Weaving,Toyota,21700,21066,97.08
2026-06-19,3,TOY-13,Unit I,Weaving,Toyota,21700,20556,94.73
2026-06-19,3,TOY-14,Unit I,Weaving,Toyota,21700,19549,90.09
2026-06-19,3,TOY-15,Unit I,Weaving,Toyota,21700,21700,100.0
2026-06-19,3,TSU-01,Unit I,Weaving,Tsudakoma,15000,15000,100.0
2026-06-19,3,TSU-02,Unit I,Weaving,Tsudakoma,15000,14397,95.98
2026-06-19,3,TSU-03,Unit I,Weaving,Tsudakoma,15000,13571,90.48
2026-06-19,3,TSU-04,Unit I,Weaving,Tsudakoma,15000,13088,87.26
2026-06-19,3,TSU-05,Unit I,Weaving,Tsudakoma,15000,14443,96.29
2026-06-19,3,TSU-06,Unit I,Weaving,Tsudakoma,15000,15000,100.0
2026-06-19,3,TSU-07,Unit I,Weaving,Tsudakoma,15000,14606,97.38
2026-06-19,3,TSU-08,Unit I,Weaving,Tsudakoma,15000,14248,94.99
2026-06-19,3,TSU-09,Unit I,Weaving,Tsudakoma,15000,13808,92.05
2026-06-19,3,TSU-10,Unit I,Weaving,Tsudakoma,15000,13430,89.54
2026-06-19,3,SUL-01,Unit I,Weaving,Sulzer,2700,2677,99.17
2026-06-19,3,SUL-02,Unit I,Weaving,Sulzer,2700,2688,99.57
2026-06-19,3,SUL-03,Unit I,Weaving,Sulzer,2700,2356,87.27
2026-06-19,3,SUL-04,Unit I,Weaving,Sulzer,2700,2700,100.0
2026-06-19,3,SUL-05,Unit I,Weaving,Sulzer,2700,2642,97.87
2026-06-19,3,RF-01,Unit I,Spinning,RingFrame,2500,2500,100.0
2026-06-19,3,RF-02,Unit I,Spinning,RingFrame,2500,2207,88.29
2026-06-19,3,RF-03,Unit I,Spinning,RingFrame,2500,2204,88.17
2026-06-19,3,RF-04,Unit I,Spinning,RingFrame,2500,2356,94.26
2026-06-19,3,RF-05,Unit I,Spinning,RingFrame,2500,2437,97.51
2026-06-19,3,RF-06,Unit I,Spinning,RingFrame,2500,2500,100.0
2026-06-19,3,RF-07,Unit I,Spinning,RingFrame,2500,2463,98.53
2026-06-19,3,RF-08,Unit I,Spinning,RingFrame,2500,2344,93.79
2026-06-19,3,RF-09,Unit I,Spinning,RingFrame,2500,2246,89.87
2026-06-19,3,RF-10,Unit I,Spinning,RingFrame,2500,2500,100.0
2026-06-19,3,RF-11,Unit I,Spinning,RingFrame,2500,1829,73.18
2026-06-19,3,RF-12,Unit I,Spinning,RingFrame,2500,2500,100.0
2026-06-19,3,VTX-01,Unit I,Spinning,Vortex,4700,4398,93.58
2026-06-19,3,VTX-02,Unit I,Spinning,Vortex,4700,4700,100.0
2026-06-19,3,VTX-03,Unit I,Spinning,Vortex,4700,4624,98.39
2026-06-19,3,VTX-04,Unit I,Spinning,Vortex,4700,4432,94.32
2026-06-19,3,VTX-05,Unit I,Spinning,Vortex,4700,4342,92.4
2026-06-19,3,VTX-06,Unit I,Spinning,Vortex,4700,3585,76.3
2026-06-19,3,VTX-07,Unit I,Spinning,Vortex,4700,4565,97.14
2026-06-19,3,VTX-08,Unit I,Spinning,Vortex,4700,4483,95.39
2026-06-19,3,VTX-09,Unit I,Spinning,Vortex,4700,4325,92.03
2026-06-19,3,VTX-10,Unit I,Spinning,Vortex,4700,4426,94.17
2026-06-19,3,VTX-11,Unit I,Spinning,Vortex,4700,4483,95.39
2026-06-19,3,VTX-12,Unit I,Spinning,Vortex,4700,3964,84.36
2026-06-19,3,AJ-01,Unit I,Spinning,Airjet,3750,3648,97.29
2026-06-19,3,AJ-02,Unit I,Spinning,Airjet,3750,3378,90.1
2026-06-19,3,AJ-03,Unit I,Spinning,Airjet,3750,3346,89.23
2026-06-19,3,AJ-04,Unit I,Spinning,Airjet,3750,3246,86.56
2026-06-19,3,AJ-05,Unit I,Spinning,Airjet,3750,3226,86.03
2026-06-20,1,TOY-01,Unit I,Weaving,Toyota,21700,19144,88.22
2026-06-20,1,TOY-02,Unit I,Weaving,Toyota,21700,16156,74.45
2026-06-20,1,TOY-03,Unit I,Weaving,Toyota,21700,21700,100.0
2026-06-20,1,TOY-04,Unit I,Weaving,Toyota,21700,20044,92.37
2026-06-20,1,TOY-05,Unit I,Weaving,Toyota,21700,20807,95.89
2026-06-20,1,TOY-06,Unit I,Weaving,Toyota,21700,21049,97.0
2026-06-20,1,TOY-07,Unit I,Weaving,Toyota,21700,20757,95.66
2026-06-20,1,TOY-08,Unit I,Weaving,Toyota,21700,16841,77.61
2026-06-20,1,TOY-09,Unit I,Weaving,Toyota,21700,19318,89.02
2026-06-20,1,TOY-10,Unit I,Weaving,Toyota,21700,21700,100.0
2026-06-20,1,TOY-11,Unit I,Weaving,Toyota,21700,21700,100.0
2026-06-20,1,TOY-12,Unit I,Weaving,Toyota,21700,18789,86.59
2026-06-20,1,TOY-13,Unit I,Weaving,Toyota,21700,19503,89.88
2026-06-20,1,TOY-14,Unit I,Weaving,Toyota,21700,20311,93.6
2026-06-20,1,TOY-15,Unit I,Weaving,Toyota,21700,19568,90.18
2026-06-20,1,TSU-01,Unit I,Weaving,Tsudakoma,15000,14629,97.53
2026-06-20,1,TSU-02,Unit I,Weaving,Tsudakoma,15000,13703,91.36
2026-06-20,1,TSU-03,Unit I,Weaving,Tsudakoma,15000,15000,100.0
2026-06-20,1,TSU-04,Unit I,Weaving,Tsudakoma,15000,15000,100.0
2026-06-20,1,TSU-05,Unit I,Weaving,Tsudakoma,15000,14409,96.06
2026-06-20,1,TSU-06,Unit I,Weaving,Tsudakoma,15000,15000,100.0
2026-06-20,1,TSU-07,Unit I,Weaving,Tsudakoma,15000,15000,100.0
2026-06-20,1,TSU-08,Unit I,Weaving,Tsudakoma,15000,13827,92.18
2026-06-20,1,TSU-09,Unit I,Weaving,Tsudakoma,15000,13637,90.92
2026-06-20,1,TSU-10,Unit I,Weaving,Tsudakoma,15000,14308,95.39
2026-06-20,1,SUL-01,Unit I,Weaving,Sulzer,2700,2681,99.31
2026-06-20,1,SUL-02,Unit I,Weaving,Sulzer,2700,2583,95.7
2026-06-20,1,SUL-03,Unit I,Weaving,Sulzer,2700,2352,87.12
2026-06-20,1,SUL-04,Unit I,Weaving,Sulzer,2700,2456,90.99
2026-06-20,1,SUL-05,Unit I,Weaving,Sulzer,2700,2555,94.63
2026-06-20,1,RF-01,Unit I,Spinning,RingFrame,2500,2365,94.62
2026-06-20,1,RF-02,Unit I,Spinning,RingFrame,2500,2500,100.0
2026-06-20,1,RF-03,Unit I,Spinning,RingFrame,2500,2201,88.07
2026-06-20,1,RF-04,Unit I,Spinning,RingFrame,2500,2438,97.53
2026-06-20,1,RF-05,Unit I,Spinning,RingFrame,2500,2500,100.0
2026-06-20,1,RF-06,Unit I,Spinning,RingFrame,2500,2500,100.0
2026-06-20,1,RF-07,Unit I,Spinning,RingFrame,2500,2324,92.98
2026-06-20,1,RF-08,Unit I,Spinning,RingFrame,2500,2436,97.46
2026-06-20,1,RF-09,Unit I,Spinning,RingFrame,2500,2446,97.85
2026-06-20,1,RF-10,Unit I,Spinning,RingFrame,2500,2399,95.98
2026-06-20,1,RF-11,Unit I,Spinning,RingFrame,2500,1937,77.51
2026-06-20,1,RF-12,Unit I,Spinning,RingFrame,2500,2429,97.18
2026-06-20,1,VTX-01,Unit I,Spinning,Vortex,4700,3869,82.34
2026-06-20,1,VTX-02,Unit I,Spinning,Vortex,4700,4625,98.41
2026-06-20,1,VTX-03,Unit I,Spinning,Vortex,4700,4494,95.63
2026-06-20,1,VTX-04,Unit I,Spinning,Vortex,4700,4412,93.89
2026-06-20,1,VTX-05,Unit I,Spinning,Vortex,4700,4700,100.0
2026-06-20,1,VTX-06,Unit I,Spinning,Vortex,4700,3507,74.63
2026-06-20,1,VTX-07,Unit I,Spinning,Vortex,4700,4370,92.98
2026-06-20,1,VTX-08,Unit I,Spinning,Vortex,4700,4700,100.0
2026-06-20,1,VTX-09,Unit I,Spinning,Vortex,4700,4269,90.84
2026-06-20,1,VTX-10,Unit I,Spinning,Vortex,4700,4335,92.25
2026-06-20,1,VTX-11,Unit I,Spinning,Vortex,4700,4430,94.26
2026-06-20,1,VTX-12,Unit I,Spinning,Vortex,4700,4662,99.2
2026-06-20,1,AJ-01,Unit I,Spinning,Airjet,3750,3601,96.04
2026-06-20,1,AJ-02,Unit I,Spinning,Airjet,3750,3320,88.54
2026-06-20,1,AJ-03,Unit I,Spinning,Airjet,3750,3462,92.34
2026-06-20,1,AJ-04,Unit I,Spinning,Airjet,3750,3448,91.96
2026-06-20,1,AJ-05,Unit I,Spinning,Airjet,3750,3548,94.61
2026-06-20,2,TOY-01,Unit I,Weaving,Toyota,21700,21077,97.13
2026-06-20,2,TOY-02,Unit I,Weaving,Toyota,21700,17379,80.09
2026-06-20,2,TOY-03,Unit I,Weaving,Toyota,21700,18688,86.12
2026-06-20,2,TOY-04,Unit I,Weaving,Toyota,21700,21700,100.0
2026-06-20,2,TOY-05,Unit I,Weaving,Toyota,21700,20889,96.26
2026-06-20,2,TOY-06,Unit I,Weaving,Toyota,21700,21700,100.0
2026-06-20,2,TOY-07,Unit I,Weaving,Toyota,21700,21096,97.22
2026-06-20,2,TOY-08,Unit I,Weaving,Toyota,21700,18120,83.51
2026-06-20,2,TOY-09,Unit I,Weaving,Toyota,21700,21121,97.33
2026-06-20,2,TOY-10,Unit I,Weaving,Toyota,21700,21700,100.0
2026-06-20,2,TOY-11,Unit I,Weaving,Toyota,21700,21181,97.61
2026-06-20,2,TOY-12,Unit I,Weaving,Toyota,21700,20508,94.51
2026-06-20,2,TOY-13,Unit I,Weaving,Toyota,21700,21700,100.0
2026-06-20,2,TOY-14,Unit I,Weaving,Toyota,21700,21579,99.45
2026-06-20,2,TOY-15,Unit I,Weaving,Toyota,21700,21237,97.87
2026-06-20,2,TSU-01,Unit I,Weaving,Tsudakoma,15000,13292,88.62
2026-06-20,2,TSU-02,Unit I,Weaving,Tsudakoma,15000,13283,88.56
2026-06-20,2,TSU-03,Unit I,Weaving,Tsudakoma,15000,14469,96.46
2026-06-20,2,TSU-04,Unit I,Weaving,Tsudakoma,15000,14359,95.73
2026-06-20,2,TSU-05,Unit I,Weaving,Tsudakoma,15000,13789,91.93
2026-06-20,2,TSU-06,Unit I,Weaving,Tsudakoma,15000,14355,95.7
2026-06-20,2,TSU-07,Unit I,Weaving,Tsudakoma,15000,15000,100.0
2026-06-20,2,TSU-08,Unit I,Weaving,Tsudakoma,15000,14771,98.48
2026-06-20,2,TSU-09,Unit I,Weaving,Tsudakoma,15000,13394,89.29
2026-06-20,2,TSU-10,Unit I,Weaving,Tsudakoma,15000,14166,94.44
2026-06-20,2,SUL-01,Unit I,Weaving,Sulzer,2700,2456,90.98
2026-06-20,2,SUL-02,Unit I,Weaving,Sulzer,2700,2512,93.06
2026-06-20,2,SUL-03,Unit I,Weaving,Sulzer,2700,2509,92.93
2026-06-20,2,SUL-04,Unit I,Weaving,Sulzer,2700,2500,92.61
2026-06-20,2,SUL-05,Unit I,Weaving,Sulzer,2700,2395,88.72
2026-06-20,2,RF-01,Unit I,Spinning,RingFrame,2500,2359,94.36
2026-06-20,2,RF-02,Unit I,Spinning,RingFrame,2500,2304,92.2
2026-06-20,2,RF-03,Unit I,Spinning,RingFrame,2500,2008,80.35
2026-06-20,2,RF-04,Unit I,Spinning,RingFrame,2500,2500,100.0
2026-06-20,2,RF-05,Unit I,Spinning,RingFrame,2500,2500,100.0
2026-06-20,2,RF-06,Unit I,Spinning,RingFrame,2500,2327,93.12
2026-06-20,2,RF-07,Unit I,Spinning,RingFrame,2500,2377,95.09
2026-06-20,2,RF-08,Unit I,Spinning,RingFrame,2500,2228,89.14
2026-06-20,2,RF-09,Unit I,Spinning,RingFrame,2500,2500,100.0
2026-06-20,2,RF-10,Unit I,Spinning,RingFrame,2500,2500,100.0
2026-06-20,2,RF-11,Unit I,Spinning,RingFrame,2500,1969,78.78
2026-06-20,2,RF-12,Unit I,Spinning,RingFrame,2500,2500,100.0
2026-06-20,2,VTX-01,Unit I,Spinning,Vortex,4700,4506,95.88
2026-06-20,2,VTX-02,Unit I,Spinning,Vortex,4700,4150,88.32
2026-06-20,2,VTX-03,Unit I,Spinning,Vortex,4700,4368,92.94
2026-06-20,2,VTX-04,Unit I,Spinning,Vortex,4700,4496,95.66
2026-06-20,2,VTX-05,Unit I,Spinning,Vortex,4700,4358,92.73
2026-06-20,2,VTX-06,Unit I,Spinning,Vortex,4700,3614,76.91
2026-06-20,2,VTX-07,Unit I,Spinning,Vortex,4700,4443,94.54
2026-06-20,2,VTX-08,Unit I,Spinning,Vortex,4700,4445,94.6
2026-06-20,2,VTX-09,Unit I,Spinning,Vortex,4700,4477,95.26
2026-06-20,2,VTX-10,Unit I,Spinning,Vortex,4700,4215,89.7
2026-06-20,2,VTX-11,Unit I,Spinning,Vortex,4700,4296,91.41
2026-06-20,2,VTX-12,Unit I,Spinning,Vortex,4700,4163,88.58
2026-06-20,2,AJ-01,Unit I,Spinning,Airjet,3750,3745,99.89
2026-06-20,2,AJ-02,Unit I,Spinning,Airjet,3750,3167,84.47
2026-06-20,2,AJ-03,Unit I,Spinning,Airjet,3750,3750,100.0
2026-06-20,2,AJ-04,Unit I,Spinning,Airjet,3750,3750,100.0
2026-06-20,2,AJ-05,Unit I,Spinning,Airjet,3750,3505,93.49
2026-06-20,3,TOY-01,Unit I,Weaving,Toyota,21700,17790,81.98
2026-06-20,3,TOY-02,Unit I,Weaving,Toyota,21700,16533,76.19
2026-06-20,3,TOY-03,Unit I,Weaving,Toyota,21700,20545,94.68
2026-06-20,3,TOY-04,Unit I,Weaving,Toyota,21700,19518,89.95
2026-06-20,3,TOY-05,Unit I,Weaving,Toyota,21700,20055,92.42
2026-06-20,3,TOY-06,Unit I,Weaving,Toyota,21700,21700,100.0
2026-06-20,3,TOY-07,Unit I,Weaving,Toyota,21700,21336,98.32
2026-06-20,3,TOY-08,Unit I,Weaving,Toyota,21700,15922,73.38
2026-06-20,3,TOY-09,Unit I,Weaving,Toyota,21700,18881,87.01
2026-06-20,3,TOY-10,Unit I,Weaving,Toyota,21700,20260,93.36
2026-06-20,3,TOY-11,Unit I,Weaving,Toyota,21700,20383,93.93
2026-06-20,3,TOY-12,Unit I,Weaving,Toyota,21700,21153,97.48
2026-06-20,3,TOY-13,Unit I,Weaving,Toyota,21700,20034,92.32
2026-06-20,3,TOY-14,Unit I,Weaving,Toyota,21700,21169,97.56
2026-06-20,3,TOY-15,Unit I,Weaving,Toyota,21700,21700,100.0
2026-06-20,3,TSU-01,Unit I,Weaving,Tsudakoma,15000,14861,99.08
2026-06-20,3,TSU-02,Unit I,Weaving,Tsudakoma,15000,14213,94.76
2026-06-20,3,TSU-03,Unit I,Weaving,Tsudakoma,15000,14112,94.08
2026-06-20,3,TSU-04,Unit I,Weaving,Tsudakoma,15000,13982,93.22
2026-06-20,3,TSU-05,Unit I,Weaving,Tsudakoma,15000,15000,100.0
2026-06-20,3,TSU-06,Unit I,Weaving,Tsudakoma,15000,13779,91.86
2026-06-20,3,TSU-07,Unit I,Weaving,Tsudakoma,15000,14283,95.23
2026-06-20,3,TSU-08,Unit I,Weaving,Tsudakoma,15000,14288,95.26
2026-06-20,3,TSU-09,Unit I,Weaving,Tsudakoma,15000,13873,92.49
2026-06-20,3,TSU-10,Unit I,Weaving,Tsudakoma,15000,13220,88.14
2026-06-20,3,SUL-01,Unit I,Weaving,Sulzer,2700,2608,96.61
2026-06-20,3,SUL-02,Unit I,Weaving,Sulzer,2700,2556,94.69
2026-06-20,3,SUL-03,Unit I,Weaving,Sulzer,2700,2632,97.5
2026-06-20,3,SUL-04,Unit I,Weaving,Sulzer,2700,2492,92.33
2026-06-20,3,SUL-05,Unit I,Weaving,Sulzer,2700,2700,100.0
2026-06-20,3,RF-01,Unit I,Spinning,RingFrame,2500,2265,90.62
2026-06-20,3,RF-02,Unit I,Spinning,RingFrame,2500,2500,100.0
2026-06-20,3,RF-03,Unit I,Spinning,RingFrame,2500,2156,86.26
2026-06-20,3,RF-04,Unit I,Spinning,RingFrame,2500,2429,97.17
2026-06-20,3,RF-05,Unit I,Spinning,RingFrame,2500,2434,97.38
2026-06-20,3,RF-06,Unit I,Spinning,RingFrame,2500,2275,91.02
2026-06-20,3,RF-07,Unit I,Spinning,RingFrame,2500,2428,97.12
2026-06-20,3,RF-08,Unit I,Spinning,RingFrame,2500,2500,100.0
2026-06-20,3,RF-09,Unit I,Spinning,RingFrame,2500,2097,83.92
2026-06-20,3,RF-10,Unit I,Spinning,RingFrame,2500,2437,97.51
2026-06-20,3,RF-11,Unit I,Spinning,RingFrame,2500,1638,65.53
2026-06-20,3,RF-12,Unit I,Spinning,RingFrame,2500,2254,90.17
2026-06-20,3,VTX-01,Unit I,Spinning,Vortex,4700,4700,100.0
2026-06-20,3,VTX-02,Unit I,Spinning,Vortex,4700,4328,92.09
2026-06-20,3,VTX-03,Unit I,Spinning,Vortex,4700,4189,89.13
2026-06-20,3,VTX-04,Unit I,Spinning,Vortex,4700,4418,94.01
2026-06-20,3,VTX-05,Unit I,Spinning,Vortex,4700,4700,100.0
2026-06-20,3,VTX-06,Unit I,Spinning,Vortex,4700,3235,68.84
2026-06-20,3,VTX-07,Unit I,Spinning,Vortex,4700,4217,89.74
2026-06-20,3,VTX-08,Unit I,Spinning,Vortex,4700,4700,100.0
2026-06-20,3,VTX-09,Unit I,Spinning,Vortex,4700,4700,100.0
2026-06-20,3,VTX-10,Unit I,Spinning,Vortex,4700,4440,94.48
2026-06-20,3,VTX-11,Unit I,Spinning,Vortex,4700,4173,88.8
2026-06-20,3,VTX-12,Unit I,Spinning,Vortex,4700,4700,100.0
2026-06-20,3,AJ-01,Unit I,Spinning,Airjet,3750,3750,100.0
2026-06-20,3,AJ-02,Unit I,Spinning,Airjet,3750,3689,98.39
2026-06-20,3,AJ-03,Unit I,Spinning,Airjet,3750,3410,90.94
2026-06-20,3,AJ-04,Unit I,Spinning,Airjet,3750,3553,94.75
2026-06-20,3,AJ-05,Unit I,Spinning,Airjet,3750,3532,94.2
2026-06-21,1,TOY-01,Unit I,Weaving,Toyota,21700,20973,96.65
2026-06-21,1,TOY-02,Unit I,Weaving,Toyota,21700,18500,85.26
2026-06-21,1,TOY-03,Unit I,Weaving,Toyota,21700,21569,99.4
2026-06-21,1,TOY-04,Unit I,Weaving,Toyota,21700,19446,89.61
2026-06-21,1,TOY-05,Unit I,Weaving,Toyota,21700,21700,100.0
2026-06-21,1,TOY-06,Unit I,Weaving,Toyota,21700,20954,96.57
2026-06-21,1,TOY-07,Unit I,Weaving,Toyota,21700,21360,98.44
2026-06-21,1,TOY-08,Unit I,Weaving,Toyota,21700,18517,85.33
2026-06-21,1,TOY-09,Unit I,Weaving,Toyota,21700,19408,89.44
2026-06-21,1,TOY-10,Unit I,Weaving,Toyota,21700,20576,94.82
2026-06-21,1,TOY-11,Unit I,Weaving,Toyota,21700,20038,92.34
2026-06-21,1,TOY-12,Unit I,Weaving,Toyota,21700,18913,87.16
2026-06-21,1,TOY-13,Unit I,Weaving,Toyota,21700,20991,96.73
2026-06-21,1,TOY-14,Unit I,Weaving,Toyota,21700,21700,100.0
2026-06-21,1,TOY-15,Unit I,Weaving,Toyota,21700,18618,85.8
2026-06-21,1,TSU-01,Unit I,Weaving,Tsudakoma,15000,14225,94.84
2026-06-21,1,TSU-02,Unit I,Weaving,Tsudakoma,15000,14730,98.2
2026-06-21,1,TSU-03,Unit I,Weaving,Tsudakoma,15000,14342,95.62
2026-06-21,1,TSU-04,Unit I,Weaving,Tsudakoma,15000,14165,94.43
2026-06-21,1,TSU-05,Unit I,Weaving,Tsudakoma,15000,13275,88.5
2026-06-21,1,TSU-06,Unit I,Weaving,Tsudakoma,15000,14424,96.16
2026-06-21,1,TSU-07,Unit I,Weaving,Tsudakoma,15000,13682,91.22
2026-06-21,1,TSU-08,Unit I,Weaving,Tsudakoma,15000,12607,84.05
2026-06-21,1,TSU-09,Unit I,Weaving,Tsudakoma,15000,15000,100.0
2026-06-21,1,TSU-10,Unit I,Weaving,Tsudakoma,15000,14968,99.79
2026-06-21,1,SUL-01,Unit I,Weaving,Sulzer,2700,2571,95.26
2026-06-21,1,SUL-02,Unit I,Weaving,Sulzer,2700,2595,96.15
2026-06-21,1,SUL-03,Unit I,Weaving,Sulzer,2700,2700,100.0
2026-06-21,1,SUL-04,Unit I,Weaving,Sulzer,2700,2595,96.12
2026-06-21,1,SUL-05,Unit I,Weaving,Sulzer,2700,2687,99.52
2026-06-21,1,RF-01,Unit I,Spinning,RingFrame,2500,2337,93.51
2026-06-21,1,RF-02,Unit I,Spinning,RingFrame,2500,2500,100.0
2026-06-21,1,RF-03,Unit I,Spinning,RingFrame,2500,2415,96.6
2026-06-21,1,RF-04,Unit I,Spinning,RingFrame,2500,2399,95.97
2026-06-21,1,RF-05,Unit I,Spinning,RingFrame,2500,2216,88.65
2026-06-21,1,RF-06,Unit I,Spinning,RingFrame,2500,2410,96.43
2026-06-21,1,RF-07,Unit I,Spinning,RingFrame,2500,2271,90.84
2026-06-21,1,RF-08,Unit I,Spinning,RingFrame,2500,2295,91.81
2026-06-21,1,RF-09,Unit I,Spinning,RingFrame,2500,2273,90.92
2026-06-21,1,RF-10,Unit I,Spinning,RingFrame,2500,2241,89.67
2026-06-21,1,RF-11,Unit I,Spinning,RingFrame,2500,2215,88.62
2026-06-21,1,RF-12,Unit I,Spinning,RingFrame,2500,2500,100.0
2026-06-21,1,VTX-01,Unit I,Spinning,Vortex,4700,4700,100.0
2026-06-21,1,VTX-02,Unit I,Spinning,Vortex,4700,4177,88.89
2026-06-21,1,VTX-03,Unit I,Spinning,Vortex,4700,4481,95.36
2026-06-21,1,VTX-04,Unit I,Spinning,Vortex,4700,4161,88.53
2026-06-21,1,VTX-05,Unit I,Spinning,Vortex,4700,4301,91.52
2026-06-21,1,VTX-06,Unit I,Spinning,Vortex,4700,3450,73.41
2026-06-21,1,VTX-07,Unit I,Spinning,Vortex,4700,4700,100.0
2026-06-21,1,VTX-08,Unit I,Spinning,Vortex,4700,4371,93.02
2026-06-21,1,VTX-09,Unit I,Spinning,Vortex,4700,4700,100.0
2026-06-21,1,VTX-10,Unit I,Spinning,Vortex,4700,4606,98.02
2026-06-21,1,VTX-11,Unit I,Spinning,Vortex,4700,4700,100.0
2026-06-21,1,VTX-12,Unit I,Spinning,Vortex,4700,4117,87.6
2026-06-21,1,AJ-01,Unit I,Spinning,Airjet,3750,3750,100.0
2026-06-21,1,AJ-02,Unit I,Spinning,Airjet,3750,3750,100.0
2026-06-21,1,AJ-03,Unit I,Spinning,Airjet,3750,3379,90.13
2026-06-21,1,AJ-04,Unit I,Spinning,Airjet,3750,3750,100.0
2026-06-21,1,AJ-05,Unit I,Spinning,Airjet,3750,3625,96.68
2026-06-21,2,TOY-01,Unit I,Weaving,Toyota,21700,20368,93.86
2026-06-21,2,TOY-02,Unit I,Weaving,Toyota,21700,16032,73.88
2026-06-21,2,TOY-03,Unit I,Weaving,Toyota,21700,19834,91.4
2026-06-21,2,TOY-04,Unit I,Weaving,Toyota,21700,21700,100.0
2026-06-21,2,TOY-05,Unit I,Weaving,Toyota,21700,20615,95.0
2026-06-21,2,TOY-06,Unit I,Weaving,Toyota,21700,21463,98.91
2026-06-21,2,TOY-07,Unit I,Weaving,Toyota,21700,19756,91.05
2026-06-21,2,TOY-08,Unit I,Weaving,Toyota,21700,16079,74.1
2026-06-21,2,TOY-09,Unit I,Weaving,Toyota,21700,21700,100.0
2026-06-21,2,TOY-10,Unit I,Weaving,Toyota,21700,19150,88.25
2026-06-21,2,TOY-11,Unit I,Weaving,Toyota,21700,20164,92.92
2026-06-21,2,TOY-12,Unit I,Weaving,Toyota,21700,20651,95.17
2026-06-21,2,TOY-13,Unit I,Weaving,Toyota,21700,20735,95.56
2026-06-21,2,TOY-14,Unit I,Weaving,Toyota,21700,20420,94.1
2026-06-21,2,TOY-15,Unit I,Weaving,Toyota,21700,21044,96.98
2026-06-21,2,TSU-01,Unit I,Weaving,Tsudakoma,15000,14769,98.46
2026-06-21,2,TSU-02,Unit I,Weaving,Tsudakoma,15000,14800,98.67
2026-06-21,2,TSU-03,Unit I,Weaving,Tsudakoma,15000,13510,90.07
2026-06-21,2,TSU-04,Unit I,Weaving,Tsudakoma,15000,14036,93.58
2026-06-21,2,TSU-05,Unit I,Weaving,Tsudakoma,15000,15000,100.0
2026-06-21,2,TSU-06,Unit I,Weaving,Tsudakoma,15000,14920,99.47
2026-06-21,2,TSU-07,Unit I,Weaving,Tsudakoma,15000,13220,88.14
2026-06-21,2,TSU-08,Unit I,Weaving,Tsudakoma,15000,14513,96.76
2026-06-21,2,TSU-09,Unit I,Weaving,Tsudakoma,15000,12766,85.11
2026-06-21,2,TSU-10,Unit I,Weaving,Tsudakoma,15000,14285,95.23
2026-06-21,2,SUL-01,Unit I,Weaving,Sulzer,2700,2700,100.0
2026-06-21,2,SUL-02,Unit I,Weaving,Sulzer,2700,2437,90.26
2026-06-21,2,SUL-03,Unit I,Weaving,Sulzer,2700,2452,90.83
2026-06-21,2,SUL-04,Unit I,Weaving,Sulzer,2700,2668,98.82
2026-06-21,2,SUL-05,Unit I,Weaving,Sulzer,2700,2356,87.29
2026-06-21,2,RF-01,Unit I,Spinning,RingFrame,2500,2295,91.84
2026-06-21,2,RF-02,Unit I,Spinning,RingFrame,2500,2449,97.98
2026-06-21,2,RF-03,Unit I,Spinning,RingFrame,2500,2295,91.83
2026-06-21,2,RF-04,Unit I,Spinning,RingFrame,2500,2345,93.82
2026-06-21,2,RF-05,Unit I,Spinning,RingFrame,2500,2468,98.72
2026-06-21,2,RF-06,Unit I,Spinning,RingFrame,2500,2427,97.11
2026-06-21,2,RF-07,Unit I,Spinning,RingFrame,2500,2408,96.33
2026-06-21,2,RF-08,Unit I,Spinning,RingFrame,2500,2332,93.3
2026-06-21,2,RF-09,Unit I,Spinning,RingFrame,2500,2421,96.85
2026-06-21,2,RF-10,Unit I,Spinning,RingFrame,2500,2359,94.38
2026-06-21,2,RF-11,Unit I,Spinning,RingFrame,2500,2007,80.29
2026-06-21,2,RF-12,Unit I,Spinning,RingFrame,2500,2312,92.52
2026-06-21,2,VTX-01,Unit I,Spinning,Vortex,4700,4422,94.09
2026-06-21,2,VTX-02,Unit I,Spinning,Vortex,4700,4232,90.05
2026-06-21,2,VTX-03,Unit I,Spinning,Vortex,4700,4456,94.82
2026-06-21,2,VTX-04,Unit I,Spinning,Vortex,4700,4274,90.94
2026-06-21,2,VTX-05,Unit I,Spinning,Vortex,4700,4203,89.43
2026-06-21,2,VTX-06,Unit I,Spinning,Vortex,4700,3726,79.29
2026-06-21,2,VTX-07,Unit I,Spinning,Vortex,4700,4514,96.06
2026-06-21,2,VTX-08,Unit I,Spinning,Vortex,4700,4648,98.91
2026-06-21,2,VTX-09,Unit I,Spinning,Vortex,4700,4363,92.84
2026-06-21,2,VTX-10,Unit I,Spinning,Vortex,4700,4560,97.04
2026-06-21,2,VTX-11,Unit I,Spinning,Vortex,4700,4594,97.75
2026-06-21,2,VTX-12,Unit I,Spinning,Vortex,4700,4569,97.22
2026-06-21,2,AJ-01,Unit I,Spinning,Airjet,3750,3407,90.87
2026-06-21,2,AJ-02,Unit I,Spinning,Airjet,3750,3590,95.75
2026-06-21,2,AJ-03,Unit I,Spinning,Airjet,3750,3630,96.82
2026-06-21,2,AJ-04,Unit I,Spinning,Airjet,3750,3563,95.04
2026-06-21,2,AJ-05,Unit I,Spinning,Airjet,3750,3171,84.57
2026-06-21,3,TOY-01,Unit I,Weaving,Toyota,21700,20789,95.8
2026-06-21,3,TOY-02,Unit I,Weaving,Toyota,21700,19326,89.06
2026-06-21,3,TOY-03,Unit I,Weaving,Toyota,21700,20224,93.2
2026-06-21,3,TOY-04,Unit I,Weaving,Toyota,21700,19825,91.36
2026-06-21,3,TOY-05,Unit I,Weaving,Toyota,21700,21020,96.87
2026-06-21,3,TOY-06,Unit I,Weaving,Toyota,21700,20953,96.56
2026-06-21,3,TOY-07,Unit I,Weaving,Toyota,21700,21700,100.0
2026-06-21,3,TOY-08,Unit I,Weaving,Toyota,21700,15561,71.71
2026-06-21,3,TOY-09,Unit I,Weaving,Toyota,21700,21408,98.66
2026-06-21,3,TOY-10,Unit I,Weaving,Toyota,21700,21255,97.95
2026-06-21,3,TOY-11,Unit I,Weaving,Toyota,21700,20460,94.29
2026-06-21,3,TOY-12,Unit I,Weaving,Toyota,21700,20982,96.69
2026-06-21,3,TOY-13,Unit I,Weaving,Toyota,21700,21700,100.0
2026-06-21,3,TOY-14,Unit I,Weaving,Toyota,21700,21561,99.36
2026-06-21,3,TOY-15,Unit I,Weaving,Toyota,21700,19374,89.28
2026-06-21,3,TSU-01,Unit I,Weaving,Tsudakoma,15000,14865,99.1
2026-06-21,3,TSU-02,Unit I,Weaving,Tsudakoma,15000,14201,94.68
2026-06-21,3,TSU-03,Unit I,Weaving,Tsudakoma,15000,14304,95.36
2026-06-21,3,TSU-04,Unit I,Weaving,Tsudakoma,15000,14304,95.37
2026-06-21,3,TSU-05,Unit I,Weaving,Tsudakoma,15000,14137,94.25
2026-06-21,3,TSU-06,Unit I,Weaving,Tsudakoma,15000,15000,100.0
2026-06-21,3,TSU-07,Unit I,Weaving,Tsudakoma,15000,14187,94.58
2026-06-21,3,TSU-08,Unit I,Weaving,Tsudakoma,15000,13410,89.4
2026-06-21,3,TSU-09,Unit I,Weaving,Tsudakoma,15000,13954,93.03
2026-06-21,3,TSU-10,Unit I,Weaving,Tsudakoma,15000,14384,95.89
2026-06-21,3,SUL-01,Unit I,Weaving,Sulzer,2700,2700,100.0
2026-06-21,3,SUL-02,Unit I,Weaving,Sulzer,2700,2646,98.02
2026-06-21,3,SUL-03,Unit I,Weaving,Sulzer,2700,2450,90.75
2026-06-21,3,SUL-04,Unit I,Weaving,Sulzer,2700,2700,100.0
2026-06-21,3,SUL-05,Unit I,Weaving,Sulzer,2700,2600,96.32
2026-06-21,3,RF-01,Unit I,Spinning,RingFrame,2500,2500,100.0
2026-06-21,3,RF-02,Unit I,Spinning,RingFrame,2500,2356,94.24
2026-06-21,3,RF-03,Unit I,Spinning,RingFrame,2500,2441,97.67
2026-06-21,3,RF-04,Unit I,Spinning,RingFrame,2500,2479,99.2
2026-06-21,3,RF-05,Unit I,Spinning,RingFrame,2500,2500,100.0
2026-06-21,3,RF-06,Unit I,Spinning,RingFrame,2500,2500,100.0
2026-06-21,3,RF-07,Unit I,Spinning,RingFrame,2500,2484,99.36
2026-06-21,3,RF-08,Unit I,Spinning,RingFrame,2500,2335,93.42
2026-06-21,3,RF-09,Unit I,Spinning,RingFrame,2500,2303,92.14
2026-06-21,3,RF-10,Unit I,Spinning,RingFrame,2500,2416,96.66
2026-06-21,3,RF-11,Unit I,Spinning,RingFrame,2500,2066,82.67
2026-06-21,3,RF-12,Unit I,Spinning,RingFrame,2500,2347,93.89
2026-06-21,3,VTX-01,Unit I,Spinning,Vortex,4700,4700,100.0
2026-06-21,3,VTX-02,Unit I,Spinning,Vortex,4700,4700,100.0
2026-06-21,3,VTX-03,Unit I,Spinning,Vortex,4700,4249,90.42
2026-06-21,3,VTX-04,Unit I,Spinning,Vortex,4700,4268,90.82
2026-06-21,3,VTX-05,Unit I,Spinning,Vortex,4700,4432,94.3
2026-06-21,3,VTX-06,Unit I,Spinning,Vortex,4700,3738,79.54
2026-06-21,3,VTX-07,Unit I,Spinning,Vortex,4700,4341,92.38
2026-06-21,3,VTX-08,Unit I,Spinning,Vortex,4700,4700,100.0
2026-06-21,3,VTX-09,Unit I,Spinning,Vortex,4700,4564,97.12
2026-06-21,3,VTX-10,Unit I,Spinning,Vortex,4700,4474,95.2
2026-06-21,3,VTX-11,Unit I,Spinning,Vortex,4700,4127,87.82
2026-06-21,3,VTX-12,Unit I,Spinning,Vortex,4700,4155,88.42
2026-06-21,3,AJ-01,Unit I,Spinning,Airjet,3750,3615,96.41
2026-06-21,3,AJ-02,Unit I,Spinning,Airjet,3750,3162,84.34
2026-06-21,3,AJ-03,Unit I,Spinning,Airjet,3750,3750,100.0
2026-06-21,3,AJ-04,Unit I,Spinning,Airjet,3750,3532,94.21
2026-06-21,3,AJ-05,Unit I,Spinning,Airjet,3750,3750,100.0
2026-06-22,1,TOY-01,Unit I,Weaving,Toyota,21700,21700,100.0
2026-06-22,1,TOY-02,Unit I,Weaving,Toyota,21700,16729,77.09
2026-06-22,1,TOY-03,Unit I,Weaving,Toyota,21700,20499,94.47
2026-06-22,1,TOY-04,Unit I,Weaving,Toyota,21700,21695,99.98
2026-06-22,1,TOY-05,Unit I,Weaving,Toyota,21700,21700,100.0
2026-06-22,1,TOY-06,Unit I,Weaving,Toyota,21700,18837,86.81
2026-06-22,1,TOY-07,Unit I,Weaving,Toyota,21700,18676,86.07
2026-06-22,1,TOY-08,Unit I,Weaving,Toyota,21700,16251,74.89
2026-06-22,1,TOY-09,Unit I,Weaving,Toyota,21700,21247,97.91
2026-06-22,1,TOY-10,Unit I,Weaving,Toyota,21700,21154,97.48
2026-06-22,1,TOY-11,Unit I,Weaving,Toyota,21700,21700,100.0
2026-06-22,1,TOY-12,Unit I,Weaving,Toyota,21700,19313,89.0
2026-06-22,1,TOY-13,Unit I,Weaving,Toyota,21700,18101,83.42
2026-06-22,1,TOY-14,Unit I,Weaving,Toyota,21700,21545,99.29
2026-06-22,1,TOY-15,Unit I,Weaving,Toyota,21700,19716,90.86
2026-06-22,1,TSU-01,Unit I,Weaving,Tsudakoma,15000,12736,84.91
2026-06-22,1,TSU-02,Unit I,Weaving,Tsudakoma,15000,14358,95.73
2026-06-22,1,TSU-03,Unit I,Weaving,Tsudakoma,15000,14844,98.97
2026-06-22,1,TSU-04,Unit I,Weaving,Tsudakoma,15000,14158,94.39
2026-06-22,1,TSU-05,Unit I,Weaving,Tsudakoma,15000,13906,92.71
2026-06-22,1,TSU-06,Unit I,Weaving,Tsudakoma,15000,14130,94.2
2026-06-22,1,TSU-07,Unit I,Weaving,Tsudakoma,15000,13972,93.15
2026-06-22,1,TSU-08,Unit I,Weaving,Tsudakoma,15000,13238,88.26
2026-06-22,1,TSU-09,Unit I,Weaving,Tsudakoma,15000,13713,91.43
2026-06-22,1,TSU-10,Unit I,Weaving,Tsudakoma,15000,14640,97.61
2026-06-22,1,SUL-01,Unit I,Weaving,Sulzer,2700,2608,96.61
2026-06-22,1,SUL-02,Unit I,Weaving,Sulzer,2700,2587,95.84
2026-06-22,1,SUL-03,Unit I,Weaving,Sulzer,2700,2430,90.02
2026-06-22,1,SUL-04,Unit I,Weaving,Sulzer,2700,2540,94.09
2026-06-22,1,SUL-05,Unit I,Weaving,Sulzer,2700,2271,84.11
2026-06-22,1,RF-01,Unit I,Spinning,RingFrame,2500,2397,95.89
2026-06-22,1,RF-02,Unit I,Spinning,RingFrame,2500,2500,100.0
2026-06-22,1,RF-03,Unit I,Spinning,RingFrame,2500,2190,87.63
2026-06-22,1,RF-04,Unit I,Spinning,RingFrame,2500,2301,92.07
2026-06-22,1,RF-05,Unit I,Spinning,RingFrame,2500,2416,96.65
2026-06-22,1,RF-06,Unit I,Spinning,RingFrame,2500,2500,100.0
2026-06-22,1,RF-07,Unit I,Spinning,RingFrame,2500,2318,92.76
2026-06-22,1,RF-08,Unit I,Spinning,RingFrame,2500,2288,91.54
2026-06-22,1,RF-09,Unit I,Spinning,RingFrame,2500,2128,85.16
2026-06-22,1,RF-10,Unit I,Spinning,RingFrame,2500,2387,95.52
2026-06-22,1,RF-11,Unit I,Spinning,RingFrame,2500,2205,88.21
2026-06-22,1,RF-12,Unit I,Spinning,RingFrame,2500,2409,96.39
2026-06-22,1,VTX-01,Unit I,Spinning,Vortex,4700,4459,94.89
2026-06-22,1,VTX-02,Unit I,Spinning,Vortex,4700,4540,96.61
2026-06-22,1,VTX-03,Unit I,Spinning,Vortex,4700,4462,94.94
2026-06-22,1,VTX-04,Unit I,Spinning,Vortex,4700,4273,90.93
2026-06-22,1,VTX-05,Unit I,Spinning,Vortex,4700,4658,99.12
2026-06-22,1,VTX-06,Unit I,Spinning,Vortex,4700,3719,79.13
2026-06-22,1,VTX-07,Unit I,Spinning,Vortex,4700,4469,95.09
2026-06-22,1,VTX-08,Unit I,Spinning,Vortex,4700,4235,90.12
2026-06-22,1,VTX-09,Unit I,Spinning,Vortex,4700,4700,100.0
2026-06-22,1,VTX-10,Unit I,Spinning,Vortex,4700,4621,98.32
2026-06-22,1,VTX-11,Unit I,Spinning,Vortex,4700,4335,92.24
2026-06-22,1,VTX-12,Unit I,Spinning,Vortex,4700,4700,100.0
2026-06-22,1,AJ-01,Unit I,Spinning,Airjet,3750,3469,92.51
2026-06-22,1,AJ-02,Unit I,Spinning,Airjet,3750,3415,91.09
2026-06-22,1,AJ-03,Unit I,Spinning,Airjet,3750,3420,91.2
2026-06-22,1,AJ-04,Unit I,Spinning,Airjet,3750,3230,86.14
2026-06-22,1,AJ-05,Unit I,Spinning,Airjet,3750,3650,97.36
2026-06-22,2,TOY-01,Unit I,Weaving,Toyota,21700,18628,85.84
2026-06-22,2,TOY-02,Unit I,Weaving,Toyota,21700,15593,71.86
2026-06-22,2,TOY-03,Unit I,Weaving,Toyota,21700,18362,84.62
2026-06-22,2,TOY-04,Unit I,Weaving,Toyota,21700,20521,94.57
2026-06-22,2,TOY-05,Unit I,Weaving,Toyota,21700,20451,94.25
2026-06-22,2,TOY-06,Unit I,Weaving,Toyota,21700,20260,93.37
2026-06-22,2,TOY-07,Unit I,Weaving,Toyota,21700,19483,89.79
2026-06-22,2,TOY-08,Unit I,Weaving,Toyota,21700,15654,72.14
2026-06-22,2,TOY-09,Unit I,Weaving,Toyota,21700,21118,97.32
2026-06-22,2,TOY-10,Unit I,Weaving,Toyota,21700,20017,92.25
2026-06-22,2,TOY-11,Unit I,Weaving,Toyota,21700,20958,96.58
2026-06-22,2,TOY-12,Unit I,Weaving,Toyota,21700,19654,90.57
2026-06-22,2,TOY-13,Unit I,Weaving,Toyota,21700,20811,95.91
2026-06-22,2,TOY-14,Unit I,Weaving,Toyota,21700,21700,100.0
2026-06-22,2,TOY-15,Unit I,Weaving,Toyota,21700,21250,97.93
2026-06-22,2,TSU-01,Unit I,Weaving,Tsudakoma,15000,13940,92.94
2026-06-22,2,TSU-02,Unit I,Weaving,Tsudakoma,15000,14442,96.29
2026-06-22,2,TSU-03,Unit I,Weaving,Tsudakoma,15000,14069,93.8
2026-06-22,2,TSU-04,Unit I,Weaving,Tsudakoma,15000,14255,95.04
2026-06-22,2,TSU-05,Unit I,Weaving,Tsudakoma,15000,14005,93.37
2026-06-22,2,TSU-06,Unit I,Weaving,Tsudakoma,15000,14126,94.18
2026-06-22,2,TSU-07,Unit I,Weaving,Tsudakoma,15000,14409,96.06
2026-06-22,2,TSU-08,Unit I,Weaving,Tsudakoma,15000,13504,90.03
2026-06-22,2,TSU-09,Unit I,Weaving,Tsudakoma,15000,13488,89.92
2026-06-22,2,TSU-10,Unit I,Weaving,Tsudakoma,15000,13208,88.06
2026-06-22,2,SUL-01,Unit I,Weaving,Sulzer,2700,2348,87.0
2026-06-22,2,SUL-02,Unit I,Weaving,Sulzer,2700,2400,88.91
2026-06-22,2,SUL-03,Unit I,Weaving,Sulzer,2700,2586,95.8
2026-06-22,2,SUL-04,Unit I,Weaving,Sulzer,2700,2444,90.54
2026-06-22,2,SUL-05,Unit I,Weaving,Sulzer,2700,2634,97.57
2026-06-22,2,RF-01,Unit I,Spinning,RingFrame,2500,2379,95.17
2026-06-22,2,RF-02,Unit I,Spinning,RingFrame,2500,2128,85.16
2026-06-22,2,RF-03,Unit I,Spinning,RingFrame,2500,2456,98.27
2026-06-22,2,RF-04,Unit I,Spinning,RingFrame,2500,2476,99.05
2026-06-22,2,RF-05,Unit I,Spinning,RingFrame,2500,2250,90.03
2026-06-22,2,RF-06,Unit I,Spinning,RingFrame,2500,2427,97.1
2026-06-22,2,RF-07,Unit I,Spinning,RingFrame,2500,2267,90.72
2026-06-22,2,RF-08,Unit I,Spinning,RingFrame,2500,2387,95.49
2026-06-22,2,RF-09,Unit I,Spinning,RingFrame,2500,2216,88.68
2026-06-22,2,RF-10,Unit I,Spinning,RingFrame,2500,2150,86.03
2026-06-22,2,RF-11,Unit I,Spinning,RingFrame,2500,1902,76.09
2026-06-22,2,RF-12,Unit I,Spinning,RingFrame,2500,2359,94.38
2026-06-22,2,VTX-01,Unit I,Spinning,Vortex,4700,4371,93.01
2026-06-22,2,VTX-02,Unit I,Spinning,Vortex,4700,4186,89.08
2026-06-22,2,VTX-03,Unit I,Spinning,Vortex,4700,4371,93.0
2026-06-22,2,VTX-04,Unit I,Spinning,Vortex,4700,4528,96.35
2026-06-22,2,VTX-05,Unit I,Spinning,Vortex,4700,4454,94.78
2026-06-22,2,VTX-06,Unit I,Spinning,Vortex,4700,3708,78.91
2026-06-22,2,VTX-07,Unit I,Spinning,Vortex,4700,4307,91.65
2026-06-22,2,VTX-08,Unit I,Spinning,Vortex,4700,4700,100.0
2026-06-22,2,VTX-09,Unit I,Spinning,Vortex,4700,4188,89.12
2026-06-22,2,VTX-10,Unit I,Spinning,Vortex,4700,4579,97.44
2026-06-22,2,VTX-11,Unit I,Spinning,Vortex,4700,4700,100.0
2026-06-22,2,VTX-12,Unit I,Spinning,Vortex,4700,4578,97.4
2026-06-22,2,AJ-01,Unit I,Spinning,Airjet,3750,3524,93.99
2026-06-22,2,AJ-02,Unit I,Spinning,Airjet,3750,3463,92.36
2026-06-22,2,AJ-03,Unit I,Spinning,Airjet,3750,3750,100.0
2026-06-22,2,AJ-04,Unit I,Spinning,Airjet,3750,3295,87.89
2026-06-22,2,AJ-05,Unit I,Spinning,Airjet,3750,3380,90.15
2026-06-22,3,TOY-01,Unit I,Weaving,Toyota,21700,20183,93.01
2026-06-22,3,TOY-02,Unit I,Weaving,Toyota,21700,18268,84.19
2026-06-22,3,TOY-03,Unit I,Weaving,Toyota,21700,21027,96.9
2026-06-22,3,TOY-04,Unit I,Weaving,Toyota,21700,19564,90.16
2026-06-22,3,TOY-05,Unit I,Weaving,Toyota,21700,20278,93.45
2026-06-22,3,TOY-06,Unit I,Weaving,Toyota,21700,19948,91.93
2026-06-22,3,TOY-07,Unit I,Weaving,Toyota,21700,19844,91.45
2026-06-22,3,TOY-08,Unit I,Weaving,Toyota,21700,17988,82.89
2026-06-22,3,TOY-09,Unit I,Weaving,Toyota,21700,19126,88.14
2026-06-22,3,TOY-10,Unit I,Weaving,Toyota,21700,21700,100.0
2026-06-22,3,TOY-11,Unit I,Weaving,Toyota,21700,21513,99.14
2026-06-22,3,TOY-12,Unit I,Weaving,Toyota,21700,21700,100.0
2026-06-22,3,TOY-13,Unit I,Weaving,Toyota,21700,20112,92.69
2026-06-22,3,TOY-14,Unit I,Weaving,Toyota,21700,20452,94.25
2026-06-22,3,TOY-15,Unit I,Weaving,Toyota,21700,19060,87.83
2026-06-22,3,TSU-01,Unit I,Weaving,Tsudakoma,15000,13856,92.38
2026-06-22,3,TSU-02,Unit I,Weaving,Tsudakoma,15000,14620,97.47
2026-06-22,3,TSU-03,Unit I,Weaving,Tsudakoma,15000,15000,100.0
2026-06-22,3,TSU-04,Unit I,Weaving,Tsudakoma,15000,13419,89.46
2026-06-22,3,TSU-05,Unit I,Weaving,Tsudakoma,15000,13975,93.17
2026-06-22,3,TSU-06,Unit I,Weaving,Tsudakoma,15000,14136,94.24
2026-06-22,3,TSU-07,Unit I,Weaving,Tsudakoma,15000,13203,88.02
2026-06-22,3,TSU-08,Unit I,Weaving,Tsudakoma,15000,14693,97.96
2026-06-22,3,TSU-09,Unit I,Weaving,Tsudakoma,15000,13707,91.38
2026-06-22,3,TSU-10,Unit I,Weaving,Tsudakoma,15000,14103,94.02
2026-06-22,3,SUL-01,Unit I,Weaving,Sulzer,2700,2503,92.74
2026-06-22,3,SUL-02,Unit I,Weaving,Sulzer,2700,2458,91.05
2026-06-22,3,SUL-03,Unit I,Weaving,Sulzer,2700,2564,94.96
2026-06-22,3,SUL-04,Unit I,Weaving,Sulzer,2700,2535,93.92
2026-06-22,3,SUL-05,Unit I,Weaving,Sulzer,2700,2514,93.14
2026-06-22,3,RF-01,Unit I,Spinning,RingFrame,2500,2283,91.36
2026-06-22,3,RF-02,Unit I,Spinning,RingFrame,2500,2414,96.6
2026-06-22,3,RF-03,Unit I,Spinning,RingFrame,2500,2500,100.0
2026-06-22,3,RF-04,Unit I,Spinning,RingFrame,2500,2392,95.7
2026-06-22,3,RF-05,Unit I,Spinning,RingFrame,2500,2499,99.98
2026-06-22,3,RF-06,Unit I,Spinning,RingFrame,2500,2201,88.05
2026-06-22,3,RF-07,Unit I,Spinning,RingFrame,2500,2394,95.79
2026-06-22,3,RF-08,Unit I,Spinning,RingFrame,2500,2237,89.51
2026-06-22,3,RF-09,Unit I,Spinning,RingFrame,2500,2190,87.62
2026-06-22,3,RF-10,Unit I,Spinning,RingFrame,2500,2282,91.3
2026-06-22,3,RF-11,Unit I,Spinning,RingFrame,2500,2098,83.96
2026-06-22,3,RF-12,Unit I,Spinning,RingFrame,2500,2493,99.75
2026-06-22,3,VTX-01,Unit I,Spinning,Vortex,4700,4522,96.22
2026-06-22,3,VTX-02,Unit I,Spinning,Vortex,4700,4104,87.34
2026-06-22,3,VTX-03,Unit I,Spinning,Vortex,4700,4418,94.02
2026-06-22,3,VTX-04,Unit I,Spinning,Vortex,4700,4535,96.51
2026-06-22,3,VTX-05,Unit I,Spinning,Vortex,4700,4506,95.88
2026-06-22,3,VTX-06,Unit I,Spinning,Vortex,4700,3232,68.78
2026-06-22,3,VTX-07,Unit I,Spinning,Vortex,4700,4255,90.55
2026-06-22,3,VTX-08,Unit I,Spinning,Vortex,4700,4449,94.68
2026-06-22,3,VTX-09,Unit I,Spinning,Vortex,4700,4591,97.68
2026-06-22,3,VTX-10,Unit I,Spinning,Vortex,4700,3948,84.02
2026-06-22,3,VTX-11,Unit I,Spinning,Vortex,4700,4426,94.19
2026-06-22,3,VTX-12,Unit I,Spinning,Vortex,4700,4498,95.72
2026-06-22,3,AJ-01,Unit I,Spinning,Airjet,3750,3721,99.25
2026-06-22,3,AJ-02,Unit I,Spinning,Airjet,3750,3692,98.46
2026-06-22,3,AJ-03,Unit I,Spinning,Airjet,3750,3671,97.91
2026-06-22,3,AJ-04,Unit I,Spinning,Airjet,3750,3412,91.0
2026-06-22,3,AJ-05,Unit I,Spinning,Airjet,3750,3204,85.46
2026-06-23,1,TOY-01,Unit I,Weaving,Toyota,21700,20188,93.03
2026-06-23,1,TOY-02,Unit I,Weaving,Toyota,21700,18012,83.01
2026-06-23,1,TOY-03,Unit I,Weaving,Toyota,21700,21700,100.0
2026-06-23,1,TOY-04,Unit I,Weaving,Toyota,21700,21385,98.55
2026-06-23,1,TOY-05,Unit I,Weaving,Toyota,21700,21080,97.15
2026-06-23,1,TOY-06,Unit I,Weaving,Toyota,21700,21026,96.9
2026-06-23,1,TOY-07,Unit I,Weaving,Toyota,21700,20011,92.22
2026-06-23,1,TOY-08,Unit I,Weaving,Toyota,21700,16784,77.35
2026-06-23,1,TOY-09,Unit I,Weaving,Toyota,21700,21700,100.0
2026-06-23,1,TOY-10,Unit I,Weaving,Toyota,21700,19592,90.29
2026-06-23,1,TOY-11,Unit I,Weaving,Toyota,21700,21700,100.0
2026-06-23,1,TOY-12,Unit I,Weaving,Toyota,21700,20265,93.39
2026-06-23,1,TOY-13,Unit I,Weaving,Toyota,21700,21700,100.0
2026-06-23,1,TOY-14,Unit I,Weaving,Toyota,21700,19088,87.97
2026-06-23,1,TOY-15,Unit I,Weaving,Toyota,21700,21250,97.93
2026-06-23,1,TSU-01,Unit I,Weaving,Tsudakoma,15000,13697,91.32
2026-06-23,1,TSU-02,Unit I,Weaving,Tsudakoma,15000,13188,87.92
2026-06-23,1,TSU-03,Unit I,Weaving,Tsudakoma,15000,14413,96.09
2026-06-23,1,TSU-04,Unit I,Weaving,Tsudakoma,15000,15000,100.0
2026-06-23,1,TSU-05,Unit I,Weaving,Tsudakoma,15000,13616,90.78
2026-06-23,1,TSU-06,Unit I,Weaving,Tsudakoma,15000,13125,87.5
2026-06-23,1,TSU-07,Unit I,Weaving,Tsudakoma,15000,14181,94.54
2026-06-23,1,TSU-08,Unit I,Weaving,Tsudakoma,15000,14184,94.56
2026-06-23,1,TSU-09,Unit I,Weaving,Tsudakoma,15000,14661,97.74
2026-06-23,1,TSU-10,Unit I,Weaving,Tsudakoma,15000,14962,99.75
2026-06-23,1,SUL-01,Unit I,Weaving,Sulzer,2700,2556,94.7
2026-06-23,1,SUL-02,Unit I,Weaving,Sulzer,2700,2700,100.0
2026-06-23,1,SUL-03,Unit I,Weaving,Sulzer,2700,2595,96.12
2026-06-23,1,SUL-04,Unit I,Weaving,Sulzer,2700,2518,93.27
2026-06-23,1,SUL-05,Unit I,Weaving,Sulzer,2700,2347,86.94
2026-06-23,1,RF-01,Unit I,Spinning,RingFrame,2500,2342,93.69
2026-06-23,1,RF-02,Unit I,Spinning,RingFrame,2500,2332,93.32
2026-06-23,1,RF-03,Unit I,Spinning,RingFrame,2500,2495,99.8
2026-06-23,1,RF-04,Unit I,Spinning,RingFrame,2500,2432,97.31
2026-06-23,1,RF-05,Unit I,Spinning,RingFrame,2500,2227,89.1
2026-06-23,1,RF-06,Unit I,Spinning,RingFrame,2500,2396,95.86
2026-06-23,1,RF-07,Unit I,Spinning,RingFrame,2500,2458,98.36
2026-06-23,1,RF-08,Unit I,Spinning,RingFrame,2500,2500,100.0
2026-06-23,1,RF-09,Unit I,Spinning,RingFrame,2500,2485,99.44
2026-06-23,1,RF-10,Unit I,Spinning,RingFrame,2500,2470,98.8
2026-06-23,1,RF-11,Unit I,Spinning,RingFrame,2500,1957,78.3
2026-06-23,1,RF-12,Unit I,Spinning,RingFrame,2500,2423,96.94
2026-06-23,1,VTX-01,Unit I,Spinning,Vortex,4700,4700,100.0
2026-06-23,1,VTX-02,Unit I,Spinning,Vortex,4700,4151,88.34
2026-06-23,1,VTX-03,Unit I,Spinning,Vortex,4700,4382,93.25
2026-06-23,1,VTX-04,Unit I,Spinning,Vortex,4700,4283,91.14
2026-06-23,1,VTX-05,Unit I,Spinning,Vortex,4700,4554,96.9
2026-06-23,1,VTX-06,Unit I,Spinning,Vortex,4700,3955,84.15
2026-06-23,1,VTX-07,Unit I,Spinning,Vortex,4700,4324,92.02
2026-06-23,1,VTX-08,Unit I,Spinning,Vortex,4700,3903,83.05
2026-06-23,1,VTX-09,Unit I,Spinning,Vortex,4700,4368,92.94
2026-06-23,1,VTX-10,Unit I,Spinning,Vortex,4700,4679,99.57
2026-06-23,1,VTX-11,Unit I,Spinning,Vortex,4700,4591,97.69
2026-06-23,1,VTX-12,Unit I,Spinning,Vortex,4700,4565,97.14
2026-06-23,1,AJ-01,Unit I,Spinning,Airjet,3750,3510,93.6
2026-06-23,1,AJ-02,Unit I,Spinning,Airjet,3750,3322,88.6
2026-06-23,1,AJ-03,Unit I,Spinning,Airjet,3750,3659,97.58
2026-06-23,1,AJ-04,Unit I,Spinning,Airjet,3750,3406,90.83
2026-06-23,1,AJ-05,Unit I,Spinning,Airjet,3750,3750,100.0
2026-06-23,2,TOY-01,Unit I,Weaving,Toyota,21700,21234,97.85
2026-06-23,2,TOY-02,Unit I,Weaving,Toyota,21700,16295,75.1
2026-06-23,2,TOY-03,Unit I,Weaving,Toyota,21700,19951,91.94
2026-06-23,2,TOY-04,Unit I,Weaving,Toyota,21700,20514,94.54
2026-06-23,2,TOY-05,Unit I,Weaving,Toyota,21700,20355,93.8
2026-06-23,2,TOY-06,Unit I,Weaving,Toyota,21700,21700,100.0
2026-06-23,2,TOY-07,Unit I,Weaving,Toyota,21700,20817,95.93
2026-06-23,2,TOY-08,Unit I,Weaving,Toyota,21700,16132,74.34
2026-06-23,2,TOY-09,Unit I,Weaving,Toyota,21700,21700,100.0
2026-06-23,2,TOY-10,Unit I,Weaving,Toyota,21700,20668,95.25
2026-06-23,2,TOY-11,Unit I,Weaving,Toyota,21700,21449,98.84
2026-06-23,2,TOY-12,Unit I,Weaving,Toyota,21700,19955,91.96
2026-06-23,2,TOY-13,Unit I,Weaving,Toyota,21700,21008,96.82
2026-06-23,2,TOY-14,Unit I,Weaving,Toyota,21700,20952,96.56
2026-06-23,2,TOY-15,Unit I,Weaving,Toyota,21700,18564,85.55
2026-06-23,2,TSU-01,Unit I,Weaving,Tsudakoma,15000,15000,100.0
2026-06-23,2,TSU-02,Unit I,Weaving,Tsudakoma,15000,15000,100.0
2026-06-23,2,TSU-03,Unit I,Weaving,Tsudakoma,15000,13952,93.01
2026-06-23,2,TSU-04,Unit I,Weaving,Tsudakoma,15000,13423,89.49
2026-06-23,2,TSU-05,Unit I,Weaving,Tsudakoma,15000,14510,96.74
2026-06-23,2,TSU-06,Unit I,Weaving,Tsudakoma,15000,14315,95.43
2026-06-23,2,TSU-07,Unit I,Weaving,Tsudakoma,15000,14516,96.78
2026-06-23,2,TSU-08,Unit I,Weaving,Tsudakoma,15000,14393,95.96
2026-06-23,2,TSU-09,Unit I,Weaving,Tsudakoma,15000,14629,97.53
2026-06-23,2,TSU-10,Unit I,Weaving,Tsudakoma,15000,15000,100.0
2026-06-23,2,SUL-01,Unit I,Weaving,Sulzer,2700,2641,97.84
2026-06-23,2,SUL-02,Unit I,Weaving,Sulzer,2700,2423,89.75
2026-06-23,2,SUL-03,Unit I,Weaving,Sulzer,2700,2700,100.0
2026-06-23,2,SUL-04,Unit I,Weaving,Sulzer,2700,2700,100.0
2026-06-23,2,SUL-05,Unit I,Weaving,Sulzer,2700,2700,100.0
2026-06-23,2,RF-01,Unit I,Spinning,RingFrame,2500,2234,89.38
2026-06-23,2,RF-02,Unit I,Spinning,RingFrame,2500,2405,96.21
2026-06-23,2,RF-03,Unit I,Spinning,RingFrame,2500,2114,84.59
2026-06-23,2,RF-04,Unit I,Spinning,RingFrame,2500,2444,97.77
2026-06-23,2,RF-05,Unit I,Spinning,RingFrame,2500,2306,92.26
2026-06-23,2,RF-06,Unit I,Spinning,RingFrame,2500,2500,100.0
2026-06-23,2,RF-07,Unit I,Spinning,RingFrame,2500,2278,91.13
2026-06-23,2,RF-08,Unit I,Spinning,RingFrame,2500,2163,86.55
2026-06-23,2,RF-09,Unit I,Spinning,RingFrame,2500,2316,92.64
2026-06-23,2,RF-10,Unit I,Spinning,RingFrame,2500,2128,85.12
2026-06-23,2,RF-11,Unit I,Spinning,RingFrame,2500,2043,81.76
2026-06-23,2,RF-12,Unit I,Spinning,RingFrame,2500,2116,84.67
2026-06-23,2,VTX-01,Unit I,Spinning,Vortex,4700,4471,95.14
2026-06-23,2,VTX-02,Unit I,Spinning,Vortex,4700,3976,84.61
2026-06-23,2,VTX-03,Unit I,Spinning,Vortex,4700,4389,93.4
2026-06-23,2,VTX-04,Unit I,Spinning,Vortex,4700,4700,100.0
2026-06-23,2,VTX-05,Unit I,Spinning,Vortex,4700,4549,96.8
2026-06-23,2,VTX-06,Unit I,Spinning,Vortex,4700,3463,73.68
2026-06-23,2,VTX-07,Unit I,Spinning,Vortex,4700,4457,94.84
2026-06-23,2,VTX-08,Unit I,Spinning,Vortex,4700,4469,95.09
2026-06-23,2,VTX-09,Unit I,Spinning,Vortex,4700,4576,97.36
2026-06-23,2,VTX-10,Unit I,Spinning,Vortex,4700,4143,88.17
2026-06-23,2,VTX-11,Unit I,Spinning,Vortex,4700,4604,97.96
2026-06-23,2,VTX-12,Unit I,Spinning,Vortex,4700,3829,81.48
2026-06-23,2,AJ-01,Unit I,Spinning,Airjet,3750,3444,91.85
2026-06-23,2,AJ-02,Unit I,Spinning,Airjet,3750,3470,92.56
2026-06-23,2,AJ-03,Unit I,Spinning,Airjet,3750,3681,98.17
2026-06-23,2,AJ-04,Unit I,Spinning,Airjet,3750,3566,95.11
2026-06-23,2,AJ-05,Unit I,Spinning,Airjet,3750,3298,87.97
2026-06-23,3,TOY-01,Unit I,Weaving,Toyota,21700,19546,90.08
2026-06-23,3,TOY-02,Unit I,Weaving,Toyota,21700,17141,78.99
2026-06-23,3,TOY-03,Unit I,Weaving,Toyota,21700,20529,94.6
2026-06-23,3,TOY-04,Unit I,Weaving,Toyota,21700,19986,92.1
2026-06-23,3,TOY-05,Unit I,Weaving,Toyota,21700,20093,92.6
2026-06-23,3,TOY-06,Unit I,Weaving,Toyota,21700,21370,98.48
2026-06-23,3,TOY-07,Unit I,Weaving,Toyota,21700,20053,92.41
2026-06-23,3,TOY-08,Unit I,Weaving,Toyota,21700,16830,77.56
2026-06-23,3,TOY-09,Unit I,Weaving,Toyota,21700,21700,100.0
2026-06-23,3,TOY-10,Unit I,Weaving,Toyota,21700,19070,87.88
2026-06-23,3,TOY-11,Unit I,Weaving,Toyota,21700,18605,85.74
2026-06-23,3,TOY-12,Unit I,Weaving,Toyota,21700,21465,98.92
2026-06-23,3,TOY-13,Unit I,Weaving,Toyota,21700,19878,91.61
2026-06-23,3,TOY-14,Unit I,Weaving,Toyota,21700,20269,93.41
2026-06-23,3,TOY-15,Unit I,Weaving,Toyota,21700,19767,91.09
2026-06-23,3,TSU-01,Unit I,Weaving,Tsudakoma,15000,14055,93.7
2026-06-23,3,TSU-02,Unit I,Weaving,Tsudakoma,15000,15000,100.0
2026-06-23,3,TSU-03,Unit I,Weaving,Tsudakoma,15000,14851,99.01
2026-06-23,3,TSU-04,Unit I,Weaving,Tsudakoma,15000,14896,99.31
2026-06-23,3,TSU-05,Unit I,Weaving,Tsudakoma,15000,13187,87.92
2026-06-23,3,TSU-06,Unit I,Weaving,Tsudakoma,15000,13386,89.24
2026-06-23,3,TSU-07,Unit I,Weaving,Tsudakoma,15000,12120,80.8
2026-06-23,3,TSU-08,Unit I,Weaving,Tsudakoma,15000,13642,90.95
2026-06-23,3,TSU-09,Unit I,Weaving,Tsudakoma,15000,14967,99.78
2026-06-23,3,TSU-10,Unit I,Weaving,Tsudakoma,15000,14637,97.58
2026-06-23,3,SUL-01,Unit I,Weaving,Sulzer,2700,2535,93.89
2026-06-23,3,SUL-02,Unit I,Weaving,Sulzer,2700,2561,94.89
2026-06-23,3,SUL-03,Unit I,Weaving,Sulzer,2700,2472,91.56
2026-06-23,3,SUL-04,Unit I,Weaving,Sulzer,2700,2592,96.02
2026-06-23,3,SUL-05,Unit I,Weaving,Sulzer,2700,2668,98.83
2026-06-23,3,RF-01,Unit I,Spinning,RingFrame,2500,2173,86.92
2026-06-23,3,RF-02,Unit I,Spinning,RingFrame,2500,2412,96.5
2026-06-23,3,RF-03,Unit I,Spinning,RingFrame,2500,2491,99.66
2026-06-23,3,RF-04,Unit I,Spinning,RingFrame,2500,2323,92.92
2026-06-23,3,RF-05,Unit I,Spinning,RingFrame,2500,2462,98.5
2026-06-23,3,RF-06,Unit I,Spinning,RingFrame,2500,2500,100.0
2026-06-23,3,RF-07,Unit I,Spinning,RingFrame,2500,2361,94.48
2026-06-23,3,RF-08,Unit I,Spinning,RingFrame,2500,2424,96.97
2026-06-23,3,RF-09,Unit I,Spinning,RingFrame,2500,2282,91.31
2026-06-23,3,RF-10,Unit I,Spinning,RingFrame,2500,2397,95.91
2026-06-23,3,RF-11,Unit I,Spinning,RingFrame,2500,2007,80.3
2026-06-23,3,RF-12,Unit I,Spinning,RingFrame,2500,2399,95.97
2026-06-23,3,VTX-01,Unit I,Spinning,Vortex,4700,4225,89.9
2026-06-23,3,VTX-02,Unit I,Spinning,Vortex,4700,4513,96.03
2026-06-23,3,VTX-03,Unit I,Spinning,Vortex,4700,4700,100.0
2026-06-23,3,VTX-04,Unit I,Spinning,Vortex,4700,4570,97.24
2026-06-23,3,VTX-05,Unit I,Spinning,Vortex,4700,4691,99.81
2026-06-23,3,VTX-06,Unit I,Spinning,Vortex,4700,3610,76.81
2026-06-23,3,VTX-07,Unit I,Spinning,Vortex,4700,4641,98.75
2026-06-23,3,VTX-08,Unit I,Spinning,Vortex,4700,4530,96.4
2026-06-23,3,VTX-09,Unit I,Spinning,Vortex,4700,4241,90.25
2026-06-23,3,VTX-10,Unit I,Spinning,Vortex,4700,4539,96.59
2026-06-23,3,VTX-11,Unit I,Spinning,Vortex,4700,4231,90.04
2026-06-23,3,VTX-12,Unit I,Spinning,Vortex,4700,4316,91.84
2026-06-23,3,AJ-01,Unit I,Spinning,Airjet,3750,3597,95.95
2026-06-23,3,AJ-02,Unit I,Spinning,Airjet,3750,3618,96.49
2026-06-23,3,AJ-03,Unit I,Spinning,Airjet,3750,3339,89.05
2026-06-23,3,AJ-04,Unit I,Spinning,Airjet,3750,3750,100.0
2026-06-23,3,AJ-05,Unit I,Spinning,Airjet,3750,3669,97.86
2026-06-24,1,TOY-01,Unit I,Weaving,Toyota,21700,19850,91.48
2026-06-24,1,TOY-02,Unit I,Weaving,Toyota,21700,15257,70.31
2026-06-24,1,TOY-03,Unit I,Weaving,Toyota,21700,20457,94.28
2026-06-24,1,TOY-04,Unit I,Weaving,Toyota,21700,20131,92.77
2026-06-24,1,TOY-05,Unit I,Weaving,Toyota,21700,20737,95.57
2026-06-24,1,TOY-06,Unit I,Weaving,Toyota,21700,20221,93.18
2026-06-24,1,TOY-07,Unit I,Weaving,Toyota,21700,18436,84.96
2026-06-24,1,TOY-08,Unit I,Weaving,Toyota,21700,16504,76.06
2026-06-24,1,TOY-09,Unit I,Weaving,Toyota,21700,20283,93.47
2026-06-24,1,TOY-10,Unit I,Weaving,Toyota,21700,21302,98.17
2026-06-24,1,TOY-11,Unit I,Weaving,Toyota,21700,19857,91.51
2026-06-24,1,TOY-12,Unit I,Weaving,Toyota,21700,21700,100.0
2026-06-24,1,TOY-13,Unit I,Weaving,Toyota,21700,18540,85.44
2026-06-24,1,TOY-14,Unit I,Weaving,Toyota,21700,21700,100.0
2026-06-24,1,TOY-15,Unit I,Weaving,Toyota,21700,20371,93.88
2026-06-24,1,TSU-01,Unit I,Weaving,Tsudakoma,15000,14894,99.3
2026-06-24,1,TSU-02,Unit I,Weaving,Tsudakoma,15000,14309,95.4
2026-06-24,1,TSU-03,Unit I,Weaving,Tsudakoma,15000,15000,100.0
2026-06-24,1,TSU-04,Unit I,Weaving,Tsudakoma,15000,13959,93.06
2026-06-24,1,TSU-05,Unit I,Weaving,Tsudakoma,15000,13426,89.51
2026-06-24,1,TSU-06,Unit I,Weaving,Tsudakoma,15000,15000,100.0
2026-06-24,1,TSU-07,Unit I,Weaving,Tsudakoma,15000,14164,94.43
2026-06-24,1,TSU-08,Unit I,Weaving,Tsudakoma,15000,14416,96.11
2026-06-24,1,TSU-09,Unit I,Weaving,Tsudakoma,15000,15000,100.0
2026-06-24,1,TSU-10,Unit I,Weaving,Tsudakoma,15000,13476,89.84
2026-06-24,1,SUL-01,Unit I,Weaving,Sulzer,2700,2645,97.98
2026-06-24,1,SUL-02,Unit I,Weaving,Sulzer,2700,2485,92.05
2026-06-24,1,SUL-03,Unit I,Weaving,Sulzer,2700,2547,94.34
2026-06-24,1,SUL-04,Unit I,Weaving,Sulzer,2700,2574,95.36
2026-06-24,1,SUL-05,Unit I,Weaving,Sulzer,2700,2362,87.5
2026-06-24,1,RF-01,Unit I,Spinning,RingFrame,2500,2277,91.11
2026-06-24,1,RF-02,Unit I,Spinning,RingFrame,2500,2500,100.0
2026-06-24,1,RF-03,Unit I,Spinning,RingFrame,2500,2485,99.43
2026-06-24,1,RF-04,Unit I,Spinning,RingFrame,2500,2367,94.69
2026-06-24,1,RF-05,Unit I,Spinning,RingFrame,2500,2405,96.22
2026-06-24,1,RF-06,Unit I,Spinning,RingFrame,2500,2338,93.53
2026-06-24,1,RF-07,Unit I,Spinning,RingFrame,2500,2500,100.0
2026-06-24,1,RF-08,Unit I,Spinning,RingFrame,2500,2349,94.0
2026-06-24,1,RF-09,Unit I,Spinning,RingFrame,2500,2403,96.16
2026-06-24,1,RF-10,Unit I,Spinning,RingFrame,2500,2500,100.0
2026-06-24,1,RF-11,Unit I,Spinning,RingFrame,2500,1852,74.11
2026-06-24,1,RF-12,Unit I,Spinning,RingFrame,2500,2500,100.0
2026-06-24,1,VTX-01,Unit I,Spinning,Vortex,4700,4105,87.35
2026-06-24,1,VTX-02,Unit I,Spinning,Vortex,4700,4700,100.0
2026-06-24,1,VTX-03,Unit I,Spinning,Vortex,4700,4377,93.14
2026-06-24,1,VTX-04,Unit I,Spinning,Vortex,4700,4407,93.79
2026-06-24,1,VTX-05,Unit I,Spinning,Vortex,4700,4020,85.55
2026-06-24,1,VTX-06,Unit I,Spinning,Vortex,4700,3559,75.73
2026-06-24,1,VTX-07,Unit I,Spinning,Vortex,4700,4220,89.8
2026-06-24,1,VTX-08,Unit I,Spinning,Vortex,4700,4322,91.96
2026-06-24,1,VTX-09,Unit I,Spinning,Vortex,4700,4432,94.31
2026-06-24,1,VTX-10,Unit I,Spinning,Vortex,4700,4690,99.79
2026-06-24,1,VTX-11,Unit I,Spinning,Vortex,4700,4513,96.04
2026-06-24,1,VTX-12,Unit I,Spinning,Vortex,4700,4537,96.54
2026-06-24,1,AJ-01,Unit I,Spinning,Airjet,3750,3357,89.52
2026-06-24,1,AJ-02,Unit I,Spinning,Airjet,3750,3397,90.6
2026-06-24,1,AJ-03,Unit I,Spinning,Airjet,3750,3750,100.0
2026-06-24,1,AJ-04,Unit I,Spinning,Airjet,3750,3424,91.32
2026-06-24,1,AJ-05,Unit I,Spinning,Airjet,3750,3750,100.0
2026-06-24,2,TOY-01,Unit I,Weaving,Toyota,21700,20351,93.78
2026-06-24,2,TOY-02,Unit I,Weaving,Toyota,21700,16928,78.01
2026-06-24,2,TOY-03,Unit I,Weaving,Toyota,21700,21700,100.0
2026-06-24,2,TOY-04,Unit I,Weaving,Toyota,21700,21700,100.0
2026-06-24,2,TOY-05,Unit I,Weaving,Toyota,21700,20494,94.45
2026-06-24,2,TOY-06,Unit I,Weaving,Toyota,21700,20193,93.06
2026-06-24,2,TOY-07,Unit I,Weaving,Toyota,21700,20554,94.72
2026-06-24,2,TOY-08,Unit I,Weaving,Toyota,21700,17292,79.69
2026-06-24,2,TOY-09,Unit I,Weaving,Toyota,21700,21582,99.46
2026-06-24,2,TOY-10,Unit I,Weaving,Toyota,21700,20619,95.02
2026-06-24,2,TOY-11,Unit I,Weaving,Toyota,21700,21286,98.09
2026-06-24,2,TOY-12,Unit I,Weaving,Toyota,21700,21700,100.0
2026-06-24,2,TOY-13,Unit I,Weaving,Toyota,21700,21028,96.91
2026-06-24,2,TOY-14,Unit I,Weaving,Toyota,21700,20953,96.56
2026-06-24,2,TOY-15,Unit I,Weaving,Toyota,21700,18966,87.41
2026-06-24,2,TSU-01,Unit I,Weaving,Tsudakoma,15000,12276,81.85
2026-06-24,2,TSU-02,Unit I,Weaving,Tsudakoma,15000,14541,96.94
2026-06-24,2,TSU-03,Unit I,Weaving,Tsudakoma,15000,14178,94.53
2026-06-24,2,TSU-04,Unit I,Weaving,Tsudakoma,15000,13863,92.43
2026-06-24,2,TSU-05,Unit I,Weaving,Tsudakoma,15000,14432,96.22
2026-06-24,2,TSU-06,Unit I,Weaving,Tsudakoma,15000,14204,94.7
2026-06-24,2,TSU-07,Unit I,Weaving,Tsudakoma,15000,15000,100.0
2026-06-24,2,TSU-08,Unit I,Weaving,Tsudakoma,15000,14314,95.43
2026-06-24,2,TSU-09,Unit I,Weaving,Tsudakoma,15000,13689,91.27
2026-06-24,2,TSU-10,Unit I,Weaving,Tsudakoma,15000,14992,99.95
2026-06-24,2,SUL-01,Unit I,Weaving,Sulzer,2700,2535,93.91
2026-06-24,2,SUL-02,Unit I,Weaving,Sulzer,2700,2636,97.63
2026-06-24,2,SUL-03,Unit I,Weaving,Sulzer,2700,2500,92.61
2026-06-24,2,SUL-04,Unit I,Weaving,Sulzer,2700,2477,91.75
2026-06-24,2,SUL-05,Unit I,Weaving,Sulzer,2700,2576,95.42
2026-06-24,2,RF-01,Unit I,Spinning,RingFrame,2500,2376,95.06
2026-06-24,2,RF-02,Unit I,Spinning,RingFrame,2500,2434,97.4
2026-06-24,2,RF-03,Unit I,Spinning,RingFrame,2500,2341,93.66
2026-06-24,2,RF-04,Unit I,Spinning,RingFrame,2500,2145,85.82
2026-06-24,2,RF-05,Unit I,Spinning,RingFrame,2500,2320,92.84
2026-06-24,2,RF-06,Unit I,Spinning,RingFrame,2500,2474,98.97
2026-06-24,2,RF-07,Unit I,Spinning,RingFrame,2500,2337,93.51
2026-06-24,2,RF-08,Unit I,Spinning,RingFrame,2500,2344,93.77
2026-06-24,2,RF-09,Unit I,Spinning,RingFrame,2500,2498,99.93
2026-06-24,2,RF-10,Unit I,Spinning,RingFrame,2500,2286,91.44
2026-06-24,2,RF-11,Unit I,Spinning,RingFrame,2500,1757,70.29
2026-06-24,2,RF-12,Unit I,Spinning,RingFrame,2500,2354,94.2
2026-06-24,2,VTX-01,Unit I,Spinning,Vortex,4700,4351,92.58
2026-06-24,2,VTX-02,Unit I,Spinning,Vortex,4700,4237,90.17
2026-06-24,2,VTX-03,Unit I,Spinning,Vortex,4700,4423,94.12
2026-06-24,2,VTX-04,Unit I,Spinning,Vortex,4700,4580,97.46
2026-06-24,2,VTX-05,Unit I,Spinning,Vortex,4700,4462,94.95
2026-06-24,2,VTX-06,Unit I,Spinning,Vortex,4700,3738,79.53
2026-06-24,2,VTX-07,Unit I,Spinning,Vortex,4700,4700,100.0
2026-06-24,2,VTX-08,Unit I,Spinning,Vortex,4700,4384,93.29
2026-06-24,2,VTX-09,Unit I,Spinning,Vortex,4700,4530,96.39
2026-06-24,2,VTX-10,Unit I,Spinning,Vortex,4700,4345,92.45
2026-06-24,2,VTX-11,Unit I,Spinning,Vortex,4700,4266,90.77
2026-06-24,2,VTX-12,Unit I,Spinning,Vortex,4700,4327,92.08
2026-06-24,2,AJ-01,Unit I,Spinning,Airjet,3750,3472,92.61
2026-06-24,2,AJ-02,Unit I,Spinning,Airjet,3750,3629,96.8
2026-06-24,2,AJ-03,Unit I,Spinning,Airjet,3750,3750,100.0
2026-06-24,2,AJ-04,Unit I,Spinning,Airjet,3750,3428,91.42
2026-06-24,2,AJ-05,Unit I,Spinning,Airjet,3750,3484,92.92
2026-06-24,3,TOY-01,Unit I,Weaving,Toyota,21700,20546,94.68
2026-06-24,3,TOY-02,Unit I,Weaving,Toyota,21700,17355,79.98
2026-06-24,3,TOY-03,Unit I,Weaving,Toyota,21700,20900,96.32
2026-06-24,3,TOY-04,Unit I,Weaving,Toyota,21700,21700,100.0
2026-06-24,3,TOY-05,Unit I,Weaving,Toyota,21700,17982,82.87
2026-06-24,3,TOY-06,Unit I,Weaving,Toyota,21700,18025,83.07
2026-06-24,3,TOY-07,Unit I,Weaving,Toyota,21700,20076,92.52
2026-06-24,3,TOY-08,Unit I,Weaving,Toyota,21700,18116,83.49
2026-06-24,3,TOY-09,Unit I,Weaving,Toyota,21700,18916,87.17
2026-06-24,3,TOY-10,Unit I,Weaving,Toyota,21700,17351,79.96
2026-06-24,3,TOY-11,Unit I,Weaving,Toyota,21700,21234,97.86
2026-06-24,3,TOY-12,Unit I,Weaving,Toyota,21700,20879,96.22
2026-06-24,3,TOY-13,Unit I,Weaving,Toyota,21700,19432,89.55
2026-06-24,3,TOY-14,Unit I,Weaving,Toyota,21700,19545,90.07
2026-06-24,3,TOY-15,Unit I,Weaving,Toyota,21700,19562,90.15
2026-06-24,3,TSU-01,Unit I,Weaving,Tsudakoma,15000,14332,95.55
2026-06-24,3,TSU-02,Unit I,Weaving,Tsudakoma,15000,13780,91.87
2026-06-24,3,TSU-03,Unit I,Weaving,Tsudakoma,15000,14620,97.47
2026-06-24,3,TSU-04,Unit I,Weaving,Tsudakoma,15000,12109,80.73
2026-06-24,3,TSU-05,Unit I,Weaving,Tsudakoma,15000,13607,90.72
2026-06-24,3,TSU-06,Unit I,Weaving,Tsudakoma,15000,13405,89.37
2026-06-24,3,TSU-07,Unit I,Weaving,Tsudakoma,15000,14057,93.72
2026-06-24,3,TSU-08,Unit I,Weaving,Tsudakoma,15000,13846,92.31
2026-06-24,3,TSU-09,Unit I,Weaving,Tsudakoma,15000,14848,98.99
2026-06-24,3,TSU-10,Unit I,Weaving,Tsudakoma,15000,12855,85.7
2026-06-24,3,SUL-01,Unit I,Weaving,Sulzer,2700,2571,95.23
2026-06-24,3,SUL-02,Unit I,Weaving,Sulzer,2700,2640,97.79
2026-06-24,3,SUL-03,Unit I,Weaving,Sulzer,2700,2700,100.0
2026-06-24,3,SUL-04,Unit I,Weaving,Sulzer,2700,2499,92.59
2026-06-24,3,SUL-05,Unit I,Weaving,Sulzer,2700,2608,96.62
2026-06-24,3,RF-01,Unit I,Spinning,RingFrame,2500,2149,85.98
2026-06-24,3,RF-02,Unit I,Spinning,RingFrame,2500,2076,83.04
2026-06-24,3,RF-03,Unit I,Spinning,RingFrame,2500,2480,99.22
2026-06-24,3,RF-04,Unit I,Spinning,RingFrame,2500,2374,94.97
2026-06-24,3,RF-05,Unit I,Spinning,RingFrame,2500,2500,100.0
2026-06-24,3,RF-06,Unit I,Spinning,RingFrame,2500,2203,88.13
2026-06-24,3,RF-07,Unit I,Spinning,RingFrame,2500,2439,97.6
2026-06-24,3,RF-08,Unit I,Spinning,RingFrame,2500,2500,100.0
2026-06-24,3,RF-09,Unit I,Spinning,RingFrame,2500,2427,97.1
2026-06-24,3,RF-10,Unit I,Spinning,RingFrame,2500,2409,96.38
2026-06-24,3,RF-11,Unit I,Spinning,RingFrame,2500,1951,78.04
2026-06-24,3,RF-12,Unit I,Spinning,RingFrame,2500,2178,87.15
2026-06-24,3,VTX-01,Unit I,Spinning,Vortex,4700,4700,100.0
2026-06-24,3,VTX-02,Unit I,Spinning,Vortex,4700,4321,91.95
2026-06-24,3,VTX-03,Unit I,Spinning,Vortex,4700,4583,97.52
2026-06-24,3,VTX-04,Unit I,Spinning,Vortex,4700,4097,87.18
2026-06-24,3,VTX-05,Unit I,Spinning,Vortex,4700,4187,89.1
2026-06-24,3,VTX-06,Unit I,Spinning,Vortex,4700,4003,85.18
2026-06-24,3,VTX-07,Unit I,Spinning,Vortex,4700,4383,93.26
2026-06-24,3,VTX-08,Unit I,Spinning,Vortex,4700,4700,100.0
2026-06-24,3,VTX-09,Unit I,Spinning,Vortex,4700,4446,94.61
2026-06-24,3,VTX-10,Unit I,Spinning,Vortex,4700,4032,85.79
2026-06-24,3,VTX-11,Unit I,Spinning,Vortex,4700,4674,99.46
2026-06-24,3,VTX-12,Unit I,Spinning,Vortex,4700,4326,92.05
2026-06-24,3,AJ-01,Unit I,Spinning,Airjet,3750,3693,98.49
2026-06-24,3,AJ-02,Unit I,Spinning,Airjet,3750,3567,95.13
2026-06-24,3,AJ-03,Unit I,Spinning,Airjet,3750,3273,87.28
2026-06-24,3,AJ-04,Unit I,Spinning,Airjet,3750,3593,95.82
2026-06-24,3,AJ-05,Unit I,Spinning,Airjet,3750,3750,100.0
2026-06-25,1,TOY-01,Unit I,Weaving,Toyota,21700,21149,97.46
2026-06-25,1,TOY-02,Unit I,Weaving,Toyota,21700,16863,77.71
2026-06-25,1,TOY-03,Unit I,Weaving,Toyota,21700,21700,100.0
2026-06-25,1,TOY-04,Unit I,Weaving,Toyota,21700,20843,96.05
2026-06-25,1,TOY-05,Unit I,Weaving,Toyota,21700,20842,96.05
2026-06-25,1,TOY-06,Unit I,Weaving,Toyota,21700,19430,89.54
2026-06-25,1,TOY-07,Unit I,Weaving,Toyota,21700,20868,96.17
2026-06-25,1,TOY-08,Unit I,Weaving,Toyota,21700,18049,83.18
2026-06-25,1,TOY-09,Unit I,Weaving,Toyota,21700,19707,90.82
2026-06-25,1,TOY-10,Unit I,Weaving,Toyota,21700,21700,100.0
2026-06-25,1,TOY-11,Unit I,Weaving,Toyota,21700,20515,94.54
2026-06-25,1,TOY-12,Unit I,Weaving,Toyota,21700,19651,90.56
2026-06-25,1,TOY-13,Unit I,Weaving,Toyota,21700,21697,99.99
2026-06-25,1,TOY-14,Unit I,Weaving,Toyota,21700,20303,93.57
2026-06-25,1,TOY-15,Unit I,Weaving,Toyota,21700,21439,98.8
2026-06-25,1,TSU-01,Unit I,Weaving,Tsudakoma,15000,14031,93.54
2026-06-25,1,TSU-02,Unit I,Weaving,Tsudakoma,15000,14205,94.7
2026-06-25,1,TSU-03,Unit I,Weaving,Tsudakoma,15000,14620,97.47
2026-06-25,1,TSU-04,Unit I,Weaving,Tsudakoma,15000,14468,96.45
2026-06-25,1,TSU-05,Unit I,Weaving,Tsudakoma,15000,12753,85.02
2026-06-25,1,TSU-06,Unit I,Weaving,Tsudakoma,15000,13409,89.39
2026-06-25,1,TSU-07,Unit I,Weaving,Tsudakoma,15000,14947,99.65
2026-06-25,1,TSU-08,Unit I,Weaving,Tsudakoma,15000,14150,94.34
2026-06-25,1,TSU-09,Unit I,Weaving,Tsudakoma,15000,13857,92.38
2026-06-25,1,TSU-10,Unit I,Weaving,Tsudakoma,15000,13231,88.21
2026-06-25,1,SUL-01,Unit I,Weaving,Sulzer,2700,2419,89.6
2026-06-25,1,SUL-02,Unit I,Weaving,Sulzer,2700,2292,84.89
2026-06-25,1,SUL-03,Unit I,Weaving,Sulzer,2700,2551,94.49
2026-06-25,1,SUL-04,Unit I,Weaving,Sulzer,2700,2484,92.01
2026-06-25,1,SUL-05,Unit I,Weaving,Sulzer,2700,2434,90.17
2026-06-25,1,RF-01,Unit I,Spinning,RingFrame,2500,2366,94.66
2026-06-25,1,RF-02,Unit I,Spinning,RingFrame,2500,2420,96.82
2026-06-25,1,RF-03,Unit I,Spinning,RingFrame,2500,2500,100.0
2026-06-25,1,RF-04,Unit I,Spinning,RingFrame,2500,2186,87.44
2026-06-25,1,RF-05,Unit I,Spinning,RingFrame,2500,2500,100.0
2026-06-25,1,RF-06,Unit I,Spinning,RingFrame,2500,2496,99.87
2026-06-25,1,RF-07,Unit I,Spinning,RingFrame,2500,2277,91.1
2026-06-25,1,RF-08,Unit I,Spinning,RingFrame,2500,2400,96.02
2026-06-25,1,RF-09,Unit I,Spinning,RingFrame,2500,2317,92.71
2026-06-25,1,RF-10,Unit I,Spinning,RingFrame,2500,2398,95.93
2026-06-25,1,RF-11,Unit I,Spinning,RingFrame,2500,2138,85.55
2026-06-25,1,RF-12,Unit I,Spinning,RingFrame,2500,2450,98.03
2026-06-25,1,VTX-01,Unit I,Spinning,Vortex,4700,4584,97.54
2026-06-25,1,VTX-02,Unit I,Spinning,Vortex,4700,4363,92.85
2026-06-25,1,VTX-03,Unit I,Spinning,Vortex,4700,4116,87.58
2026-06-25,1,VTX-04,Unit I,Spinning,Vortex,4700,4416,93.96
2026-06-25,1,VTX-05,Unit I,Spinning,Vortex,4700,4700,100.0
2026-06-25,1,VTX-06,Unit I,Spinning,Vortex,4700,3307,70.36
2026-06-25,1,VTX-07,Unit I,Spinning,Vortex,4700,4217,89.72
2026-06-25,1,VTX-08,Unit I,Spinning,Vortex,4700,4494,95.63
2026-06-25,1,VTX-09,Unit I,Spinning,Vortex,4700,4233,90.08
2026-06-25,1,VTX-10,Unit I,Spinning,Vortex,4700,4278,91.04
2026-06-25,1,VTX-11,Unit I,Spinning,Vortex,4700,4365,92.88
2026-06-25,1,VTX-12,Unit I,Spinning,Vortex,4700,4144,88.17
2026-06-25,1,AJ-01,Unit I,Spinning,Airjet,3750,3379,90.13
2026-06-25,1,AJ-02,Unit I,Spinning,Airjet,3750,3694,98.52
2026-06-25,1,AJ-03,Unit I,Spinning,Airjet,3750,3317,88.46
2026-06-25,1,AJ-04,Unit I,Spinning,Airjet,3750,3262,87.01
2026-06-25,1,AJ-05,Unit I,Spinning,Airjet,3750,3444,91.85
2026-06-25,2,TOY-01,Unit I,Weaving,Toyota,21700,21409,98.66
2026-06-25,2,TOY-02,Unit I,Weaving,Toyota,21700,16712,77.02
2026-06-25,2,TOY-03,Unit I,Weaving,Toyota,21700,20110,92.68
2026-06-25,2,TOY-04,Unit I,Weaving,Toyota,21700,20663,95.22
2026-06-25,2,TOY-05,Unit I,Weaving,Toyota,21700,18720,86.27
2026-06-25,2,TOY-06,Unit I,Weaving,Toyota,21700,21151,97.47
2026-06-25,2,TOY-07,Unit I,Weaving,Toyota,21700,21031,96.92
2026-06-25,2,TOY-08,Unit I,Weaving,Toyota,21700,16481,75.95
2026-06-25,2,TOY-09,Unit I,Weaving,Toyota,21700,21700,100.0
2026-06-25,2,TOY-10,Unit I,Weaving,Toyota,21700,19391,89.36
2026-06-25,2,TOY-11,Unit I,Weaving,Toyota,21700,21700,100.0
2026-06-25,2,TOY-12,Unit I,Weaving,Toyota,21700,20782,95.77
2026-06-25,2,TOY-13,Unit I,Weaving,Toyota,21700,20249,93.32
2026-06-25,2,TOY-14,Unit I,Weaving,Toyota,21700,20593,94.9
2026-06-25,2,TOY-15,Unit I,Weaving,Toyota,21700,20498,94.46
2026-06-25,2,TSU-01,Unit I,Weaving,Tsudakoma,15000,15000,100.0
2026-06-25,2,TSU-02,Unit I,Weaving,Tsudakoma,15000,13442,89.62
2026-06-25,2,TSU-03,Unit I,Weaving,Tsudakoma,15000,13678,91.19
2026-06-25,2,TSU-04,Unit I,Weaving,Tsudakoma,15000,15000,100.0
2026-06-25,2,TSU-05,Unit I,Weaving,Tsudakoma,15000,13803,92.02
2026-06-25,2,TSU-06,Unit I,Weaving,Tsudakoma,15000,14925,99.5
2026-06-25,2,TSU-07,Unit I,Weaving,Tsudakoma,15000,15000,100.0
2026-06-25,2,TSU-08,Unit I,Weaving,Tsudakoma,15000,13948,92.99
2026-06-25,2,TSU-09,Unit I,Weaving,Tsudakoma,15000,14761,98.41
2026-06-25,2,TSU-10,Unit I,Weaving,Tsudakoma,15000,13384,89.23
2026-06-25,2,SUL-01,Unit I,Weaving,Sulzer,2700,2666,98.77
2026-06-25,2,SUL-02,Unit I,Weaving,Sulzer,2700,2591,96.0
2026-06-25,2,SUL-03,Unit I,Weaving,Sulzer,2700,2628,97.37
2026-06-25,2,SUL-04,Unit I,Weaving,Sulzer,2700,2477,91.77
2026-06-25,2,SUL-05,Unit I,Weaving,Sulzer,2700,2340,86.69
2026-06-25,2,RF-01,Unit I,Spinning,RingFrame,2500,2437,97.52
2026-06-25,2,RF-02,Unit I,Spinning,RingFrame,2500,2117,84.68
2026-06-25,2,RF-03,Unit I,Spinning,RingFrame,2500,2335,93.41
2026-06-25,2,RF-04,Unit I,Spinning,RingFrame,2500,2492,99.71
2026-06-25,2,RF-05,Unit I,Spinning,RingFrame,2500,2398,95.96
2026-06-25,2,RF-06,Unit I,Spinning,RingFrame,2500,2500,100.0
2026-06-25,2,RF-07,Unit I,Spinning,RingFrame,2500,2500,100.0
2026-06-25,2,RF-08,Unit I,Spinning,RingFrame,2500,2293,91.73
2026-06-25,2,RF-09,Unit I,Spinning,RingFrame,2500,2378,95.14
2026-06-25,2,RF-10,Unit I,Spinning,RingFrame,2500,2369,94.76
2026-06-25,2,RF-11,Unit I,Spinning,RingFrame,2500,1752,70.09
2026-06-25,2,RF-12,Unit I,Spinning,RingFrame,2500,2257,90.3
2026-06-25,2,VTX-01,Unit I,Spinning,Vortex,4700,4333,92.2
2026-06-25,2,VTX-02,Unit I,Spinning,Vortex,4700,3986,84.82
2026-06-25,2,VTX-03,Unit I,Spinning,Vortex,4700,4476,95.24
2026-06-25,2,VTX-04,Unit I,Spinning,Vortex,4700,4406,93.75
2026-06-25,2,VTX-05,Unit I,Spinning,Vortex,4700,4071,86.64
2026-06-25,2,VTX-06,Unit I,Spinning,Vortex,4700,3760,80.02
2026-06-25,2,VTX-07,Unit I,Spinning,Vortex,4700,4633,98.58
2026-06-25,2,VTX-08,Unit I,Spinning,Vortex,4700,4518,96.14
2026-06-25,2,VTX-09,Unit I,Spinning,Vortex,4700,4388,93.38
2026-06-25,2,VTX-10,Unit I,Spinning,Vortex,4700,4603,97.96
2026-06-25,2,VTX-11,Unit I,Spinning,Vortex,4700,4624,98.4
2026-06-25,2,VTX-12,Unit I,Spinning,Vortex,4700,4537,96.54
2026-06-25,2,AJ-01,Unit I,Spinning,Airjet,3750,3407,90.88
2026-06-25,2,AJ-02,Unit I,Spinning,Airjet,3750,3614,96.38
2026-06-25,2,AJ-03,Unit I,Spinning,Airjet,3750,3750,100.0
2026-06-25,2,AJ-04,Unit I,Spinning,Airjet,3750,3450,92.02
2026-06-25,2,AJ-05,Unit I,Spinning,Airjet,3750,3750,100.0
2026-06-25,3,TOY-01,Unit I,Weaving,Toyota,21700,20044,92.37
2026-06-25,3,TOY-02,Unit I,Weaving,Toyota,21700,16961,78.16
2026-06-25,3,TOY-03,Unit I,Weaving,Toyota,21700,19885,91.64
2026-06-25,3,TOY-04,Unit I,Weaving,Toyota,21700,20857,96.12
2026-06-25,3,TOY-05,Unit I,Weaving,Toyota,21700,18724,86.29
2026-06-25,3,TOY-06,Unit I,Weaving,Toyota,21700,20022,92.27
2026-06-25,3,TOY-07,Unit I,Weaving,Toyota,21700,19430,89.54
2026-06-25,3,TOY-08,Unit I,Weaving,Toyota,21700,17072,78.68
2026-06-25,3,TOY-09,Unit I,Weaving,Toyota,21700,21693,99.97
2026-06-25,3,TOY-10,Unit I,Weaving,Toyota,21700,21315,98.23
2026-06-25,3,TOY-11,Unit I,Weaving,Toyota,21700,18041,83.14
2026-06-25,3,TOY-12,Unit I,Weaving,Toyota,21700,21700,100.0
2026-06-25,3,TOY-13,Unit I,Weaving,Toyota,21700,20935,96.48
2026-06-25,3,TOY-14,Unit I,Weaving,Toyota,21700,19772,91.12
2026-06-25,3,TOY-15,Unit I,Weaving,Toyota,21700,20785,95.79
2026-06-25,3,TSU-01,Unit I,Weaving,Tsudakoma,15000,14382,95.88
2026-06-25,3,TSU-02,Unit I,Weaving,Tsudakoma,15000,13749,91.67
2026-06-25,3,TSU-03,Unit I,Weaving,Tsudakoma,15000,14398,95.99
2026-06-25,3,TSU-04,Unit I,Weaving,Tsudakoma,15000,13794,91.96
2026-06-25,3,TSU-05,Unit I,Weaving,Tsudakoma,15000,13946,92.98
2026-06-25,3,TSU-06,Unit I,Weaving,Tsudakoma,15000,13735,91.57
2026-06-25,3,TSU-07,Unit I,Weaving,Tsudakoma,15000,13175,87.84
2026-06-25,3,TSU-08,Unit I,Weaving,Tsudakoma,15000,14359,95.73
2026-06-25,3,TSU-09,Unit I,Weaving,Tsudakoma,15000,14688,97.93
2026-06-25,3,TSU-10,Unit I,Weaving,Tsudakoma,15000,14636,97.57
2026-06-25,3,SUL-01,Unit I,Weaving,Sulzer,2700,2675,99.1
2026-06-25,3,SUL-02,Unit I,Weaving,Sulzer,2700,2608,96.62
2026-06-25,3,SUL-03,Unit I,Weaving,Sulzer,2700,2493,92.34
2026-06-25,3,SUL-04,Unit I,Weaving,Sulzer,2700,2678,99.2
2026-06-25,3,SUL-05,Unit I,Weaving,Sulzer,2700,2381,88.21
2026-06-25,3,RF-01,Unit I,Spinning,RingFrame,2500,2262,90.5
2026-06-25,3,RF-02,Unit I,Spinning,RingFrame,2500,2254,90.18
2026-06-25,3,RF-03,Unit I,Spinning,RingFrame,2500,2500,100.0
2026-06-25,3,RF-04,Unit I,Spinning,RingFrame,2500,2492,99.71
2026-06-25,3,RF-05,Unit I,Spinning,RingFrame,2500,2435,97.44
2026-06-25,3,RF-06,Unit I,Spinning,RingFrame,2500,2500,100.0
2026-06-25,3,RF-07,Unit I,Spinning,RingFrame,2500,2265,90.6
2026-06-25,3,RF-08,Unit I,Spinning,RingFrame,2500,2418,96.74
2026-06-25,3,RF-09,Unit I,Spinning,RingFrame,2500,2359,94.37
2026-06-25,3,RF-10,Unit I,Spinning,RingFrame,2500,2480,99.23
2026-06-25,3,RF-11,Unit I,Spinning,RingFrame,2500,1935,77.42
2026-06-25,3,RF-12,Unit I,Spinning,RingFrame,2500,2326,93.08
2026-06-25,3,VTX-01,Unit I,Spinning,Vortex,4700,4592,97.7
2026-06-25,3,VTX-02,Unit I,Spinning,Vortex,4700,4670,99.38
2026-06-25,3,VTX-03,Unit I,Spinning,Vortex,4700,4307,91.66
2026-06-25,3,VTX-04,Unit I,Spinning,Vortex,4700,4450,94.69
2026-06-25,3,VTX-05,Unit I,Spinning,Vortex,4700,4216,89.71
2026-06-25,3,VTX-06,Unit I,Spinning,Vortex,4700,3078,65.51
2026-06-25,3,VTX-07,Unit I,Spinning,Vortex,4700,4512,96.0
2026-06-25,3,VTX-08,Unit I,Spinning,Vortex,4700,4608,98.04
2026-06-25,3,VTX-09,Unit I,Spinning,Vortex,4700,4526,96.31
2026-06-25,3,VTX-10,Unit I,Spinning,Vortex,4700,4006,85.25
2026-06-25,3,VTX-11,Unit I,Spinning,Vortex,4700,4382,93.25
2026-06-25,3,VTX-12,Unit I,Spinning,Vortex,4700,3943,83.91
2026-06-25,3,AJ-01,Unit I,Spinning,Airjet,3750,3750,100.0
2026-06-25,3,AJ-02,Unit I,Spinning,Airjet,3750,3358,89.57
2026-06-25,3,AJ-03,Unit I,Spinning,Airjet,3750,3750,100.0
2026-06-25,3,AJ-04,Unit I,Spinning,Airjet,3750,3739,99.73
2026-06-25,3,AJ-05,Unit I,Spinning,Airjet,3750,3393,90.5
2026-06-26,1,TOY-01,Unit I,Weaving,Toyota,21700,19385,89.34
2026-06-26,1,TOY-02,Unit I,Weaving,Toyota,21700,17306,79.75
2026-06-26,1,TOY-03,Unit I,Weaving,Toyota,21700,19698,90.78
2026-06-26,1,TOY-04,Unit I,Weaving,Toyota,21700,20726,95.51
2026-06-26,1,TOY-05,Unit I,Weaving,Toyota,21700,20091,92.59
2026-06-26,1,TOY-06,Unit I,Weaving,Toyota,21700,18682,86.09
2026-06-26,1,TOY-07,Unit I,Weaving,Toyota,21700,18194,83.85
2026-06-26,1,TOY-08,Unit I,Weaving,Toyota,21700,17171,79.13
2026-06-26,1,TOY-09,Unit I,Weaving,Toyota,21700,20005,92.19
2026-06-26,1,TOY-10,Unit I,Weaving,Toyota,21700,20014,92.23
2026-06-26,1,TOY-11,Unit I,Weaving,Toyota,21700,21370,98.48
2026-06-26,1,TOY-12,Unit I,Weaving,Toyota,21700,21700,100.0
2026-06-26,1,TOY-13,Unit I,Weaving,Toyota,21700,20319,93.64
2026-06-26,1,TOY-14,Unit I,Weaving,Toyota,21700,20245,93.3
2026-06-26,1,TOY-15,Unit I,Weaving,Toyota,21700,21157,97.5
2026-06-26,1,TSU-01,Unit I,Weaving,Tsudakoma,15000,13232,88.22
2026-06-26,1,TSU-02,Unit I,Weaving,Tsudakoma,15000,14417,96.12
2026-06-26,1,TSU-03,Unit I,Weaving,Tsudakoma,15000,14663,97.76
2026-06-26,1,TSU-04,Unit I,Weaving,Tsudakoma,15000,14760,98.4
2026-06-26,1,TSU-05,Unit I,Weaving,Tsudakoma,15000,12797,85.32
2026-06-26,1,TSU-06,Unit I,Weaving,Tsudakoma,15000,13678,91.19
2026-06-26,1,TSU-07,Unit I,Weaving,Tsudakoma,15000,13591,90.61
2026-06-26,1,TSU-08,Unit I,Weaving,Tsudakoma,15000,14324,95.5
2026-06-26,1,TSU-09,Unit I,Weaving,Tsudakoma,15000,14610,97.4
2026-06-26,1,TSU-10,Unit I,Weaving,Tsudakoma,15000,15000,100.0
2026-06-26,1,SUL-01,Unit I,Weaving,Sulzer,2700,2498,92.53
2026-06-26,1,SUL-02,Unit I,Weaving,Sulzer,2700,2497,92.51
2026-06-26,1,SUL-03,Unit I,Weaving,Sulzer,2700,2700,100.0
2026-06-26,1,SUL-04,Unit I,Weaving,Sulzer,2700,2605,96.48
2026-06-26,1,SUL-05,Unit I,Weaving,Sulzer,2700,2700,100.0
2026-06-26,1,RF-01,Unit I,Spinning,RingFrame,2500,2411,96.44
2026-06-26,1,RF-02,Unit I,Spinning,RingFrame,2500,2230,89.21
2026-06-26,1,RF-03,Unit I,Spinning,RingFrame,2500,2208,88.33
2026-06-26,1,RF-04,Unit I,Spinning,RingFrame,2500,2181,87.24
2026-06-26,1,RF-05,Unit I,Spinning,RingFrame,2500,2457,98.31
2026-06-26,1,RF-06,Unit I,Spinning,RingFrame,2500,2500,100.0
2026-06-26,1,RF-07,Unit I,Spinning,RingFrame,2500,2500,100.0
2026-06-26,1,RF-08,Unit I,Spinning,RingFrame,2500,2480,99.22
2026-06-26,1,RF-09,Unit I,Spinning,RingFrame,2500,2500,100.0
2026-06-26,1,RF-10,Unit I,Spinning,RingFrame,2500,2302,92.1
2026-06-26,1,RF-11,Unit I,Spinning,RingFrame,2500,1805,72.22
2026-06-26,1,RF-12,Unit I,Spinning,RingFrame,2500,2481,99.25
2026-06-26,1,VTX-01,Unit I,Spinning,Vortex,4700,4563,97.09
2026-06-26,1,VTX-02,Unit I,Spinning,Vortex,4700,4490,95.54
2026-06-26,1,VTX-03,Unit I,Spinning,Vortex,4700,4556,96.94
2026-06-26,1,VTX-04,Unit I,Spinning,Vortex,4700,4540,96.62
2026-06-26,1,VTX-05,Unit I,Spinning,Vortex,4700,4700,100.0
2026-06-26,1,VTX-06,Unit I,Spinning,Vortex,4700,3970,84.47
2026-06-26,1,VTX-07,Unit I,Spinning,Vortex,4700,4592,97.72
2026-06-26,1,VTX-08,Unit I,Spinning,Vortex,4700,4663,99.23
2026-06-26,1,VTX-09,Unit I,Spinning,Vortex,4700,4585,97.57
2026-06-26,1,VTX-10,Unit I,Spinning,Vortex,4700,4356,92.69
2026-06-26,1,VTX-11,Unit I,Spinning,Vortex,4700,4642,98.78
2026-06-26,1,VTX-12,Unit I,Spinning,Vortex,4700,4137,88.03
2026-06-26,1,AJ-01,Unit I,Spinning,Airjet,3750,3750,100.0
2026-06-26,1,AJ-02,Unit I,Spinning,Airjet,3750,3338,89.03
2026-06-26,1,AJ-03,Unit I,Spinning,Airjet,3750,3616,96.43
2026-06-26,1,AJ-04,Unit I,Spinning,Airjet,3750,3404,90.77
2026-06-26,1,AJ-05,Unit I,Spinning,Airjet,3750,3666,97.77
2026-06-26,2,TOY-01,Unit I,Weaving,Toyota,21700,20578,94.83
2026-06-26,2,TOY-02,Unit I,Weaving,Toyota,21700,15195,70.03
2026-06-26,2,TOY-03,Unit I,Weaving,Toyota,21700,21071,97.1
2026-06-26,2,TOY-04,Unit I,Weaving,Toyota,21700,19987,92.11
2026-06-26,2,TOY-05,Unit I,Weaving,Toyota,21700,21571,99.41
2026-06-26,2,TOY-06,Unit I,Weaving,Toyota,21700,20616,95.01
2026-06-26,2,TOY-07,Unit I,Weaving,Toyota,21700,21044,96.98
2026-06-26,2,TOY-08,Unit I,Weaving,Toyota,21700,15887,73.21
2026-06-26,2,TOY-09,Unit I,Weaving,Toyota,21700,19975,92.05
2026-06-26,2,TOY-10,Unit I,Weaving,Toyota,21700,20117,92.71
2026-06-26,2,TOY-11,Unit I,Weaving,Toyota,21700,21544,99.28
2026-06-26,2,TOY-12,Unit I,Weaving,Toyota,21700,21700,100.0
2026-06-26,2,TOY-13,Unit I,Weaving,Toyota,21700,19741,90.97
2026-06-26,2,TOY-14,Unit I,Weaving,Toyota,21700,21700,100.0
2026-06-26,2,TOY-15,Unit I,Weaving,Toyota,21700,18260,84.15
2026-06-26,2,TSU-01,Unit I,Weaving,Tsudakoma,15000,13354,89.03
2026-06-26,2,TSU-02,Unit I,Weaving,Tsudakoma,15000,13530,90.21
2026-06-26,2,TSU-03,Unit I,Weaving,Tsudakoma,15000,13235,88.24
2026-06-26,2,TSU-04,Unit I,Weaving,Tsudakoma,15000,13062,87.08
2026-06-26,2,TSU-05,Unit I,Weaving,Tsudakoma,15000,14559,97.06
2026-06-26,2,TSU-06,Unit I,Weaving,Tsudakoma,15000,14089,93.93
2026-06-26,2,TSU-07,Unit I,Weaving,Tsudakoma,15000,14534,96.9
2026-06-26,2,TSU-08,Unit I,Weaving,Tsudakoma,15000,14767,98.45
2026-06-26,2,TSU-09,Unit I,Weaving,Tsudakoma,15000,14449,96.33
2026-06-26,2,TSU-10,Unit I,Weaving,Tsudakoma,15000,14743,98.29
2026-06-26,2,SUL-01,Unit I,Weaving,Sulzer,2700,2555,94.65
2026-06-26,2,SUL-02,Unit I,Weaving,Sulzer,2700,2404,89.07
2026-06-26,2,SUL-03,Unit I,Weaving,Sulzer,2700,2700,100.0
2026-06-26,2,SUL-04,Unit I,Weaving,Sulzer,2700,2485,92.05
2026-06-26,2,SUL-05,Unit I,Weaving,Sulzer,2700,2438,90.32
2026-06-26,2,RF-01,Unit I,Spinning,RingFrame,2500,2352,94.11
2026-06-26,2,RF-02,Unit I,Spinning,RingFrame,2500,2260,90.44
2026-06-26,2,RF-03,Unit I,Spinning,RingFrame,2500,2322,92.91
2026-06-26,2,RF-04,Unit I,Spinning,RingFrame,2500,2418,96.72
2026-06-26,2,RF-05,Unit I,Spinning,RingFrame,2500,2418,96.74
2026-06-26,2,RF-06,Unit I,Spinning,RingFrame,2500,2262,90.51
2026-06-26,2,RF-07,Unit I,Spinning,RingFrame,2500,2314,92.56
2026-06-26,2,RF-08,Unit I,Spinning,RingFrame,2500,2500,100.0
2026-06-26,2,RF-09,Unit I,Spinning,RingFrame,2500,2437,97.48
2026-06-26,2,RF-10,Unit I,Spinning,RingFrame,2500,2500,100.0
2026-06-26,2,RF-11,Unit I,Spinning,RingFrame,2500,2097,83.9
2026-06-26,2,RF-12,Unit I,Spinning,RingFrame,2500,2500,100.0
2026-06-26,2,VTX-01,Unit I,Spinning,Vortex,4700,4138,88.06
2026-06-26,2,VTX-02,Unit I,Spinning,Vortex,4700,4644,98.82
2026-06-26,2,VTX-03,Unit I,Spinning,Vortex,4700,4452,94.73
2026-06-26,2,VTX-04,Unit I,Spinning,Vortex,4700,4335,92.25
2026-06-26,2,VTX-05,Unit I,Spinning,Vortex,4700,4504,95.84
2026-06-26,2,VTX-06,Unit I,Spinning,Vortex,4700,3888,82.73
2026-06-26,2,VTX-07,Unit I,Spinning,Vortex,4700,4582,97.5
2026-06-26,2,VTX-08,Unit I,Spinning,Vortex,4700,4258,90.61
2026-06-26,2,VTX-09,Unit I,Spinning,Vortex,4700,4639,98.71
2026-06-26,2,VTX-10,Unit I,Spinning,Vortex,4700,4315,91.81
2026-06-26,2,VTX-11,Unit I,Spinning,Vortex,4700,4515,96.08
2026-06-26,2,VTX-12,Unit I,Spinning,Vortex,4700,4393,93.48
2026-06-26,2,AJ-01,Unit I,Spinning,Airjet,3750,3521,93.91
2026-06-26,2,AJ-02,Unit I,Spinning,Airjet,3750,3706,98.83
2026-06-26,2,AJ-03,Unit I,Spinning,Airjet,3750,3367,89.8
2026-06-26,2,AJ-04,Unit I,Spinning,Airjet,3750,3750,100.0
2026-06-26,2,AJ-05,Unit I,Spinning,Airjet,3750,3221,85.89
2026-06-26,3,TOY-01,Unit I,Weaving,Toyota,21700,19966,92.01
2026-06-26,3,TOY-02,Unit I,Weaving,Toyota,21700,17327,79.85
2026-06-26,3,TOY-03,Unit I,Weaving,Toyota,21700,21248,97.92
2026-06-26,3,TOY-04,Unit I,Weaving,Toyota,21700,20505,94.5
2026-06-26,3,TOY-05,Unit I,Weaving,Toyota,21700,20552,94.71
2026-06-26,3,TOY-06,Unit I,Weaving,Toyota,21700,21060,97.05
2026-06-26,3,TOY-07,Unit I,Weaving,Toyota,21700,20364,93.84
2026-06-26,3,TOY-08,Unit I,Weaving,Toyota,21700,18437,84.97
2026-06-26,3,TOY-09,Unit I,Weaving,Toyota,21700,21525,99.2
2026-06-26,3,TOY-10,Unit I,Weaving,Toyota,21700,21562,99.36
2026-06-26,3,TOY-11,Unit I,Weaving,Toyota,21700,19566,90.17
2026-06-26,3,TOY-12,Unit I,Weaving,Toyota,21700,20528,94.6
2026-06-26,3,TOY-13,Unit I,Weaving,Toyota,21700,20288,93.5
2026-06-26,3,TOY-14,Unit I,Weaving,Toyota,21700,19523,89.97
2026-06-26,3,TOY-15,Unit I,Weaving,Toyota,21700,21005,96.8
2026-06-26,3,TSU-01,Unit I,Weaving,Tsudakoma,15000,13846,92.31
2026-06-26,3,TSU-02,Unit I,Weaving,Tsudakoma,15000,14741,98.28
2026-06-26,3,TSU-03,Unit I,Weaving,Tsudakoma,15000,13447,89.65
2026-06-26,3,TSU-04,Unit I,Weaving,Tsudakoma,15000,15000,100.0
2026-06-26,3,TSU-05,Unit I,Weaving,Tsudakoma,15000,13577,90.52
2026-06-26,3,TSU-06,Unit I,Weaving,Tsudakoma,15000,14414,96.1
2026-06-26,3,TSU-07,Unit I,Weaving,Tsudakoma,15000,14843,98.96
2026-06-26,3,TSU-08,Unit I,Weaving,Tsudakoma,15000,13822,92.15
2026-06-26,3,TSU-09,Unit I,Weaving,Tsudakoma,15000,14889,99.26
2026-06-26,3,TSU-10,Unit I,Weaving,Tsudakoma,15000,13328,88.85
2026-06-26,3,SUL-01,Unit I,Weaving,Sulzer,2700,2700,100.0
2026-06-26,3,SUL-02,Unit I,Weaving,Sulzer,2700,2566,95.07
2026-06-26,3,SUL-03,Unit I,Weaving,Sulzer,2700,2484,92.02
2026-06-26,3,SUL-04,Unit I,Weaving,Sulzer,2700,2524,93.5
2026-06-26,3,SUL-05,Unit I,Weaving,Sulzer,2700,2674,99.04
2026-06-26,3,RF-01,Unit I,Spinning,RingFrame,2500,2301,92.08
2026-06-26,3,RF-02,Unit I,Spinning,RingFrame,2500,2281,91.25
2026-06-26,3,RF-03,Unit I,Spinning,RingFrame,2500,2347,93.89
2026-06-26,3,RF-04,Unit I,Spinning,RingFrame,2500,2227,89.12
2026-06-26,3,RF-05,Unit I,Spinning,RingFrame,2500,2500,100.0
2026-06-26,3,RF-06,Unit I,Spinning,RingFrame,2500,2304,92.17
2026-06-26,3,RF-07,Unit I,Spinning,RingFrame,2500,2478,99.16
2026-06-26,3,RF-08,Unit I,Spinning,RingFrame,2500,2401,96.05
2026-06-26,3,RF-09,Unit I,Spinning,RingFrame,2500,2251,90.08
2026-06-26,3,RF-10,Unit I,Spinning,RingFrame,2500,2374,94.97
2026-06-26,3,RF-11,Unit I,Spinning,RingFrame,2500,2048,81.92
2026-06-26,3,RF-12,Unit I,Spinning,RingFrame,2500,2351,94.06
2026-06-26,3,VTX-01,Unit I,Spinning,Vortex,4700,4700,100.0
2026-06-26,3,VTX-02,Unit I,Spinning,Vortex,4700,4700,100.0
2026-06-26,3,VTX-03,Unit I,Spinning,Vortex,4700,4680,99.59
2026-06-26,3,VTX-04,Unit I,Spinning,Vortex,4700,4356,92.7
2026-06-26,3,VTX-05,Unit I,Spinning,Vortex,4700,4211,89.6
2026-06-26,3,VTX-06,Unit I,Spinning,Vortex,4700,3521,74.93
2026-06-26,3,VTX-07,Unit I,Spinning,Vortex,4700,4511,95.98
2026-06-26,3,VTX-08,Unit I,Spinning,Vortex,4700,4593,97.73
2026-06-26,3,VTX-09,Unit I,Spinning,Vortex,4700,3954,84.14
2026-06-26,3,VTX-10,Unit I,Spinning,Vortex,4700,4463,94.96
2026-06-26,3,VTX-11,Unit I,Spinning,Vortex,4700,4502,95.79
2026-06-26,3,VTX-12,Unit I,Spinning,Vortex,4700,4399,93.61
2026-06-26,3,AJ-01,Unit I,Spinning,Airjet,3750,3750,100.0
2026-06-26,3,AJ-02,Unit I,Spinning,Airjet,3750,3641,97.11
2026-06-26,3,AJ-03,Unit I,Spinning,Airjet,3750,3750,100.0
2026-06-26,3,AJ-04,Unit I,Spinning,Airjet,3750,3522,93.92
2026-06-26,3,AJ-05,Unit I,Spinning,Airjet,3750,3738,99.69
2026-06-27,1,TOY-01,Unit I,Weaving,Toyota,21700,21700,100.0
2026-06-27,1,TOY-02,Unit I,Weaving,Toyota,21700,18349,84.56
2026-06-27,1,TOY-03,Unit I,Weaving,Toyota,21700,19430,89.54
2026-06-27,1,TOY-04,Unit I,Weaving,Toyota,21700,20339,93.73
2026-06-27,1,TOY-05,Unit I,Weaving,Toyota,21700,20240,93.27
2026-06-27,1,TOY-06,Unit I,Weaving,Toyota,21700,21145,97.45
2026-06-27,1,TOY-07,Unit I,Weaving,Toyota,21700,21359,98.43
2026-06-27,1,TOY-08,Unit I,Weaving,Toyota,21700,16015,73.81
2026-06-27,1,TOY-09,Unit I,Weaving,Toyota,21700,20688,95.34
2026-06-27,1,TOY-10,Unit I,Weaving,Toyota,21700,18423,84.9
2026-06-27,1,TOY-11,Unit I,Weaving,Toyota,21700,21700,100.0
2026-06-27,1,TOY-12,Unit I,Weaving,Toyota,21700,20059,92.44
2026-06-27,1,TOY-13,Unit I,Weaving,Toyota,21700,20675,95.28
2026-06-27,1,TOY-14,Unit I,Weaving,Toyota,21700,20279,93.45
2026-06-27,1,TOY-15,Unit I,Weaving,Toyota,21700,21700,100.0
2026-06-27,1,TSU-01,Unit I,Weaving,Tsudakoma,15000,12121,80.81
2026-06-27,1,TSU-02,Unit I,Weaving,Tsudakoma,15000,14237,94.92
2026-06-27,1,TSU-03,Unit I,Weaving,Tsudakoma,15000,14170,94.47
2026-06-27,1,TSU-04,Unit I,Weaving,Tsudakoma,15000,13909,92.73
2026-06-27,1,TSU-05,Unit I,Weaving,Tsudakoma,15000,15000,100.0
2026-06-27,1,TSU-06,Unit I,Weaving,Tsudakoma,15000,13584,90.56
2026-06-27,1,TSU-07,Unit I,Weaving,Tsudakoma,15000,14828,98.86
2026-06-27,1,TSU-08,Unit I,Weaving,Tsudakoma,15000,14517,96.78
2026-06-27,1,TSU-09,Unit I,Weaving,Tsudakoma,15000,15000,100.0
2026-06-27,1,TSU-10,Unit I,Weaving,Tsudakoma,15000,13749,91.66
2026-06-27,1,SUL-01,Unit I,Weaving,Sulzer,2700,2466,91.34
2026-06-27,1,SUL-02,Unit I,Weaving,Sulzer,2700,2700,100.0
2026-06-27,1,SUL-03,Unit I,Weaving,Sulzer,2700,2622,97.13
2026-06-27,1,SUL-04,Unit I,Weaving,Sulzer,2700,2356,87.28
2026-06-27,1,SUL-05,Unit I,Weaving,Sulzer,2700,2492,92.3
2026-06-27,1,RF-01,Unit I,Spinning,RingFrame,2500,2423,96.93
2026-06-27,1,RF-02,Unit I,Spinning,RingFrame,2500,2479,99.19
2026-06-27,1,RF-03,Unit I,Spinning,RingFrame,2500,2290,91.6
2026-06-27,1,RF-04,Unit I,Spinning,RingFrame,2500,2010,80.43
2026-06-27,1,RF-05,Unit I,Spinning,RingFrame,2500,2440,97.62
2026-06-27,1,RF-06,Unit I,Spinning,RingFrame,2500,2222,88.9
2026-06-27,1,RF-07,Unit I,Spinning,RingFrame,2500,2122,84.91
2026-06-27,1,RF-08,Unit I,Spinning,RingFrame,2500,2020,80.84
2026-06-27,1,RF-09,Unit I,Spinning,RingFrame,2500,2476,99.07
2026-06-27,1,RF-10,Unit I,Spinning,RingFrame,2500,2391,95.64
2026-06-27,1,RF-11,Unit I,Spinning,RingFrame,2500,1921,76.87
2026-06-27,1,RF-12,Unit I,Spinning,RingFrame,2500,2500,100.0
2026-06-27,1,VTX-01,Unit I,Spinning,Vortex,4700,4614,98.19
2026-06-27,1,VTX-02,Unit I,Spinning,Vortex,4700,4700,100.0
2026-06-27,1,VTX-03,Unit I,Spinning,Vortex,4700,4137,88.04
2026-06-27,1,VTX-04,Unit I,Spinning,Vortex,4700,4456,94.83
2026-06-27,1,VTX-05,Unit I,Spinning,Vortex,4700,4085,86.92
2026-06-27,1,VTX-06,Unit I,Spinning,Vortex,4700,3612,76.85
2026-06-27,1,VTX-07,Unit I,Spinning,Vortex,4700,4406,93.76
2026-06-27,1,VTX-08,Unit I,Spinning,Vortex,4700,4612,98.13
2026-06-27,1,VTX-09,Unit I,Spinning,Vortex,4700,4475,95.23
2026-06-27,1,VTX-10,Unit I,Spinning,Vortex,4700,4611,98.12
2026-06-27,1,VTX-11,Unit I,Spinning,Vortex,4700,4630,98.52
2026-06-27,1,VTX-12,Unit I,Spinning,Vortex,4700,4700,100.0
2026-06-27,1,AJ-01,Unit I,Spinning,Airjet,3750,3503,93.42
2026-06-27,1,AJ-02,Unit I,Spinning,Airjet,3750,3386,90.29
2026-06-27,1,AJ-03,Unit I,Spinning,Airjet,3750,3608,96.23
2026-06-27,1,AJ-04,Unit I,Spinning,Airjet,3750,3412,90.99
2026-06-27,1,AJ-05,Unit I,Spinning,Airjet,3750,3750,100.0
2026-06-27,2,TOY-01,Unit I,Weaving,Toyota,21700,20307,93.58
2026-06-27,2,TOY-02,Unit I,Weaving,Toyota,21700,16312,75.17
2026-06-27,2,TOY-03,Unit I,Weaving,Toyota,21700,20103,92.64
2026-06-27,2,TOY-04,Unit I,Weaving,Toyota,21700,21394,98.59
2026-06-27,2,TOY-05,Unit I,Weaving,Toyota,21700,20443,94.21
2026-06-27,2,TOY-06,Unit I,Weaving,Toyota,21700,19918,91.79
2026-06-27,2,TOY-07,Unit I,Weaving,Toyota,21700,21700,100.0
2026-06-27,2,TOY-08,Unit I,Weaving,Toyota,21700,15997,73.72
2026-06-27,2,TOY-09,Unit I,Weaving,Toyota,21700,20653,95.18
2026-06-27,2,TOY-10,Unit I,Weaving,Toyota,21700,21322,98.26
2026-06-27,2,TOY-11,Unit I,Weaving,Toyota,21700,18845,86.84
2026-06-27,2,TOY-12,Unit I,Weaving,Toyota,21700,21136,97.4
2026-06-27,2,TOY-13,Unit I,Weaving,Toyota,21700,19470,89.72
2026-06-27,2,TOY-14,Unit I,Weaving,Toyota,21700,21507,99.11
2026-06-27,2,TOY-15,Unit I,Weaving,Toyota,21700,19570,90.19
2026-06-27,2,TSU-01,Unit I,Weaving,Tsudakoma,15000,14769,98.46
2026-06-27,2,TSU-02,Unit I,Weaving,Tsudakoma,15000,15000,100.0
2026-06-27,2,TSU-03,Unit I,Weaving,Tsudakoma,15000,14896,99.31
2026-06-27,2,TSU-04,Unit I,Weaving,Tsudakoma,15000,14438,96.26
2026-06-27,2,TSU-05,Unit I,Weaving,Tsudakoma,15000,14076,93.84
2026-06-27,2,TSU-06,Unit I,Weaving,Tsudakoma,15000,13817,92.12
2026-06-27,2,TSU-07,Unit I,Weaving,Tsudakoma,15000,15000,100.0
2026-06-27,2,TSU-08,Unit I,Weaving,Tsudakoma,15000,13725,91.5
2026-06-27,2,TSU-09,Unit I,Weaving,Tsudakoma,15000,13472,89.81
2026-06-27,2,TSU-10,Unit I,Weaving,Tsudakoma,15000,14749,98.33
2026-06-27,2,SUL-01,Unit I,Weaving,Sulzer,2700,2457,91.02
2026-06-27,2,SUL-02,Unit I,Weaving,Sulzer,2700,2436,90.25
2026-06-27,2,SUL-03,Unit I,Weaving,Sulzer,2700,2370,87.78
2026-06-27,2,SUL-04,Unit I,Weaving,Sulzer,2700,2499,92.59
2026-06-27,2,SUL-05,Unit I,Weaving,Sulzer,2700,2553,94.59
2026-06-27,2,RF-01,Unit I,Spinning,RingFrame,2500,2405,96.22
2026-06-27,2,RF-02,Unit I,Spinning,RingFrame,2500,2493,99.76
2026-06-27,2,RF-03,Unit I,Spinning,RingFrame,2500,2440,97.63
2026-06-27,2,RF-04,Unit I,Spinning,RingFrame,2500,2351,94.05
2026-06-27,2,RF-05,Unit I,Spinning,RingFrame,2500,2350,94.01
2026-06-27,2,RF-06,Unit I,Spinning,RingFrame,2500,2438,97.55
2026-06-27,2,RF-07,Unit I,Spinning,RingFrame,2500,2500,100.0
2026-06-27,2,RF-08,Unit I,Spinning,RingFrame,2500,2390,95.63
2026-06-27,2,RF-09,Unit I,Spinning,RingFrame,2500,2316,92.65
2026-06-27,2,RF-10,Unit I,Spinning,RingFrame,2500,2250,90.04
2026-06-27,2,RF-11,Unit I,Spinning,RingFrame,2500,1769,70.77
2026-06-27,2,RF-12,Unit I,Spinning,RingFrame,2500,2458,98.33
2026-06-27,2,VTX-01,Unit I,Spinning,Vortex,4700,4600,97.89
2026-06-27,2,VTX-02,Unit I,Spinning,Vortex,4700,4600,97.89
2026-06-27,2,VTX-03,Unit I,Spinning,Vortex,4700,4434,94.36
2026-06-27,2,VTX-04,Unit I,Spinning,Vortex,4700,4700,100.0
2026-06-27,2,VTX-05,Unit I,Spinning,Vortex,4700,4351,92.58
2026-06-27,2,VTX-06,Unit I,Spinning,Vortex,4700,3890,82.78
2026-06-27,2,VTX-07,Unit I,Spinning,Vortex,4700,4455,94.81
2026-06-27,2,VTX-08,Unit I,Spinning,Vortex,4700,4322,91.96
2026-06-27,2,VTX-09,Unit I,Spinning,Vortex,4700,4604,97.96
2026-06-27,2,VTX-10,Unit I,Spinning,Vortex,4700,4561,97.05
2026-06-27,2,VTX-11,Unit I,Spinning,Vortex,4700,4548,96.78
2026-06-27,2,VTX-12,Unit I,Spinning,Vortex,4700,4484,95.41
2026-06-27,2,AJ-01,Unit I,Spinning,Airjet,3750,3555,94.81
2026-06-27,2,AJ-02,Unit I,Spinning,Airjet,3750,3750,100.0
2026-06-27,2,AJ-03,Unit I,Spinning,Airjet,3750,3750,100.0
2026-06-27,2,AJ-04,Unit I,Spinning,Airjet,3750,3698,98.61
2026-06-27,2,AJ-05,Unit I,Spinning,Airjet,3750,3583,95.56
2026-06-27,3,TOY-01,Unit I,Weaving,Toyota,21700,21700,100.0
2026-06-27,3,TOY-02,Unit I,Weaving,Toyota,21700,17488,80.59
2026-06-27,3,TOY-03,Unit I,Weaving,Toyota,21700,20643,95.13
2026-06-27,3,TOY-04,Unit I,Weaving,Toyota,21700,20285,93.48
2026-06-27,3,TOY-05,Unit I,Weaving,Toyota,21700,20527,94.6
2026-06-27,3,TOY-06,Unit I,Weaving,Toyota,21700,17175,79.15
2026-06-27,3,TOY-07,Unit I,Weaving,Toyota,21700,20843,96.05
2026-06-27,3,TOY-08,Unit I,Weaving,Toyota,21700,16396,75.56
2026-06-27,3,TOY-09,Unit I,Weaving,Toyota,21700,21700,100.0
2026-06-27,3,TOY-10,Unit I,Weaving,Toyota,21700,20635,95.1
2026-06-27,3,TOY-11,Unit I,Weaving,Toyota,21700,19324,89.06
2026-06-27,3,TOY-12,Unit I,Weaving,Toyota,21700,20560,94.75
2026-06-27,3,TOY-13,Unit I,Weaving,Toyota,21700,19479,89.77
2026-06-27,3,TOY-14,Unit I,Weaving,Toyota,21700,21128,97.37
2026-06-27,3,TOY-15,Unit I,Weaving,Toyota,21700,20930,96.45
2026-06-27,3,TSU-01,Unit I,Weaving,Tsudakoma,15000,14968,99.79
2026-06-27,3,TSU-02,Unit I,Weaving,Tsudakoma,15000,13656,91.05
2026-06-27,3,TSU-03,Unit I,Weaving,Tsudakoma,15000,14275,95.17
2026-06-27,3,TSU-04,Unit I,Weaving,Tsudakoma,15000,13226,88.17
2026-06-27,3,TSU-05,Unit I,Weaving,Tsudakoma,15000,14776,98.51
2026-06-27,3,TSU-06,Unit I,Weaving,Tsudakoma,15000,14639,97.59
2026-06-27,3,TSU-07,Unit I,Weaving,Tsudakoma,15000,14621,97.48
2026-06-27,3,TSU-08,Unit I,Weaving,Tsudakoma,15000,14251,95.01
2026-06-27,3,TSU-09,Unit I,Weaving,Tsudakoma,15000,14561,97.07
2026-06-27,3,TSU-10,Unit I,Weaving,Tsudakoma,15000,15000,100.0
2026-06-27,3,SUL-01,Unit I,Weaving,Sulzer,2700,2526,93.57
2026-06-27,3,SUL-02,Unit I,Weaving,Sulzer,2700,2583,95.69
2026-06-27,3,SUL-03,Unit I,Weaving,Sulzer,2700,2418,89.57
2026-06-27,3,SUL-04,Unit I,Weaving,Sulzer,2700,2447,90.66
2026-06-27,3,SUL-05,Unit I,Weaving,Sulzer,2700,2578,95.49
2026-06-27,3,RF-01,Unit I,Spinning,RingFrame,2500,2500,100.0
2026-06-27,3,RF-02,Unit I,Spinning,RingFrame,2500,2342,93.72
2026-06-27,3,RF-03,Unit I,Spinning,RingFrame,2500,2345,93.82
2026-06-27,3,RF-04,Unit I,Spinning,RingFrame,2500,2324,92.97
2026-06-27,3,RF-05,Unit I,Spinning,RingFrame,2500,2308,92.33
2026-06-27,3,RF-06,Unit I,Spinning,RingFrame,2500,2411,96.47
2026-06-27,3,RF-07,Unit I,Spinning,RingFrame,2500,2187,87.51
2026-06-27,3,RF-08,Unit I,Spinning,RingFrame,2500,2500,100.0
2026-06-27,3,RF-09,Unit I,Spinning,RingFrame,2500,2291,91.67
2026-06-27,3,RF-10,Unit I,Spinning,RingFrame,2500,2465,98.61
2026-06-27,3,RF-11,Unit I,Spinning,RingFrame,2500,1791,71.65
2026-06-27,3,RF-12,Unit I,Spinning,RingFrame,2500,2458,98.34
2026-06-27,3,VTX-01,Unit I,Spinning,Vortex,4700,4622,98.36
2026-06-27,3,VTX-02,Unit I,Spinning,Vortex,4700,4555,96.92
2026-06-27,3,VTX-03,Unit I,Spinning,Vortex,4700,4231,90.03
2026-06-27,3,VTX-04,Unit I,Spinning,Vortex,4700,4523,96.25
2026-06-27,3,VTX-05,Unit I,Spinning,Vortex,4700,4186,89.08
2026-06-27,3,VTX-06,Unit I,Spinning,Vortex,4700,3606,76.74
2026-06-27,3,VTX-07,Unit I,Spinning,Vortex,4700,4700,100.0
2026-06-27,3,VTX-08,Unit I,Spinning,Vortex,4700,4652,98.98
2026-06-27,3,VTX-09,Unit I,Spinning,Vortex,4700,4468,95.08
2026-06-27,3,VTX-10,Unit I,Spinning,Vortex,4700,4235,90.13
2026-06-27,3,VTX-11,Unit I,Spinning,Vortex,4700,4616,98.23
2026-06-27,3,VTX-12,Unit I,Spinning,Vortex,4700,4469,95.1
2026-06-27,3,AJ-01,Unit I,Spinning,Airjet,3750,3127,83.4
2026-06-27,3,AJ-02,Unit I,Spinning,Airjet,3750,3709,98.91
2026-06-27,3,AJ-03,Unit I,Spinning,Airjet,3750,3557,94.88
2026-06-27,3,AJ-04,Unit I,Spinning,Airjet,3750,3750,100.0
2026-06-27,3,AJ-05,Unit I,Spinning,Airjet,3750,3357,89.52
2026-06-28,1,TOY-01,Unit I,Weaving,Toyota,21700,17168,79.12
2026-06-28,1,TOY-02,Unit I,Weaving,Toyota,21700,17228,79.4
2026-06-28,1,TOY-03,Unit I,Weaving,Toyota,21700,20931,96.46
2026-06-28,1,TOY-04,Unit I,Weaving,Toyota,21700,18780,86.55
2026-06-28,1,TOY-05,Unit I,Weaving,Toyota,21700,19553,90.11
2026-06-28,1,TOY-06,Unit I,Weaving,Toyota,21700,21700,100.0
2026-06-28,1,TOY-07,Unit I,Weaving,Toyota,21700,20283,93.47
2026-06-28,1,TOY-08,Unit I,Weaving,Toyota,21700,17719,81.65
2026-06-28,1,TOY-09,Unit I,Weaving,Toyota,21700,19909,91.75
2026-06-28,1,TOY-10,Unit I,Weaving,Toyota,21700,18347,84.55
2026-06-28,1,TOY-11,Unit I,Weaving,Toyota,21700,20430,94.15
2026-06-28,1,TOY-12,Unit I,Weaving,Toyota,21700,20326,93.67
2026-06-28,1,TOY-13,Unit I,Weaving,Toyota,21700,20181,93.0
2026-06-28,1,TOY-14,Unit I,Weaving,Toyota,21700,20490,94.43
2026-06-28,1,TOY-15,Unit I,Weaving,Toyota,21700,20901,96.32
2026-06-28,1,TSU-01,Unit I,Weaving,Tsudakoma,15000,14137,94.25
2026-06-28,1,TSU-02,Unit I,Weaving,Tsudakoma,15000,13301,88.68
2026-06-28,1,TSU-03,Unit I,Weaving,Tsudakoma,15000,14614,97.43
2026-06-28,1,TSU-04,Unit I,Weaving,Tsudakoma,15000,12787,85.25
2026-06-28,1,TSU-05,Unit I,Weaving,Tsudakoma,15000,12712,84.75
2026-06-28,1,TSU-06,Unit I,Weaving,Tsudakoma,15000,14804,98.7
2026-06-28,1,TSU-07,Unit I,Weaving,Tsudakoma,15000,14630,97.54
2026-06-28,1,TSU-08,Unit I,Weaving,Tsudakoma,15000,14206,94.71
2026-06-28,1,TSU-09,Unit I,Weaving,Tsudakoma,15000,13203,88.02
2026-06-28,1,TSU-10,Unit I,Weaving,Tsudakoma,15000,13719,91.46
2026-06-28,1,SUL-01,Unit I,Weaving,Sulzer,2700,2529,93.69
2026-06-28,1,SUL-02,Unit I,Weaving,Sulzer,2700,2349,87.02
2026-06-28,1,SUL-03,Unit I,Weaving,Sulzer,2700,2465,91.3
2026-06-28,1,SUL-04,Unit I,Weaving,Sulzer,2700,2653,98.26
2026-06-28,1,SUL-05,Unit I,Weaving,Sulzer,2700,2700,100.0
2026-06-28,1,RF-01,Unit I,Spinning,RingFrame,2500,2322,92.9
2026-06-28,1,RF-02,Unit I,Spinning,RingFrame,2500,2469,98.78
2026-06-28,1,RF-03,Unit I,Spinning,RingFrame,2500,2135,85.43
2026-06-28,1,RF-04,Unit I,Spinning,RingFrame,2500,2457,98.3
2026-06-28,1,RF-05,Unit I,Spinning,RingFrame,2500,2274,90.98
2026-06-28,1,RF-06,Unit I,Spinning,RingFrame,2500,2413,96.54
2026-06-28,1,RF-07,Unit I,Spinning,RingFrame,2500,2344,93.76
2026-06-28,1,RF-08,Unit I,Spinning,RingFrame,2500,2500,100.0
2026-06-28,1,RF-09,Unit I,Spinning,RingFrame,2500,2265,90.63
2026-06-28,1,RF-10,Unit I,Spinning,RingFrame,2500,2453,98.14
2026-06-28,1,RF-11,Unit I,Spinning,RingFrame,2500,1915,76.6
2026-06-28,1,RF-12,Unit I,Spinning,RingFrame,2500,2355,94.21
2026-06-28,1,VTX-01,Unit I,Spinning,Vortex,4700,4421,94.08
2026-06-28,1,VTX-02,Unit I,Spinning,Vortex,4700,4266,90.77
2026-06-28,1,VTX-03,Unit I,Spinning,Vortex,4700,4461,94.93
2026-06-28,1,VTX-04,Unit I,Spinning,Vortex,4700,4450,94.69
2026-06-28,1,VTX-05,Unit I,Spinning,Vortex,4700,4521,96.21
2026-06-28,1,VTX-06,Unit I,Spinning,Vortex,4700,3685,78.42
2026-06-28,1,VTX-07,Unit I,Spinning,Vortex,4700,4652,98.99
2026-06-28,1,VTX-08,Unit I,Spinning,Vortex,4700,4682,99.62
2026-06-28,1,VTX-09,Unit I,Spinning,Vortex,4700,4218,89.75
2026-06-28,1,VTX-10,Unit I,Spinning,Vortex,4700,4669,99.34
2026-06-28,1,VTX-11,Unit I,Spinning,Vortex,4700,4186,89.07
2026-06-28,1,VTX-12,Unit I,Spinning,Vortex,4700,4603,97.94
2026-06-28,1,AJ-01,Unit I,Spinning,Airjet,3750,3678,98.1
2026-06-28,1,AJ-02,Unit I,Spinning,Airjet,3750,3204,85.44
2026-06-28,1,AJ-03,Unit I,Spinning,Airjet,3750,3579,95.46
2026-06-28,1,AJ-04,Unit I,Spinning,Airjet,3750,3474,92.66
2026-06-28,1,AJ-05,Unit I,Spinning,Airjet,3750,3420,91.21
2026-06-28,2,TOY-01,Unit I,Weaving,Toyota,21700,21700,100.0
2026-06-28,2,TOY-02,Unit I,Weaving,Toyota,21700,16216,74.73
2026-06-28,2,TOY-03,Unit I,Weaving,Toyota,21700,19740,90.97
2026-06-28,2,TOY-04,Unit I,Weaving,Toyota,21700,20697,95.38
2026-06-28,2,TOY-05,Unit I,Weaving,Toyota,21700,21358,98.43
2026-06-28,2,TOY-06,Unit I,Weaving,Toyota,21700,20461,94.29
2026-06-28,2,TOY-07,Unit I,Weaving,Toyota,21700,21700,100.0
2026-06-28,2,TOY-08,Unit I,Weaving,Toyota,21700,17502,80.65
2026-06-28,2,TOY-09,Unit I,Weaving,Toyota,21700,18251,84.11
2026-06-28,2,TOY-10,Unit I,Weaving,Toyota,21700,20040,92.35
2026-06-28,2,TOY-11,Unit I,Weaving,Toyota,21700,20005,92.19
2026-06-28,2,TOY-12,Unit I,Weaving,Toyota,21700,21135,97.4
2026-06-28,2,TOY-13,Unit I,Weaving,Toyota,21700,17767,81.88
2026-06-28,2,TOY-14,Unit I,Weaving,Toyota,21700,21700,100.0
2026-06-28,2,TOY-15,Unit I,Weaving,Toyota,21700,21191,97.66
2026-06-28,2,TSU-01,Unit I,Weaving,Tsudakoma,15000,14361,95.74
2026-06-28,2,TSU-02,Unit I,Weaving,Tsudakoma,15000,15000,100.0
2026-06-28,2,TSU-03,Unit I,Weaving,Tsudakoma,15000,15000,100.0
2026-06-28,2,TSU-04,Unit I,Weaving,Tsudakoma,15000,14903,99.35
2026-06-28,2,TSU-05,Unit I,Weaving,Tsudakoma,15000,14961,99.74
2026-06-28,2,TSU-06,Unit I,Weaving,Tsudakoma,15000,14348,95.65
2026-06-28,2,TSU-07,Unit I,Weaving,Tsudakoma,15000,14143,94.29
2026-06-28,2,TSU-08,Unit I,Weaving,Tsudakoma,15000,13893,92.62
2026-06-28,2,TSU-09,Unit I,Weaving,Tsudakoma,15000,13630,90.87
2026-06-28,2,TSU-10,Unit I,Weaving,Tsudakoma,15000,13734,91.56
2026-06-28,2,SUL-01,Unit I,Weaving,Sulzer,2700,2382,88.25
2026-06-28,2,SUL-02,Unit I,Weaving,Sulzer,2700,2554,94.62
2026-06-28,2,SUL-03,Unit I,Weaving,Sulzer,2700,2337,86.58
2026-06-28,2,SUL-04,Unit I,Weaving,Sulzer,2700,2590,95.95
2026-06-28,2,SUL-05,Unit I,Weaving,Sulzer,2700,2560,94.82
2026-06-28,2,RF-01,Unit I,Spinning,RingFrame,2500,2393,95.73
2026-06-28,2,RF-02,Unit I,Spinning,RingFrame,2500,2309,92.39
2026-06-28,2,RF-03,Unit I,Spinning,RingFrame,2500,2500,100.0
2026-06-28,2,RF-04,Unit I,Spinning,RingFrame,2500,2500,100.0
2026-06-28,2,RF-05,Unit I,Spinning,RingFrame,2500,2219,88.78
2026-06-28,2,RF-06,Unit I,Spinning,RingFrame,2500,2404,96.16
2026-06-28,2,RF-07,Unit I,Spinning,RingFrame,2500,2298,91.96
2026-06-28,2,RF-08,Unit I,Spinning,RingFrame,2500,2248,89.93
2026-06-28,2,RF-09,Unit I,Spinning,RingFrame,2500,2207,88.3
2026-06-28,2,RF-10,Unit I,Spinning,RingFrame,2500,2429,97.16
2026-06-28,2,RF-11,Unit I,Spinning,RingFrame,2500,1864,74.59
2026-06-28,2,RF-12,Unit I,Spinning,RingFrame,2500,2495,99.84
2026-06-28,2,VTX-01,Unit I,Spinning,Vortex,4700,4698,99.97
2026-06-28,2,VTX-02,Unit I,Spinning,Vortex,4700,4700,100.0
2026-06-28,2,VTX-03,Unit I,Spinning,Vortex,4700,4264,90.74
2026-06-28,2,VTX-04,Unit I,Spinning,Vortex,4700,4576,97.38
2026-06-28,2,VTX-05,Unit I,Spinning,Vortex,4700,4613,98.16
2026-06-28,2,VTX-06,Unit I,Spinning,Vortex,4700,3554,75.63
2026-06-28,2,VTX-07,Unit I,Spinning,Vortex,4700,4283,91.14
2026-06-28,2,VTX-08,Unit I,Spinning,Vortex,4700,4700,100.0
2026-06-28,2,VTX-09,Unit I,Spinning,Vortex,4700,4518,96.14
2026-06-28,2,VTX-10,Unit I,Spinning,Vortex,4700,4614,98.18
2026-06-28,2,VTX-11,Unit I,Spinning,Vortex,4700,4271,90.89
2026-06-28,2,VTX-12,Unit I,Spinning,Vortex,4700,4178,88.9
2026-06-28,2,AJ-01,Unit I,Spinning,Airjet,3750,3455,92.15
2026-06-28,2,AJ-02,Unit I,Spinning,Airjet,3750,3539,94.38
2026-06-28,2,AJ-03,Unit I,Spinning,Airjet,3750,3362,89.68
2026-06-28,2,AJ-04,Unit I,Spinning,Airjet,3750,3560,94.95
2026-06-28,2,AJ-05,Unit I,Spinning,Airjet,3750,3245,86.56
2026-06-28,3,TOY-01,Unit I,Weaving,Toyota,21700,19399,89.4
2026-06-28,3,TOY-02,Unit I,Weaving,Toyota,21700,17653,81.35
2026-06-28,3,TOY-03,Unit I,Weaving,Toyota,21700,21270,98.02
2026-06-28,3,TOY-04,Unit I,Weaving,Toyota,21700,20189,93.04
2026-06-28,3,TOY-05,Unit I,Weaving,Toyota,21700,19510,89.91
2026-06-28,3,TOY-06,Unit I,Weaving,Toyota,21700,19500,89.86
2026-06-28,3,TOY-07,Unit I,Weaving,Toyota,21700,20210,93.13
2026-06-28,3,TOY-08,Unit I,Weaving,Toyota,21700,17625,81.22
2026-06-28,3,TOY-09,Unit I,Weaving,Toyota,21700,21622,99.64
2026-06-28,3,TOY-10,Unit I,Weaving,Toyota,21700,20076,92.52
2026-06-28,3,TOY-11,Unit I,Weaving,Toyota,21700,19363,89.23
2026-06-28,3,TOY-12,Unit I,Weaving,Toyota,21700,20905,96.34
2026-06-28,3,TOY-13,Unit I,Weaving,Toyota,21700,19721,90.88
2026-06-28,3,TOY-14,Unit I,Weaving,Toyota,21700,20052,92.41
2026-06-28,3,TOY-15,Unit I,Weaving,Toyota,21700,21700,100.0
2026-06-28,3,TSU-01,Unit I,Weaving,Tsudakoma,15000,14870,99.14
2026-06-28,3,TSU-02,Unit I,Weaving,Tsudakoma,15000,14368,95.79
2026-06-28,3,TSU-03,Unit I,Weaving,Tsudakoma,15000,13296,88.64
2026-06-28,3,TSU-04,Unit I,Weaving,Tsudakoma,15000,14408,96.06
2026-06-28,3,TSU-05,Unit I,Weaving,Tsudakoma,15000,15000,100.0
2026-06-28,3,TSU-06,Unit I,Weaving,Tsudakoma,15000,13968,93.12
2026-06-28,3,TSU-07,Unit I,Weaving,Tsudakoma,15000,15000,100.0
2026-06-28,3,TSU-08,Unit I,Weaving,Tsudakoma,15000,15000,100.0
2026-06-28,3,TSU-09,Unit I,Weaving,Tsudakoma,15000,15000,100.0
2026-06-28,3,TSU-10,Unit I,Weaving,Tsudakoma,15000,14478,96.53
2026-06-28,3,SUL-01,Unit I,Weaving,Sulzer,2700,2644,97.94
2026-06-28,3,SUL-02,Unit I,Weaving,Sulzer,2700,2700,100.0
2026-06-28,3,SUL-03,Unit I,Weaving,Sulzer,2700,2625,97.24
2026-06-28,3,SUL-04,Unit I,Weaving,Sulzer,2700,2497,92.49
2026-06-28,3,SUL-05,Unit I,Weaving,Sulzer,2700,2504,92.76
2026-06-28,3,RF-01,Unit I,Spinning,RingFrame,2500,2404,96.19
2026-06-28,3,RF-02,Unit I,Spinning,RingFrame,2500,2213,88.55
2026-06-28,3,RF-03,Unit I,Spinning,RingFrame,2500,2357,94.28
2026-06-28,3,RF-04,Unit I,Spinning,RingFrame,2500,2500,100.0
2026-06-28,3,RF-05,Unit I,Spinning,RingFrame,2500,2101,84.04
2026-06-28,3,RF-06,Unit I,Spinning,RingFrame,2500,2500,100.0
2026-06-28,3,RF-07,Unit I,Spinning,RingFrame,2500,2500,100.0
2026-06-28,3,RF-08,Unit I,Spinning,RingFrame,2500,2317,92.7
2026-06-28,3,RF-09,Unit I,Spinning,RingFrame,2500,2442,97.72
2026-06-28,3,RF-10,Unit I,Spinning,RingFrame,2500,2375,95.02
2026-06-28,3,RF-11,Unit I,Spinning,RingFrame,2500,2103,84.15
2026-06-28,3,RF-12,Unit I,Spinning,RingFrame,2500,2497,99.91
2026-06-28,3,VTX-01,Unit I,Spinning,Vortex,4700,4135,88.0
2026-06-28,3,VTX-02,Unit I,Spinning,Vortex,4700,4603,97.94
2026-06-28,3,VTX-03,Unit I,Spinning,Vortex,4700,4416,93.97
2026-06-28,3,VTX-04,Unit I,Spinning,Vortex,4700,4484,95.41
2026-06-28,3,VTX-05,Unit I,Spinning,Vortex,4700,4293,91.36
2026-06-28,3,VTX-06,Unit I,Spinning,Vortex,4700,4076,86.74
2026-06-28,3,VTX-07,Unit I,Spinning,Vortex,4700,4700,100.0
2026-06-28,3,VTX-08,Unit I,Spinning,Vortex,4700,4291,91.3
2026-06-28,3,VTX-09,Unit I,Spinning,Vortex,4700,4151,88.33
2026-06-28,3,VTX-10,Unit I,Spinning,Vortex,4700,4374,93.07
2026-06-28,3,VTX-11,Unit I,Spinning,Vortex,4700,4567,97.17
2026-06-28,3,VTX-12,Unit I,Spinning,Vortex,4700,4521,96.2
2026-06-28,3,AJ-01,Unit I,Spinning,Airjet,3750,3750,100.0
2026-06-28,3,AJ-02,Unit I,Spinning,Airjet,3750,3710,98.95
2026-06-28,3,AJ-03,Unit I,Spinning,Airjet,3750,3744,99.85
2026-06-28,3,AJ-04,Unit I,Spinning,Airjet,3750,3623,96.63
2026-06-28,3,AJ-05,Unit I,Spinning,Airjet,3750,3302,88.05
2026-06-29,1,TOY-01,Unit I,Weaving,Toyota,21700,20402,94.02
2026-06-29,1,TOY-02,Unit I,Weaving,Toyota,21700,18076,83.3
2026-06-29,1,TOY-03,Unit I,Weaving,Toyota,21700,20559,94.74
2026-06-29,1,TOY-04,Unit I,Weaving,Toyota,21700,21160,97.52
2026-06-29,1,TOY-05,Unit I,Weaving,Toyota,21700,20269,93.41
2026-06-29,1,TOY-06,Unit I,Weaving,Toyota,21700,19497,89.85
2026-06-29,1,TOY-07,Unit I,Weaving,Toyota,21700,20481,94.38
2026-06-29,1,TOY-08,Unit I,Weaving,Toyota,21700,17261,79.55
2026-06-29,1,TOY-09,Unit I,Weaving,Toyota,21700,19903,91.72
2026-06-29,1,TOY-10,Unit I,Weaving,Toyota,21700,20359,93.82
2026-06-29,1,TOY-11,Unit I,Weaving,Toyota,21700,19595,90.3
2026-06-29,1,TOY-12,Unit I,Weaving,Toyota,21700,21700,100.0
2026-06-29,1,TOY-13,Unit I,Weaving,Toyota,21700,20295,93.53
2026-06-29,1,TOY-14,Unit I,Weaving,Toyota,21700,21700,100.0
2026-06-29,1,TOY-15,Unit I,Weaving,Toyota,21700,21700,100.0
2026-06-29,1,TSU-01,Unit I,Weaving,Tsudakoma,15000,14189,94.59
2026-06-29,1,TSU-02,Unit I,Weaving,Tsudakoma,15000,13493,89.96
2026-06-29,1,TSU-03,Unit I,Weaving,Tsudakoma,15000,12685,84.57
2026-06-29,1,TSU-04,Unit I,Weaving,Tsudakoma,15000,13145,87.64
2026-06-29,1,TSU-05,Unit I,Weaving,Tsudakoma,15000,13219,88.13
2026-06-29,1,TSU-06,Unit I,Weaving,Tsudakoma,15000,15000,100.0
2026-06-29,1,TSU-07,Unit I,Weaving,Tsudakoma,15000,14336,95.58
2026-06-29,1,TSU-08,Unit I,Weaving,Tsudakoma,15000,14542,96.95
2026-06-29,1,TSU-09,Unit I,Weaving,Tsudakoma,15000,12584,83.9
2026-06-29,1,TSU-10,Unit I,Weaving,Tsudakoma,15000,13351,89.01
2026-06-29,1,SUL-01,Unit I,Weaving,Sulzer,2700,2684,99.44
2026-06-29,1,SUL-02,Unit I,Weaving,Sulzer,2700,2603,96.43
2026-06-29,1,SUL-03,Unit I,Weaving,Sulzer,2700,2545,94.26
2026-06-29,1,SUL-04,Unit I,Weaving,Sulzer,2700,2641,97.82
2026-06-29,1,SUL-05,Unit I,Weaving,Sulzer,2700,2700,100.0
2026-06-29,1,RF-01,Unit I,Spinning,RingFrame,2500,2347,93.89
2026-06-29,1,RF-02,Unit I,Spinning,RingFrame,2500,2383,95.35
2026-06-29,1,RF-03,Unit I,Spinning,RingFrame,2500,2399,95.96
2026-06-29,1,RF-04,Unit I,Spinning,RingFrame,2500,2500,100.0
2026-06-29,1,RF-05,Unit I,Spinning,RingFrame,2500,2112,84.5
2026-06-29,1,RF-06,Unit I,Spinning,RingFrame,2500,2460,98.42
2026-06-29,1,RF-07,Unit I,Spinning,RingFrame,2500,2360,94.43
2026-06-29,1,RF-08,Unit I,Spinning,RingFrame,2500,2445,97.83
2026-06-29,1,RF-09,Unit I,Spinning,RingFrame,2500,2292,91.71
2026-06-29,1,RF-10,Unit I,Spinning,RingFrame,2500,2368,94.76
2026-06-29,1,RF-11,Unit I,Spinning,RingFrame,2500,2038,81.56
2026-06-29,1,RF-12,Unit I,Spinning,RingFrame,2500,2500,100.0
2026-06-29,1,VTX-01,Unit I,Spinning,Vortex,4700,4654,99.04
2026-06-29,1,VTX-02,Unit I,Spinning,Vortex,4700,4265,90.76
2026-06-29,1,VTX-03,Unit I,Spinning,Vortex,4700,4365,92.88
2026-06-29,1,VTX-04,Unit I,Spinning,Vortex,4700,4358,92.73
2026-06-29,1,VTX-05,Unit I,Spinning,Vortex,4700,4043,86.02
2026-06-29,1,VTX-06,Unit I,Spinning,Vortex,4700,3588,76.35
2026-06-29,1,VTX-07,Unit I,Spinning,Vortex,4700,4637,98.66
2026-06-29,1,VTX-08,Unit I,Spinning,Vortex,4700,4165,88.63
2026-06-29,1,VTX-09,Unit I,Spinning,Vortex,4700,4700,100.0
2026-06-29,1,VTX-10,Unit I,Spinning,Vortex,4700,4579,97.44
2026-06-29,1,VTX-11,Unit I,Spinning,Vortex,4700,4292,91.33
2026-06-29,1,VTX-12,Unit I,Spinning,Vortex,4700,4431,94.29
2026-06-29,1,AJ-01,Unit I,Spinning,Airjet,3750,3750,100.0
2026-06-29,1,AJ-02,Unit I,Spinning,Airjet,3750,3700,98.67
2026-06-29,1,AJ-03,Unit I,Spinning,Airjet,3750,3564,95.04
2026-06-29,1,AJ-04,Unit I,Spinning,Airjet,3750,3517,93.81
2026-06-29,1,AJ-05,Unit I,Spinning,Airjet,3750,3576,95.38
2026-06-29,2,TOY-01,Unit I,Weaving,Toyota,21700,20059,92.44
2026-06-29,2,TOY-02,Unit I,Weaving,Toyota,21700,14642,67.48
2026-06-29,2,TOY-03,Unit I,Weaving,Toyota,21700,21700,100.0
2026-06-29,2,TOY-04,Unit I,Weaving,Toyota,21700,20783,95.78
2026-06-29,2,TOY-05,Unit I,Weaving,Toyota,21700,21046,96.99
2026-06-29,2,TOY-06,Unit I,Weaving,Toyota,21700,20552,94.71
2026-06-29,2,TOY-07,Unit I,Weaving,Toyota,21700,19817,91.32
2026-06-29,2,TOY-08,Unit I,Weaving,Toyota,21700,16724,77.07
2026-06-29,2,TOY-09,Unit I,Weaving,Toyota,21700,18879,87.0
2026-06-29,2,TOY-10,Unit I,Weaving,Toyota,21700,21700,100.0
2026-06-29,2,TOY-11,Unit I,Weaving,Toyota,21700,19275,88.83
2026-06-29,2,TOY-12,Unit I,Weaving,Toyota,21700,19495,89.84
2026-06-29,2,TOY-13,Unit I,Weaving,Toyota,21700,20137,92.8
2026-06-29,2,TOY-14,Unit I,Weaving,Toyota,21700,21700,100.0
2026-06-29,2,TOY-15,Unit I,Weaving,Toyota,21700,20630,95.07
2026-06-29,2,TSU-01,Unit I,Weaving,Tsudakoma,15000,13322,88.82
2026-06-29,2,TSU-02,Unit I,Weaving,Tsudakoma,15000,15000,100.0
2026-06-29,2,TSU-03,Unit I,Weaving,Tsudakoma,15000,14798,98.66
2026-06-29,2,TSU-04,Unit I,Weaving,Tsudakoma,15000,14653,97.69
2026-06-29,2,TSU-05,Unit I,Weaving,Tsudakoma,15000,14786,98.58
2026-06-29,2,TSU-06,Unit I,Weaving,Tsudakoma,15000,15000,100.0
2026-06-29,2,TSU-07,Unit I,Weaving,Tsudakoma,15000,15000,100.0
2026-06-29,2,TSU-08,Unit I,Weaving,Tsudakoma,15000,13734,91.57
2026-06-29,2,TSU-09,Unit I,Weaving,Tsudakoma,15000,15000,100.0
2026-06-29,2,TSU-10,Unit I,Weaving,Tsudakoma,15000,14537,96.92
2026-06-29,2,SUL-01,Unit I,Weaving,Sulzer,2700,2632,97.5
2026-06-29,2,SUL-02,Unit I,Weaving,Sulzer,2700,2336,86.54
2026-06-29,2,SUL-03,Unit I,Weaving,Sulzer,2700,2541,94.15
2026-06-29,2,SUL-04,Unit I,Weaving,Sulzer,2700,2455,90.94
2026-06-29,2,SUL-05,Unit I,Weaving,Sulzer,2700,2676,99.14
2026-06-29,2,RF-01,Unit I,Spinning,RingFrame,2500,2500,100.0
2026-06-29,2,RF-02,Unit I,Spinning,RingFrame,2500,2115,84.63
2026-06-29,2,RF-03,Unit I,Spinning,RingFrame,2500,2372,94.89
2026-06-29,2,RF-04,Unit I,Spinning,RingFrame,2500,2500,100.0
2026-06-29,2,RF-05,Unit I,Spinning,RingFrame,2500,2351,94.07
2026-06-29,2,RF-06,Unit I,Spinning,RingFrame,2500,2466,98.65
2026-06-29,2,RF-07,Unit I,Spinning,RingFrame,2500,2418,96.76
2026-06-29,2,RF-08,Unit I,Spinning,RingFrame,2500,2417,96.71
2026-06-29,2,RF-09,Unit I,Spinning,RingFrame,2500,2341,93.64
2026-06-29,2,RF-10,Unit I,Spinning,RingFrame,2500,2222,88.92
2026-06-29,2,RF-11,Unit I,Spinning,RingFrame,2500,1809,72.39
2026-06-29,2,RF-12,Unit I,Spinning,RingFrame,2500,2463,98.55
2026-06-29,2,VTX-01,Unit I,Spinning,Vortex,4700,4469,95.1
2026-06-29,2,VTX-02,Unit I,Spinning,Vortex,4700,4432,94.31
2026-06-29,2,VTX-03,Unit I,Spinning,Vortex,4700,4365,92.88
2026-06-29,2,VTX-04,Unit I,Spinning,Vortex,4700,4393,93.47
2026-06-29,2,VTX-05,Unit I,Spinning,Vortex,4700,4700,100.0
2026-06-29,2,VTX-06,Unit I,Spinning,Vortex,4700,3587,76.32
2026-06-29,2,VTX-07,Unit I,Spinning,Vortex,4700,4149,88.29
2026-06-29,2,VTX-08,Unit I,Spinning,Vortex,4700,4639,98.72
2026-06-29,2,VTX-09,Unit I,Spinning,Vortex,4700,4416,93.98
2026-06-29,2,VTX-10,Unit I,Spinning,Vortex,4700,4472,95.16
2026-06-29,2,VTX-11,Unit I,Spinning,Vortex,4700,4700,100.0
2026-06-29,2,VTX-12,Unit I,Spinning,Vortex,4700,4460,94.9
2026-06-29,2,AJ-01,Unit I,Spinning,Airjet,3750,3616,96.45
2026-06-29,2,AJ-02,Unit I,Spinning,Airjet,3750,3341,89.11
2026-06-29,2,AJ-03,Unit I,Spinning,Airjet,3750,3521,93.9
2026-06-29,2,AJ-04,Unit I,Spinning,Airjet,3750,3676,98.05
2026-06-29,2,AJ-05,Unit I,Spinning,Airjet,3750,3270,87.22
2026-06-29,3,TOY-01,Unit I,Weaving,Toyota,21700,20832,96.0
2026-06-29,3,TOY-02,Unit I,Weaving,Toyota,21700,17035,78.5
2026-06-29,3,TOY-03,Unit I,Weaving,Toyota,21700,20659,95.21
2026-06-29,3,TOY-04,Unit I,Weaving,Toyota,21700,21700,100.0
2026-06-29,3,TOY-05,Unit I,Weaving,Toyota,21700,20977,96.67
2026-06-29,3,TOY-06,Unit I,Weaving,Toyota,21700,21700,100.0
2026-06-29,3,TOY-07,Unit I,Weaving,Toyota,21700,19536,90.03
2026-06-29,3,TOY-08,Unit I,Weaving,Toyota,21700,17073,78.68
2026-06-29,3,TOY-09,Unit I,Weaving,Toyota,21700,20706,95.42
2026-06-29,3,TOY-10,Unit I,Weaving,Toyota,21700,19454,89.65
2026-06-29,3,TOY-11,Unit I,Weaving,Toyota,21700,21652,99.78
2026-06-29,3,TOY-12,Unit I,Weaving,Toyota,21700,21700,100.0
2026-06-29,3,TOY-13,Unit I,Weaving,Toyota,21700,20596,94.91
2026-06-29,3,TOY-14,Unit I,Weaving,Toyota,21700,21162,97.53
2026-06-29,3,TOY-15,Unit I,Weaving,Toyota,21700,20706,95.42
2026-06-29,3,TSU-01,Unit I,Weaving,Tsudakoma,15000,13714,91.43
2026-06-29,3,TSU-02,Unit I,Weaving,Tsudakoma,15000,12884,85.9
2026-06-29,3,TSU-03,Unit I,Weaving,Tsudakoma,15000,13720,91.47
2026-06-29,3,TSU-04,Unit I,Weaving,Tsudakoma,15000,13206,88.04
2026-06-29,3,TSU-05,Unit I,Weaving,Tsudakoma,15000,15000,100.0
2026-06-29,3,TSU-06,Unit I,Weaving,Tsudakoma,15000,14163,94.42
2026-06-29,3,TSU-07,Unit I,Weaving,Tsudakoma,15000,13990,93.27
2026-06-29,3,TSU-08,Unit I,Weaving,Tsudakoma,15000,14916,99.45
2026-06-29,3,TSU-09,Unit I,Weaving,Tsudakoma,15000,13408,89.39
2026-06-29,3,TSU-10,Unit I,Weaving,Tsudakoma,15000,13674,91.17
2026-06-29,3,SUL-01,Unit I,Weaving,Sulzer,2700,2574,95.34
2026-06-29,3,SUL-02,Unit I,Weaving,Sulzer,2700,2700,100.0
2026-06-29,3,SUL-03,Unit I,Weaving,Sulzer,2700,2632,97.51
2026-06-29,3,SUL-04,Unit I,Weaving,Sulzer,2700,2598,96.24
2026-06-29,3,SUL-05,Unit I,Weaving,Sulzer,2700,2575,95.39
2026-06-29,3,RF-01,Unit I,Spinning,RingFrame,2500,2425,97.0
2026-06-29,3,RF-02,Unit I,Spinning,RingFrame,2500,2400,96.01
2026-06-29,3,RF-03,Unit I,Spinning,RingFrame,2500,2246,89.85
2026-06-29,3,RF-04,Unit I,Spinning,RingFrame,2500,2380,95.23
2026-06-29,3,RF-05,Unit I,Spinning,RingFrame,2500,2240,89.63
2026-06-29,3,RF-06,Unit I,Spinning,RingFrame,2500,2385,95.41
2026-06-29,3,RF-07,Unit I,Spinning,RingFrame,2500,2314,92.6
2026-06-29,3,RF-08,Unit I,Spinning,RingFrame,2500,2500,100.0
2026-06-29,3,RF-09,Unit I,Spinning,RingFrame,2500,2370,94.8
2026-06-29,3,RF-10,Unit I,Spinning,RingFrame,2500,2199,87.98
2026-06-29,3,RF-11,Unit I,Spinning,RingFrame,2500,1933,77.33
2026-06-29,3,RF-12,Unit I,Spinning,RingFrame,2500,2439,97.6
2026-06-29,3,VTX-01,Unit I,Spinning,Vortex,4700,4700,100.0
2026-06-29,3,VTX-02,Unit I,Spinning,Vortex,4700,4326,92.05
2026-06-29,3,VTX-03,Unit I,Spinning,Vortex,4700,4093,87.09
2026-06-29,3,VTX-04,Unit I,Spinning,Vortex,4700,4656,99.08
2026-06-29,3,VTX-05,Unit I,Spinning,Vortex,4700,4140,88.1
2026-06-29,3,VTX-06,Unit I,Spinning,Vortex,4700,3563,75.82
2026-06-29,3,VTX-07,Unit I,Spinning,Vortex,4700,4404,93.71
2026-06-29,3,VTX-08,Unit I,Spinning,Vortex,4700,4448,94.65
2026-06-29,3,VTX-09,Unit I,Spinning,Vortex,4700,4626,98.45
2026-06-29,3,VTX-10,Unit I,Spinning,Vortex,4700,4304,91.58
2026-06-29,3,VTX-11,Unit I,Spinning,Vortex,4700,4400,93.63
2026-06-29,3,VTX-12,Unit I,Spinning,Vortex,4700,4461,94.93
2026-06-29,3,AJ-01,Unit I,Spinning,Airjet,3750,3590,95.75
2026-06-29,3,AJ-02,Unit I,Spinning,Airjet,3750,3580,95.49
2026-06-29,3,AJ-03,Unit I,Spinning,Airjet,3750,3644,97.18
2026-06-29,3,AJ-04,Unit I,Spinning,Airjet,3750,3720,99.22
2026-06-29,3,AJ-05,Unit I,Spinning,Airjet,3750,3636,96.96
2026-06-30,1,TOY-01,Unit I,Weaving,Toyota,21700,21107,97.27
2026-06-30,1,TOY-02,Unit I,Weaving,Toyota,21700,15209,70.09
2026-06-30,1,TOY-03,Unit I,Weaving,Toyota,21700,20669,95.25
2026-06-30,1,TOY-04,Unit I,Weaving,Toyota,21700,21135,97.4
2026-06-30,1,TOY-05,Unit I,Weaving,Toyota,21700,21405,98.64
2026-06-30,1,TOY-06,Unit I,Weaving,Toyota,21700,19863,91.54
2026-06-30,1,TOY-07,Unit I,Weaving,Toyota,21700,19899,91.7
2026-06-30,1,TOY-08,Unit I,Weaving,Toyota,21700,16303,75.13
2026-06-30,1,TOY-09,Unit I,Weaving,Toyota,21700,21197,97.68
2026-06-30,1,TOY-10,Unit I,Weaving,Toyota,21700,21700,100.0
2026-06-30,1,TOY-11,Unit I,Weaving,Toyota,21700,20172,92.96
2026-06-30,1,TOY-12,Unit I,Weaving,Toyota,21700,21600,99.54
2026-06-30,1,TOY-13,Unit I,Weaving,Toyota,21700,20748,95.62
2026-06-30,1,TOY-14,Unit I,Weaving,Toyota,21700,20480,94.38
2026-06-30,1,TOY-15,Unit I,Weaving,Toyota,21700,20385,93.94
2026-06-30,1,TSU-01,Unit I,Weaving,Tsudakoma,15000,14809,98.73
2026-06-30,1,TSU-02,Unit I,Weaving,Tsudakoma,15000,14494,96.63
2026-06-30,1,TSU-03,Unit I,Weaving,Tsudakoma,15000,15000,100.0
2026-06-30,1,TSU-04,Unit I,Weaving,Tsudakoma,15000,13610,90.74
2026-06-30,1,TSU-05,Unit I,Weaving,Tsudakoma,15000,14638,97.59
2026-06-30,1,TSU-06,Unit I,Weaving,Tsudakoma,15000,13853,92.35
2026-06-30,1,TSU-07,Unit I,Weaving,Tsudakoma,15000,13598,90.65
2026-06-30,1,TSU-08,Unit I,Weaving,Tsudakoma,15000,14241,94.95
2026-06-30,1,TSU-09,Unit I,Weaving,Tsudakoma,15000,14353,95.69
2026-06-30,1,TSU-10,Unit I,Weaving,Tsudakoma,15000,15000,100.0
2026-06-30,1,SUL-01,Unit I,Weaving,Sulzer,2700,2540,94.08
2026-06-30,1,SUL-02,Unit I,Weaving,Sulzer,2700,2412,89.35
2026-06-30,1,SUL-03,Unit I,Weaving,Sulzer,2700,2601,96.37
2026-06-30,1,SUL-04,Unit I,Weaving,Sulzer,2700,2284,84.63
2026-06-30,1,SUL-05,Unit I,Weaving,Sulzer,2700,2552,94.54
2026-06-30,1,RF-01,Unit I,Spinning,RingFrame,2500,2377,95.08
2026-06-30,1,RF-02,Unit I,Spinning,RingFrame,2500,2474,98.97
2026-06-30,1,RF-03,Unit I,Spinning,RingFrame,2500,2496,99.87
2026-06-30,1,RF-04,Unit I,Spinning,RingFrame,2500,2312,92.48
2026-06-30,1,RF-05,Unit I,Spinning,RingFrame,2500,2356,94.25
2026-06-30,1,RF-06,Unit I,Spinning,RingFrame,2500,2279,91.17
2026-06-30,1,RF-07,Unit I,Spinning,RingFrame,2500,2233,89.36
2026-06-30,1,RF-08,Unit I,Spinning,RingFrame,2500,2413,96.55
2026-06-30,1,RF-09,Unit I,Spinning,RingFrame,2500,2215,88.63
2026-06-30,1,RF-10,Unit I,Spinning,RingFrame,2500,2323,92.93
2026-06-30,1,RF-11,Unit I,Spinning,RingFrame,2500,1825,73.02
2026-06-30,1,RF-12,Unit I,Spinning,RingFrame,2500,2443,97.75
2026-06-30,1,VTX-01,Unit I,Spinning,Vortex,4700,4700,100.0
2026-06-30,1,VTX-02,Unit I,Spinning,Vortex,4700,4159,88.49
2026-06-30,1,VTX-03,Unit I,Spinning,Vortex,4700,4029,85.73
2026-06-30,1,VTX-04,Unit I,Spinning,Vortex,4700,4435,94.38
2026-06-30,1,VTX-05,Unit I,Spinning,Vortex,4700,4468,95.08
2026-06-30,1,VTX-06,Unit I,Spinning,Vortex,4700,3717,79.09
2026-06-30,1,VTX-07,Unit I,Spinning,Vortex,4700,4360,92.77
2026-06-30,1,VTX-08,Unit I,Spinning,Vortex,4700,4417,94.0
2026-06-30,1,VTX-09,Unit I,Spinning,Vortex,4700,4551,96.84
2026-06-30,1,VTX-10,Unit I,Spinning,Vortex,4700,4700,100.0
2026-06-30,1,VTX-11,Unit I,Spinning,Vortex,4700,4005,85.22
2026-06-30,1,VTX-12,Unit I,Spinning,Vortex,4700,4378,93.16
2026-06-30,1,AJ-01,Unit I,Spinning,Airjet,3750,3602,96.07
2026-06-30,1,AJ-02,Unit I,Spinning,Airjet,3750,3390,90.41
2026-06-30,1,AJ-03,Unit I,Spinning,Airjet,3750,3750,100.0
2026-06-30,1,AJ-04,Unit I,Spinning,Airjet,3750,3443,91.82
2026-06-30,1,AJ-05,Unit I,Spinning,Airjet,3750,3554,94.79
2026-06-30,2,TOY-01,Unit I,Weaving,Toyota,21700,21218,97.78
2026-06-30,2,TOY-02,Unit I,Weaving,Toyota,21700,16284,75.04
2026-06-30,2,TOY-03,Unit I,Weaving,Toyota,21700,18611,85.77
2026-06-30,2,TOY-04,Unit I,Weaving,Toyota,21700,20149,92.86
2026-06-30,2,TOY-05,Unit I,Weaving,Toyota,21700,21700,100.0
2026-06-30,2,TOY-06,Unit I,Weaving,Toyota,21700,20249,93.32
2026-06-30,2,TOY-07,Unit I,Weaving,Toyota,21700,19696,90.77
2026-06-30,2,TOY-08,Unit I,Weaving,Toyota,21700,17930,82.63
2026-06-30,2,TOY-09,Unit I,Weaving,Toyota,21700,20256,93.35
2026-06-30,2,TOY-10,Unit I,Weaving,Toyota,21700,20061,92.45
2026-06-30,2,TOY-11,Unit I,Weaving,Toyota,21700,20777,95.75
2026-06-30,2,TOY-12,Unit I,Weaving,Toyota,21700,21451,98.85
2026-06-30,2,TOY-13,Unit I,Weaving,Toyota,21700,21700,100.0
2026-06-30,2,TOY-14,Unit I,Weaving,Toyota,21700,21512,99.14
2026-06-30,2,TOY-15,Unit I,Weaving,Toyota,21700,21700,100.0
2026-06-30,2,TSU-01,Unit I,Weaving,Tsudakoma,15000,13870,92.47
2026-06-30,2,TSU-02,Unit I,Weaving,Tsudakoma,15000,13480,89.87
2026-06-30,2,TSU-03,Unit I,Weaving,Tsudakoma,15000,14296,95.31
2026-06-30,2,TSU-04,Unit I,Weaving,Tsudakoma,15000,14330,95.54
2026-06-30,2,TSU-05,Unit I,Weaving,Tsudakoma,15000,13441,89.61
2026-06-30,2,TSU-06,Unit I,Weaving,Tsudakoma,15000,14118,94.12
2026-06-30,2,TSU-07,Unit I,Weaving,Tsudakoma,15000,14549,97.0
2026-06-30,2,TSU-08,Unit I,Weaving,Tsudakoma,15000,14520,96.8
2026-06-30,2,TSU-09,Unit I,Weaving,Tsudakoma,15000,14628,97.52
2026-06-30,2,TSU-10,Unit I,Weaving,Tsudakoma,15000,14468,96.45
2026-06-30,2,SUL-01,Unit I,Weaving,Sulzer,2700,2496,92.46
2026-06-30,2,SUL-02,Unit I,Weaving,Sulzer,2700,2495,92.43
2026-06-30,2,SUL-03,Unit I,Weaving,Sulzer,2700,2403,89.01
2026-06-30,2,SUL-04,Unit I,Weaving,Sulzer,2700,2700,100.0
2026-06-30,2,SUL-05,Unit I,Weaving,Sulzer,2700,2566,95.07
2026-06-30,2,RF-01,Unit I,Spinning,RingFrame,2500,2346,93.88
2026-06-30,2,RF-02,Unit I,Spinning,RingFrame,2500,2258,90.36
2026-06-30,2,RF-03,Unit I,Spinning,RingFrame,2500,2500,100.0
2026-06-30,2,RF-04,Unit I,Spinning,RingFrame,2500,2240,89.63
2026-06-30,2,RF-05,Unit I,Spinning,RingFrame,2500,2321,92.86
2026-06-30,2,RF-06,Unit I,Spinning,RingFrame,2500,2426,97.08
2026-06-30,2,RF-07,Unit I,Spinning,RingFrame,2500,2450,98.0
2026-06-30,2,RF-08,Unit I,Spinning,RingFrame,2500,2494,99.79
2026-06-30,2,RF-09,Unit I,Spinning,RingFrame,2500,2500,100.0
2026-06-30,2,RF-10,Unit I,Spinning,RingFrame,2500,2438,97.53
2026-06-30,2,RF-11,Unit I,Spinning,RingFrame,2500,1817,72.72
2026-06-30,2,RF-12,Unit I,Spinning,RingFrame,2500,2342,93.72
2026-06-30,2,VTX-01,Unit I,Spinning,Vortex,4700,4537,96.54
2026-06-30,2,VTX-02,Unit I,Spinning,Vortex,4700,4700,100.0
2026-06-30,2,VTX-03,Unit I,Spinning,Vortex,4700,4136,88.01
2026-06-30,2,VTX-04,Unit I,Spinning,Vortex,4700,4700,100.0
2026-06-30,2,VTX-05,Unit I,Spinning,Vortex,4700,4507,95.9
2026-06-30,2,VTX-06,Unit I,Spinning,Vortex,4700,3862,82.19
2026-06-30,2,VTX-07,Unit I,Spinning,Vortex,4700,4441,94.49
2026-06-30,2,VTX-08,Unit I,Spinning,Vortex,4700,4267,90.79
2026-06-30,2,VTX-09,Unit I,Spinning,Vortex,4700,4641,98.75
2026-06-30,2,VTX-10,Unit I,Spinning,Vortex,4700,4618,98.27
2026-06-30,2,VTX-11,Unit I,Spinning,Vortex,4700,4693,99.86
2026-06-30,2,VTX-12,Unit I,Spinning,Vortex,4700,4461,94.93
2026-06-30,2,AJ-01,Unit I,Spinning,Airjet,3750,3450,92.0
2026-06-30,2,AJ-02,Unit I,Spinning,Airjet,3750,3270,87.21
2026-06-30,2,AJ-03,Unit I,Spinning,Airjet,3750,3716,99.1
2026-06-30,2,AJ-04,Unit I,Spinning,Airjet,3750,3641,97.12
2026-06-30,2,AJ-05,Unit I,Spinning,Airjet,3750,3381,90.17
2026-06-30,3,TOY-01,Unit I,Weaving,Toyota,21700,20030,92.31
2026-06-30,3,TOY-02,Unit I,Weaving,Toyota,21700,16419,75.67
2026-06-30,3,TOY-03,Unit I,Weaving,Toyota,21700,19005,87.59
2026-06-30,3,TOY-04,Unit I,Weaving,Toyota,21700,19727,90.91
2026-06-30,3,TOY-05,Unit I,Weaving,Toyota,21700,19384,89.33
2026-06-30,3,TOY-06,Unit I,Weaving,Toyota,21700,20167,92.94
2026-06-30,3,TOY-07,Unit I,Weaving,Toyota,21700,19813,91.31
2026-06-30,3,TOY-08,Unit I,Weaving,Toyota,21700,15160,69.86
2026-06-30,3,TOY-09,Unit I,Weaving,Toyota,21700,21700,100.0
2026-06-30,3,TOY-10,Unit I,Weaving,Toyota,21700,21700,100.0
2026-06-30,3,TOY-11,Unit I,Weaving,Toyota,21700,19769,91.1
2026-06-30,3,TOY-12,Unit I,Weaving,Toyota,21700,20910,96.36
2026-06-30,3,TOY-13,Unit I,Weaving,Toyota,21700,21067,97.09
2026-06-30,3,TOY-14,Unit I,Weaving,Toyota,21700,21700,100.0
2026-06-30,3,TOY-15,Unit I,Weaving,Toyota,21700,19726,90.91
2026-06-30,3,TSU-01,Unit I,Weaving,Tsudakoma,15000,15000,100.0
2026-06-30,3,TSU-02,Unit I,Weaving,Tsudakoma,15000,13839,92.26
2026-06-30,3,TSU-03,Unit I,Weaving,Tsudakoma,15000,13248,88.32
2026-06-30,3,TSU-04,Unit I,Weaving,Tsudakoma,15000,14793,98.62
2026-06-30,3,TSU-05,Unit I,Weaving,Tsudakoma,15000,15000,100.0
2026-06-30,3,TSU-06,Unit I,Weaving,Tsudakoma,15000,15000,100.0
2026-06-30,3,TSU-07,Unit I,Weaving,Tsudakoma,15000,13350,89.0
2026-06-30,3,TSU-08,Unit I,Weaving,Tsudakoma,15000,14774,98.49
2026-06-30,3,TSU-09,Unit I,Weaving,Tsudakoma,15000,13942,92.95
2026-06-30,3,TSU-10,Unit I,Weaving,Tsudakoma,15000,14837,98.92
2026-06-30,3,SUL-01,Unit I,Weaving,Sulzer,2700,2366,87.65
2026-06-30,3,SUL-02,Unit I,Weaving,Sulzer,2700,2394,88.69
2026-06-30,3,SUL-03,Unit I,Weaving,Sulzer,2700,2460,91.12
2026-06-30,3,SUL-04,Unit I,Weaving,Sulzer,2700,2575,95.39
2026-06-30,3,SUL-05,Unit I,Weaving,Sulzer,2700,2478,91.79
2026-06-30,3,RF-01,Unit I,Spinning,RingFrame,2500,2457,98.3
2026-06-30,3,RF-02,Unit I,Spinning,RingFrame,2500,2500,100.0
2026-06-30,3,RF-03,Unit I,Spinning,RingFrame,2500,2449,98.0
2026-06-30,3,RF-04,Unit I,Spinning,RingFrame,2500,2500,100.0
2026-06-30,3,RF-05,Unit I,Spinning,RingFrame,2500,2426,97.08
2026-06-30,3,RF-06,Unit I,Spinning,RingFrame,2500,2222,88.92
2026-06-30,3,RF-07,Unit I,Spinning,RingFrame,2500,2500,100.0
2026-06-30,3,RF-08,Unit I,Spinning,RingFrame,2500,2299,91.97
2026-06-30,3,RF-09,Unit I,Spinning,RingFrame,2500,2488,99.55
2026-06-30,3,RF-10,Unit I,Spinning,RingFrame,2500,2500,100.0
2026-06-30,3,RF-11,Unit I,Spinning,RingFrame,2500,2007,80.28
2026-06-30,3,RF-12,Unit I,Spinning,RingFrame,2500,2187,87.52
2026-06-30,3,VTX-01,Unit I,Spinning,Vortex,4700,4249,90.41
2026-06-30,3,VTX-02,Unit I,Spinning,Vortex,4700,4700,100.0
2026-06-30,3,VTX-03,Unit I,Spinning,Vortex,4700,4425,94.15
2026-06-30,3,VTX-04,Unit I,Spinning,Vortex,4700,4483,95.4
2026-06-30,3,VTX-05,Unit I,Spinning,Vortex,4700,4643,98.79
2026-06-30,3,VTX-06,Unit I,Spinning,Vortex,4700,3829,81.48
2026-06-30,3,VTX-07,Unit I,Spinning,Vortex,4700,4530,96.39
2026-06-30,3,VTX-08,Unit I,Spinning,Vortex,4700,4415,93.96
2026-06-30,3,VTX-09,Unit I,Spinning,Vortex,4700,4391,93.44
2026-06-30,3,VTX-10,Unit I,Spinning,Vortex,4700,4666,99.29
2026-06-30,3,VTX-11,Unit I,Spinning,Vortex,4700,4595,97.77
2026-06-30,3,VTX-12,Unit I,Spinning,Vortex,4700,4404,93.71
2026-06-30,3,AJ-01,Unit I,Spinning,Airjet,3750,3750,100.0
2026-06-30,3,AJ-02,Unit I,Spinning,Airjet,3750,3538,94.35
2026-06-30,3,AJ-03,Unit I,Spinning,Airjet,3750,3402,90.74
2026-06-30,3,AJ-04,Unit I,Spinning,Airjet,3750,3420,91.21
2026-06-30,3,AJ-05,Unit I,Spinning,Airjet,3750,3378,90.11
2026-07-01,1,TOY-01,Unit I,Weaving,Toyota,21700,20319,93.64
2026-07-01,1,TOY-02,Unit I,Weaving,Toyota,21700,18264,84.17
2026-07-01,1,TOY-03,Unit I,Weaving,Toyota,21700,19741,90.97
2026-07-01,1,TOY-04,Unit I,Weaving,Toyota,21700,20819,95.94
2026-07-01,1,TOY-05,Unit I,Weaving,Toyota,21700,19902,91.72
2026-07-01,1,TOY-06,Unit I,Weaving,Toyota,21700,20332,93.7
2026-07-01,1,TOY-07,Unit I,Weaving,Toyota,21700,18976,87.45
2026-07-01,1,TOY-08,Unit I,Weaving,Toyota,21700,16686,76.9
2026-07-01,1,TOY-09,Unit I,Weaving,Toyota,21700,20404,94.03
2026-07-01,1,TOY-10,Unit I,Weaving,Toyota,21700,21201,97.7
2026-07-01,1,TOY-11,Unit I,Weaving,Toyota,21700,20857,96.12
2026-07-01,1,TOY-12,Unit I,Weaving,Toyota,21700,19314,89.01
2026-07-01,1,TOY-13,Unit I,Weaving,Toyota,21700,21700,100.0
2026-07-01,1,TOY-14,Unit I,Weaving,Toyota,21700,20843,96.05
2026-07-01,1,TOY-15,Unit I,Weaving,Toyota,21700,20830,95.99
2026-07-01,1,TSU-01,Unit I,Weaving,Tsudakoma,15000,14243,94.95
2026-07-01,1,TSU-02,Unit I,Weaving,Tsudakoma,15000,13861,92.41
2026-07-01,1,TSU-03,Unit I,Weaving,Tsudakoma,15000,14413,96.09
2026-07-01,1,TSU-04,Unit I,Weaving,Tsudakoma,15000,14606,97.38
2026-07-01,1,TSU-05,Unit I,Weaving,Tsudakoma,15000,12939,86.27
2026-07-01,1,TSU-06,Unit I,Weaving,Tsudakoma,15000,13845,92.31
2026-07-01,1,TSU-07,Unit I,Weaving,Tsudakoma,15000,14058,93.73
2026-07-01,1,TSU-08,Unit I,Weaving,Tsudakoma,15000,14442,96.28
2026-07-01,1,TSU-09,Unit I,Weaving,Tsudakoma,15000,15000,100.0
2026-07-01,1,TSU-10,Unit I,Weaving,Tsudakoma,15000,13671,91.14
2026-07-01,1,SUL-01,Unit I,Weaving,Sulzer,2700,2497,92.51
2026-07-01,1,SUL-02,Unit I,Weaving,Sulzer,2700,2495,92.44
2026-07-01,1,SUL-03,Unit I,Weaving,Sulzer,2700,2456,90.99
2026-07-01,1,SUL-04,Unit I,Weaving,Sulzer,2700,2518,93.26
2026-07-01,1,SUL-05,Unit I,Weaving,Sulzer,2700,2669,98.85
2026-07-01,1,RF-01,Unit I,Spinning,RingFrame,2500,2243,89.73
2026-07-01,1,RF-02,Unit I,Spinning,RingFrame,2500,2428,97.14
2026-07-01,1,RF-03,Unit I,Spinning,RingFrame,2500,2162,86.49
2026-07-01,1,RF-04,Unit I,Spinning,RingFrame,2500,2304,92.19
2026-07-01,1,RF-05,Unit I,Spinning,RingFrame,2500,2333,93.35
2026-07-01,1,RF-06,Unit I,Spinning,RingFrame,2500,2500,100.0
2026-07-01,1,RF-07,Unit I,Spinning,RingFrame,2500,2340,93.63
2026-07-01,1,RF-08,Unit I,Spinning,RingFrame,2500,2099,83.99
2026-07-01,1,RF-09,Unit I,Spinning,RingFrame,2500,2125,85.01
2026-07-01,1,RF-10,Unit I,Spinning,RingFrame,2500,2379,95.17
2026-07-01,1,RF-11,Unit I,Spinning,RingFrame,2500,2026,81.07
2026-07-01,1,RF-12,Unit I,Spinning,RingFrame,2500,2421,96.88
2026-07-01,1,VTX-01,Unit I,Spinning,Vortex,4700,4504,95.84
2026-07-01,1,VTX-02,Unit I,Spinning,Vortex,4700,4700,100.0
2026-07-01,1,VTX-03,Unit I,Spinning,Vortex,4700,4338,92.3
2026-07-01,1,VTX-04,Unit I,Spinning,Vortex,4700,4675,99.47
2026-07-01,1,VTX-05,Unit I,Spinning,Vortex,4700,4081,86.84
2026-07-01,1,VTX-06,Unit I,Spinning,Vortex,4700,3453,73.48
2026-07-01,1,VTX-07,Unit I,Spinning,Vortex,4700,4040,85.96
2026-07-01,1,VTX-08,Unit I,Spinning,Vortex,4700,4400,93.63
2026-07-01,1,VTX-09,Unit I,Spinning,Vortex,4700,4454,94.77
2026-07-01,1,VTX-10,Unit I,Spinning,Vortex,4700,4491,95.57
2026-07-01,1,VTX-11,Unit I,Spinning,Vortex,4700,4479,95.31
2026-07-01,1,VTX-12,Unit I,Spinning,Vortex,4700,4247,90.36
2026-07-01,1,AJ-01,Unit I,Spinning,Airjet,3750,3526,94.05
2026-07-01,1,AJ-02,Unit I,Spinning,Airjet,3750,3281,87.51
2026-07-01,1,AJ-03,Unit I,Spinning,Airjet,3750,3750,100.0
2026-07-01,1,AJ-04,Unit I,Spinning,Airjet,3750,3505,93.48
2026-07-01,1,AJ-05,Unit I,Spinning,Airjet,3750,3470,92.56
2026-07-01,2,TOY-01,Unit I,Weaving,Toyota,21700,21700,100.0
2026-07-01,2,TOY-02,Unit I,Weaving,Toyota,21700,15578,71.79
2026-07-01,2,TOY-03,Unit I,Weaving,Toyota,21700,19393,89.37
2026-07-01,2,TOY-04,Unit I,Weaving,Toyota,21700,19425,89.52
2026-07-01,2,TOY-05,Unit I,Weaving,Toyota,21700,20541,94.66
2026-07-01,2,TOY-06,Unit I,Weaving,Toyota,21700,21083,97.16
2026-07-01,2,TOY-07,Unit I,Weaving,Toyota,21700,21417,98.7
2026-07-01,2,TOY-08,Unit I,Weaving,Toyota,21700,19716,90.86
2026-07-01,2,TOY-09,Unit I,Weaving,Toyota,21700,18174,83.75
2026-07-01,2,TOY-10,Unit I,Weaving,Toyota,21700,21275,98.04
2026-07-01,2,TOY-11,Unit I,Weaving,Toyota,21700,20010,92.21
2026-07-01,2,TOY-12,Unit I,Weaving,Toyota,21700,19978,92.07
2026-07-01,2,TOY-13,Unit I,Weaving,Toyota,21700,19942,91.9
2026-07-01,2,TOY-14,Unit I,Weaving,Toyota,21700,19628,90.46
2026-07-01,2,TOY-15,Unit I,Weaving,Toyota,21700,21700,100.0
2026-07-01,2,TSU-01,Unit I,Weaving,Tsudakoma,15000,14881,99.21
2026-07-01,2,TSU-02,Unit I,Weaving,Tsudakoma,15000,14267,95.12
2026-07-01,2,TSU-03,Unit I,Weaving,Tsudakoma,15000,15000,100.0
2026-07-01,2,TSU-04,Unit I,Weaving,Tsudakoma,15000,13115,87.44
2026-07-01,2,TSU-05,Unit I,Weaving,Tsudakoma,15000,13251,88.35
2026-07-01,2,TSU-06,Unit I,Weaving,Tsudakoma,15000,12616,84.11
2026-07-01,2,TSU-07,Unit I,Weaving,Tsudakoma,15000,13725,91.5
2026-07-01,2,TSU-08,Unit I,Weaving,Tsudakoma,15000,14371,95.81
2026-07-01,2,TSU-09,Unit I,Weaving,Tsudakoma,15000,14327,95.51
2026-07-01,2,TSU-10,Unit I,Weaving,Tsudakoma,15000,14362,95.75
2026-07-01,2,SUL-01,Unit I,Weaving,Sulzer,2700,2374,87.94
2026-07-01,2,SUL-02,Unit I,Weaving,Sulzer,2700,2673,99.02
2026-07-01,2,SUL-03,Unit I,Weaving,Sulzer,2700,2597,96.2
2026-07-01,2,SUL-04,Unit I,Weaving,Sulzer,2700,2663,98.67
2026-07-01,2,SUL-05,Unit I,Weaving,Sulzer,2700,2309,85.54
2026-07-01,2,RF-01,Unit I,Spinning,RingFrame,2500,2413,96.56
2026-07-01,2,RF-02,Unit I,Spinning,RingFrame,2500,2226,89.06
2026-07-01,2,RF-03,Unit I,Spinning,RingFrame,2500,2325,93.01
2026-07-01,2,RF-04,Unit I,Spinning,RingFrame,2500,2441,97.67
2026-07-01,2,RF-05,Unit I,Spinning,RingFrame,2500,2386,95.46
2026-07-01,2,RF-06,Unit I,Spinning,RingFrame,2500,2268,90.74
2026-07-01,2,RF-07,Unit I,Spinning,RingFrame,2500,2375,95.03
2026-07-01,2,RF-08,Unit I,Spinning,RingFrame,2500,2183,87.34
2026-07-01,2,RF-09,Unit I,Spinning,RingFrame,2500,2500,100.0
2026-07-01,2,RF-10,Unit I,Spinning,RingFrame,2500,2349,93.97
2026-07-01,2,RF-11,Unit I,Spinning,RingFrame,2500,2089,83.59
2026-07-01,2,RF-12,Unit I,Spinning,RingFrame,2500,2309,92.37
2026-07-01,2,VTX-01,Unit I,Spinning,Vortex,4700,4341,92.38
2026-07-01,2,VTX-02,Unit I,Spinning,Vortex,4700,4285,91.18
2026-07-01,2,VTX-03,Unit I,Spinning,Vortex,4700,4670,99.38
2026-07-01,2,VTX-04,Unit I,Spinning,Vortex,4700,4298,91.45
2026-07-01,2,VTX-05,Unit I,Spinning,Vortex,4700,4616,98.22
2026-07-01,2,VTX-06,Unit I,Spinning,Vortex,4700,3576,76.09
2026-07-01,2,VTX-07,Unit I,Spinning,Vortex,4700,4000,85.12
2026-07-01,2,VTX-08,Unit I,Spinning,Vortex,4700,4330,92.15
2026-07-01,2,VTX-09,Unit I,Spinning,Vortex,4700,4187,89.1
2026-07-01,2,VTX-10,Unit I,Spinning,Vortex,4700,4472,95.17
2026-07-01,2,VTX-11,Unit I,Spinning,Vortex,4700,4185,89.05
2026-07-01,2,VTX-12,Unit I,Spinning,Vortex,4700,4682,99.63
2026-07-01,2,AJ-01,Unit I,Spinning,Airjet,3750,3545,94.54
2026-07-01,2,AJ-02,Unit I,Spinning,Airjet,3750,3529,94.11
2026-07-01,2,AJ-03,Unit I,Spinning,Airjet,3750,3685,98.28
2026-07-01,2,AJ-04,Unit I,Spinning,Airjet,3750,3743,99.82
2026-07-01,2,AJ-05,Unit I,Spinning,Airjet,3750,3558,94.9
2026-07-01,3,TOY-01,Unit I,Weaving,Toyota,21700,19778,91.14
2026-07-01,3,TOY-02,Unit I,Weaving,Toyota,21700,15001,69.13
2026-07-01,3,TOY-03,Unit I,Weaving,Toyota,21700,19870,91.57
2026-07-01,3,TOY-04,Unit I,Weaving,Toyota,21700,19945,91.91
2026-07-01,3,TOY-05,Unit I,Weaving,Toyota,21700,20731,95.54
2026-07-01,3,TOY-06,Unit I,Weaving,Toyota,21700,20240,93.27
2026-07-01,3,TOY-07,Unit I,Weaving,Toyota,21700,21361,98.44
2026-07-01,3,TOY-08,Unit I,Weaving,Toyota,21700,16260,74.94
2026-07-01,3,TOY-09,Unit I,Weaving,Toyota,21700,20553,94.71
2026-07-01,3,TOY-10,Unit I,Weaving,Toyota,21700,21700,100.0
2026-07-01,3,TOY-11,Unit I,Weaving,Toyota,21700,20985,96.71
2026-07-01,3,TOY-12,Unit I,Weaving,Toyota,21700,20549,94.7
2026-07-01,3,TOY-13,Unit I,Weaving,Toyota,21700,19961,91.99
2026-07-01,3,TOY-14,Unit I,Weaving,Toyota,21700,19927,91.83
2026-07-01,3,TOY-15,Unit I,Weaving,Toyota,21700,19692,90.75
2026-07-01,3,TSU-01,Unit I,Weaving,Tsudakoma,15000,13844,92.29
2026-07-01,3,TSU-02,Unit I,Weaving,Tsudakoma,15000,14816,98.78
2026-07-01,3,TSU-03,Unit I,Weaving,Tsudakoma,15000,14083,93.89
2026-07-01,3,TSU-04,Unit I,Weaving,Tsudakoma,15000,13237,88.25
2026-07-01,3,TSU-05,Unit I,Weaving,Tsudakoma,15000,15000,100.0
2026-07-01,3,TSU-06,Unit I,Weaving,Tsudakoma,15000,14489,96.6
2026-07-01,3,TSU-07,Unit I,Weaving,Tsudakoma,15000,13194,87.97
2026-07-01,3,TSU-08,Unit I,Weaving,Tsudakoma,15000,13918,92.79
2026-07-01,3,TSU-09,Unit I,Weaving,Tsudakoma,15000,14333,95.55
2026-07-01,3,TSU-10,Unit I,Weaving,Tsudakoma,15000,15000,100.0
2026-07-01,3,SUL-01,Unit I,Weaving,Sulzer,2700,2415,89.46
2026-07-01,3,SUL-02,Unit I,Weaving,Sulzer,2700,2696,99.88
2026-07-01,3,SUL-03,Unit I,Weaving,Sulzer,2700,2700,100.0
2026-07-01,3,SUL-04,Unit I,Weaving,Sulzer,2700,2480,91.86
2026-07-01,3,SUL-05,Unit I,Weaving,Sulzer,2700,2527,93.61
2026-07-01,3,RF-01,Unit I,Spinning,RingFrame,2500,2245,89.82
2026-07-01,3,RF-02,Unit I,Spinning,RingFrame,2500,2349,93.98
2026-07-01,3,RF-03,Unit I,Spinning,RingFrame,2500,2370,94.82
2026-07-01,3,RF-04,Unit I,Spinning,RingFrame,2500,2457,98.3
2026-07-01,3,RF-05,Unit I,Spinning,RingFrame,2500,2500,100.0
2026-07-01,3,RF-06,Unit I,Spinning,RingFrame,2500,2281,91.26
2026-07-01,3,RF-07,Unit I,Spinning,RingFrame,2500,2129,85.16
2026-07-01,3,RF-08,Unit I,Spinning,RingFrame,2500,2372,94.89
2026-07-01,3,RF-09,Unit I,Spinning,RingFrame,2500,2411,96.47
2026-07-01,3,RF-10,Unit I,Spinning,RingFrame,2500,2406,96.25
2026-07-01,3,RF-11,Unit I,Spinning,RingFrame,2500,1909,76.37
2026-07-01,3,RF-12,Unit I,Spinning,RingFrame,2500,2390,95.62
2026-07-01,3,VTX-01,Unit I,Spinning,Vortex,4700,4700,100.0
2026-07-01,3,VTX-02,Unit I,Spinning,Vortex,4700,4554,96.91
2026-07-01,3,VTX-03,Unit I,Spinning,Vortex,4700,4377,93.13
2026-07-01,3,VTX-04,Unit I,Spinning,Vortex,4700,4347,92.5
2026-07-01,3,VTX-05,Unit I,Spinning,Vortex,4700,4425,94.15
2026-07-01,3,VTX-06,Unit I,Spinning,Vortex,4700,4050,86.18
2026-07-01,3,VTX-07,Unit I,Spinning,Vortex,4700,4421,94.08
2026-07-01,3,VTX-08,Unit I,Spinning,Vortex,4700,4460,94.9
2026-07-01,3,VTX-09,Unit I,Spinning,Vortex,4700,4351,92.59
2026-07-01,3,VTX-10,Unit I,Spinning,Vortex,4700,4700,100.0
2026-07-01,3,VTX-11,Unit I,Spinning,Vortex,4700,4700,100.0
2026-07-01,3,VTX-12,Unit I,Spinning,Vortex,4700,4570,97.25
2026-07-01,3,AJ-01,Unit I,Spinning,Airjet,3750,3578,95.41
2026-07-01,3,AJ-02,Unit I,Spinning,Airjet,3750,3569,95.18
2026-07-01,3,AJ-03,Unit I,Spinning,Airjet,3750,3115,83.08
2026-07-01,3,AJ-04,Unit I,Spinning,Airjet,3750,3702,98.73
2026-07-01,3,AJ-05,Unit I,Spinning,Airjet,3750,3587,95.67
2026-07-02,1,TOY-01,Unit I,Weaving,Toyota,21700,21079,97.14
2026-07-02,1,TOY-02,Unit I,Weaving,Toyota,21700,16154,74.44
2026-07-02,1,TOY-03,Unit I,Weaving,Toyota,21700,20197,93.08
2026-07-02,1,TOY-04,Unit I,Weaving,Toyota,21700,20169,92.94
2026-07-02,1,TOY-05,Unit I,Weaving,Toyota,21700,21700,100.0
2026-07-02,1,TOY-06,Unit I,Weaving,Toyota,21700,20204,93.11
2026-07-02,1,TOY-07,Unit I,Weaving,Toyota,21700,21700,100.0
2026-07-02,1,TOY-08,Unit I,Weaving,Toyota,21700,17393,80.15
2026-07-02,1,TOY-09,Unit I,Weaving,Toyota,21700,19230,88.62
2026-07-02,1,TOY-10,Unit I,Weaving,Toyota,21700,20475,94.36
2026-07-02,1,TOY-11,Unit I,Weaving,Toyota,21700,19907,91.74
2026-07-02,1,TOY-12,Unit I,Weaving,Toyota,21700,18234,84.03
2026-07-02,1,TOY-13,Unit I,Weaving,Toyota,21700,21700,100.0
2026-07-02,1,TOY-14,Unit I,Weaving,Toyota,21700,21377,98.52
2026-07-02,1,TOY-15,Unit I,Weaving,Toyota,21700,21193,97.67
2026-07-02,1,TSU-01,Unit I,Weaving,Tsudakoma,15000,14374,95.83
2026-07-02,1,TSU-02,Unit I,Weaving,Tsudakoma,15000,13213,88.09
2026-07-02,1,TSU-03,Unit I,Weaving,Tsudakoma,15000,13887,92.58
2026-07-02,1,TSU-04,Unit I,Weaving,Tsudakoma,15000,14881,99.21
2026-07-02,1,TSU-05,Unit I,Weaving,Tsudakoma,15000,13461,89.74
2026-07-02,1,TSU-06,Unit I,Weaving,Tsudakoma,15000,12351,82.34
2026-07-02,1,TSU-07,Unit I,Weaving,Tsudakoma,15000,14079,93.86
2026-07-02,1,TSU-08,Unit I,Weaving,Tsudakoma,15000,14143,94.29
2026-07-02,1,TSU-09,Unit I,Weaving,Tsudakoma,15000,14351,95.68
2026-07-02,1,TSU-10,Unit I,Weaving,Tsudakoma,15000,14796,98.64
2026-07-02,1,SUL-01,Unit I,Weaving,Sulzer,2700,2651,98.19
2026-07-02,1,SUL-02,Unit I,Weaving,Sulzer,2700,2599,96.29
2026-07-02,1,SUL-03,Unit I,Weaving,Sulzer,2700,2700,100.0
2026-07-02,1,SUL-04,Unit I,Weaving,Sulzer,2700,2359,87.41
2026-07-02,1,SUL-05,Unit I,Weaving,Sulzer,2700,2633,97.52
2026-07-02,1,RF-01,Unit I,Spinning,RingFrame,2500,2453,98.13
2026-07-02,1,RF-02,Unit I,Spinning,RingFrame,2500,2220,88.8
2026-07-02,1,RF-03,Unit I,Spinning,RingFrame,2500,2187,87.49
2026-07-02,1,RF-04,Unit I,Spinning,RingFrame,2500,2281,91.27
2026-07-02,1,RF-05,Unit I,Spinning,RingFrame,2500,2292,91.69
2026-07-02,1,RF-06,Unit I,Spinning,RingFrame,2500,2469,98.77
2026-07-02,1,RF-07,Unit I,Spinning,RingFrame,2500,2298,91.93
2026-07-02,1,RF-08,Unit I,Spinning,RingFrame,2500,2267,90.72
2026-07-02,1,RF-09,Unit I,Spinning,RingFrame,2500,2298,91.94
2026-07-02,1,RF-10,Unit I,Spinning,RingFrame,2500,2500,100.0
2026-07-02,1,RF-11,Unit I,Spinning,RingFrame,2500,1951,78.07
2026-07-02,1,RF-12,Unit I,Spinning,RingFrame,2500,2352,94.1
2026-07-02,1,VTX-01,Unit I,Spinning,Vortex,4700,4439,94.45
2026-07-02,1,VTX-02,Unit I,Spinning,Vortex,4700,4700,100.0
2026-07-02,1,VTX-03,Unit I,Spinning,Vortex,4700,4288,91.25
2026-07-02,1,VTX-04,Unit I,Spinning,Vortex,4700,4700,100.0
2026-07-02,1,VTX-05,Unit I,Spinning,Vortex,4700,4514,96.05
2026-07-02,1,VTX-06,Unit I,Spinning,Vortex,4700,3628,77.2
2026-07-02,1,VTX-07,Unit I,Spinning,Vortex,4700,4700,100.0
2026-07-02,1,VTX-08,Unit I,Spinning,Vortex,4700,4216,89.72
2026-07-02,1,VTX-09,Unit I,Spinning,Vortex,4700,4381,93.23
2026-07-02,1,VTX-10,Unit I,Spinning,Vortex,4700,4175,88.84
2026-07-02,1,VTX-11,Unit I,Spinning,Vortex,4700,4688,99.76
2026-07-02,1,VTX-12,Unit I,Spinning,Vortex,4700,4700,100.0
2026-07-02,1,AJ-01,Unit I,Spinning,Airjet,3750,3750,100.0
2026-07-02,1,AJ-02,Unit I,Spinning,Airjet,3750,3750,100.0
2026-07-02,1,AJ-03,Unit I,Spinning,Airjet,3750,3525,94.01
2026-07-02,1,AJ-04,Unit I,Spinning,Airjet,3750,3494,93.17
2026-07-02,1,AJ-05,Unit I,Spinning,Airjet,3750,3249,86.64
2026-07-02,2,TOY-01,Unit I,Weaving,Toyota,21700,21700,100.0
2026-07-02,2,TOY-02,Unit I,Weaving,Toyota,21700,17434,80.34
2026-07-02,2,TOY-03,Unit I,Weaving,Toyota,21700,20081,92.54
2026-07-02,2,TOY-04,Unit I,Weaving,Toyota,21700,21700,100.0
2026-07-02,2,TOY-05,Unit I,Weaving,Toyota,21700,19559,90.14
2026-07-02,2,TOY-06,Unit I,Weaving,Toyota,21700,21056,97.03
2026-07-02,2,TOY-07,Unit I,Weaving,Toyota,21700,20427,94.14
2026-07-02,2,TOY-08,Unit I,Weaving,Toyota,21700,17618,81.19
2026-07-02,2,TOY-09,Unit I,Weaving,Toyota,21700,20546,94.68
2026-07-02,2,TOY-10,Unit I,Weaving,Toyota,21700,19040,87.75
2026-07-02,2,TOY-11,Unit I,Weaving,Toyota,21700,20697,95.38
2026-07-02,2,TOY-12,Unit I,Weaving,Toyota,21700,21700,100.0
2026-07-02,2,TOY-13,Unit I,Weaving,Toyota,21700,20583,94.85
2026-07-02,2,TOY-14,Unit I,Weaving,Toyota,21700,21455,98.88
2026-07-02,2,TOY-15,Unit I,Weaving,Toyota,21700,19480,89.77
2026-07-02,2,TSU-01,Unit I,Weaving,Tsudakoma,15000,14230,94.87
2026-07-02,2,TSU-02,Unit I,Weaving,Tsudakoma,15000,13781,91.88
2026-07-02,2,TSU-03,Unit I,Weaving,Tsudakoma,15000,14810,98.73
2026-07-02,2,TSU-04,Unit I,Weaving,Tsudakoma,15000,14273,95.16
2026-07-02,2,TSU-05,Unit I,Weaving,Tsudakoma,15000,14767,98.45
2026-07-02,2,TSU-06,Unit I,Weaving,Tsudakoma,15000,15000,100.0
2026-07-02,2,TSU-07,Unit I,Weaving,Tsudakoma,15000,14768,98.46
2026-07-02,2,TSU-08,Unit I,Weaving,Tsudakoma,15000,14454,96.37
2026-07-02,2,TSU-09,Unit I,Weaving,Tsudakoma,15000,13501,90.01
2026-07-02,2,TSU-10,Unit I,Weaving,Tsudakoma,15000,14247,94.99
2026-07-02,2,SUL-01,Unit I,Weaving,Sulzer,2700,2493,92.33
2026-07-02,2,SUL-02,Unit I,Weaving,Sulzer,2700,2518,93.28
2026-07-02,2,SUL-03,Unit I,Weaving,Sulzer,2700,2514,93.13
2026-07-02,2,SUL-04,Unit I,Weaving,Sulzer,2700,2432,90.1
2026-07-02,2,SUL-05,Unit I,Weaving,Sulzer,2700,2300,85.21
2026-07-02,2,RF-01,Unit I,Spinning,RingFrame,2500,2291,91.66
2026-07-02,2,RF-02,Unit I,Spinning,RingFrame,2500,2399,95.97
2026-07-02,2,RF-03,Unit I,Spinning,RingFrame,2500,2206,88.26
2026-07-02,2,RF-04,Unit I,Spinning,RingFrame,2500,2376,95.08
2026-07-02,2,RF-05,Unit I,Spinning,RingFrame,2500,2500,100.0
2026-07-02,2,RF-06,Unit I,Spinning,RingFrame,2500,2500,100.0
2026-07-02,2,RF-07,Unit I,Spinning,RingFrame,2500,2500,100.0
2026-07-02,2,RF-08,Unit I,Spinning,RingFrame,2500,2423,96.96
2026-07-02,2,RF-09,Unit I,Spinning,RingFrame,2500,2500,100.0
2026-07-02,2,RF-10,Unit I,Spinning,RingFrame,2500,2284,91.38
2026-07-02,2,RF-11,Unit I,Spinning,RingFrame,2500,1869,74.78
2026-07-02,2,RF-12,Unit I,Spinning,RingFrame,2500,2032,81.3
2026-07-02,2,VTX-01,Unit I,Spinning,Vortex,4700,4700,100.0
2026-07-02,2,VTX-02,Unit I,Spinning,Vortex,4700,4700,100.0
2026-07-02,2,VTX-03,Unit I,Spinning,Vortex,4700,4335,92.23
2026-07-02,2,VTX-04,Unit I,Spinning,Vortex,4700,4405,93.73
2026-07-02,2,VTX-05,Unit I,Spinning,Vortex,4700,4287,91.23
2026-07-02,2,VTX-06,Unit I,Spinning,Vortex,4700,3755,79.91
2026-07-02,2,VTX-07,Unit I,Spinning,Vortex,4700,4700,100.0
2026-07-02,2,VTX-08,Unit I,Spinning,Vortex,4700,4055,86.29
2026-07-02,2,VTX-09,Unit I,Spinning,Vortex,4700,4561,97.05
2026-07-02,2,VTX-10,Unit I,Spinning,Vortex,4700,4399,93.62
2026-07-02,2,VTX-11,Unit I,Spinning,Vortex,4700,4491,95.57
2026-07-02,2,VTX-12,Unit I,Spinning,Vortex,4700,4572,97.29
2026-07-02,2,AJ-01,Unit I,Spinning,Airjet,3750,3527,94.06
2026-07-02,2,AJ-02,Unit I,Spinning,Airjet,3750,3543,94.48
2026-07-02,2,AJ-03,Unit I,Spinning,Airjet,3750,3522,93.93
2026-07-02,2,AJ-04,Unit I,Spinning,Airjet,3750,3744,99.85
2026-07-02,2,AJ-05,Unit I,Spinning,Airjet,3750,3641,97.09
2026-07-02,3,TOY-01,Unit I,Weaving,Toyota,21700,20854,96.1
2026-07-02,3,TOY-02,Unit I,Weaving,Toyota,21700,15547,71.65
2026-07-02,3,TOY-03,Unit I,Weaving,Toyota,21700,20204,93.11
2026-07-02,3,TOY-04,Unit I,Weaving,Toyota,21700,21590,99.49
2026-07-02,3,TOY-05,Unit I,Weaving,Toyota,21700,20655,95.19
2026-07-02,3,TOY-06,Unit I,Weaving,Toyota,21700,21330,98.3
2026-07-02,3,TOY-07,Unit I,Weaving,Toyota,21700,21700,100.0
2026-07-02,3,TOY-08,Unit I,Weaving,Toyota,21700,18052,83.19
2026-07-02,3,TOY-09,Unit I,Weaving,Toyota,21700,20716,95.47
2026-07-02,3,TOY-10,Unit I,Weaving,Toyota,21700,20060,92.45
2026-07-02,3,TOY-11,Unit I,Weaving,Toyota,21700,17844,82.23
2026-07-02,3,TOY-12,Unit I,Weaving,Toyota,21700,20432,94.16
2026-07-02,3,TOY-13,Unit I,Weaving,Toyota,21700,20261,93.37
2026-07-02,3,TOY-14,Unit I,Weaving,Toyota,21700,21038,96.95
2026-07-02,3,TOY-15,Unit I,Weaving,Toyota,21700,20448,94.23
2026-07-02,3,TSU-01,Unit I,Weaving,Tsudakoma,15000,14009,93.4
2026-07-02,3,TSU-02,Unit I,Weaving,Tsudakoma,15000,12915,86.1
2026-07-02,3,TSU-03,Unit I,Weaving,Tsudakoma,15000,13545,90.3
2026-07-02,3,TSU-04,Unit I,Weaving,Tsudakoma,15000,14607,97.38
2026-07-02,3,TSU-05,Unit I,Weaving,Tsudakoma,15000,15000,100.0
2026-07-02,3,TSU-06,Unit I,Weaving,Tsudakoma,15000,14176,94.51
2026-07-02,3,TSU-07,Unit I,Weaving,Tsudakoma,15000,14495,96.64
2026-07-02,3,TSU-08,Unit I,Weaving,Tsudakoma,15000,14964,99.76
2026-07-02,3,TSU-09,Unit I,Weaving,Tsudakoma,15000,13641,90.95
2026-07-02,3,TSU-10,Unit I,Weaving,Tsudakoma,15000,14525,96.83
2026-07-02,3,SUL-01,Unit I,Weaving,Sulzer,2700,2465,91.3
2026-07-02,3,SUL-02,Unit I,Weaving,Sulzer,2700,2681,99.32
2026-07-02,3,SUL-03,Unit I,Weaving,Sulzer,2700,2585,95.76
2026-07-02,3,SUL-04,Unit I,Weaving,Sulzer,2700,2605,96.49
2026-07-02,3,SUL-05,Unit I,Weaving,Sulzer,2700,2459,91.09
2026-07-02,3,RF-01,Unit I,Spinning,RingFrame,2500,2463,98.54
2026-07-02,3,RF-02,Unit I,Spinning,RingFrame,2500,2500,100.0
2026-07-02,3,RF-03,Unit I,Spinning,RingFrame,2500,2249,89.96
2026-07-02,3,RF-04,Unit I,Spinning,RingFrame,2500,2332,93.3
2026-07-02,3,RF-05,Unit I,Spinning,RingFrame,2500,2403,96.16
2026-07-02,3,RF-06,Unit I,Spinning,RingFrame,2500,2473,98.93
2026-07-02,3,RF-07,Unit I,Spinning,RingFrame,2500,2305,92.2
2026-07-02,3,RF-08,Unit I,Spinning,RingFrame,2500,2020,80.83
2026-07-02,3,RF-09,Unit I,Spinning,RingFrame,2500,2500,100.0
2026-07-02,3,RF-10,Unit I,Spinning,RingFrame,2500,2470,98.8
2026-07-02,3,RF-11,Unit I,Spinning,RingFrame,2500,1732,69.29
2026-07-02,3,RF-12,Unit I,Spinning,RingFrame,2500,2299,91.96
2026-07-02,3,VTX-01,Unit I,Spinning,Vortex,4700,4700,100.0
2026-07-02,3,VTX-02,Unit I,Spinning,Vortex,4700,4700,100.0
2026-07-02,3,VTX-03,Unit I,Spinning,Vortex,4700,4685,99.69
2026-07-02,3,VTX-04,Unit I,Spinning,Vortex,4700,4423,94.12
2026-07-02,3,VTX-05,Unit I,Spinning,Vortex,4700,4484,95.41
2026-07-02,3,VTX-06,Unit I,Spinning,Vortex,4700,3635,77.35
2026-07-02,3,VTX-07,Unit I,Spinning,Vortex,4700,4700,100.0
2026-07-02,3,VTX-08,Unit I,Spinning,Vortex,4700,4259,90.62
2026-07-02,3,VTX-09,Unit I,Spinning,Vortex,4700,4275,90.97
2026-07-02,3,VTX-10,Unit I,Spinning,Vortex,4700,4700,100.0
2026-07-02,3,VTX-11,Unit I,Spinning,Vortex,4700,4454,94.78
2026-07-02,3,VTX-12,Unit I,Spinning,Vortex,4700,4700,100.0
2026-07-02,3,AJ-01,Unit I,Spinning,Airjet,3750,3436,91.64
2026-07-02,3,AJ-02,Unit I,Spinning,Airjet,3750,3552,94.73
2026-07-02,3,AJ-03,Unit I,Spinning,Airjet,3750,3389,90.39
2026-07-02,3,AJ-04,Unit I,Spinning,Airjet,3750,3563,95.04
2026-07-02,3,AJ-05,Unit I,Spinning,Airjet,3750,3285,87.61
2026-07-03,1,TOY-01,Unit I,Weaving,Toyota,21700,20085,92.56
2026-07-03,1,TOY-02,Unit I,Weaving,Toyota,21700,15367,70.82
2026-07-03,1,TOY-03,Unit I,Weaving,Toyota,21700,21367,98.47
2026-07-03,1,TOY-04,Unit I,Weaving,Toyota,21700,21392,98.58
2026-07-03,1,TOY-05,Unit I,Weaving,Toyota,21700,18737,86.35
2026-07-03,1,TOY-06,Unit I,Weaving,Toyota,21700,21700,100.0
2026-07-03,1,TOY-07,Unit I,Weaving,Toyota,21700,21700,100.0
2026-07-03,1,TOY-08,Unit I,Weaving,Toyota,21700,16975,78.23
2026-07-03,1,TOY-09,Unit I,Weaving,Toyota,21700,19919,91.79
2026-07-03,1,TOY-10,Unit I,Weaving,Toyota,21700,21700,100.0
2026-07-03,1,TOY-11,Unit I,Weaving,Toyota,21700,19183,88.41
2026-07-03,1,TOY-12,Unit I,Weaving,Toyota,21700,20636,95.1
2026-07-03,1,TOY-13,Unit I,Weaving,Toyota,21700,20809,95.9
2026-07-03,1,TOY-14,Unit I,Weaving,Toyota,21700,21700,100.0
2026-07-03,1,TOY-15,Unit I,Weaving,Toyota,21700,21005,96.8
2026-07-03,1,TSU-01,Unit I,Weaving,Tsudakoma,15000,13876,92.51
2026-07-03,1,TSU-02,Unit I,Weaving,Tsudakoma,15000,13536,90.24
2026-07-03,1,TSU-03,Unit I,Weaving,Tsudakoma,15000,13993,93.29
2026-07-03,1,TSU-04,Unit I,Weaving,Tsudakoma,15000,13494,89.97
2026-07-03,1,TSU-05,Unit I,Weaving,Tsudakoma,15000,14285,95.24
2026-07-03,1,TSU-06,Unit I,Weaving,Tsudakoma,15000,13826,92.18
2026-07-03,1,TSU-07,Unit I,Weaving,Tsudakoma,15000,13129,87.53
2026-07-03,1,TSU-08,Unit I,Weaving,Tsudakoma,15000,15000,100.0
2026-07-03,1,TSU-09,Unit I,Weaving,Tsudakoma,15000,13876,92.51
2026-07-03,1,TSU-10,Unit I,Weaving,Tsudakoma,15000,13298,88.66
2026-07-03,1,SUL-01,Unit I,Weaving,Sulzer,2700,2542,94.16
2026-07-03,1,SUL-02,Unit I,Weaving,Sulzer,2700,2574,95.34
2026-07-03,1,SUL-03,Unit I,Weaving,Sulzer,2700,2329,86.27
2026-07-03,1,SUL-04,Unit I,Weaving,Sulzer,2700,2609,96.66
2026-07-03,1,SUL-05,Unit I,Weaving,Sulzer,2700,2423,89.76
2026-07-03,1,RF-01,Unit I,Spinning,RingFrame,2500,2500,100.0
2026-07-03,1,RF-02,Unit I,Spinning,RingFrame,2500,2440,97.62
2026-07-03,1,RF-03,Unit I,Spinning,RingFrame,2500,2325,93.0
2026-07-03,1,RF-04,Unit I,Spinning,RingFrame,2500,2281,91.27
2026-07-03,1,RF-05,Unit I,Spinning,RingFrame,2500,2361,94.48
2026-07-03,1,RF-06,Unit I,Spinning,RingFrame,2500,2451,98.06
2026-07-03,1,RF-07,Unit I,Spinning,RingFrame,2500,2371,94.87
2026-07-03,1,RF-08,Unit I,Spinning,RingFrame,2500,2347,93.91
2026-07-03,1,RF-09,Unit I,Spinning,RingFrame,2500,2382,95.29
2026-07-03,1,RF-10,Unit I,Spinning,RingFrame,2500,2299,91.98
2026-07-03,1,RF-11,Unit I,Spinning,RingFrame,2500,1907,76.28
2026-07-03,1,RF-12,Unit I,Spinning,RingFrame,2500,2114,84.57
2026-07-03,1,VTX-01,Unit I,Spinning,Vortex,4700,4693,99.87
2026-07-03,1,VTX-02,Unit I,Spinning,Vortex,4700,4535,96.49
2026-07-03,1,VTX-03,Unit I,Spinning,Vortex,4700,4283,91.13
2026-07-03,1,VTX-04,Unit I,Spinning,Vortex,4700,4700,100.0
2026-07-03,1,VTX-05,Unit I,Spinning,Vortex,4700,4485,95.44
2026-07-03,1,VTX-06,Unit I,Spinning,Vortex,4700,3422,72.82
2026-07-03,1,VTX-07,Unit I,Spinning,Vortex,4700,4666,99.28
2026-07-03,1,VTX-08,Unit I,Spinning,Vortex,4700,4558,96.99
2026-07-03,1,VTX-09,Unit I,Spinning,Vortex,4700,4557,96.97
2026-07-03,1,VTX-10,Unit I,Spinning,Vortex,4700,4364,92.87
2026-07-03,1,VTX-11,Unit I,Spinning,Vortex,4700,4570,97.25
2026-07-03,1,VTX-12,Unit I,Spinning,Vortex,4700,4403,93.69
2026-07-03,1,AJ-01,Unit I,Spinning,Airjet,3750,3666,97.78
2026-07-03,1,AJ-02,Unit I,Spinning,Airjet,3750,3205,85.48
2026-07-03,1,AJ-03,Unit I,Spinning,Airjet,3750,3481,92.83
2026-07-03,1,AJ-04,Unit I,Spinning,Airjet,3750,3750,100.0
2026-07-03,1,AJ-05,Unit I,Spinning,Airjet,3750,3418,91.16
2026-07-03,2,TOY-01,Unit I,Weaving,Toyota,21700,19959,91.98
2026-07-03,2,TOY-02,Unit I,Weaving,Toyota,21700,16439,75.76
2026-07-03,2,TOY-03,Unit I,Weaving,Toyota,21700,19296,88.93
2026-07-03,2,TOY-04,Unit I,Weaving,Toyota,21700,18219,83.96
2026-07-03,2,TOY-05,Unit I,Weaving,Toyota,21700,20364,93.85
2026-07-03,2,TOY-06,Unit I,Weaving,Toyota,21700,20762,95.68
2026-07-03,2,TOY-07,Unit I,Weaving,Toyota,21700,20558,94.74
2026-07-03,2,TOY-08,Unit I,Weaving,Toyota,21700,16768,77.28
2026-07-03,2,TOY-09,Unit I,Weaving,Toyota,21700,20661,95.22
2026-07-03,2,TOY-10,Unit I,Weaving,Toyota,21700,21700,100.0
2026-07-03,2,TOY-11,Unit I,Weaving,Toyota,21700,20408,94.05
2026-07-03,2,TOY-12,Unit I,Weaving,Toyota,21700,19992,92.13
2026-07-03,2,TOY-13,Unit I,Weaving,Toyota,21700,20309,93.59
2026-07-03,2,TOY-14,Unit I,Weaving,Toyota,21700,21243,97.9
2026-07-03,2,TOY-15,Unit I,Weaving,Toyota,21700,21700,100.0
2026-07-03,2,TSU-01,Unit I,Weaving,Tsudakoma,15000,13778,91.86
2026-07-03,2,TSU-02,Unit I,Weaving,Tsudakoma,15000,14324,95.49
2026-07-03,2,TSU-03,Unit I,Weaving,Tsudakoma,15000,14503,96.69
2026-07-03,2,TSU-04,Unit I,Weaving,Tsudakoma,15000,13505,90.04
2026-07-03,2,TSU-05,Unit I,Weaving,Tsudakoma,15000,14265,95.1
2026-07-03,2,TSU-06,Unit I,Weaving,Tsudakoma,15000,13150,87.67
2026-07-03,2,TSU-07,Unit I,Weaving,Tsudakoma,15000,12923,86.15
2026-07-03,2,TSU-08,Unit I,Weaving,Tsudakoma,15000,14525,96.83
2026-07-03,2,TSU-09,Unit I,Weaving,Tsudakoma,15000,13962,93.08
2026-07-03,2,TSU-10,Unit I,Weaving,Tsudakoma,15000,14401,96.01
2026-07-03,2,SUL-01,Unit I,Weaving,Sulzer,2700,2562,94.91
2026-07-03,2,SUL-02,Unit I,Weaving,Sulzer,2700,2433,90.12
2026-07-03,2,SUL-03,Unit I,Weaving,Sulzer,2700,2558,94.77
2026-07-03,2,SUL-04,Unit I,Weaving,Sulzer,2700,2398,88.83
2026-07-03,2,SUL-05,Unit I,Weaving,Sulzer,2700,2700,100.0
2026-07-03,2,RF-01,Unit I,Spinning,RingFrame,2500,2205,88.22
2026-07-03,2,RF-02,Unit I,Spinning,RingFrame,2500,2350,94.02
2026-07-03,2,RF-03,Unit I,Spinning,RingFrame,2500,2244,89.79
2026-07-03,2,RF-04,Unit I,Spinning,RingFrame,2500,2446,97.85
2026-07-03,2,RF-05,Unit I,Spinning,RingFrame,2500,2333,93.34
2026-07-03,2,RF-06,Unit I,Spinning,RingFrame,2500,2310,92.41
2026-07-03,2,RF-07,Unit I,Spinning,RingFrame,2500,2481,99.27
2026-07-03,2,RF-08,Unit I,Spinning,RingFrame,2500,2378,95.15
2026-07-03,2,RF-09,Unit I,Spinning,RingFrame,2500,2439,97.58
2026-07-03,2,RF-10,Unit I,Spinning,RingFrame,2500,2252,90.09
2026-07-03,2,RF-11,Unit I,Spinning,RingFrame,2500,1774,70.98
2026-07-03,2,RF-12,Unit I,Spinning,RingFrame,2500,2388,95.54
2026-07-03,2,VTX-01,Unit I,Spinning,Vortex,4700,4390,93.41
2026-07-03,2,VTX-02,Unit I,Spinning,Vortex,4700,4612,98.13
2026-07-03,2,VTX-03,Unit I,Spinning,Vortex,4700,4446,94.6
2026-07-03,2,VTX-04,Unit I,Spinning,Vortex,4700,4513,96.03
2026-07-03,2,VTX-05,Unit I,Spinning,Vortex,4700,4083,86.88
2026-07-03,2,VTX-06,Unit I,Spinning,Vortex,4700,4109,87.44
2026-07-03,2,VTX-07,Unit I,Spinning,Vortex,4700,4426,94.18
2026-07-03,2,VTX-08,Unit I,Spinning,Vortex,4700,4628,98.49
2026-07-03,2,VTX-09,Unit I,Spinning,Vortex,4700,4268,90.82
2026-07-03,2,VTX-10,Unit I,Spinning,Vortex,4700,4537,96.54
2026-07-03,2,VTX-11,Unit I,Spinning,Vortex,4700,4158,88.49
2026-07-03,2,VTX-12,Unit I,Spinning,Vortex,4700,4571,97.26
2026-07-03,2,AJ-01,Unit I,Spinning,Airjet,3750,3495,93.22
2026-07-03,2,AJ-02,Unit I,Spinning,Airjet,3750,3567,95.15
2026-07-03,2,AJ-03,Unit I,Spinning,Airjet,3750,3693,98.49
2026-07-03,2,AJ-04,Unit I,Spinning,Airjet,3750,3331,88.84
2026-07-03,2,AJ-05,Unit I,Spinning,Airjet,3750,3434,91.58
2026-07-03,3,TOY-01,Unit I,Weaving,Toyota,21700,21111,97.29
2026-07-03,3,TOY-02,Unit I,Weaving,Toyota,21700,19202,88.49
2026-07-03,3,TOY-03,Unit I,Weaving,Toyota,21700,20465,94.31
2026-07-03,3,TOY-04,Unit I,Weaving,Toyota,21700,21256,97.96
2026-07-03,3,TOY-05,Unit I,Weaving,Toyota,21700,20498,94.47
2026-07-03,3,TOY-06,Unit I,Weaving,Toyota,21700,21700,100.0
2026-07-03,3,TOY-07,Unit I,Weaving,Toyota,21700,18719,86.26
2026-07-03,3,TOY-08,Unit I,Weaving,Toyota,21700,17028,78.47
2026-07-03,3,TOY-09,Unit I,Weaving,Toyota,21700,18851,86.87
2026-07-03,3,TOY-10,Unit I,Weaving,Toyota,21700,17895,82.47
2026-07-03,3,TOY-11,Unit I,Weaving,Toyota,21700,20937,96.49
2026-07-03,3,TOY-12,Unit I,Weaving,Toyota,21700,20766,95.7
2026-07-03,3,TOY-13,Unit I,Weaving,Toyota,21700,20305,93.58
2026-07-03,3,TOY-14,Unit I,Weaving,Toyota,21700,20499,94.47
2026-07-03,3,TOY-15,Unit I,Weaving,Toyota,21700,21700,100.0
2026-07-03,3,TSU-01,Unit I,Weaving,Tsudakoma,15000,14056,93.71
2026-07-03,3,TSU-02,Unit I,Weaving,Tsudakoma,15000,14632,97.55
2026-07-03,3,TSU-03,Unit I,Weaving,Tsudakoma,15000,13762,91.75
2026-07-03,3,TSU-04,Unit I,Weaving,Tsudakoma,15000,14471,96.48
2026-07-03,3,TSU-05,Unit I,Weaving,Tsudakoma,15000,14071,93.81
2026-07-03,3,TSU-06,Unit I,Weaving,Tsudakoma,15000,13942,92.95
2026-07-03,3,TSU-07,Unit I,Weaving,Tsudakoma,15000,15000,100.0
2026-07-03,3,TSU-08,Unit I,Weaving,Tsudakoma,15000,15000,100.0
2026-07-03,3,TSU-09,Unit I,Weaving,Tsudakoma,15000,14352,95.68
2026-07-03,3,TSU-10,Unit I,Weaving,Tsudakoma,15000,12521,83.48
2026-07-03,3,SUL-01,Unit I,Weaving,Sulzer,2700,2516,93.19
2026-07-03,3,SUL-02,Unit I,Weaving,Sulzer,2700,2700,100.0
2026-07-03,3,SUL-03,Unit I,Weaving,Sulzer,2700,2533,93.85
2026-07-03,3,SUL-04,Unit I,Weaving,Sulzer,2700,2700,100.0
2026-07-03,3,SUL-05,Unit I,Weaving,Sulzer,2700,2700,100.0
2026-07-03,3,RF-01,Unit I,Spinning,RingFrame,2500,2402,96.09
2026-07-03,3,RF-02,Unit I,Spinning,RingFrame,2500,2269,90.79
2026-07-03,3,RF-03,Unit I,Spinning,RingFrame,2500,2070,82.82
2026-07-03,3,RF-04,Unit I,Spinning,RingFrame,2500,2460,98.42
2026-07-03,3,RF-05,Unit I,Spinning,RingFrame,2500,2273,90.93
2026-07-03,3,RF-06,Unit I,Spinning,RingFrame,2500,2397,95.88
2026-07-03,3,RF-07,Unit I,Spinning,RingFrame,2500,2218,88.75
2026-07-03,3,RF-08,Unit I,Spinning,RingFrame,2500,2341,93.67
2026-07-03,3,RF-09,Unit I,Spinning,RingFrame,2500,2379,95.17
2026-07-03,3,RF-10,Unit I,Spinning,RingFrame,2500,2408,96.34
2026-07-03,3,RF-11,Unit I,Spinning,RingFrame,2500,1810,72.43
2026-07-03,3,RF-12,Unit I,Spinning,RingFrame,2500,2500,100.0
2026-07-03,3,VTX-01,Unit I,Spinning,Vortex,4700,4324,92.02
2026-07-03,3,VTX-02,Unit I,Spinning,Vortex,4700,4071,86.63
2026-07-03,3,VTX-03,Unit I,Spinning,Vortex,4700,4439,94.45
2026-07-03,3,VTX-04,Unit I,Spinning,Vortex,4700,4473,95.17
2026-07-03,3,VTX-05,Unit I,Spinning,Vortex,4700,4502,95.8
2026-07-03,3,VTX-06,Unit I,Spinning,Vortex,4700,3986,84.81
2026-07-03,3,VTX-07,Unit I,Spinning,Vortex,4700,4409,93.82
2026-07-03,3,VTX-08,Unit I,Spinning,Vortex,4700,4436,94.4
2026-07-03,3,VTX-09,Unit I,Spinning,Vortex,4700,4205,89.48
2026-07-03,3,VTX-10,Unit I,Spinning,Vortex,4700,4657,99.1
2026-07-03,3,VTX-11,Unit I,Spinning,Vortex,4700,4508,95.92
2026-07-03,3,VTX-12,Unit I,Spinning,Vortex,4700,4366,92.9
2026-07-03,3,AJ-01,Unit I,Spinning,Airjet,3750,3205,85.48
2026-07-03,3,AJ-02,Unit I,Spinning,Airjet,3750,3750,100.0
2026-07-03,3,AJ-03,Unit I,Spinning,Airjet,3750,3332,88.86
2026-07-03,3,AJ-04,Unit I,Spinning,Airjet,3750,3451,92.04
2026-07-03,3,AJ-05,Unit I,Spinning,Airjet,3750,3629,96.79
2026-07-04,1,TOY-01,Unit I,Weaving,Toyota,21700,19316,89.02
2026-07-04,1,TOY-02,Unit I,Weaving,Toyota,21700,15305,70.53
2026-07-04,1,TOY-03,Unit I,Weaving,Toyota,21700,18310,84.38
2026-07-04,1,TOY-04,Unit I,Weaving,Toyota,21700,21397,98.6
2026-07-04,1,TOY-05,Unit I,Weaving,Toyota,21700,20023,92.27
2026-07-04,1,TOY-06,Unit I,Weaving,Toyota,21700,21700,100.0
2026-07-04,1,TOY-07,Unit I,Weaving,Toyota,21700,19536,90.03
2026-07-04,1,TOY-08,Unit I,Weaving,Toyota,21700,15926,73.39
2026-07-04,1,TOY-09,Unit I,Weaving,Toyota,21700,20001,92.17
2026-07-04,1,TOY-10,Unit I,Weaving,Toyota,21700,20878,96.22
2026-07-04,1,TOY-11,Unit I,Weaving,Toyota,21700,20104,92.65
2026-07-04,1,TOY-12,Unit I,Weaving,Toyota,21700,21279,98.06
2026-07-04,1,TOY-13,Unit I,Weaving,Toyota,21700,19553,90.11
2026-07-04,1,TOY-14,Unit I,Weaving,Toyota,21700,19115,88.09
2026-07-04,1,TOY-15,Unit I,Weaving,Toyota,21700,18663,86.01
2026-07-04,1,TSU-01,Unit I,Weaving,Tsudakoma,15000,12582,83.88
2026-07-04,1,TSU-02,Unit I,Weaving,Tsudakoma,15000,13861,92.41
2026-07-04,1,TSU-03,Unit I,Weaving,Tsudakoma,15000,14024,93.5
2026-07-04,1,TSU-04,Unit I,Weaving,Tsudakoma,15000,13776,91.84
2026-07-04,1,TSU-05,Unit I,Weaving,Tsudakoma,15000,15000,100.0
2026-07-04,1,TSU-06,Unit I,Weaving,Tsudakoma,15000,15000,100.0
2026-07-04,1,TSU-07,Unit I,Weaving,Tsudakoma,15000,13998,93.33
2026-07-04,1,TSU-08,Unit I,Weaving,Tsudakoma,15000,12904,86.03
2026-07-04,1,TSU-09,Unit I,Weaving,Tsudakoma,15000,13824,92.17
2026-07-04,1,TSU-10,Unit I,Weaving,Tsudakoma,15000,13800,92.0
2026-07-04,1,SUL-01,Unit I,Weaving,Sulzer,2700,2476,91.71
2026-07-04,1,SUL-02,Unit I,Weaving,Sulzer,2700,2470,91.51
2026-07-04,1,SUL-03,Unit I,Weaving,Sulzer,2700,2476,91.73
2026-07-04,1,SUL-04,Unit I,Weaving,Sulzer,2700,2512,93.07
2026-07-04,1,SUL-05,Unit I,Weaving,Sulzer,2700,2479,91.82
2026-07-04,1,RF-01,Unit I,Spinning,RingFrame,2500,2401,96.04
2026-07-04,1,RF-02,Unit I,Spinning,RingFrame,2500,2420,96.8
2026-07-04,1,RF-03,Unit I,Spinning,RingFrame,2500,2261,90.45
2026-07-04,1,RF-04,Unit I,Spinning,RingFrame,2500,2500,100.0
2026-07-04,1,RF-05,Unit I,Spinning,RingFrame,2500,2252,90.1
2026-07-04,1,RF-06,Unit I,Spinning,RingFrame,2500,2172,86.91
2026-07-04,1,RF-07,Unit I,Spinning,RingFrame,2500,2422,96.9
2026-07-04,1,RF-08,Unit I,Spinning,RingFrame,2500,2272,90.91
2026-07-04,1,RF-09,Unit I,Spinning,RingFrame,2500,2415,96.61
2026-07-04,1,RF-10,Unit I,Spinning,RingFrame,2500,2074,82.98
2026-07-04,1,RF-11,Unit I,Spinning,RingFrame,2500,2124,84.96
2026-07-04,1,RF-12,Unit I,Spinning,RingFrame,2500,2459,98.36
2026-07-04,1,VTX-01,Unit I,Spinning,Vortex,4700,4112,87.5
2026-07-04,1,VTX-02,Unit I,Spinning,Vortex,4700,4117,87.61
2026-07-04,1,VTX-03,Unit I,Spinning,Vortex,4700,4700,100.0
2026-07-04,1,VTX-04,Unit I,Spinning,Vortex,4700,4291,91.31
2026-07-04,1,VTX-05,Unit I,Spinning,Vortex,4700,4268,90.83
2026-07-04,1,VTX-06,Unit I,Spinning,Vortex,4700,3133,66.67
2026-07-04,1,VTX-07,Unit I,Spinning,Vortex,4700,4382,93.25
2026-07-04,1,VTX-08,Unit I,Spinning,Vortex,4700,4411,93.86
2026-07-04,1,VTX-09,Unit I,Spinning,Vortex,4700,4633,98.58
2026-07-04,1,VTX-10,Unit I,Spinning,Vortex,4700,4136,88.0
2026-07-04,1,VTX-11,Unit I,Spinning,Vortex,4700,4107,87.4
2026-07-04,1,VTX-12,Unit I,Spinning,Vortex,4700,4570,97.25
2026-07-04,1,AJ-01,Unit I,Spinning,Airjet,3750,3750,100.0
2026-07-04,1,AJ-02,Unit I,Spinning,Airjet,3750,3267,87.14
2026-07-04,1,AJ-03,Unit I,Spinning,Airjet,3750,3750,100.0
2026-07-04,1,AJ-04,Unit I,Spinning,Airjet,3750,3569,95.19
2026-07-04,1,AJ-05,Unit I,Spinning,Airjet,3750,3750,100.0
2026-07-04,2,TOY-01,Unit I,Weaving,Toyota,21700,20538,94.65
2026-07-04,2,TOY-02,Unit I,Weaving,Toyota,21700,14189,65.39
2026-07-04,2,TOY-03,Unit I,Weaving,Toyota,21700,20450,94.24
2026-07-04,2,TOY-04,Unit I,Weaving,Toyota,21700,21700,100.0
2026-07-04,2,TOY-05,Unit I,Weaving,Toyota,21700,19645,90.53
2026-07-04,2,TOY-06,Unit I,Weaving,Toyota,21700,20194,93.06
2026-07-04,2,TOY-07,Unit I,Weaving,Toyota,21700,20423,94.12
2026-07-04,2,TOY-08,Unit I,Weaving,Toyota,21700,13780,63.5
2026-07-04,2,TOY-09,Unit I,Weaving,Toyota,21700,21700,100.0
2026-07-04,2,TOY-10,Unit I,Weaving,Toyota,21700,19637,90.49
2026-07-04,2,TOY-11,Unit I,Weaving,Toyota,21700,21163,97.53
2026-07-04,2,TOY-12,Unit I,Weaving,Toyota,21700,20520,94.57
2026-07-04,2,TOY-13,Unit I,Weaving,Toyota,21700,21700,100.0
2026-07-04,2,TOY-14,Unit I,Weaving,Toyota,21700,21055,97.03
2026-07-04,2,TOY-15,Unit I,Weaving,Toyota,21700,20360,93.83
2026-07-04,2,TSU-01,Unit I,Weaving,Tsudakoma,15000,13579,90.53
2026-07-04,2,TSU-02,Unit I,Weaving,Tsudakoma,15000,14848,98.99
2026-07-04,2,TSU-03,Unit I,Weaving,Tsudakoma,15000,12844,85.63
2026-07-04,2,TSU-04,Unit I,Weaving,Tsudakoma,15000,14734,98.23
2026-07-04,2,TSU-05,Unit I,Weaving,Tsudakoma,15000,13425,89.5
2026-07-04,2,TSU-06,Unit I,Weaving,Tsudakoma,15000,15000,100.0
2026-07-04,2,TSU-07,Unit I,Weaving,Tsudakoma,15000,14370,95.81
2026-07-04,2,TSU-08,Unit I,Weaving,Tsudakoma,15000,14733,98.22
2026-07-04,2,TSU-09,Unit I,Weaving,Tsudakoma,15000,14311,95.41
2026-07-04,2,TSU-10,Unit I,Weaving,Tsudakoma,15000,12935,86.24
2026-07-04,2,SUL-01,Unit I,Weaving,Sulzer,2700,2448,90.7
2026-07-04,2,SUL-02,Unit I,Weaving,Sulzer,2700,2655,98.36
2026-07-04,2,SUL-03,Unit I,Weaving,Sulzer,2700,2587,95.83
2026-07-04,2,SUL-04,Unit I,Weaving,Sulzer,2700,2700,100.0
2026-07-04,2,SUL-05,Unit I,Weaving,Sulzer,2700,2619,97.02
2026-07-04,2,RF-01,Unit I,Spinning,RingFrame,2500,2254,90.17
2026-07-04,2,RF-02,Unit I,Spinning,RingFrame,2500,2275,91.02
2026-07-04,2,RF-03,Unit I,Spinning,RingFrame,2500,2387,95.51
2026-07-04,2,RF-04,Unit I,Spinning,RingFrame,2500,2085,83.43
2026-07-04,2,RF-05,Unit I,Spinning,RingFrame,2500,2500,100.0
2026-07-04,2,RF-06,Unit I,Spinning,RingFrame,2500,2430,97.21
2026-07-04,2,RF-07,Unit I,Spinning,RingFrame,2500,2500,100.0
2026-07-04,2,RF-08,Unit I,Spinning,RingFrame,2500,2177,87.1
2026-07-04,2,RF-09,Unit I,Spinning,RingFrame,2500,2500,100.0
2026-07-04,2,RF-10,Unit I,Spinning,RingFrame,2500,2500,100.0
2026-07-04,2,RF-11,Unit I,Spinning,RingFrame,2500,1784,71.4
2026-07-04,2,RF-12,Unit I,Spinning,RingFrame,2500,2471,98.86
2026-07-04,2,VTX-01,Unit I,Spinning,Vortex,4700,4465,95.01
2026-07-04,2,VTX-02,Unit I,Spinning,Vortex,4700,4102,87.28
2026-07-04,2,VTX-03,Unit I,Spinning,Vortex,4700,4580,97.46
2026-07-04,2,VTX-04,Unit I,Spinning,Vortex,4700,4660,99.17
2026-07-04,2,VTX-05,Unit I,Spinning,Vortex,4700,4323,91.99
2026-07-04,2,VTX-06,Unit I,Spinning,Vortex,4700,3939,83.83
2026-07-04,2,VTX-07,Unit I,Spinning,Vortex,4700,4073,86.67
2026-07-04,2,VTX-08,Unit I,Spinning,Vortex,4700,4113,87.53
2026-07-04,2,VTX-09,Unit I,Spinning,Vortex,4700,4497,95.68
2026-07-04,2,VTX-10,Unit I,Spinning,Vortex,4700,4470,95.13
2026-07-04,2,VTX-11,Unit I,Spinning,Vortex,4700,4296,91.42
2026-07-04,2,VTX-12,Unit I,Spinning,Vortex,4700,4655,99.05
2026-07-04,2,AJ-01,Unit I,Spinning,Airjet,3750,3662,97.65
2026-07-04,2,AJ-02,Unit I,Spinning,Airjet,3750,3723,99.29
2026-07-04,2,AJ-03,Unit I,Spinning,Airjet,3750,3539,94.38
2026-07-04,2,AJ-04,Unit I,Spinning,Airjet,3750,3675,98.01
2026-07-04,2,AJ-05,Unit I,Spinning,Airjet,3750,3478,92.77
2026-07-04,3,TOY-01,Unit I,Weaving,Toyota,21700,21700,100.0
2026-07-04,3,TOY-02,Unit I,Weaving,Toyota,21700,16044,73.94
2026-07-04,3,TOY-03,Unit I,Weaving,Toyota,21700,21700,100.0
2026-07-04,3,TOY-04,Unit I,Weaving,Toyota,21700,20652,95.17
2026-07-04,3,TOY-05,Unit I,Weaving,Toyota,21700,19122,88.12
2026-07-04,3,TOY-06,Unit I,Weaving,Toyota,21700,21700,100.0
2026-07-04,3,TOY-07,Unit I,Weaving,Toyota,21700,20751,95.63
2026-07-04,3,TOY-08,Unit I,Weaving,Toyota,21700,17849,82.26
2026-07-04,3,TOY-09,Unit I,Weaving,Toyota,21700,21700,100.0
2026-07-04,3,TOY-10,Unit I,Weaving,Toyota,21700,20981,96.69
2026-07-04,3,TOY-11,Unit I,Weaving,Toyota,21700,19972,92.04
2026-07-04,3,TOY-12,Unit I,Weaving,Toyota,21700,21673,99.88
2026-07-04,3,TOY-13,Unit I,Weaving,Toyota,21700,20615,95.0
2026-07-04,3,TOY-14,Unit I,Weaving,Toyota,21700,21359,98.43
2026-07-04,3,TOY-15,Unit I,Weaving,Toyota,21700,18278,84.23
2026-07-04,3,TSU-01,Unit I,Weaving,Tsudakoma,15000,14585,97.23
2026-07-04,3,TSU-02,Unit I,Weaving,Tsudakoma,15000,13771,91.81
2026-07-04,3,TSU-03,Unit I,Weaving,Tsudakoma,15000,15000,100.0
2026-07-04,3,TSU-04,Unit I,Weaving,Tsudakoma,15000,14717,98.12
2026-07-04,3,TSU-05,Unit I,Weaving,Tsudakoma,15000,14429,96.2
2026-07-04,3,TSU-06,Unit I,Weaving,Tsudakoma,15000,14614,97.43
2026-07-04,3,TSU-07,Unit I,Weaving,Tsudakoma,15000,13501,90.01
2026-07-04,3,TSU-08,Unit I,Weaving,Tsudakoma,15000,15000,100.0
2026-07-04,3,TSU-09,Unit I,Weaving,Tsudakoma,15000,15000,100.0
2026-07-04,3,TSU-10,Unit I,Weaving,Tsudakoma,15000,14544,96.96
2026-07-04,3,SUL-01,Unit I,Weaving,Sulzer,2700,2700,100.0
2026-07-04,3,SUL-02,Unit I,Weaving,Sulzer,2700,2488,92.15
2026-07-04,3,SUL-03,Unit I,Weaving,Sulzer,2700,2457,91.01
2026-07-04,3,SUL-04,Unit I,Weaving,Sulzer,2700,2570,95.2
2026-07-04,3,SUL-05,Unit I,Weaving,Sulzer,2700,2623,97.17
2026-07-04,3,RF-01,Unit I,Spinning,RingFrame,2500,2325,93.03
2026-07-04,3,RF-02,Unit I,Spinning,RingFrame,2500,2442,97.69
2026-07-04,3,RF-03,Unit I,Spinning,RingFrame,2500,2413,96.53
2026-07-04,3,RF-04,Unit I,Spinning,RingFrame,2500,2250,90.01
2026-07-04,3,RF-05,Unit I,Spinning,RingFrame,2500,2439,97.59
2026-07-04,3,RF-06,Unit I,Spinning,RingFrame,2500,2482,99.32
2026-07-04,3,RF-07,Unit I,Spinning,RingFrame,2500,2396,95.86
2026-07-04,3,RF-08,Unit I,Spinning,RingFrame,2500,2500,100.0
2026-07-04,3,RF-09,Unit I,Spinning,RingFrame,2500,2222,88.91
2026-07-04,3,RF-10,Unit I,Spinning,RingFrame,2500,2433,97.34
2026-07-04,3,RF-11,Unit I,Spinning,RingFrame,2500,1803,72.15
2026-07-04,3,RF-12,Unit I,Spinning,RingFrame,2500,2235,89.43
2026-07-04,3,VTX-01,Unit I,Spinning,Vortex,4700,4316,91.85
2026-07-04,3,VTX-02,Unit I,Spinning,Vortex,4700,4243,90.29
2026-07-04,3,VTX-03,Unit I,Spinning,Vortex,4700,4336,92.26
2026-07-04,3,VTX-04,Unit I,Spinning,Vortex,4700,4414,93.93
2026-07-04,3,VTX-05,Unit I,Spinning,Vortex,4700,4661,99.19
2026-07-04,3,VTX-06,Unit I,Spinning,Vortex,4700,3590,76.39
2026-07-04,3,VTX-07,Unit I,Spinning,Vortex,4700,4092,87.07
2026-07-04,3,VTX-08,Unit I,Spinning,Vortex,4700,4700,100.0
2026-07-04,3,VTX-09,Unit I,Spinning,Vortex,4700,4268,90.81
2026-07-04,3,VTX-10,Unit I,Spinning,Vortex,4700,4451,94.71
2026-07-04,3,VTX-11,Unit I,Spinning,Vortex,4700,4569,97.23
2026-07-04,3,VTX-12,Unit I,Spinning,Vortex,4700,4511,96.0
2026-07-04,3,AJ-01,Unit I,Spinning,Airjet,3750,3750,100.0
2026-07-04,3,AJ-02,Unit I,Spinning,Airjet,3750,3652,97.4
2026-07-04,3,AJ-03,Unit I,Spinning,Airjet,3750,3401,90.69
2026-07-04,3,AJ-04,Unit I,Spinning,Airjet,3750,3750,100.0
2026-07-04,3,AJ-05,Unit I,Spinning,Airjet,3750,3598,95.97
2026-07-05,1,TOY-01,Unit I,Weaving,Toyota,21700,20455,94.26
2026-07-05,1,TOY-02,Unit I,Weaving,Toyota,21700,17971,82.82
2026-07-05,1,TOY-03,Unit I,Weaving,Toyota,21700,20885,96.25
2026-07-05,1,TOY-04,Unit I,Weaving,Toyota,21700,21048,97.0
2026-07-05,1,TOY-05,Unit I,Weaving,Toyota,21700,21700,100.0
2026-07-05,1,TOY-06,Unit I,Weaving,Toyota,21700,20316,93.62
2026-07-05,1,TOY-07,Unit I,Weaving,Toyota,21700,20270,93.41
2026-07-05,1,TOY-08,Unit I,Weaving,Toyota,21700,17052,78.58
2026-07-05,1,TOY-09,Unit I,Weaving,Toyota,21700,21700,100.0
2026-07-05,1,TOY-10,Unit I,Weaving,Toyota,21700,18980,87.47
2026-07-05,1,TOY-11,Unit I,Weaving,Toyota,21700,18482,85.17
2026-07-05,1,TOY-12,Unit I,Weaving,Toyota,21700,19977,92.06
2026-07-05,1,TOY-13,Unit I,Weaving,Toyota,21700,18842,86.83
2026-07-05,1,TOY-14,Unit I,Weaving,Toyota,21700,20154,92.88
2026-07-05,1,TOY-15,Unit I,Weaving,Toyota,21700,21160,97.51
2026-07-05,1,TSU-01,Unit I,Weaving,Tsudakoma,15000,13581,90.55
2026-07-05,1,TSU-02,Unit I,Weaving,Tsudakoma,15000,13179,87.87
2026-07-05,1,TSU-03,Unit I,Weaving,Tsudakoma,15000,14302,95.35
2026-07-05,1,TSU-04,Unit I,Weaving,Tsudakoma,15000,14896,99.31
2026-07-05,1,TSU-05,Unit I,Weaving,Tsudakoma,15000,12978,86.53
2026-07-05,1,TSU-06,Unit I,Weaving,Tsudakoma,15000,14865,99.1
2026-07-05,1,TSU-07,Unit I,Weaving,Tsudakoma,15000,14862,99.09
2026-07-05,1,TSU-08,Unit I,Weaving,Tsudakoma,15000,14965,99.77
2026-07-05,1,TSU-09,Unit I,Weaving,Tsudakoma,15000,15000,100.0
2026-07-05,1,TSU-10,Unit I,Weaving,Tsudakoma,15000,15000,100.0
2026-07-05,1,SUL-01,Unit I,Weaving,Sulzer,2700,2516,93.22
2026-07-05,1,SUL-02,Unit I,Weaving,Sulzer,2700,2579,95.55
2026-07-05,1,SUL-03,Unit I,Weaving,Sulzer,2700,2508,92.92
2026-07-05,1,SUL-04,Unit I,Weaving,Sulzer,2700,2565,95.01
2026-07-05,1,SUL-05,Unit I,Weaving,Sulzer,2700,2700,100.0
2026-07-05,1,RF-01,Unit I,Spinning,RingFrame,2500,2206,88.27
2026-07-05,1,RF-02,Unit I,Spinning,RingFrame,2500,2267,90.69
2026-07-05,1,RF-03,Unit I,Spinning,RingFrame,2500,2500,100.0
2026-07-05,1,RF-04,Unit I,Spinning,RingFrame,2500,2500,100.0
2026-07-05,1,RF-05,Unit I,Spinning,RingFrame,2500,2329,93.18
2026-07-05,1,RF-06,Unit I,Spinning,RingFrame,2500,2481,99.27
2026-07-05,1,RF-07,Unit I,Spinning,RingFrame,2500,2417,96.71
2026-07-05,1,RF-08,Unit I,Spinning,RingFrame,2500,2500,100.0
2026-07-05,1,RF-09,Unit I,Spinning,RingFrame,2500,2384,95.37
2026-07-05,1,RF-10,Unit I,Spinning,RingFrame,2500,2500,100.0
2026-07-05,1,RF-11,Unit I,Spinning,RingFrame,2500,2280,91.21
2026-07-05,1,RF-12,Unit I,Spinning,RingFrame,2500,2449,97.99
2026-07-05,1,VTX-01,Unit I,Spinning,Vortex,4700,4476,95.25
2026-07-05,1,VTX-02,Unit I,Spinning,Vortex,4700,4634,98.61
2026-07-05,1,VTX-03,Unit I,Spinning,Vortex,4700,4379,93.17
2026-07-05,1,VTX-04,Unit I,Spinning,Vortex,4700,4700,100.0
2026-07-05,1,VTX-05,Unit I,Spinning,Vortex,4700,4507,95.9
2026-07-05,1,VTX-06,Unit I,Spinning,Vortex,4700,3601,76.64
2026-07-05,1,VTX-07,Unit I,Spinning,Vortex,4700,4268,90.82
2026-07-05,1,VTX-08,Unit I,Spinning,Vortex,4700,4700,100.0
2026-07-05,1,VTX-09,Unit I,Spinning,Vortex,4700,4668,99.34
2026-07-05,1,VTX-10,Unit I,Spinning,Vortex,4700,4348,92.51
2026-07-05,1,VTX-11,Unit I,Spinning,Vortex,4700,4600,97.88
2026-07-05,1,VTX-12,Unit I,Spinning,Vortex,4700,4110,87.46
2026-07-05,1,AJ-01,Unit I,Spinning,Airjet,3750,3597,95.92
2026-07-05,1,AJ-02,Unit I,Spinning,Airjet,3750,3647,97.26
2026-07-05,1,AJ-03,Unit I,Spinning,Airjet,3750,3750,100.0
2026-07-05,1,AJ-04,Unit I,Spinning,Airjet,3750,3417,91.15
2026-07-05,1,AJ-05,Unit I,Spinning,Airjet,3750,3322,88.61
2026-07-05,2,TOY-01,Unit I,Weaving,Toyota,21700,19643,90.52
2026-07-05,2,TOY-02,Unit I,Weaving,Toyota,21700,15475,71.32
2026-07-05,2,TOY-03,Unit I,Weaving,Toyota,21700,21700,100.0
2026-07-05,2,TOY-04,Unit I,Weaving,Toyota,21700,21700,100.0
2026-07-05,2,TOY-05,Unit I,Weaving,Toyota,21700,20962,96.6
2026-07-05,2,TOY-06,Unit I,Weaving,Toyota,21700,21700,100.0
2026-07-05,2,TOY-07,Unit I,Weaving,Toyota,21700,20760,95.67
2026-07-05,2,TOY-08,Unit I,Weaving,Toyota,21700,16822,77.52
2026-07-05,2,TOY-09,Unit I,Weaving,Toyota,21700,20253,93.33
2026-07-05,2,TOY-10,Unit I,Weaving,Toyota,21700,20278,93.45
2026-07-05,2,TOY-11,Unit I,Weaving,Toyota,21700,18935,87.26
2026-07-05,2,TOY-12,Unit I,Weaving,Toyota,21700,20901,96.32
2026-07-05,2,TOY-13,Unit I,Weaving,Toyota,21700,20571,94.8
2026-07-05,2,TOY-14,Unit I,Weaving,Toyota,21700,21423,98.73
2026-07-05,2,TOY-15,Unit I,Weaving,Toyota,21700,20716,95.47
2026-07-05,2,TSU-01,Unit I,Weaving,Tsudakoma,15000,14127,94.19
2026-07-05,2,TSU-02,Unit I,Weaving,Tsudakoma,15000,13596,90.64
2026-07-05,2,TSU-03,Unit I,Weaving,Tsudakoma,15000,14304,95.36
2026-07-05,2,TSU-04,Unit I,Weaving,Tsudakoma,15000,14803,98.69
2026-07-05,2,TSU-05,Unit I,Weaving,Tsudakoma,15000,13392,89.28
2026-07-05,2,TSU-06,Unit I,Weaving,Tsudakoma,15000,14315,95.44
2026-07-05,2,TSU-07,Unit I,Weaving,Tsudakoma,15000,14424,96.17
2026-07-05,2,TSU-08,Unit I,Weaving,Tsudakoma,15000,13711,91.41
2026-07-05,2,TSU-09,Unit I,Weaving,Tsudakoma,15000,13809,92.06
2026-07-05,2,TSU-10,Unit I,Weaving,Tsudakoma,15000,14422,96.15
2026-07-05,2,SUL-01,Unit I,Weaving,Sulzer,2700,2411,89.33
2026-07-05,2,SUL-02,Unit I,Weaving,Sulzer,2700,2612,96.75
2026-07-05,2,SUL-03,Unit I,Weaving,Sulzer,2700,2444,90.52
2026-07-05,2,SUL-04,Unit I,Weaving,Sulzer,2700,2700,100.0
2026-07-05,2,SUL-05,Unit I,Weaving,Sulzer,2700,2700,100.0
2026-07-05,2,RF-01,Unit I,Spinning,RingFrame,2500,2267,90.7
2026-07-05,2,RF-02,Unit I,Spinning,RingFrame,2500,2441,97.67
2026-07-05,2,RF-03,Unit I,Spinning,RingFrame,2500,2284,91.37
2026-07-05,2,RF-04,Unit I,Spinning,RingFrame,2500,2500,100.0
2026-07-05,2,RF-05,Unit I,Spinning,RingFrame,2500,2216,88.67
2026-07-05,2,RF-06,Unit I,Spinning,RingFrame,2500,2435,97.4
2026-07-05,2,RF-07,Unit I,Spinning,RingFrame,2500,2265,90.64
2026-07-05,2,RF-08,Unit I,Spinning,RingFrame,2500,2349,93.97
2026-07-05,2,RF-09,Unit I,Spinning,RingFrame,2500,2246,89.84
2026-07-05,2,RF-10,Unit I,Spinning,RingFrame,2500,2477,99.11
2026-07-05,2,RF-11,Unit I,Spinning,RingFrame,2500,1845,73.82
2026-07-05,2,RF-12,Unit I,Spinning,RingFrame,2500,2443,97.76
2026-07-05,2,VTX-01,Unit I,Spinning,Vortex,4700,4384,93.28
2026-07-05,2,VTX-02,Unit I,Spinning,Vortex,4700,4438,94.43
2026-07-05,2,VTX-03,Unit I,Spinning,Vortex,4700,4499,95.74
2026-07-05,2,VTX-04,Unit I,Spinning,Vortex,4700,4285,91.19
2026-07-05,2,VTX-05,Unit I,Spinning,Vortex,4700,4514,96.05
2026-07-05,2,VTX-06,Unit I,Spinning,Vortex,4700,4025,85.65
2026-07-05,2,VTX-07,Unit I,Spinning,Vortex,4700,4282,91.11
2026-07-05,2,VTX-08,Unit I,Spinning,Vortex,4700,4700,100.0
2026-07-05,2,VTX-09,Unit I,Spinning,Vortex,4700,4700,100.0
2026-07-05,2,VTX-10,Unit I,Spinning,Vortex,4700,4273,90.92
2026-07-05,2,VTX-11,Unit I,Spinning,Vortex,4700,4123,87.72
2026-07-05,2,VTX-12,Unit I,Spinning,Vortex,4700,4535,96.51
2026-07-05,2,AJ-01,Unit I,Spinning,Airjet,3750,3459,92.26
2026-07-05,2,AJ-02,Unit I,Spinning,Airjet,3750,3750,100.0
2026-07-05,2,AJ-03,Unit I,Spinning,Airjet,3750,3569,95.17
2026-07-05,2,AJ-04,Unit I,Spinning,Airjet,3750,3412,90.99
2026-07-05,2,AJ-05,Unit I,Spinning,Airjet,3750,3347,89.26
2026-07-05,3,TOY-01,Unit I,Weaving,Toyota,21700,21700,100.0
2026-07-05,3,TOY-02,Unit I,Weaving,Toyota,21700,16306,75.14
2026-07-05,3,TOY-03,Unit I,Weaving,Toyota,21700,20662,95.22
2026-07-05,3,TOY-04,Unit I,Weaving,Toyota,21700,21652,99.78
2026-07-05,3,TOY-05,Unit I,Weaving,Toyota,21700,20089,92.58
2026-07-05,3,TOY-06,Unit I,Weaving,Toyota,21700,20565,94.77
2026-07-05,3,TOY-07,Unit I,Weaving,Toyota,21700,20597,94.92
2026-07-05,3,TOY-08,Unit I,Weaving,Toyota,21700,17667,81.42
2026-07-05,3,TOY-09,Unit I,Weaving,Toyota,21700,21255,97.95
2026-07-05,3,TOY-10,Unit I,Weaving,Toyota,21700,20376,93.9
2026-07-05,3,TOY-11,Unit I,Weaving,Toyota,21700,20684,95.32
2026-07-05,3,TOY-12,Unit I,Weaving,Toyota,21700,20211,93.14
2026-07-05,3,TOY-13,Unit I,Weaving,Toyota,21700,19011,87.61
2026-07-05,3,TOY-14,Unit I,Weaving,Toyota,21700,20894,96.29
2026-07-05,3,TOY-15,Unit I,Weaving,Toyota,21700,21700,100.0
2026-07-05,3,TSU-01,Unit I,Weaving,Tsudakoma,15000,13587,90.58
2026-07-05,3,TSU-02,Unit I,Weaving,Tsudakoma,15000,13670,91.13
2026-07-05,3,TSU-03,Unit I,Weaving,Tsudakoma,15000,13596,90.65
2026-07-05,3,TSU-04,Unit I,Weaving,Tsudakoma,15000,14793,98.62
2026-07-05,3,TSU-05,Unit I,Weaving,Tsudakoma,15000,14586,97.24
2026-07-05,3,TSU-06,Unit I,Weaving,Tsudakoma,15000,14131,94.21
2026-07-05,3,TSU-07,Unit I,Weaving,Tsudakoma,15000,13561,90.41
2026-07-05,3,TSU-08,Unit I,Weaving,Tsudakoma,15000,14319,95.46
2026-07-05,3,TSU-09,Unit I,Weaving,Tsudakoma,15000,13076,87.18
2026-07-05,3,TSU-10,Unit I,Weaving,Tsudakoma,15000,14357,95.72
2026-07-05,3,SUL-01,Unit I,Weaving,Sulzer,2700,2682,99.36
2026-07-05,3,SUL-02,Unit I,Weaving,Sulzer,2700,2396,88.74
2026-07-05,3,SUL-03,Unit I,Weaving,Sulzer,2700,2358,87.34
2026-07-05,3,SUL-04,Unit I,Weaving,Sulzer,2700,2700,100.0
2026-07-05,3,SUL-05,Unit I,Weaving,Sulzer,2700,2482,91.94
2026-07-05,3,RF-01,Unit I,Spinning,RingFrame,2500,2500,100.0
2026-07-05,3,RF-02,Unit I,Spinning,RingFrame,2500,2355,94.23
2026-07-05,3,RF-03,Unit I,Spinning,RingFrame,2500,2354,94.19
2026-07-05,3,RF-04,Unit I,Spinning,RingFrame,2500,2429,97.19
2026-07-05,3,RF-05,Unit I,Spinning,RingFrame,2500,2264,90.58
2026-07-05,3,RF-06,Unit I,Spinning,RingFrame,2500,2391,95.66
2026-07-05,3,RF-07,Unit I,Spinning,RingFrame,2500,2327,93.09
2026-07-05,3,RF-08,Unit I,Spinning,RingFrame,2500,2209,88.4
2026-07-05,3,RF-09,Unit I,Spinning,RingFrame,2500,2417,96.69
2026-07-05,3,RF-10,Unit I,Spinning,RingFrame,2500,2342,93.68
2026-07-05,3,RF-11,Unit I,Spinning,RingFrame,2500,1930,77.21
2026-07-05,3,RF-12,Unit I,Spinning,RingFrame,2500,2223,88.95
2026-07-05,3,VTX-01,Unit I,Spinning,Vortex,4700,4700,100.0
2026-07-05,3,VTX-02,Unit I,Spinning,Vortex,4700,4671,99.38
2026-07-05,3,VTX-03,Unit I,Spinning,Vortex,4700,4691,99.82
2026-07-05,3,VTX-04,Unit I,Spinning,Vortex,4700,4393,93.47
2026-07-05,3,VTX-05,Unit I,Spinning,Vortex,4700,4058,86.35
2026-07-05,3,VTX-06,Unit I,Spinning,Vortex,4700,4124,87.76
2026-07-05,3,VTX-07,Unit I,Spinning,Vortex,4700,4450,94.69
2026-07-05,3,VTX-08,Unit I,Spinning,Vortex,4700,4289,91.26
2026-07-05,3,VTX-09,Unit I,Spinning,Vortex,4700,4562,97.08
2026-07-05,3,VTX-10,Unit I,Spinning,Vortex,4700,4700,100.0
2026-07-05,3,VTX-11,Unit I,Spinning,Vortex,4700,4459,94.88
2026-07-05,3,VTX-12,Unit I,Spinning,Vortex,4700,4700,100.0
2026-07-05,3,AJ-01,Unit I,Spinning,Airjet,3750,3750,100.0
2026-07-05,3,AJ-02,Unit I,Spinning,Airjet,3750,3360,89.62
2026-07-05,3,AJ-03,Unit I,Spinning,Airjet,3750,3436,91.63
2026-07-05,3,AJ-04,Unit I,Spinning,Airjet,3750,3742,99.79
2026-07-05,3,AJ-05,Unit I,Spinning,Airjet,3750,3053,81.44
2026-07-06,1,TOY-01,Unit I,Weaving,Toyota,21700,20452,94.25
2026-07-06,1,TOY-02,Unit I,Weaving,Toyota,21700,15373,70.85
2026-07-06,1,TOY-03,Unit I,Weaving,Toyota,21700,20097,92.62
2026-07-06,1,TOY-04,Unit I,Weaving,Toyota,21700,20290,93.51
2026-07-06,1,TOY-05,Unit I,Weaving,Toyota,21700,20226,93.21
2026-07-06,1,TOY-06,Unit I,Weaving,Toyota,21700,20015,92.24
2026-07-06,1,TOY-07,Unit I,Weaving,Toyota,21700,19424,89.51
2026-07-06,1,TOY-08,Unit I,Weaving,Toyota,21700,19412,89.46
2026-07-06,1,TOY-09,Unit I,Weaving,Toyota,21700,21700,100.0
2026-07-06,1,TOY-10,Unit I,Weaving,Toyota,21700,19354,89.19
2026-07-06,1,TOY-11,Unit I,Weaving,Toyota,21700,21700,100.0
2026-07-06,1,TOY-12,Unit I,Weaving,Toyota,21700,20181,93.0
2026-07-06,1,TOY-13,Unit I,Weaving,Toyota,21700,20755,95.65
2026-07-06,1,TOY-14,Unit I,Weaving,Toyota,21700,20546,94.68
2026-07-06,1,TOY-15,Unit I,Weaving,Toyota,21700,19899,91.7
2026-07-06,1,TSU-01,Unit I,Weaving,Tsudakoma,15000,14987,99.92
2026-07-06,1,TSU-02,Unit I,Weaving,Tsudakoma,15000,14344,95.63
2026-07-06,1,TSU-03,Unit I,Weaving,Tsudakoma,15000,13892,92.62
2026-07-06,1,TSU-04,Unit I,Weaving,Tsudakoma,15000,13271,88.48
2026-07-06,1,TSU-05,Unit I,Weaving,Tsudakoma,15000,13579,90.53
2026-07-06,1,TSU-06,Unit I,Weaving,Tsudakoma,15000,13018,86.79
2026-07-06,1,TSU-07,Unit I,Weaving,Tsudakoma,15000,14259,95.06
2026-07-06,1,TSU-08,Unit I,Weaving,Tsudakoma,15000,13352,89.02
2026-07-06,1,TSU-09,Unit I,Weaving,Tsudakoma,15000,14050,93.67
2026-07-06,1,TSU-10,Unit I,Weaving,Tsudakoma,15000,15000,100.0
2026-07-06,1,SUL-01,Unit I,Weaving,Sulzer,2700,2700,100.0
2026-07-06,1,SUL-02,Unit I,Weaving,Sulzer,2700,2560,94.84
2026-07-06,1,SUL-03,Unit I,Weaving,Sulzer,2700,2553,94.56
2026-07-06,1,SUL-04,Unit I,Weaving,Sulzer,2700,2700,100.0
2026-07-06,1,SUL-05,Unit I,Weaving,Sulzer,2700,2635,97.6
2026-07-06,1,RF-01,Unit I,Spinning,RingFrame,2500,2334,93.36
2026-07-06,1,RF-02,Unit I,Spinning,RingFrame,2500,2196,87.87
2026-07-06,1,RF-03,Unit I,Spinning,RingFrame,2500,2424,96.97
2026-07-06,1,RF-04,Unit I,Spinning,RingFrame,2500,2478,99.15
2026-07-06,1,RF-05,Unit I,Spinning,RingFrame,2500,2296,91.84
2026-07-06,1,RF-06,Unit I,Spinning,RingFrame,2500,2411,96.46
2026-07-06,1,RF-07,Unit I,Spinning,RingFrame,2500,2329,93.18
2026-07-06,1,RF-08,Unit I,Spinning,RingFrame,2500,2351,94.08
2026-07-06,1,RF-09,Unit I,Spinning,RingFrame,2500,2064,82.56
2026-07-06,1,RF-10,Unit I,Spinning,RingFrame,2500,2347,93.89
2026-07-06,1,RF-11,Unit I,Spinning,RingFrame,2500,2071,82.85
2026-07-06,1,RF-12,Unit I,Spinning,RingFrame,2500,2296,91.84
2026-07-06,1,VTX-01,Unit I,Spinning,Vortex,4700,4477,95.26
2026-07-06,1,VTX-02,Unit I,Spinning,Vortex,4700,4287,91.22
2026-07-06,1,VTX-03,Unit I,Spinning,Vortex,4700,4549,96.8
2026-07-06,1,VTX-04,Unit I,Spinning,Vortex,4700,4414,93.92
2026-07-06,1,VTX-05,Unit I,Spinning,Vortex,4700,4244,90.3
2026-07-06,1,VTX-06,Unit I,Spinning,Vortex,4700,3979,84.66
2026-07-06,1,VTX-07,Unit I,Spinning,Vortex,4700,4683,99.64
2026-07-06,1,VTX-08,Unit I,Spinning,Vortex,4700,4322,91.98
2026-07-06,1,VTX-09,Unit I,Spinning,Vortex,4700,4581,97.49
2026-07-06,1,VTX-10,Unit I,Spinning,Vortex,4700,4591,97.69
2026-07-06,1,VTX-11,Unit I,Spinning,Vortex,4700,4615,98.21
2026-07-06,1,VTX-12,Unit I,Spinning,Vortex,4700,4066,86.53
2026-07-06,1,AJ-01,Unit I,Spinning,Airjet,3750,3750,100.0
2026-07-06,1,AJ-02,Unit I,Spinning,Airjet,3750,3455,92.15
2026-07-06,1,AJ-03,Unit I,Spinning,Airjet,3750,3495,93.21
2026-07-06,1,AJ-04,Unit I,Spinning,Airjet,3750,3750,100.0
2026-07-06,1,AJ-05,Unit I,Spinning,Airjet,3750,3619,96.51
2026-07-06,2,TOY-01,Unit I,Weaving,Toyota,21700,20195,93.07
2026-07-06,2,TOY-02,Unit I,Weaving,Toyota,21700,14533,66.97
2026-07-06,2,TOY-03,Unit I,Weaving,Toyota,21700,21700,100.0
2026-07-06,2,TOY-04,Unit I,Weaving,Toyota,21700,19155,88.27
2026-07-06,2,TOY-05,Unit I,Weaving,Toyota,21700,19526,89.98
2026-07-06,2,TOY-06,Unit I,Weaving,Toyota,21700,20255,93.34
2026-07-06,2,TOY-07,Unit I,Weaving,Toyota,21700,21700,100.0
2026-07-06,2,TOY-08,Unit I,Weaving,Toyota,21700,17764,81.87
2026-07-06,2,TOY-09,Unit I,Weaving,Toyota,21700,20443,94.21
2026-07-06,2,TOY-10,Unit I,Weaving,Toyota,21700,20949,96.54
2026-07-06,2,TOY-11,Unit I,Weaving,Toyota,21700,19963,92.0
2026-07-06,2,TOY-12,Unit I,Weaving,Toyota,21700,20766,95.7
2026-07-06,2,TOY-13,Unit I,Weaving,Toyota,21700,20694,95.37
2026-07-06,2,TOY-14,Unit I,Weaving,Toyota,21700,21666,99.84
2026-07-06,2,TOY-15,Unit I,Weaving,Toyota,21700,21664,99.84
2026-07-06,2,TSU-01,Unit I,Weaving,Tsudakoma,15000,14620,97.47
2026-07-06,2,TSU-02,Unit I,Weaving,Tsudakoma,15000,13978,93.19
2026-07-06,2,TSU-03,Unit I,Weaving,Tsudakoma,15000,14806,98.71
2026-07-06,2,TSU-04,Unit I,Weaving,Tsudakoma,15000,14181,94.54
2026-07-06,2,TSU-05,Unit I,Weaving,Tsudakoma,15000,13438,89.59
2026-07-06,2,TSU-06,Unit I,Weaving,Tsudakoma,15000,13947,92.98
2026-07-06,2,TSU-07,Unit I,Weaving,Tsudakoma,15000,14313,95.42
2026-07-06,2,TSU-08,Unit I,Weaving,Tsudakoma,15000,14932,99.55
2026-07-06,2,TSU-09,Unit I,Weaving,Tsudakoma,15000,14112,94.08
2026-07-06,2,TSU-10,Unit I,Weaving,Tsudakoma,15000,13343,88.95
2026-07-06,2,SUL-01,Unit I,Weaving,Sulzer,2700,2572,95.28
2026-07-06,2,SUL-02,Unit I,Weaving,Sulzer,2700,2580,95.57
2026-07-06,2,SUL-03,Unit I,Weaving,Sulzer,2700,2590,95.93
2026-07-06,2,SUL-04,Unit I,Weaving,Sulzer,2700,2689,99.6
2026-07-06,2,SUL-05,Unit I,Weaving,Sulzer,2700,2700,100.0
2026-07-06,2,RF-01,Unit I,Spinning,RingFrame,2500,2300,92.03
2026-07-06,2,RF-02,Unit I,Spinning,RingFrame,2500,2297,91.92
2026-07-06,2,RF-03,Unit I,Spinning,RingFrame,2500,2244,89.8
2026-07-06,2,RF-04,Unit I,Spinning,RingFrame,2500,2462,98.49
2026-07-06,2,RF-05,Unit I,Spinning,RingFrame,2500,2500,100.0
2026-07-06,2,RF-06,Unit I,Spinning,RingFrame,2500,2335,93.42
2026-07-06,2,RF-07,Unit I,Spinning,RingFrame,2500,2344,93.79
2026-07-06,2,RF-08,Unit I,Spinning,RingFrame,2500,2500,100.0
2026-07-06,2,RF-09,Unit I,Spinning,RingFrame,2500,2438,97.53
2026-07-06,2,RF-10,Unit I,Spinning,RingFrame,2500,2429,97.18
2026-07-06,2,RF-11,Unit I,Spinning,RingFrame,2500,1801,72.05
2026-07-06,2,RF-12,Unit I,Spinning,RingFrame,2500,2459,98.39
2026-07-06,2,VTX-01,Unit I,Spinning,Vortex,4700,4246,90.35
2026-07-06,2,VTX-02,Unit I,Spinning,Vortex,4700,4198,89.33
2026-07-06,2,VTX-03,Unit I,Spinning,Vortex,4700,4383,93.27
2026-07-06,2,VTX-04,Unit I,Spinning,Vortex,4700,4327,92.07
2026-07-06,2,VTX-05,Unit I,Spinning,Vortex,4700,4412,93.89
2026-07-06,2,VTX-06,Unit I,Spinning,Vortex,4700,3327,70.8
2026-07-06,2,VTX-07,Unit I,Spinning,Vortex,4700,4690,99.79
2026-07-06,2,VTX-08,Unit I,Spinning,Vortex,4700,4700,100.0
2026-07-06,2,VTX-09,Unit I,Spinning,Vortex,4700,4007,85.26
2026-07-06,2,VTX-10,Unit I,Spinning,Vortex,4700,4694,99.89
2026-07-06,2,VTX-11,Unit I,Spinning,Vortex,4700,4274,90.95
2026-07-06,2,VTX-12,Unit I,Spinning,Vortex,4700,4666,99.28
2026-07-06,2,AJ-01,Unit I,Spinning,Airjet,3750,3549,94.66
2026-07-06,2,AJ-02,Unit I,Spinning,Airjet,3750,3567,95.14
2026-07-06,2,AJ-03,Unit I,Spinning,Airjet,3750,3527,94.07
2026-07-06,2,AJ-04,Unit I,Spinning,Airjet,3750,3750,100.0
2026-07-06,2,AJ-05,Unit I,Spinning,Airjet,3750,3330,88.8
2026-07-06,3,TOY-01,Unit I,Weaving,Toyota,21700,21274,98.04
2026-07-06,3,TOY-02,Unit I,Weaving,Toyota,21700,18120,83.51
2026-07-06,3,TOY-03,Unit I,Weaving,Toyota,21700,21392,98.58
2026-07-06,3,TOY-04,Unit I,Weaving,Toyota,21700,21700,100.0
2026-07-06,3,TOY-05,Unit I,Weaving,Toyota,21700,20041,92.36
2026-07-06,3,TOY-06,Unit I,Weaving,Toyota,21700,21653,99.79
2026-07-06,3,TOY-07,Unit I,Weaving,Toyota,21700,20499,94.47
2026-07-06,3,TOY-08,Unit I,Weaving,Toyota,21700,18264,84.17
2026-07-06,3,TOY-09,Unit I,Weaving,Toyota,21700,20606,94.96
2026-07-06,3,TOY-10,Unit I,Weaving,Toyota,21700,20194,93.06
2026-07-06,3,TOY-11,Unit I,Weaving,Toyota,21700,21700,100.0
2026-07-06,3,TOY-12,Unit I,Weaving,Toyota,21700,20081,92.54
2026-07-06,3,TOY-13,Unit I,Weaving,Toyota,21700,19082,87.94
2026-07-06,3,TOY-14,Unit I,Weaving,Toyota,21700,20054,92.42
2026-07-06,3,TOY-15,Unit I,Weaving,Toyota,21700,21286,98.1
2026-07-06,3,TSU-01,Unit I,Weaving,Tsudakoma,15000,15000,100.0
2026-07-06,3,TSU-02,Unit I,Weaving,Tsudakoma,15000,14333,95.56
2026-07-06,3,TSU-03,Unit I,Weaving,Tsudakoma,15000,15000,100.0
2026-07-06,3,TSU-04,Unit I,Weaving,Tsudakoma,15000,13231,88.21
2026-07-06,3,TSU-05,Unit I,Weaving,Tsudakoma,15000,13917,92.78
2026-07-06,3,TSU-06,Unit I,Weaving,Tsudakoma,15000,14033,93.56
2026-07-06,3,TSU-07,Unit I,Weaving,Tsudakoma,15000,14164,94.43
2026-07-06,3,TSU-08,Unit I,Weaving,Tsudakoma,15000,14313,95.42
2026-07-06,3,TSU-09,Unit I,Weaving,Tsudakoma,15000,14768,98.45
2026-07-06,3,TSU-10,Unit I,Weaving,Tsudakoma,15000,13916,92.78
2026-07-06,3,SUL-01,Unit I,Weaving,Sulzer,2700,2583,95.7
2026-07-06,3,SUL-02,Unit I,Weaving,Sulzer,2700,2558,94.77
2026-07-06,3,SUL-03,Unit I,Weaving,Sulzer,2700,2440,90.37
2026-07-06,3,SUL-04,Unit I,Weaving,Sulzer,2700,2549,94.43
2026-07-06,3,SUL-05,Unit I,Weaving,Sulzer,2700,2545,94.28
2026-07-06,3,RF-01,Unit I,Spinning,RingFrame,2500,2354,94.17
2026-07-06,3,RF-02,Unit I,Spinning,RingFrame,2500,2378,95.16
2026-07-06,3,RF-03,Unit I,Spinning,RingFrame,2500,2384,95.38
2026-07-06,3,RF-04,Unit I,Spinning,RingFrame,2500,2320,92.84
2026-07-06,3,RF-05,Unit I,Spinning,RingFrame,2500,2500,100.0
2026-07-06,3,RF-06,Unit I,Spinning,RingFrame,2500,2228,89.15
2026-07-06,3,RF-07,Unit I,Spinning,RingFrame,2500,2284,91.4
2026-07-06,3,RF-08,Unit I,Spinning,RingFrame,2500,2500,100.0
2026-07-06,3,RF-09,Unit I,Spinning,RingFrame,2500,2245,89.81
2026-07-06,3,RF-10,Unit I,Spinning,RingFrame,2500,2205,88.23
2026-07-06,3,RF-11,Unit I,Spinning,RingFrame,2500,2041,81.67
2026-07-06,3,RF-12,Unit I,Spinning,RingFrame,2500,2115,84.61
2026-07-06,3,VTX-01,Unit I,Spinning,Vortex,4700,4409,93.82
2026-07-06,3,VTX-02,Unit I,Spinning,Vortex,4700,4700,100.0
2026-07-06,3,VTX-03,Unit I,Spinning,Vortex,4700,4101,87.28
2026-07-06,3,VTX-04,Unit I,Spinning,Vortex,4700,3999,85.09
2026-07-06,3,VTX-05,Unit I,Spinning,Vortex,4700,4112,87.5
2026-07-06,3,VTX-06,Unit I,Spinning,Vortex,4700,3877,82.49
2026-07-06,3,VTX-07,Unit I,Spinning,Vortex,4700,4700,100.0
2026-07-06,3,VTX-08,Unit I,Spinning,Vortex,4700,4344,92.44
2026-07-06,3,VTX-09,Unit I,Spinning,Vortex,4700,4625,98.42
2026-07-06,3,VTX-10,Unit I,Spinning,Vortex,4700,4700,100.0
2026-07-06,3,VTX-11,Unit I,Spinning,Vortex,4700,4700,100.0
2026-07-06,3,VTX-12,Unit I,Spinning,Vortex,4700,4407,93.77
2026-07-06,3,AJ-01,Unit I,Spinning,Airjet,3750,3130,83.49
2026-07-06,3,AJ-02,Unit I,Spinning,Airjet,3750,3408,90.9
2026-07-06,3,AJ-03,Unit I,Spinning,Airjet,3750,3482,92.87
2026-07-06,3,AJ-04,Unit I,Spinning,Airjet,3750,3513,93.71
2026-07-06,3,AJ-05,Unit I,Spinning,Airjet,3750,3527,94.06
2026-07-07,1,TOY-01,Unit I,Weaving,Toyota,21700,21700,100.0
2026-07-07,1,TOY-02,Unit I,Weaving,Toyota,21700,18308,84.37
2026-07-07,1,TOY-03,Unit I,Weaving,Toyota,21700,20428,94.14
2026-07-07,1,TOY-04,Unit I,Weaving,Toyota,21700,21700,100.0
2026-07-07,1,TOY-05,Unit I,Weaving,Toyota,21700,21003,96.79
2026-07-07,1,TOY-06,Unit I,Weaving,Toyota,21700,20684,95.32
2026-07-07,1,TOY-07,Unit I,Weaving,Toyota,21700,21598,99.53
2026-07-07,1,TOY-08,Unit I,Weaving,Toyota,21700,17004,78.36
2026-07-07,1,TOY-09,Unit I,Weaving,Toyota,21700,21700,100.0
2026-07-07,1,TOY-10,Unit I,Weaving,Toyota,21700,19054,87.81
2026-07-07,1,TOY-11,Unit I,Weaving,Toyota,21700,20056,92.42
2026-07-07,1,TOY-12,Unit I,Weaving,Toyota,21700,20477,94.37
2026-07-07,1,TOY-13,Unit I,Weaving,Toyota,21700,21091,97.2
2026-07-07,1,TOY-14,Unit I,Weaving,Toyota,21700,21700,100.0
2026-07-07,1,TOY-15,Unit I,Weaving,Toyota,21700,20588,94.88
2026-07-07,1,TSU-01,Unit I,Weaving,Tsudakoma,15000,13183,87.89
2026-07-07,1,TSU-02,Unit I,Weaving,Tsudakoma,15000,14881,99.21
2026-07-07,1,TSU-03,Unit I,Weaving,Tsudakoma,15000,14816,98.77
2026-07-07,1,TSU-04,Unit I,Weaving,Tsudakoma,15000,12793,85.29
2026-07-07,1,TSU-05,Unit I,Weaving,Tsudakoma,15000,14247,94.98
2026-07-07,1,TSU-06,Unit I,Weaving,Tsudakoma,15000,13057,87.05
2026-07-07,1,TSU-07,Unit I,Weaving,Tsudakoma,15000,13751,91.68
2026-07-07,1,TSU-08,Unit I,Weaving,Tsudakoma,15000,13572,90.49
2026-07-07,1,TSU-09,Unit I,Weaving,Tsudakoma,15000,14856,99.05
2026-07-07,1,TSU-10,Unit I,Weaving,Tsudakoma,15000,14337,95.58
2026-07-07,1,SUL-01,Unit I,Weaving,Sulzer,2700,2391,88.57
2026-07-07,1,SUL-02,Unit I,Weaving,Sulzer,2700,2683,99.4
2026-07-07,1,SUL-03,Unit I,Weaving,Sulzer,2700,2371,87.83
2026-07-07,1,SUL-04,Unit I,Weaving,Sulzer,2700,2609,96.65
2026-07-07,1,SUL-05,Unit I,Weaving,Sulzer,2700,2455,90.93
2026-07-07,1,RF-01,Unit I,Spinning,RingFrame,2500,2329,93.17
2026-07-07,1,RF-02,Unit I,Spinning,RingFrame,2500,2438,97.52
2026-07-07,1,RF-03,Unit I,Spinning,RingFrame,2500,2440,97.61
2026-07-07,1,RF-04,Unit I,Spinning,RingFrame,2500,2500,100.0
2026-07-07,1,RF-05,Unit I,Spinning,RingFrame,2500,2364,94.59
2026-07-07,1,RF-06,Unit I,Spinning,RingFrame,2500,2413,96.53
2026-07-07,1,RF-07,Unit I,Spinning,RingFrame,2500,2320,92.81
2026-07-07,1,RF-08,Unit I,Spinning,RingFrame,2500,2397,95.91
2026-07-07,1,RF-09,Unit I,Spinning,RingFrame,2500,2429,97.2
2026-07-07,1,RF-10,Unit I,Spinning,RingFrame,2500,2362,94.51
2026-07-07,1,RF-11,Unit I,Spinning,RingFrame,2500,1724,68.98
2026-07-07,1,RF-12,Unit I,Spinning,RingFrame,2500,2416,96.66
2026-07-07,1,VTX-01,Unit I,Spinning,Vortex,4700,4550,96.82
2026-07-07,1,VTX-02,Unit I,Spinning,Vortex,4700,4305,91.6
2026-07-07,1,VTX-03,Unit I,Spinning,Vortex,4700,4163,88.58
2026-07-07,1,VTX-04,Unit I,Spinning,Vortex,4700,4700,100.0
2026-07-07,1,VTX-05,Unit I,Spinning,Vortex,4700,4580,97.46
2026-07-07,1,VTX-06,Unit I,Spinning,Vortex,4700,3612,76.85
2026-07-07,1,VTX-07,Unit I,Spinning,Vortex,4700,4197,89.31
2026-07-07,1,VTX-08,Unit I,Spinning,Vortex,4700,4271,90.89
2026-07-07,1,VTX-09,Unit I,Spinning,Vortex,4700,4700,100.0
2026-07-07,1,VTX-10,Unit I,Spinning,Vortex,4700,4497,95.69
2026-07-07,1,VTX-11,Unit I,Spinning,Vortex,4700,4335,92.25
2026-07-07,1,VTX-12,Unit I,Spinning,Vortex,4700,4584,97.55
2026-07-07,1,AJ-01,Unit I,Spinning,Airjet,3750,3409,90.93
2026-07-07,1,AJ-02,Unit I,Spinning,Airjet,3750,3750,100.0
2026-07-07,1,AJ-03,Unit I,Spinning,Airjet,3750,3750,100.0
2026-07-07,1,AJ-04,Unit I,Spinning,Airjet,3750,3475,92.67
2026-07-07,1,AJ-05,Unit I,Spinning,Airjet,3750,3444,91.86
2026-07-07,2,TOY-01,Unit I,Weaving,Toyota,21700,17774,81.91
2026-07-07,2,TOY-02,Unit I,Weaving,Toyota,21700,15318,70.59
2026-07-07,2,TOY-03,Unit I,Weaving,Toyota,21700,19161,88.3
2026-07-07,2,TOY-04,Unit I,Weaving,Toyota,21700,20761,95.68
2026-07-07,2,TOY-05,Unit I,Weaving,Toyota,21700,20261,93.37
2026-07-07,2,TOY-06,Unit I,Weaving,Toyota,21700,19155,88.27
2026-07-07,2,TOY-07,Unit I,Weaving,Toyota,21700,20309,93.59
2026-07-07,2,TOY-08,Unit I,Weaving,Toyota,21700,17474,80.53
2026-07-07,2,TOY-09,Unit I,Weaving,Toyota,21700,21187,97.64
2026-07-07,2,TOY-10,Unit I,Weaving,Toyota,21700,18553,85.5
2026-07-07,2,TOY-11,Unit I,Weaving,Toyota,21700,20475,94.36
2026-07-07,2,TOY-12,Unit I,Weaving,Toyota,21700,19114,88.08
2026-07-07,2,TOY-13,Unit I,Weaving,Toyota,21700,21593,99.51
2026-07-07,2,TOY-14,Unit I,Weaving,Toyota,21700,21465,98.92
2026-07-07,2,TOY-15,Unit I,Weaving,Toyota,21700,19640,90.51
2026-07-07,2,TSU-01,Unit I,Weaving,Tsudakoma,15000,13675,91.17
2026-07-07,2,TSU-02,Unit I,Weaving,Tsudakoma,15000,13904,92.69
2026-07-07,2,TSU-03,Unit I,Weaving,Tsudakoma,15000,12560,83.74
2026-07-07,2,TSU-04,Unit I,Weaving,Tsudakoma,15000,14501,96.68
2026-07-07,2,TSU-05,Unit I,Weaving,Tsudakoma,15000,14045,93.64
2026-07-07,2,TSU-06,Unit I,Weaving,Tsudakoma,15000,14977,99.85
2026-07-07,2,TSU-07,Unit I,Weaving,Tsudakoma,15000,13426,89.51
2026-07-07,2,TSU-08,Unit I,Weaving,Tsudakoma,15000,13785,91.9
2026-07-07,2,TSU-09,Unit I,Weaving,Tsudakoma,15000,13120,87.47
2026-07-07,2,TSU-10,Unit I,Weaving,Tsudakoma,15000,13496,89.98
2026-07-07,2,SUL-01,Unit I,Weaving,Sulzer,2700,2405,89.09
2026-07-07,2,SUL-02,Unit I,Weaving,Sulzer,2700,2699,99.98
2026-07-07,2,SUL-03,Unit I,Weaving,Sulzer,2700,2470,91.51
2026-07-07,2,SUL-04,Unit I,Weaving,Sulzer,2700,2581,95.62
2026-07-07,2,SUL-05,Unit I,Weaving,Sulzer,2700,2513,93.1
2026-07-07,2,RF-01,Unit I,Spinning,RingFrame,2500,2216,88.65
2026-07-07,2,RF-02,Unit I,Spinning,RingFrame,2500,2353,94.16
2026-07-07,2,RF-03,Unit I,Spinning,RingFrame,2500,2449,98.0
2026-07-07,2,RF-04,Unit I,Spinning,RingFrame,2500,2224,88.96
2026-07-07,2,RF-05,Unit I,Spinning,RingFrame,2500,2476,99.05
2026-07-07,2,RF-06,Unit I,Spinning,RingFrame,2500,2268,90.75
2026-07-07,2,RF-07,Unit I,Spinning,RingFrame,2500,2314,92.59
2026-07-07,2,RF-08,Unit I,Spinning,RingFrame,2500,2441,97.65
2026-07-07,2,RF-09,Unit I,Spinning,RingFrame,2500,2292,91.68
2026-07-07,2,RF-10,Unit I,Spinning,RingFrame,2500,2379,95.19
2026-07-07,2,RF-11,Unit I,Spinning,RingFrame,2500,1910,76.43
2026-07-07,2,RF-12,Unit I,Spinning,RingFrame,2500,2391,95.65
2026-07-07,2,VTX-01,Unit I,Spinning,Vortex,4700,3905,83.1
2026-07-07,2,VTX-02,Unit I,Spinning,Vortex,4700,4035,85.85
2026-07-07,2,VTX-03,Unit I,Spinning,Vortex,4700,4609,98.08
2026-07-07,2,VTX-04,Unit I,Spinning,Vortex,4700,4700,100.0
2026-07-07,2,VTX-05,Unit I,Spinning,Vortex,4700,4251,90.45
2026-07-07,2,VTX-06,Unit I,Spinning,Vortex,4700,3608,76.78
2026-07-07,2,VTX-07,Unit I,Spinning,Vortex,4700,4534,96.47
2026-07-07,2,VTX-08,Unit I,Spinning,Vortex,4700,4627,98.47
2026-07-07,2,VTX-09,Unit I,Spinning,Vortex,4700,3988,84.86
2026-07-07,2,VTX-10,Unit I,Spinning,Vortex,4700,4256,90.57
2026-07-07,2,VTX-11,Unit I,Spinning,Vortex,4700,4386,93.34
2026-07-07,2,VTX-12,Unit I,Spinning,Vortex,4700,4630,98.52
2026-07-07,2,AJ-01,Unit I,Spinning,Airjet,3750,3750,100.0
2026-07-07,2,AJ-02,Unit I,Spinning,Airjet,3750,3519,93.86
2026-07-07,2,AJ-03,Unit I,Spinning,Airjet,3750,3298,87.97
2026-07-07,2,AJ-04,Unit I,Spinning,Airjet,3750,3637,97.01
2026-07-07,2,AJ-05,Unit I,Spinning,Airjet,3750,3750,100.0
2026-07-07,3,TOY-01,Unit I,Weaving,Toyota,21700,20732,95.54
2026-07-07,3,TOY-02,Unit I,Weaving,Toyota,21700,15942,73.47
2026-07-07,3,TOY-03,Unit I,Weaving,Toyota,21700,21654,99.79
2026-07-07,3,TOY-04,Unit I,Weaving,Toyota,21700,21334,98.32
2026-07-07,3,TOY-05,Unit I,Weaving,Toyota,21700,19501,89.87
2026-07-07,3,TOY-06,Unit I,Weaving,Toyota,21700,21028,96.91
2026-07-07,3,TOY-07,Unit I,Weaving,Toyota,21700,21697,99.99
2026-07-07,3,TOY-08,Unit I,Weaving,Toyota,21700,18208,83.91
2026-07-07,3,TOY-09,Unit I,Weaving,Toyota,21700,20542,94.67
2026-07-07,3,TOY-10,Unit I,Weaving,Toyota,21700,20226,93.21
2026-07-07,3,TOY-11,Unit I,Weaving,Toyota,21700,21700,100.0
2026-07-07,3,TOY-12,Unit I,Weaving,Toyota,21700,19301,88.95
2026-07-07,3,TOY-13,Unit I,Weaving,Toyota,21700,21090,97.19
2026-07-07,3,TOY-14,Unit I,Weaving,Toyota,21700,19128,88.15
2026-07-07,3,TOY-15,Unit I,Weaving,Toyota,21700,21700,100.0
2026-07-07,3,TSU-01,Unit I,Weaving,Tsudakoma,15000,14056,93.71
2026-07-07,3,TSU-02,Unit I,Weaving,Tsudakoma,15000,15000,100.0
2026-07-07,3,TSU-03,Unit I,Weaving,Tsudakoma,15000,14618,97.46
2026-07-07,3,TSU-04,Unit I,Weaving,Tsudakoma,15000,13332,88.88
2026-07-07,3,TSU-05,Unit I,Weaving,Tsudakoma,15000,15000,100.0
2026-07-07,3,TSU-06,Unit I,Weaving,Tsudakoma,15000,15000,100.0
2026-07-07,3,TSU-07,Unit I,Weaving,Tsudakoma,15000,14911,99.41
2026-07-07,3,TSU-08,Unit I,Weaving,Tsudakoma,15000,13678,91.19
2026-07-07,3,TSU-09,Unit I,Weaving,Tsudakoma,15000,14020,93.47
2026-07-07,3,TSU-10,Unit I,Weaving,Tsudakoma,15000,14359,95.73
2026-07-07,3,SUL-01,Unit I,Weaving,Sulzer,2700,2469,91.48
2026-07-07,3,SUL-02,Unit I,Weaving,Sulzer,2700,2700,100.0
2026-07-07,3,SUL-03,Unit I,Weaving,Sulzer,2700,2584,95.72
2026-07-07,3,SUL-04,Unit I,Weaving,Sulzer,2700,2200,81.48
2026-07-07,3,SUL-05,Unit I,Weaving,Sulzer,2700,2610,96.7
2026-07-07,3,RF-01,Unit I,Spinning,RingFrame,2500,2331,93.26
2026-07-07,3,RF-02,Unit I,Spinning,RingFrame,2500,2365,94.63
2026-07-07,3,RF-03,Unit I,Spinning,RingFrame,2500,2328,93.16
2026-07-07,3,RF-04,Unit I,Spinning,RingFrame,2500,2475,99.04
2026-07-07,3,RF-05,Unit I,Spinning,RingFrame,2500,2500,100.0
2026-07-07,3,RF-06,Unit I,Spinning,RingFrame,2500,2410,96.42
2026-07-07,3,RF-07,Unit I,Spinning,RingFrame,2500,2332,93.3
2026-07-07,3,RF-08,Unit I,Spinning,RingFrame,2500,2369,94.79
2026-07-07,3,RF-09,Unit I,Spinning,RingFrame,2500,2377,95.1
2026-07-07,3,RF-10,Unit I,Spinning,RingFrame,2500,2274,90.99
2026-07-07,3,RF-11,Unit I,Spinning,RingFrame,2500,2022,80.89
2026-07-07,3,RF-12,Unit I,Spinning,RingFrame,2500,2432,97.3
2026-07-07,3,VTX-01,Unit I,Spinning,Vortex,4700,4700,100.0
2026-07-07,3,VTX-02,Unit I,Spinning,Vortex,4700,4700,100.0
2026-07-07,3,VTX-03,Unit I,Spinning,Vortex,4700,4303,91.57
2026-07-07,3,VTX-04,Unit I,Spinning,Vortex,4700,4657,99.1
2026-07-07,3,VTX-05,Unit I,Spinning,Vortex,4700,4241,90.25
2026-07-07,3,VTX-06,Unit I,Spinning,Vortex,4700,3829,81.48
2026-07-07,3,VTX-07,Unit I,Spinning,Vortex,4700,4343,92.42
2026-07-07,3,VTX-08,Unit I,Spinning,Vortex,4700,4224,89.88
2026-07-07,3,VTX-09,Unit I,Spinning,Vortex,4700,4530,96.4
2026-07-07,3,VTX-10,Unit I,Spinning,Vortex,4700,3836,81.63
2026-07-07,3,VTX-11,Unit I,Spinning,Vortex,4700,4053,86.25
2026-07-07,3,VTX-12,Unit I,Spinning,Vortex,4700,4423,94.11
2026-07-07,3,AJ-01,Unit I,Spinning,Airjet,3750,3577,95.41
2026-07-07,3,AJ-02,Unit I,Spinning,Airjet,3750,3493,93.15
2026-07-07,3,AJ-03,Unit I,Spinning,Airjet,3750,3266,87.1
2026-07-07,3,AJ-04,Unit I,Spinning,Airjet,3750,3409,90.91
2026-07-07,3,AJ-05,Unit I,Spinning,Airjet,3750,3635,96.96
2026-07-08,1,TOY-01,Unit I,Weaving,Toyota,21700,21246,97.91
2026-07-08,1,TOY-02,Unit I,Weaving,Toyota,21700,16908,77.92
2026-07-08,1,TOY-03,Unit I,Weaving,Toyota,21700,21700,100.0
2026-07-08,1,TOY-04,Unit I,Weaving,Toyota,21700,21046,96.99
2026-07-08,1,TOY-05,Unit I,Weaving,Toyota,21700,19804,91.26
2026-07-08,1,TOY-06,Unit I,Weaving,Toyota,21700,20310,93.6
2026-07-08,1,TOY-07,Unit I,Weaving,Toyota,21700,19092,87.99
2026-07-08,1,TOY-08,Unit I,Weaving,Toyota,21700,16808,77.46
2026-07-08,1,TOY-09,Unit I,Weaving,Toyota,21700,21700,100.0
2026-07-08,1,TOY-10,Unit I,Weaving,Toyota,21700,21358,98.43
2026-07-08,1,TOY-11,Unit I,Weaving,Toyota,21700,21700,100.0
2026-07-08,1,TOY-12,Unit I,Weaving,Toyota,21700,20286,93.49
2026-07-08,1,TOY-13,Unit I,Weaving,Toyota,21700,21700,100.0
2026-07-08,1,TOY-14,Unit I,Weaving,Toyota,21700,20405,94.03
2026-07-08,1,TOY-15,Unit I,Weaving,Toyota,21700,21700,100.0
2026-07-08,1,TSU-01,Unit I,Weaving,Tsudakoma,15000,14233,94.89
2026-07-08,1,TSU-02,Unit I,Weaving,Tsudakoma,15000,14780,98.54
2026-07-08,1,TSU-03,Unit I,Weaving,Tsudakoma,15000,15000,100.0
2026-07-08,1,TSU-04,Unit I,Weaving,Tsudakoma,15000,14104,94.03
2026-07-08,1,TSU-05,Unit I,Weaving,Tsudakoma,15000,14413,96.09
2026-07-08,1,TSU-06,Unit I,Weaving,Tsudakoma,15000,15000,100.0
2026-07-08,1,TSU-07,Unit I,Weaving,Tsudakoma,15000,14150,94.33
2026-07-08,1,TSU-08,Unit I,Weaving,Tsudakoma,15000,13259,88.4
2026-07-08,1,TSU-09,Unit I,Weaving,Tsudakoma,15000,15000,100.0
2026-07-08,1,TSU-10,Unit I,Weaving,Tsudakoma,15000,13897,92.65
2026-07-08,1,SUL-01,Unit I,Weaving,Sulzer,2700,2586,95.79
2026-07-08,1,SUL-02,Unit I,Weaving,Sulzer,2700,2700,100.0
2026-07-08,1,SUL-03,Unit I,Weaving,Sulzer,2700,2482,91.96
2026-07-08,1,SUL-04,Unit I,Weaving,Sulzer,2700,2428,89.96
2026-07-08,1,SUL-05,Unit I,Weaving,Sulzer,2700,2599,96.27
2026-07-08,1,RF-01,Unit I,Spinning,RingFrame,2500,2150,86.03
2026-07-08,1,RF-02,Unit I,Spinning,RingFrame,2500,2339,93.56
2026-07-08,1,RF-03,Unit I,Spinning,RingFrame,2500,2405,96.23
2026-07-08,1,RF-04,Unit I,Spinning,RingFrame,2500,2341,93.65
2026-07-08,1,RF-05,Unit I,Spinning,RingFrame,2500,2182,87.28
2026-07-08,1,RF-06,Unit I,Spinning,RingFrame,2500,2500,100.0
2026-07-08,1,RF-07,Unit I,Spinning,RingFrame,2500,2387,95.52
2026-07-08,1,RF-08,Unit I,Spinning,RingFrame,2500,2500,100.0
2026-07-08,1,RF-09,Unit I,Spinning,RingFrame,2500,2342,93.7
2026-07-08,1,RF-10,Unit I,Spinning,RingFrame,2500,2264,90.6
2026-07-08,1,RF-11,Unit I,Spinning,RingFrame,2500,1983,79.35
2026-07-08,1,RF-12,Unit I,Spinning,RingFrame,2500,2348,93.92
2026-07-08,1,VTX-01,Unit I,Spinning,Vortex,4700,4188,89.11
2026-07-08,1,VTX-02,Unit I,Spinning,Vortex,4700,4700,100.0
2026-07-08,1,VTX-03,Unit I,Spinning,Vortex,4700,4318,91.89
2026-07-08,1,VTX-04,Unit I,Spinning,Vortex,4700,4032,85.8
2026-07-08,1,VTX-05,Unit I,Spinning,Vortex,4700,4700,100.0
2026-07-08,1,VTX-06,Unit I,Spinning,Vortex,4700,3547,75.48
2026-07-08,1,VTX-07,Unit I,Spinning,Vortex,4700,4322,91.96
2026-07-08,1,VTX-08,Unit I,Spinning,Vortex,4700,4050,86.17
2026-07-08,1,VTX-09,Unit I,Spinning,Vortex,4700,4700,100.0
2026-07-08,1,VTX-10,Unit I,Spinning,Vortex,4700,4161,88.55
2026-07-08,1,VTX-11,Unit I,Spinning,Vortex,4700,4478,95.29
2026-07-08,1,VTX-12,Unit I,Spinning,Vortex,4700,4679,99.56
2026-07-08,1,AJ-01,Unit I,Spinning,Airjet,3750,3641,97.11
2026-07-08,1,AJ-02,Unit I,Spinning,Airjet,3750,3551,94.7
2026-07-08,1,AJ-03,Unit I,Spinning,Airjet,3750,3243,86.49
2026-07-08,1,AJ-04,Unit I,Spinning,Airjet,3750,3410,90.95
2026-07-08,1,AJ-05,Unit I,Spinning,Airjet,3750,3597,95.94
2026-07-08,2,TOY-01,Unit I,Weaving,Toyota,21700,19760,91.06
2026-07-08,2,TOY-02,Unit I,Weaving,Toyota,21700,17146,79.02
2026-07-08,2,TOY-03,Unit I,Weaving,Toyota,21700,21354,98.41
2026-07-08,2,TOY-04,Unit I,Weaving,Toyota,21700,21659,99.81
2026-07-08,2,TOY-05,Unit I,Weaving,Toyota,21700,19284,88.87
2026-07-08,2,TOY-06,Unit I,Weaving,Toyota,21700,21700,100.0
2026-07-08,2,TOY-07,Unit I,Weaving,Toyota,21700,21447,98.84
2026-07-08,2,TOY-08,Unit I,Weaving,Toyota,21700,16924,77.99
2026-07-08,2,TOY-09,Unit I,Weaving,Toyota,21700,21700,100.0
2026-07-08,2,TOY-10,Unit I,Weaving,Toyota,21700,21700,100.0
2026-07-08,2,TOY-11,Unit I,Weaving,Toyota,21700,19053,87.81
2026-07-08,2,TOY-12,Unit I,Weaving,Toyota,21700,20370,93.87
2026-07-08,2,TOY-13,Unit I,Weaving,Toyota,21700,18034,83.11
2026-07-08,2,TOY-14,Unit I,Weaving,Toyota,21700,20824,95.96
2026-07-08,2,TOY-15,Unit I,Weaving,Toyota,21700,21011,96.83
2026-07-08,2,TSU-01,Unit I,Weaving,Tsudakoma,15000,14220,94.8
2026-07-08,2,TSU-02,Unit I,Weaving,Tsudakoma,15000,13759,91.73
2026-07-08,2,TSU-03,Unit I,Weaving,Tsudakoma,15000,12712,84.75
2026-07-08,2,TSU-04,Unit I,Weaving,Tsudakoma,15000,14530,96.87
2026-07-08,2,TSU-05,Unit I,Weaving,Tsudakoma,15000,15000,100.0
2026-07-08,2,TSU-06,Unit I,Weaving,Tsudakoma,15000,13806,92.04
2026-07-08,2,TSU-07,Unit I,Weaving,Tsudakoma,15000,14580,97.2
2026-07-08,2,TSU-08,Unit I,Weaving,Tsudakoma,15000,13073,87.16
2026-07-08,2,TSU-09,Unit I,Weaving,Tsudakoma,15000,14592,97.29
2026-07-08,2,TSU-10,Unit I,Weaving,Tsudakoma,15000,13954,93.03
2026-07-08,2,SUL-01,Unit I,Weaving,Sulzer,2700,2462,91.19
2026-07-08,2,SUL-02,Unit I,Weaving,Sulzer,2700,2462,91.2
2026-07-08,2,SUL-03,Unit I,Weaving,Sulzer,2700,2511,93.03
2026-07-08,2,SUL-04,Unit I,Weaving,Sulzer,2700,2616,96.91
2026-07-08,2,SUL-05,Unit I,Weaving,Sulzer,2700,2387,88.44
2026-07-08,2,RF-01,Unit I,Spinning,RingFrame,2500,2325,93.01
2026-07-08,2,RF-02,Unit I,Spinning,RingFrame,2500,2369,94.79
2026-07-08,2,RF-03,Unit I,Spinning,RingFrame,2500,2237,89.5
2026-07-08,2,RF-04,Unit I,Spinning,RingFrame,2500,2500,100.0
2026-07-08,2,RF-05,Unit I,Spinning,RingFrame,2500,2268,90.73
2026-07-08,2,RF-06,Unit I,Spinning,RingFrame,2500,2291,91.65
2026-07-08,2,RF-07,Unit I,Spinning,RingFrame,2500,2252,90.11
2026-07-08,2,RF-08,Unit I,Spinning,RingFrame,2500,2500,100.0
2026-07-08,2,RF-09,Unit I,Spinning,RingFrame,2500,2444,97.76
2026-07-08,2,RF-10,Unit I,Spinning,RingFrame,2500,2257,90.32
2026-07-08,2,RF-11,Unit I,Spinning,RingFrame,2500,2088,83.53
2026-07-08,2,RF-12,Unit I,Spinning,RingFrame,2500,2400,96.0
2026-07-08,2,VTX-01,Unit I,Spinning,Vortex,4700,4525,96.29
2026-07-08,2,VTX-02,Unit I,Spinning,Vortex,4700,4384,93.28
2026-07-08,2,VTX-03,Unit I,Spinning,Vortex,4700,4288,91.25
2026-07-08,2,VTX-04,Unit I,Spinning,Vortex,4700,4544,96.69
2026-07-08,2,VTX-05,Unit I,Spinning,Vortex,4700,4336,92.27
2026-07-08,2,VTX-06,Unit I,Spinning,Vortex,4700,4092,87.08
2026-07-08,2,VTX-07,Unit I,Spinning,Vortex,4700,4166,88.65
2026-07-08,2,VTX-08,Unit I,Spinning,Vortex,4700,4700,100.0
2026-07-08,2,VTX-09,Unit I,Spinning,Vortex,4700,4438,94.44
2026-07-08,2,VTX-10,Unit I,Spinning,Vortex,4700,4535,96.5
2026-07-08,2,VTX-11,Unit I,Spinning,Vortex,4700,4660,99.17
2026-07-08,2,VTX-12,Unit I,Spinning,Vortex,4700,4316,91.85
2026-07-08,2,AJ-01,Unit I,Spinning,Airjet,3750,3724,99.32
2026-07-08,2,AJ-02,Unit I,Spinning,Airjet,3750,3054,81.46
2026-07-08,2,AJ-03,Unit I,Spinning,Airjet,3750,3427,91.4
2026-07-08,2,AJ-04,Unit I,Spinning,Airjet,3750,3389,90.38
2026-07-08,2,AJ-05,Unit I,Spinning,Airjet,3750,3327,88.73
2026-07-08,3,TOY-01,Unit I,Weaving,Toyota,21700,20381,93.93
2026-07-08,3,TOY-02,Unit I,Weaving,Toyota,21700,17344,79.93
2026-07-08,3,TOY-03,Unit I,Weaving,Toyota,21700,21377,98.51
2026-07-08,3,TOY-04,Unit I,Weaving,Toyota,21700,20876,96.2
2026-07-08,3,TOY-05,Unit I,Weaving,Toyota,21700,19892,91.67
2026-07-08,3,TOY-06,Unit I,Weaving,Toyota,21700,21015,96.85
2026-07-08,3,TOY-07,Unit I,Weaving,Toyota,21700,20749,95.62
2026-07-08,3,TOY-08,Unit I,Weaving,Toyota,21700,17941,82.68
2026-07-08,3,TOY-09,Unit I,Weaving,Toyota,21700,21457,98.88
2026-07-08,3,TOY-10,Unit I,Weaving,Toyota,21700,20648,95.15
2026-07-08,3,TOY-11,Unit I,Weaving,Toyota,21700,19641,90.51
2026-07-08,3,TOY-12,Unit I,Weaving,Toyota,21700,19906,91.74
2026-07-08,3,TOY-13,Unit I,Weaving,Toyota,21700,20018,92.25
2026-07-08,3,TOY-14,Unit I,Weaving,Toyota,21700,20272,93.42
2026-07-08,3,TOY-15,Unit I,Weaving,Toyota,21700,20905,96.34
2026-07-08,3,TSU-01,Unit I,Weaving,Tsudakoma,15000,14786,98.58
2026-07-08,3,TSU-02,Unit I,Weaving,Tsudakoma,15000,14211,94.74
2026-07-08,3,TSU-03,Unit I,Weaving,Tsudakoma,15000,14262,95.08
2026-07-08,3,TSU-04,Unit I,Weaving,Tsudakoma,15000,14357,95.72
2026-07-08,3,TSU-05,Unit I,Weaving,Tsudakoma,15000,13863,92.42
2026-07-08,3,TSU-06,Unit I,Weaving,Tsudakoma,15000,13555,90.37
2026-07-08,3,TSU-07,Unit I,Weaving,Tsudakoma,15000,12933,86.22
2026-07-08,3,TSU-08,Unit I,Weaving,Tsudakoma,15000,13728,91.52
2026-07-08,3,TSU-09,Unit I,Weaving,Tsudakoma,15000,14604,97.37
2026-07-08,3,TSU-10,Unit I,Weaving,Tsudakoma,15000,13722,91.49
2026-07-08,3,SUL-01,Unit I,Weaving,Sulzer,2700,2532,93.81
2026-07-08,3,SUL-02,Unit I,Weaving,Sulzer,2700,2627,97.33
2026-07-08,3,SUL-03,Unit I,Weaving,Sulzer,2700,2635,97.6
2026-07-08,3,SUL-04,Unit I,Weaving,Sulzer,2700,2419,89.6
2026-07-08,3,SUL-05,Unit I,Weaving,Sulzer,2700,2699,99.99
2026-07-08,3,RF-01,Unit I,Spinning,RingFrame,2500,2500,100.0
2026-07-08,3,RF-02,Unit I,Spinning,RingFrame,2500,2233,89.35
2026-07-08,3,RF-03,Unit I,Spinning,RingFrame,2500,2272,90.88
2026-07-08,3,RF-04,Unit I,Spinning,RingFrame,2500,2500,100.0
2026-07-08,3,RF-05,Unit I,Spinning,RingFrame,2500,2356,94.27
2026-07-08,3,RF-06,Unit I,Spinning,RingFrame,2500,2097,83.9
2026-07-08,3,RF-07,Unit I,Spinning,RingFrame,2500,2200,88.0
2026-07-08,3,RF-08,Unit I,Spinning,RingFrame,2500,2343,93.75
2026-07-08,3,RF-09,Unit I,Spinning,RingFrame,2500,2229,89.18
2026-07-08,3,RF-10,Unit I,Spinning,RingFrame,2500,2323,92.93
2026-07-08,3,RF-11,Unit I,Spinning,RingFrame,2500,1954,78.16
2026-07-08,3,RF-12,Unit I,Spinning,RingFrame,2500,2500,100.0
2026-07-08,3,VTX-01,Unit I,Spinning,Vortex,4700,4396,93.55
2026-07-08,3,VTX-02,Unit I,Spinning,Vortex,4700,4700,100.0
2026-07-08,3,VTX-03,Unit I,Spinning,Vortex,4700,4700,100.0
2026-07-08,3,VTX-04,Unit I,Spinning,Vortex,4700,4700,100.0
2026-07-08,3,VTX-05,Unit I,Spinning,Vortex,4700,4531,96.42
2026-07-08,3,VTX-06,Unit I,Spinning,Vortex,4700,3204,68.18
2026-07-08,3,VTX-07,Unit I,Spinning,Vortex,4700,4573,97.3
2026-07-08,3,VTX-08,Unit I,Spinning,Vortex,4700,4700,100.0
2026-07-08,3,VTX-09,Unit I,Spinning,Vortex,4700,4445,94.59
2026-07-08,3,VTX-10,Unit I,Spinning,Vortex,4700,4700,100.0
2026-07-08,3,VTX-11,Unit I,Spinning,Vortex,4700,4667,99.3
2026-07-08,3,VTX-12,Unit I,Spinning,Vortex,4700,4598,97.84
2026-07-08,3,AJ-01,Unit I,Spinning,Airjet,3750,3750,100.0
2026-07-08,3,AJ-02,Unit I,Spinning,Airjet,3750,3625,96.67
2026-07-08,3,AJ-03,Unit I,Spinning,Airjet,3750,3095,82.54
2026-07-08,3,AJ-04,Unit I,Spinning,Airjet,3750,3468,92.5
2026-07-08,3,AJ-05,Unit I,Spinning,Airjet,3750,3750,100.0
2026-07-09,1,TOY-01,Unit I,Weaving,Toyota,21700,19738,90.96
2026-07-09,1,TOY-02,Unit I,Weaving,Toyota,21700,16683,76.88
2026-07-09,1,TOY-03,Unit I,Weaving,Toyota,21700,19481,89.78
2026-07-09,1,TOY-04,Unit I,Weaving,Toyota,21700,21700,100.0
2026-07-09,1,TOY-05,Unit I,Weaving,Toyota,21700,21700,100.0
2026-07-09,1,TOY-06,Unit I,Weaving,Toyota,21700,19656,90.58
2026-07-09,1,TOY-07,Unit I,Weaving,Toyota,21700,20774,95.74
2026-07-09,1,TOY-08,Unit I,Weaving,Toyota,21700,16187,74.6
2026-07-09,1,TOY-09,Unit I,Weaving,Toyota,21700,21282,98.07
2026-07-09,1,TOY-10,Unit I,Weaving,Toyota,21700,21168,97.55
2026-07-09,1,TOY-11,Unit I,Weaving,Toyota,21700,21495,99.06
2026-07-09,1,TOY-12,Unit I,Weaving,Toyota,21700,20975,96.66
2026-07-09,1,TOY-13,Unit I,Weaving,Toyota,21700,21700,100.0
2026-07-09,1,TOY-14,Unit I,Weaving,Toyota,21700,19499,89.86
2026-07-09,1,TOY-15,Unit I,Weaving,Toyota,21700,18758,86.45
2026-07-09,1,TSU-01,Unit I,Weaving,Tsudakoma,15000,13955,93.03
2026-07-09,1,TSU-02,Unit I,Weaving,Tsudakoma,15000,13074,87.16
2026-07-09,1,TSU-03,Unit I,Weaving,Tsudakoma,15000,13130,87.54
2026-07-09,1,TSU-04,Unit I,Weaving,Tsudakoma,15000,13499,89.99
2026-07-09,1,TSU-05,Unit I,Weaving,Tsudakoma,15000,13558,90.39
2026-07-09,1,TSU-06,Unit I,Weaving,Tsudakoma,15000,13534,90.23
2026-07-09,1,TSU-07,Unit I,Weaving,Tsudakoma,15000,14638,97.59
2026-07-09,1,TSU-08,Unit I,Weaving,Tsudakoma,15000,13870,92.47
2026-07-09,1,TSU-09,Unit I,Weaving,Tsudakoma,15000,14115,94.1
2026-07-09,1,TSU-10,Unit I,Weaving,Tsudakoma,15000,14920,99.47
2026-07-09,1,SUL-01,Unit I,Weaving,Sulzer,2700,2461,91.17
2026-07-09,1,SUL-02,Unit I,Weaving,Sulzer,2700,2529,93.68
2026-07-09,1,SUL-03,Unit I,Weaving,Sulzer,2700,2614,96.83
2026-07-09,1,SUL-04,Unit I,Weaving,Sulzer,2700,2302,85.29
2026-07-09,1,SUL-05,Unit I,Weaving,Sulzer,2700,2243,83.08
2026-07-09,1,RF-01,Unit I,Spinning,RingFrame,2500,2418,96.73
2026-07-09,1,RF-02,Unit I,Spinning,RingFrame,2500,2436,97.46
2026-07-09,1,RF-03,Unit I,Spinning,RingFrame,2500,2500,100.0
2026-07-09,1,RF-04,Unit I,Spinning,RingFrame,2500,2394,95.79
2026-07-09,1,RF-05,Unit I,Spinning,RingFrame,2500,2477,99.1
2026-07-09,1,RF-06,Unit I,Spinning,RingFrame,2500,2350,94.02
2026-07-09,1,RF-07,Unit I,Spinning,RingFrame,2500,2412,96.49
2026-07-09,1,RF-08,Unit I,Spinning,RingFrame,2500,2500,100.0
2026-07-09,1,RF-09,Unit I,Spinning,RingFrame,2500,2109,84.38
2026-07-09,1,RF-10,Unit I,Spinning,RingFrame,2500,2426,97.07
2026-07-09,1,RF-11,Unit I,Spinning,RingFrame,2500,2216,88.68
2026-07-09,1,RF-12,Unit I,Spinning,RingFrame,2500,2410,96.41
2026-07-09,1,VTX-01,Unit I,Spinning,Vortex,4700,4700,100.0
2026-07-09,1,VTX-02,Unit I,Spinning,Vortex,4700,4317,91.85
2026-07-09,1,VTX-03,Unit I,Spinning,Vortex,4700,4457,94.84
2026-07-09,1,VTX-04,Unit I,Spinning,Vortex,4700,4472,95.17
2026-07-09,1,VTX-05,Unit I,Spinning,Vortex,4700,3943,83.91
2026-07-09,1,VTX-06,Unit I,Spinning,Vortex,4700,3391,72.16
2026-07-09,1,VTX-07,Unit I,Spinning,Vortex,4700,4207,89.52
2026-07-09,1,VTX-08,Unit I,Spinning,Vortex,4700,4658,99.11
2026-07-09,1,VTX-09,Unit I,Spinning,Vortex,4700,4669,99.36
2026-07-09,1,VTX-10,Unit I,Spinning,Vortex,4700,4541,96.62
2026-07-09,1,VTX-11,Unit I,Spinning,Vortex,4700,4658,99.12
2026-07-09,1,VTX-12,Unit I,Spinning,Vortex,4700,4426,94.18
2026-07-09,1,AJ-01,Unit I,Spinning,Airjet,3750,3750,100.0
2026-07-09,1,AJ-02,Unit I,Spinning,Airjet,3750,3564,95.04
2026-07-09,1,AJ-03,Unit I,Spinning,Airjet,3750,3573,95.29
2026-07-09,1,AJ-04,Unit I,Spinning,Airjet,3750,3512,93.67
2026-07-09,1,AJ-05,Unit I,Spinning,Airjet,3750,3690,98.42
2026-07-09,2,TOY-01,Unit I,Weaving,Toyota,21700,20157,92.89
2026-07-09,2,TOY-02,Unit I,Weaving,Toyota,21700,17985,82.88
2026-07-09,2,TOY-03,Unit I,Weaving,Toyota,21700,19386,89.34
2026-07-09,2,TOY-04,Unit I,Weaving,Toyota,21700,19422,89.51
2026-07-09,2,TOY-05,Unit I,Weaving,Toyota,21700,21360,98.44
2026-07-09,2,TOY-06,Unit I,Weaving,Toyota,21700,20518,94.56
2026-07-09,2,TOY-07,Unit I,Weaving,Toyota,21700,20122,92.73
2026-07-09,2,TOY-08,Unit I,Weaving,Toyota,21700,17891,82.45
2026-07-09,2,TOY-09,Unit I,Weaving,Toyota,21700,19956,91.96
2026-07-09,2,TOY-10,Unit I,Weaving,Toyota,21700,20397,94.0
2026-07-09,2,TOY-11,Unit I,Weaving,Toyota,21700,21700,100.0
2026-07-09,2,TOY-12,Unit I,Weaving,Toyota,21700,21700,100.0
2026-07-09,2,TOY-13,Unit I,Weaving,Toyota,21700,21700,100.0
2026-07-09,2,TOY-14,Unit I,Weaving,Toyota,21700,20308,93.59
2026-07-09,2,TOY-15,Unit I,Weaving,Toyota,21700,21700,100.0
2026-07-09,2,TSU-01,Unit I,Weaving,Tsudakoma,15000,13538,90.26
2026-07-09,2,TSU-02,Unit I,Weaving,Tsudakoma,15000,13569,90.47
2026-07-09,2,TSU-03,Unit I,Weaving,Tsudakoma,15000,12487,83.25
2026-07-09,2,TSU-04,Unit I,Weaving,Tsudakoma,15000,15000,100.0
2026-07-09,2,TSU-05,Unit I,Weaving,Tsudakoma,15000,13602,90.68
2026-07-09,2,TSU-06,Unit I,Weaving,Tsudakoma,15000,14155,94.37
2026-07-09,2,TSU-07,Unit I,Weaving,Tsudakoma,15000,13567,90.45
2026-07-09,2,TSU-08,Unit I,Weaving,Tsudakoma,15000,14771,98.48
2026-07-09,2,TSU-09,Unit I,Weaving,Tsudakoma,15000,13968,93.12
2026-07-09,2,TSU-10,Unit I,Weaving,Tsudakoma,15000,13271,88.48
2026-07-09,2,SUL-01,Unit I,Weaving,Sulzer,2700,2624,97.21
2026-07-09,2,SUL-02,Unit I,Weaving,Sulzer,2700,2371,87.83
2026-07-09,2,SUL-03,Unit I,Weaving,Sulzer,2700,2451,90.81
2026-07-09,2,SUL-04,Unit I,Weaving,Sulzer,2700,2280,84.47
2026-07-09,2,SUL-05,Unit I,Weaving,Sulzer,2700,2372,87.88
2026-07-09,2,RF-01,Unit I,Spinning,RingFrame,2500,2397,95.89
2026-07-09,2,RF-02,Unit I,Spinning,RingFrame,2500,2129,85.18
2026-07-09,2,RF-03,Unit I,Spinning,RingFrame,2500,2189,87.59
2026-07-09,2,RF-04,Unit I,Spinning,RingFrame,2500,2374,94.99
2026-07-09,2,RF-05,Unit I,Spinning,RingFrame,2500,2307,92.28
2026-07-09,2,RF-06,Unit I,Spinning,RingFrame,2500,2500,100.0
2026-07-09,2,RF-07,Unit I,Spinning,RingFrame,2500,2500,100.0
2026-07-09,2,RF-08,Unit I,Spinning,RingFrame,2500,2266,90.66
2026-07-09,2,RF-09,Unit I,Spinning,RingFrame,2500,2444,97.79
2026-07-09,2,RF-10,Unit I,Spinning,RingFrame,2500,2468,98.75
2026-07-09,2,RF-11,Unit I,Spinning,RingFrame,2500,1875,75.01
2026-07-09,2,RF-12,Unit I,Spinning,RingFrame,2500,2188,87.52
2026-07-09,2,VTX-01,Unit I,Spinning,Vortex,4700,4462,94.94
2026-07-09,2,VTX-02,Unit I,Spinning,Vortex,4700,4424,94.14
2026-07-09,2,VTX-03,Unit I,Spinning,Vortex,4700,4362,92.82
2026-07-09,2,VTX-04,Unit I,Spinning,Vortex,4700,4568,97.21
2026-07-09,2,VTX-05,Unit I,Spinning,Vortex,4700,4288,91.25
2026-07-09,2,VTX-06,Unit I,Spinning,Vortex,4700,3395,72.24
2026-07-09,2,VTX-07,Unit I,Spinning,Vortex,4700,4490,95.55
2026-07-09,2,VTX-08,Unit I,Spinning,Vortex,4700,4555,96.93
2026-07-09,2,VTX-09,Unit I,Spinning,Vortex,4700,4188,89.12
2026-07-09,2,VTX-10,Unit I,Spinning,Vortex,4700,4683,99.64
2026-07-09,2,VTX-11,Unit I,Spinning,Vortex,4700,4048,86.15
2026-07-09,2,VTX-12,Unit I,Spinning,Vortex,4700,4329,92.11
2026-07-09,2,AJ-01,Unit I,Spinning,Airjet,3750,3514,93.71
2026-07-09,2,AJ-02,Unit I,Spinning,Airjet,3750,3443,91.82
2026-07-09,2,AJ-03,Unit I,Spinning,Airjet,3750,3456,92.17
2026-07-09,2,AJ-04,Unit I,Spinning,Airjet,3750,3750,100.0
2026-07-09,2,AJ-05,Unit I,Spinning,Airjet,3750,3402,90.75
2026-07-09,3,TOY-01,Unit I,Weaving,Toyota,21700,21700,100.0
2026-07-09,3,TOY-02,Unit I,Weaving,Toyota,21700,17400,80.19
2026-07-09,3,TOY-03,Unit I,Weaving,Toyota,21700,20714,95.46
2026-07-09,3,TOY-04,Unit I,Weaving,Toyota,21700,21131,97.38
2026-07-09,3,TOY-05,Unit I,Weaving,Toyota,21700,21700,100.0
2026-07-09,3,TOY-06,Unit I,Weaving,Toyota,21700,19536,90.03
2026-07-09,3,TOY-07,Unit I,Weaving,Toyota,21700,19399,89.4
2026-07-09,3,TOY-08,Unit I,Weaving,Toyota,21700,16106,74.23
2026-07-09,3,TOY-09,Unit I,Weaving,Toyota,21700,20649,95.16
2026-07-09,3,TOY-10,Unit I,Weaving,Toyota,21700,18742,86.37
2026-07-09,3,TOY-11,Unit I,Weaving,Toyota,21700,20639,95.11
2026-07-09,3,TOY-12,Unit I,Weaving,Toyota,21700,21700,100.0
2026-07-09,3,TOY-13,Unit I,Weaving,Toyota,21700,20779,95.76
2026-07-09,3,TOY-14,Unit I,Weaving,Toyota,21700,20297,93.54
2026-07-09,3,TOY-15,Unit I,Weaving,Toyota,21700,19944,91.91
2026-07-09,3,TSU-01,Unit I,Weaving,Tsudakoma,15000,14923,99.49
2026-07-09,3,TSU-02,Unit I,Weaving,Tsudakoma,15000,13630,90.87
2026-07-09,3,TSU-03,Unit I,Weaving,Tsudakoma,15000,15000,100.0
2026-07-09,3,TSU-04,Unit I,Weaving,Tsudakoma,15000,15000,100.0
2026-07-09,3,TSU-05,Unit I,Weaving,Tsudakoma,15000,14442,96.28
2026-07-09,3,TSU-06,Unit I,Weaving,Tsudakoma,15000,14241,94.94
2026-07-09,3,TSU-07,Unit I,Weaving,Tsudakoma,15000,15000,100.0
2026-07-09,3,TSU-08,Unit I,Weaving,Tsudakoma,15000,15000,100.0
2026-07-09,3,TSU-09,Unit I,Weaving,Tsudakoma,15000,13645,90.97
2026-07-09,3,TSU-10,Unit I,Weaving,Tsudakoma,15000,13855,92.37
2026-07-09,3,SUL-01,Unit I,Weaving,Sulzer,2700,2386,88.39
2026-07-09,3,SUL-02,Unit I,Weaving,Sulzer,2700,2620,97.05
2026-07-09,3,SUL-03,Unit I,Weaving,Sulzer,2700,2654,98.33
2026-07-09,3,SUL-04,Unit I,Weaving,Sulzer,2700,2382,88.25
2026-07-09,3,SUL-05,Unit I,Weaving,Sulzer,2700,2503,92.72
2026-07-09,3,RF-01,Unit I,Spinning,RingFrame,2500,2206,88.26
2026-07-09,3,RF-02,Unit I,Spinning,RingFrame,2500,2262,90.51
2026-07-09,3,RF-03,Unit I,Spinning,RingFrame,2500,2443,97.76
2026-07-09,3,RF-04,Unit I,Spinning,RingFrame,2500,2283,91.33
2026-07-09,3,RF-05,Unit I,Spinning,RingFrame,2500,2337,93.5
2026-07-09,3,RF-06,Unit I,Spinning,RingFrame,2500,2171,86.86
2026-07-09,3,RF-07,Unit I,Spinning,RingFrame,2500,2398,95.93
2026-07-09,3,RF-08,Unit I,Spinning,RingFrame,2500,2369,94.78
2026-07-09,3,RF-09,Unit I,Spinning,RingFrame,2500,2283,91.36
2026-07-09,3,RF-10,Unit I,Spinning,RingFrame,2500,2351,94.05
2026-07-09,3,RF-11,Unit I,Spinning,RingFrame,2500,1972,78.9
2026-07-09,3,RF-12,Unit I,Spinning,RingFrame,2500,2273,90.93
2026-07-09,3,VTX-01,Unit I,Spinning,Vortex,4700,4118,87.62
2026-07-09,3,VTX-02,Unit I,Spinning,Vortex,4700,4700,100.0
2026-07-09,3,VTX-03,Unit I,Spinning,Vortex,4700,4316,91.83
2026-07-09,3,VTX-04,Unit I,Spinning,Vortex,4700,4442,94.52
2026-07-09,3,VTX-05,Unit I,Spinning,Vortex,4700,4700,100.0
2026-07-09,3,VTX-06,Unit I,Spinning,Vortex,4700,4495,95.65
2026-07-09,3,VTX-07,Unit I,Spinning,Vortex,4700,4172,88.78
2026-07-09,3,VTX-08,Unit I,Spinning,Vortex,4700,4570,97.25
2026-07-09,3,VTX-09,Unit I,Spinning,Vortex,4700,4298,91.46
2026-07-09,3,VTX-10,Unit I,Spinning,Vortex,4700,4338,92.31
2026-07-09,3,VTX-11,Unit I,Spinning,Vortex,4700,4295,91.4
2026-07-09,3,VTX-12,Unit I,Spinning,Vortex,4700,4200,89.37
2026-07-09,3,AJ-01,Unit I,Spinning,Airjet,3750,3554,94.79
2026-07-09,3,AJ-02,Unit I,Spinning,Airjet,3750,3286,87.63
2026-07-09,3,AJ-03,Unit I,Spinning,Airjet,3750,3740,99.73
2026-07-09,3,AJ-04,Unit I,Spinning,Airjet,3750,3572,95.28
2026-07-09,3,AJ-05,Unit I,Spinning,Airjet,3750,3641,97.11
2026-07-10,1,TOY-01,Unit I,Weaving,Toyota,21700,20109,92.67
2026-07-10,1,TOY-02,Unit I,Weaving,Toyota,21700,16527,76.16
2026-07-10,1,TOY-03,Unit I,Weaving,Toyota,21700,20927,96.44
2026-07-10,1,TOY-04,Unit I,Weaving,Toyota,21700,19352,89.18
2026-07-10,1,TOY-05,Unit I,Weaving,Toyota,21700,20226,93.21
2026-07-10,1,TOY-06,Unit I,Weaving,Toyota,21700,19682,90.7
2026-07-10,1,TOY-07,Unit I,Weaving,Toyota,21700,19648,90.55
2026-07-10,1,TOY-08,Unit I,Weaving,Toyota,21700,14636,67.45
2026-07-10,1,TOY-09,Unit I,Weaving,Toyota,21700,21700,100.0
2026-07-10,1,TOY-10,Unit I,Weaving,Toyota,21700,19870,91.57
2026-07-10,1,TOY-11,Unit I,Weaving,Toyota,21700,21700,100.0
2026-07-10,1,TOY-12,Unit I,Weaving,Toyota,21700,21700,100.0
2026-07-10,1,TOY-13,Unit I,Weaving,Toyota,21700,19219,88.57
2026-07-10,1,TOY-14,Unit I,Weaving,Toyota,21700,19434,89.56
2026-07-10,1,TOY-15,Unit I,Weaving,Toyota,21700,21700,100.0
2026-07-10,1,TSU-01,Unit I,Weaving,Tsudakoma,15000,15000,100.0
2026-07-10,1,TSU-02,Unit I,Weaving,Tsudakoma,15000,14226,94.84
2026-07-10,1,TSU-03,Unit I,Weaving,Tsudakoma,15000,14443,96.29
2026-07-10,1,TSU-04,Unit I,Weaving,Tsudakoma,15000,13776,91.85
2026-07-10,1,TSU-05,Unit I,Weaving,Tsudakoma,15000,14574,97.16
2026-07-10,1,TSU-06,Unit I,Weaving,Tsudakoma,15000,13712,91.41
2026-07-10,1,TSU-07,Unit I,Weaving,Tsudakoma,15000,12725,84.84
2026-07-10,1,TSU-08,Unit I,Weaving,Tsudakoma,15000,13258,88.39
2026-07-10,1,TSU-09,Unit I,Weaving,Tsudakoma,15000,14265,95.11
2026-07-10,1,TSU-10,Unit I,Weaving,Tsudakoma,15000,13401,89.34
2026-07-10,1,SUL-01,Unit I,Weaving,Sulzer,2700,2555,94.66
2026-07-10,1,SUL-02,Unit I,Weaving,Sulzer,2700,2419,89.63
2026-07-10,1,SUL-03,Unit I,Weaving,Sulzer,2700,2459,91.09
2026-07-10,1,SUL-04,Unit I,Weaving,Sulzer,2700,2680,99.27
2026-07-10,1,SUL-05,Unit I,Weaving,Sulzer,2700,2598,96.24
2026-07-10,1,RF-01,Unit I,Spinning,RingFrame,2500,2373,94.95
2026-07-10,1,RF-02,Unit I,Spinning,RingFrame,2500,2484,99.39
2026-07-10,1,RF-03,Unit I,Spinning,RingFrame,2500,2435,97.4
2026-07-10,1,RF-04,Unit I,Spinning,RingFrame,2500,2500,100.0
2026-07-10,1,RF-05,Unit I,Spinning,RingFrame,2500,2317,92.7
2026-07-10,1,RF-06,Unit I,Spinning,RingFrame,2500,2321,92.85
2026-07-10,1,RF-07,Unit I,Spinning,RingFrame,2500,2212,88.49
2026-07-10,1,RF-08,Unit I,Spinning,RingFrame,2500,2321,92.86
2026-07-10,1,RF-09,Unit I,Spinning,RingFrame,2500,2495,99.82
2026-07-10,1,RF-10,Unit I,Spinning,RingFrame,2500,2500,100.0
2026-07-10,1,RF-11,Unit I,Spinning,RingFrame,2500,2070,82.8
2026-07-10,1,RF-12,Unit I,Spinning,RingFrame,2500,2150,86.03
2026-07-10,1,VTX-01,Unit I,Spinning,Vortex,4700,4700,100.0
2026-07-10,1,VTX-02,Unit I,Spinning,Vortex,4700,4032,85.81
2026-07-10,1,VTX-03,Unit I,Spinning,Vortex,4700,4676,99.49
2026-07-10,1,VTX-04,Unit I,Spinning,Vortex,4700,4378,93.16
2026-07-10,1,VTX-05,Unit I,Spinning,Vortex,4700,4630,98.51
2026-07-10,1,VTX-06,Unit I,Spinning,Vortex,4700,3352,71.34
2026-07-10,1,VTX-07,Unit I,Spinning,Vortex,4700,4700,100.0
2026-07-10,1,VTX-08,Unit I,Spinning,Vortex,4700,4120,87.68
2026-07-10,1,VTX-09,Unit I,Spinning,Vortex,4700,4307,91.66
2026-07-10,1,VTX-10,Unit I,Spinning,Vortex,4700,4230,90.01
2026-07-10,1,VTX-11,Unit I,Spinning,Vortex,4700,4052,86.23
2026-07-10,1,VTX-12,Unit I,Spinning,Vortex,4700,4487,95.47
2026-07-10,1,AJ-01,Unit I,Spinning,Airjet,3750,3750,100.0
2026-07-10,1,AJ-02,Unit I,Spinning,Airjet,3750,3750,100.0
2026-07-10,1,AJ-03,Unit I,Spinning,Airjet,3750,3580,95.49
2026-07-10,1,AJ-04,Unit I,Spinning,Airjet,3750,3750,100.0
2026-07-10,1,AJ-05,Unit I,Spinning,Airjet,3750,3606,96.16
2026-07-10,2,TOY-01,Unit I,Weaving,Toyota,21700,21156,97.49
2026-07-10,2,TOY-02,Unit I,Weaving,Toyota,21700,16554,76.29
2026-07-10,2,TOY-03,Unit I,Weaving,Toyota,21700,20826,95.98
2026-07-10,2,TOY-04,Unit I,Weaving,Toyota,21700,21198,97.69
2026-07-10,2,TOY-05,Unit I,Weaving,Toyota,21700,19987,92.11
2026-07-10,2,TOY-06,Unit I,Weaving,Toyota,21700,20530,94.61
2026-07-10,2,TOY-07,Unit I,Weaving,Toyota,21700,20551,94.71
2026-07-10,2,TOY-08,Unit I,Weaving,Toyota,21700,17822,82.13
2026-07-10,2,TOY-09,Unit I,Weaving,Toyota,21700,19458,89.67
2026-07-10,2,TOY-10,Unit I,Weaving,Toyota,21700,20559,94.74
2026-07-10,2,TOY-11,Unit I,Weaving,Toyota,21700,21700,100.0
2026-07-10,2,TOY-12,Unit I,Weaving,Toyota,21700,21700,100.0
2026-07-10,2,TOY-13,Unit I,Weaving,Toyota,21700,21700,100.0
2026-07-10,2,TOY-14,Unit I,Weaving,Toyota,21700,20641,95.12
2026-07-10,2,TOY-15,Unit I,Weaving,Toyota,21700,20963,96.6
2026-07-10,2,TSU-01,Unit I,Weaving,Tsudakoma,15000,15000,100.0
2026-07-10,2,TSU-02,Unit I,Weaving,Tsudakoma,15000,15000,100.0
2026-07-10,2,TSU-03,Unit I,Weaving,Tsudakoma,15000,12786,85.24
2026-07-10,2,TSU-04,Unit I,Weaving,Tsudakoma,15000,13263,88.42
2026-07-10,2,TSU-05,Unit I,Weaving,Tsudakoma,15000,15000,100.0
2026-07-10,2,TSU-06,Unit I,Weaving,Tsudakoma,15000,14042,93.62
2026-07-10,2,TSU-07,Unit I,Weaving,Tsudakoma,15000,13746,91.64
2026-07-10,2,TSU-08,Unit I,Weaving,Tsudakoma,15000,13309,88.73
2026-07-10,2,TSU-09,Unit I,Weaving,Tsudakoma,15000,13833,92.22
2026-07-10,2,TSU-10,Unit I,Weaving,Tsudakoma,15000,13198,87.99
2026-07-10,2,SUL-01,Unit I,Weaving,Sulzer,2700,2700,100.0
2026-07-10,2,SUL-02,Unit I,Weaving,Sulzer,2700,2561,94.89
2026-07-10,2,SUL-03,Unit I,Weaving,Sulzer,2700,2557,94.71
2026-07-10,2,SUL-04,Unit I,Weaving,Sulzer,2700,2644,97.94
2026-07-10,2,SUL-05,Unit I,Weaving,Sulzer,2700,2694,99.81
2026-07-10,2,RF-01,Unit I,Spinning,RingFrame,2500,2493,99.73
2026-07-10,2,RF-02,Unit I,Spinning,RingFrame,2500,2500,100.0
2026-07-10,2,RF-03,Unit I,Spinning,RingFrame,2500,2296,91.85
2026-07-10,2,RF-04,Unit I,Spinning,RingFrame,2500,2337,93.51
2026-07-10,2,RF-05,Unit I,Spinning,RingFrame,2500,2471,98.85
2026-07-10,2,RF-06,Unit I,Spinning,RingFrame,2500,2309,92.36
2026-07-10,2,RF-07,Unit I,Spinning,RingFrame,2500,2374,94.97
2026-07-10,2,RF-08,Unit I,Spinning,RingFrame,2500,2424,96.99
2026-07-10,2,RF-09,Unit I,Spinning,RingFrame,2500,2473,98.93
2026-07-10,2,RF-10,Unit I,Spinning,RingFrame,2500,2152,86.11
2026-07-10,2,RF-11,Unit I,Spinning,RingFrame,2500,2039,81.57
2026-07-10,2,RF-12,Unit I,Spinning,RingFrame,2500,2345,93.83
2026-07-10,2,VTX-01,Unit I,Spinning,Vortex,4700,4631,98.54
2026-07-10,2,VTX-02,Unit I,Spinning,Vortex,4700,4647,98.88
2026-07-10,2,VTX-03,Unit I,Spinning,Vortex,4700,4700,100.0
2026-07-10,2,VTX-04,Unit I,Spinning,Vortex,4700,4700,100.0
2026-07-10,2,VTX-05,Unit I,Spinning,Vortex,4700,4700,100.0
2026-07-10,2,VTX-06,Unit I,Spinning,Vortex,4700,4005,85.22
2026-07-10,2,VTX-07,Unit I,Spinning,Vortex,4700,4533,96.46
2026-07-10,2,VTX-08,Unit I,Spinning,Vortex,4700,4472,95.16
2026-07-10,2,VTX-09,Unit I,Spinning,Vortex,4700,4670,99.36
2026-07-10,2,VTX-10,Unit I,Spinning,Vortex,4700,4637,98.66
2026-07-10,2,VTX-11,Unit I,Spinning,Vortex,4700,4392,93.45
2026-07-10,2,VTX-12,Unit I,Spinning,Vortex,4700,4560,97.02
2026-07-10,2,AJ-01,Unit I,Spinning,Airjet,3750,3555,94.82
2026-07-10,2,AJ-02,Unit I,Spinning,Airjet,3750,3402,90.73
2026-07-10,2,AJ-03,Unit I,Spinning,Airjet,3750,3750,100.0
2026-07-10,2,AJ-04,Unit I,Spinning,Airjet,3750,3572,95.28
2026-07-10,2,AJ-05,Unit I,Spinning,Airjet,3750,3750,100.0
2026-07-10,3,TOY-01,Unit I,Weaving,Toyota,21700,18851,86.87
2026-07-10,3,TOY-02,Unit I,Weaving,Toyota,21700,16321,75.22
2026-07-10,3,TOY-03,Unit I,Weaving,Toyota,21700,20650,95.16
2026-07-10,3,TOY-04,Unit I,Weaving,Toyota,21700,21700,100.0
2026-07-10,3,TOY-05,Unit I,Weaving,Toyota,21700,21048,97.0
2026-07-10,3,TOY-06,Unit I,Weaving,Toyota,21700,20951,96.55
2026-07-10,3,TOY-07,Unit I,Weaving,Toyota,21700,19391,89.36
2026-07-10,3,TOY-08,Unit I,Weaving,Toyota,21700,15670,72.22
2026-07-10,3,TOY-09,Unit I,Weaving,Toyota,21700,20964,96.61
2026-07-10,3,TOY-10,Unit I,Weaving,Toyota,21700,19134,88.18
2026-07-10,3,TOY-11,Unit I,Weaving,Toyota,21700,20037,92.34
2026-07-10,3,TOY-12,Unit I,Weaving,Toyota,21700,21158,97.5
2026-07-10,3,TOY-13,Unit I,Weaving,Toyota,21700,19549,90.09
2026-07-10,3,TOY-14,Unit I,Weaving,Toyota,21700,21700,100.0
2026-07-10,3,TOY-15,Unit I,Weaving,Toyota,21700,21700,100.0
2026-07-10,3,TSU-01,Unit I,Weaving,Tsudakoma,15000,13071,87.14
2026-07-10,3,TSU-02,Unit I,Weaving,Tsudakoma,15000,13550,90.34
2026-07-10,3,TSU-03,Unit I,Weaving,Tsudakoma,15000,12535,83.57
2026-07-10,3,TSU-04,Unit I,Weaving,Tsudakoma,15000,13663,91.09
2026-07-10,3,TSU-05,Unit I,Weaving,Tsudakoma,15000,14824,98.83
2026-07-10,3,TSU-06,Unit I,Weaving,Tsudakoma,15000,13939,92.93
2026-07-10,3,TSU-07,Unit I,Weaving,Tsudakoma,15000,14595,97.3
2026-07-10,3,TSU-08,Unit I,Weaving,Tsudakoma,15000,13108,87.39
2026-07-10,3,TSU-09,Unit I,Weaving,Tsudakoma,15000,14848,98.99
2026-07-10,3,TSU-10,Unit I,Weaving,Tsudakoma,15000,13833,92.22
2026-07-10,3,SUL-01,Unit I,Weaving,Sulzer,2700,2566,95.06
2026-07-10,3,SUL-02,Unit I,Weaving,Sulzer,2700,2552,94.54
2026-07-10,3,SUL-03,Unit I,Weaving,Sulzer,2700,2393,88.64
2026-07-10,3,SUL-04,Unit I,Weaving,Sulzer,2700,2409,89.23
2026-07-10,3,SUL-05,Unit I,Weaving,Sulzer,2700,2695,99.84
2026-07-10,3,RF-01,Unit I,Spinning,RingFrame,2500,2424,96.99
2026-07-10,3,RF-02,Unit I,Spinning,RingFrame,2500,2500,100.0
2026-07-10,3,RF-03,Unit I,Spinning,RingFrame,2500,2415,96.62
2026-07-10,3,RF-04,Unit I,Spinning,RingFrame,2500,2392,95.71
2026-07-10,3,RF-05,Unit I,Spinning,RingFrame,2500,2159,86.37
2026-07-10,3,RF-06,Unit I,Spinning,RingFrame,2500,2341,93.65
2026-07-10,3,RF-07,Unit I,Spinning,RingFrame,2500,2371,94.86
2026-07-10,3,RF-08,Unit I,Spinning,RingFrame,2500,2500,100.0
2026-07-10,3,RF-09,Unit I,Spinning,RingFrame,2500,2460,98.43
2026-07-10,3,RF-10,Unit I,Spinning,RingFrame,2500,2500,100.0
2026-07-10,3,RF-11,Unit I,Spinning,RingFrame,2500,2024,80.99
2026-07-10,3,RF-12,Unit I,Spinning,RingFrame,2500,2286,91.44
2026-07-10,3,VTX-01,Unit I,Spinning,Vortex,4700,4492,95.59
2026-07-10,3,VTX-02,Unit I,Spinning,Vortex,4700,4520,96.18
2026-07-10,3,VTX-03,Unit I,Spinning,Vortex,4700,4244,90.3
2026-07-10,3,VTX-04,Unit I,Spinning,Vortex,4700,4374,93.08
2026-07-10,3,VTX-05,Unit I,Spinning,Vortex,4700,4416,93.97
2026-07-10,3,VTX-06,Unit I,Spinning,Vortex,4700,4043,86.03
2026-07-10,3,VTX-07,Unit I,Spinning,Vortex,4700,3976,84.6
2026-07-10,3,VTX-08,Unit I,Spinning,Vortex,4700,4700,100.0
2026-07-10,3,VTX-09,Unit I,Spinning,Vortex,4700,4244,90.32
2026-07-10,3,VTX-10,Unit I,Spinning,Vortex,4700,4142,88.14
2026-07-10,3,VTX-11,Unit I,Spinning,Vortex,4700,4700,100.0
2026-07-10,3,VTX-12,Unit I,Spinning,Vortex,4700,4636,98.66
2026-07-10,3,AJ-01,Unit I,Spinning,Airjet,3750,3750,100.0
2026-07-10,3,AJ-02,Unit I,Spinning,Airjet,3750,3712,99.0
2026-07-10,3,AJ-03,Unit I,Spinning,Airjet,3750,3750,100.0
2026-07-10,3,AJ-04,Unit I,Spinning,Airjet,3750,3667,97.79
2026-07-10,3,AJ-05,Unit I,Spinning,Airjet,3750,3533,94.22
2026-07-11,1,TOY-01,Unit I,Weaving,Toyota,21700,20987,96.71
2026-07-11,1,TOY-02,Unit I,Weaving,Toyota,21700,18275,84.22
2026-07-11,1,TOY-03,Unit I,Weaving,Toyota,21700,19769,91.1
2026-07-11,1,TOY-04,Unit I,Weaving,Toyota,21700,19907,91.74
2026-07-11,1,TOY-05,Unit I,Weaving,Toyota,21700,20279,93.46
2026-07-11,1,TOY-06,Unit I,Weaving,Toyota,21700,18331,84.48
2026-07-11,1,TOY-07,Unit I,Weaving,Toyota,21700,20764,95.69
2026-07-11,1,TOY-08,Unit I,Weaving,Toyota,21700,14879,68.57
2026-07-11,1,TOY-09,Unit I,Weaving,Toyota,21700,20672,95.27
2026-07-11,1,TOY-10,Unit I,Weaving,Toyota,21700,21553,99.33
2026-07-11,1,TOY-11,Unit I,Weaving,Toyota,21700,20097,92.62
2026-07-11,1,TOY-12,Unit I,Weaving,Toyota,21700,21700,100.0
2026-07-11,1,TOY-13,Unit I,Weaving,Toyota,21700,19030,87.7
2026-07-11,1,TOY-14,Unit I,Weaving,Toyota,21700,21700,100.0
2026-07-11,1,TOY-15,Unit I,Weaving,Toyota,21700,21347,98.38
2026-07-11,1,TSU-01,Unit I,Weaving,Tsudakoma,15000,12962,86.42
2026-07-11,1,TSU-02,Unit I,Weaving,Tsudakoma,15000,15000,100.0
2026-07-11,1,TSU-03,Unit I,Weaving,Tsudakoma,15000,14202,94.68
2026-07-11,1,TSU-04,Unit I,Weaving,Tsudakoma,15000,13591,90.61
2026-07-11,1,TSU-05,Unit I,Weaving,Tsudakoma,15000,13194,87.96
2026-07-11,1,TSU-06,Unit I,Weaving,Tsudakoma,15000,14084,93.9
2026-07-11,1,TSU-07,Unit I,Weaving,Tsudakoma,15000,14154,94.36
2026-07-11,1,TSU-08,Unit I,Weaving,Tsudakoma,15000,14326,95.51
2026-07-11,1,TSU-09,Unit I,Weaving,Tsudakoma,15000,14026,93.51
2026-07-11,1,TSU-10,Unit I,Weaving,Tsudakoma,15000,14724,98.17
2026-07-11,1,SUL-01,Unit I,Weaving,Sulzer,2700,2512,93.06
2026-07-11,1,SUL-02,Unit I,Weaving,Sulzer,2700,2303,85.33
2026-07-11,1,SUL-03,Unit I,Weaving,Sulzer,2700,2544,94.25
2026-07-11,1,SUL-04,Unit I,Weaving,Sulzer,2700,2245,83.16
2026-07-11,1,SUL-05,Unit I,Weaving,Sulzer,2700,2612,96.77
2026-07-11,1,RF-01,Unit I,Spinning,RingFrame,2500,2252,90.1
2026-07-11,1,RF-02,Unit I,Spinning,RingFrame,2500,2395,95.82
2026-07-11,1,RF-03,Unit I,Spinning,RingFrame,2500,2500,100.0
2026-07-11,1,RF-04,Unit I,Spinning,RingFrame,2500,2256,90.26
2026-07-11,1,RF-05,Unit I,Spinning,RingFrame,2500,2500,100.0
2026-07-11,1,RF-06,Unit I,Spinning,RingFrame,2500,2320,92.83
2026-07-11,1,RF-07,Unit I,Spinning,RingFrame,2500,2500,100.0
2026-07-11,1,RF-08,Unit I,Spinning,RingFrame,2500,2329,93.17
2026-07-11,1,RF-09,Unit I,Spinning,RingFrame,2500,2269,90.8
2026-07-11,1,RF-10,Unit I,Spinning,RingFrame,2500,2460,98.44
2026-07-11,1,RF-11,Unit I,Spinning,RingFrame,2500,1895,75.82
2026-07-11,1,RF-12,Unit I,Spinning,RingFrame,2500,2269,90.79
2026-07-11,1,VTX-01,Unit I,Spinning,Vortex,4700,4352,92.61
2026-07-11,1,VTX-02,Unit I,Spinning,Vortex,4700,4454,94.78
2026-07-11,1,VTX-03,Unit I,Spinning,Vortex,4700,4700,100.0
2026-07-11,1,VTX-04,Unit I,Spinning,Vortex,4700,4010,85.33
2026-07-11,1,VTX-05,Unit I,Spinning,Vortex,4700,4470,95.12
2026-07-11,1,VTX-06,Unit I,Spinning,Vortex,4700,3812,81.12
2026-07-11,1,VTX-07,Unit I,Spinning,Vortex,4700,4510,95.97
2026-07-11,1,VTX-08,Unit I,Spinning,Vortex,4700,4700,100.0
2026-07-11,1,VTX-09,Unit I,Spinning,Vortex,4700,4447,94.63
2026-07-11,1,VTX-10,Unit I,Spinning,Vortex,4700,4421,94.08
2026-07-11,1,VTX-11,Unit I,Spinning,Vortex,4700,4604,97.96
2026-07-11,1,VTX-12,Unit I,Spinning,Vortex,4700,4488,95.5
2026-07-11,1,AJ-01,Unit I,Spinning,Airjet,3750,3489,93.05
2026-07-11,1,AJ-02,Unit I,Spinning,Airjet,3750,3659,97.58
2026-07-11,1,AJ-03,Unit I,Spinning,Airjet,3750,3440,91.74
2026-07-11,1,AJ-04,Unit I,Spinning,Airjet,3750,3447,91.94
2026-07-11,1,AJ-05,Unit I,Spinning,Airjet,3750,3463,92.36
2026-07-11,2,TOY-01,Unit I,Weaving,Toyota,21700,21700,100.0
2026-07-11,2,TOY-02,Unit I,Weaving,Toyota,21700,13431,61.89
2026-07-11,2,TOY-03,Unit I,Weaving,Toyota,21700,21044,96.98
2026-07-11,2,TOY-04,Unit I,Weaving,Toyota,21700,20652,95.17
2026-07-11,2,TOY-05,Unit I,Weaving,Toyota,21700,18791,86.6
2026-07-11,2,TOY-06,Unit I,Weaving,Toyota,21700,20951,96.55
2026-07-11,2,TOY-07,Unit I,Weaving,Toyota,21700,21131,97.38
2026-07-11,2,TOY-08,Unit I,Weaving,Toyota,21700,17565,80.95
2026-07-11,2,TOY-09,Unit I,Weaving,Toyota,21700,17737,81.74
2026-07-11,2,TOY-10,Unit I,Weaving,Toyota,21700,21700,100.0
2026-07-11,2,TOY-11,Unit I,Weaving,Toyota,21700,19814,91.31
2026-07-11,2,TOY-12,Unit I,Weaving,Toyota,21700,21359,98.43
2026-07-11,2,TOY-13,Unit I,Weaving,Toyota,21700,21419,98.71
2026-07-11,2,TOY-14,Unit I,Weaving,Toyota,21700,19663,90.62
2026-07-11,2,TOY-15,Unit I,Weaving,Toyota,21700,21331,98.3
2026-07-11,2,TSU-01,Unit I,Weaving,Tsudakoma,15000,13960,93.07
2026-07-11,2,TSU-02,Unit I,Weaving,Tsudakoma,15000,12696,84.64
2026-07-11,2,TSU-03,Unit I,Weaving,Tsudakoma,15000,15000,100.0
2026-07-11,2,TSU-04,Unit I,Weaving,Tsudakoma,15000,13668,91.12
2026-07-11,2,TSU-05,Unit I,Weaving,Tsudakoma,15000,13609,90.73
2026-07-11,2,TSU-06,Unit I,Weaving,Tsudakoma,15000,13947,92.98
2026-07-11,2,TSU-07,Unit I,Weaving,Tsudakoma,15000,14454,96.36
2026-07-11,2,TSU-08,Unit I,Weaving,Tsudakoma,15000,14207,94.71
2026-07-11,2,TSU-09,Unit I,Weaving,Tsudakoma,15000,14661,97.74
2026-07-11,2,TSU-10,Unit I,Weaving,Tsudakoma,15000,13245,88.3
2026-07-11,2,SUL-01,Unit I,Weaving,Sulzer,2700,2464,91.29
2026-07-11,2,SUL-02,Unit I,Weaving,Sulzer,2700,2549,94.42
2026-07-11,2,SUL-03,Unit I,Weaving,Sulzer,2700,2700,100.0
2026-07-11,2,SUL-04,Unit I,Weaving,Sulzer,2700,2549,94.43
2026-07-11,2,SUL-05,Unit I,Weaving,Sulzer,2700,2700,100.0
2026-07-11,2,RF-01,Unit I,Spinning,RingFrame,2500,2379,95.19
2026-07-11,2,RF-02,Unit I,Spinning,RingFrame,2500,2314,92.58
2026-07-11,2,RF-03,Unit I,Spinning,RingFrame,2500,2344,93.77
2026-07-11,2,RF-04,Unit I,Spinning,RingFrame,2500,2353,94.16
2026-07-11,2,RF-05,Unit I,Spinning,RingFrame,2500,2450,98.02
2026-07-11,2,RF-06,Unit I,Spinning,RingFrame,2500,2500,100.0
2026-07-11,2,RF-07,Unit I,Spinning,RingFrame,2500,2419,96.8
2026-07-11,2,RF-08,Unit I,Spinning,RingFrame,2500,2500,100.0
2026-07-11,2,RF-09,Unit I,Spinning,RingFrame,2500,2254,90.18
2026-07-11,2,RF-10,Unit I,Spinning,RingFrame,2500,2323,92.93
2026-07-11,2,RF-11,Unit I,Spinning,RingFrame,2500,1859,74.38
2026-07-11,2,RF-12,Unit I,Spinning,RingFrame,2500,2414,96.57
2026-07-11,2,VTX-01,Unit I,Spinning,Vortex,4700,4380,93.21
2026-07-11,2,VTX-02,Unit I,Spinning,Vortex,4700,4636,98.65
2026-07-11,2,VTX-03,Unit I,Spinning,Vortex,4700,4246,90.34
2026-07-11,2,VTX-04,Unit I,Spinning,Vortex,4700,4475,95.22
2026-07-11,2,VTX-05,Unit I,Spinning,Vortex,4700,4626,98.43
2026-07-11,2,VTX-06,Unit I,Spinning,Vortex,4700,3180,67.67
2026-07-11,2,VTX-07,Unit I,Spinning,Vortex,4700,4700,100.0
2026-07-11,2,VTX-08,Unit I,Spinning,Vortex,4700,4398,93.58
2026-07-11,2,VTX-09,Unit I,Spinning,Vortex,4700,3989,84.87
2026-07-11,2,VTX-10,Unit I,Spinning,Vortex,4700,4502,95.79
2026-07-11,2,VTX-11,Unit I,Spinning,Vortex,4700,4472,95.17
2026-07-11,2,VTX-12,Unit I,Spinning,Vortex,4700,4445,94.59
2026-07-11,2,AJ-01,Unit I,Spinning,Airjet,3750,3748,99.96
2026-07-11,2,AJ-02,Unit I,Spinning,Airjet,3750,3702,98.74
2026-07-11,2,AJ-03,Unit I,Spinning,Airjet,3750,3618,96.49
2026-07-11,2,AJ-04,Unit I,Spinning,Airjet,3750,3646,97.25
2026-07-11,2,AJ-05,Unit I,Spinning,Airjet,3750,3542,94.48
2026-07-11,3,TOY-01,Unit I,Weaving,Toyota,21700,21700,100.0
2026-07-11,3,TOY-02,Unit I,Weaving,Toyota,21700,15321,70.6
2026-07-11,3,TOY-03,Unit I,Weaving,Toyota,21700,20766,95.7
2026-07-11,3,TOY-04,Unit I,Weaving,Toyota,21700,20685,95.33
2026-07-11,3,TOY-05,Unit I,Weaving,Toyota,21700,21497,99.07
2026-07-11,3,TOY-06,Unit I,Weaving,Toyota,21700,19699,90.78
2026-07-11,3,TOY-07,Unit I,Weaving,Toyota,21700,18723,86.28
2026-07-11,3,TOY-08,Unit I,Weaving,Toyota,21700,17096,78.78
2026-07-11,3,TOY-09,Unit I,Weaving,Toyota,21700,20920,96.41
2026-07-11,3,TOY-10,Unit I,Weaving,Toyota,21700,21700,100.0
2026-07-11,3,TOY-11,Unit I,Weaving,Toyota,21700,19236,88.65
2026-07-11,3,TOY-12,Unit I,Weaving,Toyota,21700,21700,100.0
2026-07-11,3,TOY-13,Unit I,Weaving,Toyota,21700,21700,100.0
2026-07-11,3,TOY-14,Unit I,Weaving,Toyota,21700,20205,93.11
2026-07-11,3,TOY-15,Unit I,Weaving,Toyota,21700,19214,88.55
2026-07-11,3,TSU-01,Unit I,Weaving,Tsudakoma,15000,13944,92.97
2026-07-11,3,TSU-02,Unit I,Weaving,Tsudakoma,15000,14260,95.07
2026-07-11,3,TSU-03,Unit I,Weaving,Tsudakoma,15000,14672,97.82
2026-07-11,3,TSU-04,Unit I,Weaving,Tsudakoma,15000,13806,92.04
2026-07-11,3,TSU-05,Unit I,Weaving,Tsudakoma,15000,15000,100.0
2026-07-11,3,TSU-06,Unit I,Weaving,Tsudakoma,15000,13414,89.43
2026-07-11,3,TSU-07,Unit I,Weaving,Tsudakoma,15000,12945,86.3
2026-07-11,3,TSU-08,Unit I,Weaving,Tsudakoma,15000,15000,100.0
2026-07-11,3,TSU-09,Unit I,Weaving,Tsudakoma,15000,12544,83.63
2026-07-11,3,TSU-10,Unit I,Weaving,Tsudakoma,15000,14096,93.98
2026-07-11,3,SUL-01,Unit I,Weaving,Sulzer,2700,2700,100.0
2026-07-11,3,SUL-02,Unit I,Weaving,Sulzer,2700,2563,94.94
2026-07-11,3,SUL-03,Unit I,Weaving,Sulzer,2700,2413,89.4
2026-07-11,3,SUL-04,Unit I,Weaving,Sulzer,2700,2557,94.71
2026-07-11,3,SUL-05,Unit I,Weaving,Sulzer,2700,2558,94.75
2026-07-11,3,RF-01,Unit I,Spinning,RingFrame,2500,2395,95.8
2026-07-11,3,RF-02,Unit I,Spinning,RingFrame,2500,2457,98.31
2026-07-11,3,RF-03,Unit I,Spinning,RingFrame,2500,2245,89.8
2026-07-11,3,RF-04,Unit I,Spinning,RingFrame,2500,2500,100.0
2026-07-11,3,RF-05,Unit I,Spinning,RingFrame,2500,2405,96.23
2026-07-11,3,RF-06,Unit I,Spinning,RingFrame,2500,2465,98.63
2026-07-11,3,RF-07,Unit I,Spinning,RingFrame,2500,2296,91.86
2026-07-11,3,RF-08,Unit I,Spinning,RingFrame,2500,2500,100.0
2026-07-11,3,RF-09,Unit I,Spinning,RingFrame,2500,2342,93.71
2026-07-11,3,RF-10,Unit I,Spinning,RingFrame,2500,2409,96.39
2026-07-11,3,RF-11,Unit I,Spinning,RingFrame,2500,1833,73.33
2026-07-11,3,RF-12,Unit I,Spinning,RingFrame,2500,2250,90.02
2026-07-11,3,VTX-01,Unit I,Spinning,Vortex,4700,4626,98.44
2026-07-11,3,VTX-02,Unit I,Spinning,Vortex,4700,4360,92.78
2026-07-11,3,VTX-03,Unit I,Spinning,Vortex,4700,4264,90.73
2026-07-11,3,VTX-04,Unit I,Spinning,Vortex,4700,4313,91.78
2026-07-11,3,VTX-05,Unit I,Spinning,Vortex,4700,4629,98.49
2026-07-11,3,VTX-06,Unit I,Spinning,Vortex,4700,3518,74.85
2026-07-11,3,VTX-07,Unit I,Spinning,Vortex,4700,4437,94.41
2026-07-11,3,VTX-08,Unit I,Spinning,Vortex,4700,4468,95.08
2026-07-11,3,VTX-09,Unit I,Spinning,Vortex,4700,4014,85.41
2026-07-11,3,VTX-10,Unit I,Spinning,Vortex,4700,4119,87.64
2026-07-11,3,VTX-11,Unit I,Spinning,Vortex,4700,4544,96.68
2026-07-11,3,VTX-12,Unit I,Spinning,Vortex,4700,4291,91.31
2026-07-11,3,AJ-01,Unit I,Spinning,Airjet,3750,3750,100.0
2026-07-11,3,AJ-02,Unit I,Spinning,Airjet,3750,3743,99.83
2026-07-11,3,AJ-03,Unit I,Spinning,Airjet,3750,3697,98.6
2026-07-11,3,AJ-04,Unit I,Spinning,Airjet,3750,3750,100.0
2026-07-11,3,AJ-05,Unit I,Spinning,Airjet,3750,3546,94.58
2026-07-12,1,TOY-01,Unit I,Weaving,Toyota,21700,21319,98.24
2026-07-12,1,TOY-02,Unit I,Weaving,Toyota,21700,16291,75.08
2026-07-12,1,TOY-03,Unit I,Weaving,Toyota,21700,21700,100.0
2026-07-12,1,TOY-04,Unit I,Weaving,Toyota,21700,21700,100.0
2026-07-12,1,TOY-05,Unit I,Weaving,Toyota,21700,20627,95.06
2026-07-12,1,TOY-06,Unit I,Weaving,Toyota,21700,21034,96.93
2026-07-12,1,TOY-07,Unit I,Weaving,Toyota,21700,21700,100.0
2026-07-12,1,TOY-08,Unit I,Weaving,Toyota,21700,16766,77.26
2026-07-12,1,TOY-09,Unit I,Weaving,Toyota,21700,19902,91.72
2026-07-12,1,TOY-10,Unit I,Weaving,Toyota,21700,21563,99.37
2026-07-12,1,TOY-11,Unit I,Weaving,Toyota,21700,20700,95.39
2026-07-12,1,TOY-12,Unit I,Weaving,Toyota,21700,20813,95.91
2026-07-12,1,TOY-13,Unit I,Weaving,Toyota,21700,19709,90.83
2026-07-12,1,TOY-14,Unit I,Weaving,Toyota,21700,18751,86.41
2026-07-12,1,TOY-15,Unit I,Weaving,Toyota,21700,20871,96.18
2026-07-12,1,TSU-01,Unit I,Weaving,Tsudakoma,15000,14928,99.52
2026-07-12,1,TSU-02,Unit I,Weaving,Tsudakoma,15000,14080,93.87
2026-07-12,1,TSU-03,Unit I,Weaving,Tsudakoma,15000,15000,100.0
2026-07-12,1,TSU-04,Unit I,Weaving,Tsudakoma,15000,13722,91.48
2026-07-12,1,TSU-05,Unit I,Weaving,Tsudakoma,15000,13458,89.73
2026-07-12,1,TSU-06,Unit I,Weaving,Tsudakoma,15000,14199,94.66
2026-07-12,1,TSU-07,Unit I,Weaving,Tsudakoma,15000,14188,94.59
2026-07-12,1,TSU-08,Unit I,Weaving,Tsudakoma,15000,14827,98.85
2026-07-12,1,TSU-09,Unit I,Weaving,Tsudakoma,15000,13668,91.13
2026-07-12,1,TSU-10,Unit I,Weaving,Tsudakoma,15000,15000,100.0
2026-07-12,1,SUL-01,Unit I,Weaving,Sulzer,2700,2700,100.0
2026-07-12,1,SUL-02,Unit I,Weaving,Sulzer,2700,2559,94.8
2026-07-12,1,SUL-03,Unit I,Weaving,Sulzer,2700,2700,100.0
2026-07-12,1,SUL-04,Unit I,Weaving,Sulzer,2700,2422,89.72
2026-07-12,1,SUL-05,Unit I,Weaving,Sulzer,2700,2700,100.0
2026-07-12,1,RF-01,Unit I,Spinning,RingFrame,2500,2500,100.0
2026-07-12,1,RF-02,Unit I,Spinning,RingFrame,2500,2482,99.32
2026-07-12,1,RF-03,Unit I,Spinning,RingFrame,2500,2373,94.92
2026-07-12,1,RF-04,Unit I,Spinning,RingFrame,2500,2005,80.23
2026-07-12,1,RF-05,Unit I,Spinning,RingFrame,2500,2294,91.79
2026-07-12,1,RF-06,Unit I,Spinning,RingFrame,2500,2296,91.87
2026-07-12,1,RF-07,Unit I,Spinning,RingFrame,2500,2252,90.11
2026-07-12,1,RF-08,Unit I,Spinning,RingFrame,2500,2390,95.61
2026-07-12,1,RF-09,Unit I,Spinning,RingFrame,2500,2322,92.91
2026-07-12,1,RF-10,Unit I,Spinning,RingFrame,2500,2271,90.88
2026-07-12,1,RF-11,Unit I,Spinning,RingFrame,2500,1817,72.71
2026-07-12,1,RF-12,Unit I,Spinning,RingFrame,2500,2285,91.42
2026-07-12,1,VTX-01,Unit I,Spinning,Vortex,4700,4700,100.0
2026-07-12,1,VTX-02,Unit I,Spinning,Vortex,4700,4309,91.69
2026-07-12,1,VTX-03,Unit I,Spinning,Vortex,4700,4343,92.43
2026-07-12,1,VTX-04,Unit I,Spinning,Vortex,4700,4357,92.72
2026-07-12,1,VTX-05,Unit I,Spinning,Vortex,4700,4544,96.69
2026-07-12,1,VTX-06,Unit I,Spinning,Vortex,4700,3773,80.28
2026-07-12,1,VTX-07,Unit I,Spinning,Vortex,4700,3749,79.78
2026-07-12,1,VTX-08,Unit I,Spinning,Vortex,4700,4700,100.0
2026-07-12,1,VTX-09,Unit I,Spinning,Vortex,4700,4700,100.0
2026-07-12,1,VTX-10,Unit I,Spinning,Vortex,4700,4218,89.75
2026-07-12,1,VTX-11,Unit I,Spinning,Vortex,4700,4236,90.14
2026-07-12,1,VTX-12,Unit I,Spinning,Vortex,4700,4359,92.75
2026-07-12,1,AJ-01,Unit I,Spinning,Airjet,3750,3420,91.22
2026-07-12,1,AJ-02,Unit I,Spinning,Airjet,3750,3604,96.12
2026-07-12,1,AJ-03,Unit I,Spinning,Airjet,3750,3197,85.27
2026-07-12,1,AJ-04,Unit I,Spinning,Airjet,3750,3352,89.41
2026-07-12,1,AJ-05,Unit I,Spinning,Airjet,3750,3750,100.0
2026-07-12,2,TOY-01,Unit I,Weaving,Toyota,21700,19607,90.36
2026-07-12,2,TOY-02,Unit I,Weaving,Toyota,21700,18275,84.22
2026-07-12,2,TOY-03,Unit I,Weaving,Toyota,21700,21000,96.78
2026-07-12,2,TOY-04,Unit I,Weaving,Toyota,21700,18651,85.95
2026-07-12,2,TOY-05,Unit I,Weaving,Toyota,21700,21304,98.18
2026-07-12,2,TOY-06,Unit I,Weaving,Toyota,21700,20487,94.41
2026-07-12,2,TOY-07,Unit I,Weaving,Toyota,21700,20120,92.72
2026-07-12,2,TOY-08,Unit I,Weaving,Toyota,21700,17191,79.22
2026-07-12,2,TOY-09,Unit I,Weaving,Toyota,21700,21129,97.37
2026-07-12,2,TOY-10,Unit I,Weaving,Toyota,21700,21382,98.54
2026-07-12,2,TOY-11,Unit I,Weaving,Toyota,21700,21700,100.0
2026-07-12,2,TOY-12,Unit I,Weaving,Toyota,21700,21057,97.04
2026-07-12,2,TOY-13,Unit I,Weaving,Toyota,21700,19122,88.12
2026-07-12,2,TOY-14,Unit I,Weaving,Toyota,21700,20101,92.63
2026-07-12,2,TOY-15,Unit I,Weaving,Toyota,21700,21700,100.0
2026-07-12,2,TSU-01,Unit I,Weaving,Tsudakoma,15000,14793,98.62
2026-07-12,2,TSU-02,Unit I,Weaving,Tsudakoma,15000,15000,100.0
2026-07-12,2,TSU-03,Unit I,Weaving,Tsudakoma,15000,15000,100.0
2026-07-12,2,TSU-04,Unit I,Weaving,Tsudakoma,15000,14431,96.21
2026-07-12,2,TSU-05,Unit I,Weaving,Tsudakoma,15000,14476,96.51
2026-07-12,2,TSU-06,Unit I,Weaving,Tsudakoma,15000,14222,94.82
2026-07-12,2,TSU-07,Unit I,Weaving,Tsudakoma,15000,12946,86.31
2026-07-12,2,TSU-08,Unit I,Weaving,Tsudakoma,15000,14263,95.09
2026-07-12,2,TSU-09,Unit I,Weaving,Tsudakoma,15000,15000,100.0
2026-07-12,2,TSU-10,Unit I,Weaving,Tsudakoma,15000,13800,92.0
2026-07-12,2,SUL-01,Unit I,Weaving,Sulzer,2700,2620,97.06
2026-07-12,2,SUL-02,Unit I,Weaving,Sulzer,2700,2679,99.26
2026-07-12,2,SUL-03,Unit I,Weaving,Sulzer,2700,2442,90.45
2026-07-12,2,SUL-04,Unit I,Weaving,Sulzer,2700,2504,92.74
2026-07-12,2,SUL-05,Unit I,Weaving,Sulzer,2700,2427,89.91
2026-07-12,2,RF-01,Unit I,Spinning,RingFrame,2500,2272,90.89
2026-07-12,2,RF-02,Unit I,Spinning,RingFrame,2500,2214,88.56
2026-07-12,2,RF-03,Unit I,Spinning,RingFrame,2500,2262,90.5
2026-07-12,2,RF-04,Unit I,Spinning,RingFrame,2500,2500,100.0
2026-07-12,2,RF-05,Unit I,Spinning,RingFrame,2500,2260,90.42
2026-07-12,2,RF-06,Unit I,Spinning,RingFrame,2500,2390,95.63
2026-07-12,2,RF-07,Unit I,Spinning,RingFrame,2500,2312,92.49
2026-07-12,2,RF-08,Unit I,Spinning,RingFrame,2500,2500,100.0
2026-07-12,2,RF-09,Unit I,Spinning,RingFrame,2500,2500,100.0
2026-07-12,2,RF-10,Unit I,Spinning,RingFrame,2500,2483,99.32
2026-07-12,2,RF-11,Unit I,Spinning,RingFrame,2500,1988,79.53
2026-07-12,2,RF-12,Unit I,Spinning,RingFrame,2500,2346,93.84
2026-07-12,2,VTX-01,Unit I,Spinning,Vortex,4700,4184,89.04
2026-07-12,2,VTX-02,Unit I,Spinning,Vortex,4700,4700,100.0
2026-07-12,2,VTX-03,Unit I,Spinning,Vortex,4700,4286,91.2
2026-07-12,2,VTX-04,Unit I,Spinning,Vortex,4700,4620,98.32
2026-07-12,2,VTX-05,Unit I,Spinning,Vortex,4700,4700,100.0
2026-07-12,2,VTX-06,Unit I,Spinning,Vortex,4700,3535,75.22
2026-07-12,2,VTX-07,Unit I,Spinning,Vortex,4700,4700,100.0
2026-07-12,2,VTX-08,Unit I,Spinning,Vortex,4700,4644,98.82
2026-07-12,2,VTX-09,Unit I,Spinning,Vortex,4700,4700,100.0
2026-07-12,2,VTX-10,Unit I,Spinning,Vortex,4700,4354,92.65
2026-07-12,2,VTX-11,Unit I,Spinning,Vortex,4700,4162,88.57
2026-07-12,2,VTX-12,Unit I,Spinning,Vortex,4700,4346,92.47
2026-07-12,2,AJ-01,Unit I,Spinning,Airjet,3750,3601,96.04
2026-07-12,2,AJ-02,Unit I,Spinning,Airjet,3750,3573,95.29
2026-07-12,2,AJ-03,Unit I,Spinning,Airjet,3750,3488,93.03
2026-07-12,2,AJ-04,Unit I,Spinning,Airjet,3750,3204,85.45
2026-07-12,2,AJ-05,Unit I,Spinning,Airjet,3750,3650,97.35
2026-07-12,3,TOY-01,Unit I,Weaving,Toyota,21700,21700,100.0
2026-07-12,3,TOY-02,Unit I,Weaving,Toyota,21700,17429,80.32
2026-07-12,3,TOY-03,Unit I,Weaving,Toyota,21700,21275,98.05
2026-07-12,3,TOY-04,Unit I,Weaving,Toyota,21700,21236,97.86
2026-07-12,3,TOY-05,Unit I,Weaving,Toyota,21700,21045,96.99
2026-07-12,3,TOY-06,Unit I,Weaving,Toyota,21700,21625,99.66
2026-07-12,3,TOY-07,Unit I,Weaving,Toyota,21700,21043,96.98
2026-07-12,3,TOY-08,Unit I,Weaving,Toyota,21700,16586,76.44
2026-07-12,3,TOY-09,Unit I,Weaving,Toyota,21700,19751,91.02
2026-07-12,3,TOY-10,Unit I,Weaving,Toyota,21700,20344,93.76
2026-07-12,3,TOY-11,Unit I,Weaving,Toyota,21700,20955,96.57
2026-07-12,3,TOY-12,Unit I,Weaving,Toyota,21700,20272,93.42
2026-07-12,3,TOY-13,Unit I,Weaving,Toyota,21700,20956,96.57
2026-07-12,3,TOY-14,Unit I,Weaving,Toyota,21700,21091,97.2
2026-07-12,3,TOY-15,Unit I,Weaving,Toyota,21700,21518,99.17
2026-07-12,3,TSU-01,Unit I,Weaving,Tsudakoma,15000,15000,100.0
2026-07-12,3,TSU-02,Unit I,Weaving,Tsudakoma,15000,14308,95.39
2026-07-12,3,TSU-03,Unit I,Weaving,Tsudakoma,15000,13269,88.46
2026-07-12,3,TSU-04,Unit I,Weaving,Tsudakoma,15000,13991,93.27
2026-07-12,3,TSU-05,Unit I,Weaving,Tsudakoma,15000,14283,95.22
2026-07-12,3,TSU-06,Unit I,Weaving,Tsudakoma,15000,12873,85.82
2026-07-12,3,TSU-07,Unit I,Weaving,Tsudakoma,15000,15000,100.0
2026-07-12,3,TSU-08,Unit I,Weaving,Tsudakoma,15000,14356,95.71
2026-07-12,3,TSU-09,Unit I,Weaving,Tsudakoma,15000,14536,96.91
2026-07-12,3,TSU-10,Unit I,Weaving,Tsudakoma,15000,15000,100.0
2026-07-12,3,SUL-01,Unit I,Weaving,Sulzer,2700,2479,91.85
2026-07-12,3,SUL-02,Unit I,Weaving,Sulzer,2700,2642,97.87
2026-07-12,3,SUL-03,Unit I,Weaving,Sulzer,2700,2550,94.45
2026-07-12,3,SUL-04,Unit I,Weaving,Sulzer,2700,2540,94.08
2026-07-12,3,SUL-05,Unit I,Weaving,Sulzer,2700,2460,91.14
2026-07-12,3,RF-01,Unit I,Spinning,RingFrame,2500,2500,100.0
2026-07-12,3,RF-02,Unit I,Spinning,RingFrame,2500,2328,93.12
2026-07-12,3,RF-03,Unit I,Spinning,RingFrame,2500,2462,98.5
2026-07-12,3,RF-04,Unit I,Spinning,RingFrame,2500,2140,85.62
2026-07-12,3,RF-05,Unit I,Spinning,RingFrame,2500,2500,100.0
2026-07-12,3,RF-06,Unit I,Spinning,RingFrame,2500,2500,100.0
2026-07-12,3,RF-07,Unit I,Spinning,RingFrame,2500,2387,95.49
2026-07-12,3,RF-08,Unit I,Spinning,RingFrame,2500,2346,93.87
2026-07-12,3,RF-09,Unit I,Spinning,RingFrame,2500,2425,97.0
2026-07-12,3,RF-10,Unit I,Spinning,RingFrame,2500,2500,100.0
2026-07-12,3,RF-11,Unit I,Spinning,RingFrame,2500,1729,69.18
2026-07-12,3,RF-12,Unit I,Spinning,RingFrame,2500,2472,98.91
2026-07-12,3,VTX-01,Unit I,Spinning,Vortex,4700,4250,90.44
2026-07-12,3,VTX-02,Unit I,Spinning,Vortex,4700,4460,94.9
2026-07-12,3,VTX-03,Unit I,Spinning,Vortex,4700,4406,93.76
2026-07-12,3,VTX-04,Unit I,Spinning,Vortex,4700,4364,92.86
2026-07-12,3,VTX-05,Unit I,Spinning,Vortex,4700,4462,94.95
2026-07-12,3,VTX-06,Unit I,Spinning,Vortex,4700,3399,72.33
2026-07-12,3,VTX-07,Unit I,Spinning,Vortex,4700,4700,100.0
2026-07-12,3,VTX-08,Unit I,Spinning,Vortex,4700,4043,86.03
2026-07-12,3,VTX-09,Unit I,Spinning,Vortex,4700,4591,97.7
2026-07-12,3,VTX-10,Unit I,Spinning,Vortex,4700,4388,93.37
2026-07-12,3,VTX-11,Unit I,Spinning,Vortex,4700,4189,89.15
2026-07-12,3,VTX-12,Unit I,Spinning,Vortex,4700,4512,96.01
2026-07-12,3,AJ-01,Unit I,Spinning,Airjet,3750,3270,87.22
2026-07-12,3,AJ-02,Unit I,Spinning,Airjet,3750,3569,95.2
2026-07-12,3,AJ-03,Unit I,Spinning,Airjet,3750,3295,87.89
2026-07-12,3,AJ-04,Unit I,Spinning,Airjet,3750,3648,97.31
2026-07-12,3,AJ-05,Unit I,Spinning,Airjet,3750,3389,90.38
2026-07-13,1,TOY-01,Unit I,Weaving,Toyota,21700,20125,92.75
2026-07-13,1,TOY-02,Unit I,Weaving,Toyota,21700,17244,79.47
2026-07-13,1,TOY-03,Unit I,Weaving,Toyota,21700,19776,91.14
2026-07-13,1,TOY-04,Unit I,Weaving,Toyota,21700,20552,94.71
2026-07-13,1,TOY-05,Unit I,Weaving,Toyota,21700,18972,87.43
2026-07-13,1,TOY-06,Unit I,Weaving,Toyota,21700,21299,98.15
2026-07-13,1,TOY-07,Unit I,Weaving,Toyota,21700,21700,100.0
2026-07-13,1,TOY-08,Unit I,Weaving,Toyota,21700,19955,91.96
2026-07-13,1,TOY-09,Unit I,Weaving,Toyota,21700,20713,95.46
2026-07-13,1,TOY-10,Unit I,Weaving,Toyota,21700,21470,98.94
2026-07-13,1,TOY-11,Unit I,Weaving,Toyota,21700,18683,86.1
2026-07-13,1,TOY-12,Unit I,Weaving,Toyota,21700,21700,100.0
2026-07-13,1,TOY-13,Unit I,Weaving,Toyota,21700,21457,98.88
2026-07-13,1,TOY-14,Unit I,Weaving,Toyota,21700,20089,92.58
2026-07-13,1,TOY-15,Unit I,Weaving,Toyota,21700,21700,100.0
2026-07-13,1,TSU-01,Unit I,Weaving,Tsudakoma,15000,14059,93.73
2026-07-13,1,TSU-02,Unit I,Weaving,Tsudakoma,15000,13906,92.71
2026-07-13,1,TSU-03,Unit I,Weaving,Tsudakoma,15000,14606,97.38
2026-07-13,1,TSU-04,Unit I,Weaving,Tsudakoma,15000,13452,89.68
2026-07-13,1,TSU-05,Unit I,Weaving,Tsudakoma,15000,15000,100.0
2026-07-13,1,TSU-06,Unit I,Weaving,Tsudakoma,15000,13458,89.72
2026-07-13,1,TSU-07,Unit I,Weaving,Tsudakoma,15000,13462,89.75
2026-07-13,1,TSU-08,Unit I,Weaving,Tsudakoma,15000,13567,90.45
2026-07-13,1,TSU-09,Unit I,Weaving,Tsudakoma,15000,14819,98.8
2026-07-13,1,TSU-10,Unit I,Weaving,Tsudakoma,15000,13787,91.92
2026-07-13,1,SUL-01,Unit I,Weaving,Sulzer,2700,2383,88.26
2026-07-13,1,SUL-02,Unit I,Weaving,Sulzer,2700,2483,91.97
2026-07-13,1,SUL-03,Unit I,Weaving,Sulzer,2700,2560,94.84
2026-07-13,1,SUL-04,Unit I,Weaving,Sulzer,2700,2405,89.1
2026-07-13,1,SUL-05,Unit I,Weaving,Sulzer,2700,2409,89.24
2026-07-13,1,RF-01,Unit I,Spinning,RingFrame,2500,2500,100.0
2026-07-13,1,RF-02,Unit I,Spinning,RingFrame,2500,2267,90.7
2026-07-13,1,RF-03,Unit I,Spinning,RingFrame,2500,2334,93.38
2026-07-13,1,RF-04,Unit I,Spinning,RingFrame,2500,2329,93.16
2026-07-13,1,RF-05,Unit I,Spinning,RingFrame,2500,2322,92.89
2026-07-13,1,RF-06,Unit I,Spinning,RingFrame,2500,2452,98.11
2026-07-13,1,RF-07,Unit I,Spinning,RingFrame,2500,2493,99.74
2026-07-13,1,RF-08,Unit I,Spinning,RingFrame,2500,2336,93.47
2026-07-13,1,RF-09,Unit I,Spinning,RingFrame,2500,2220,88.82
2026-07-13,1,RF-10,Unit I,Spinning,RingFrame,2500,2500,100.0
2026-07-13,1,RF-11,Unit I,Spinning,RingFrame,2500,1938,77.52
2026-07-13,1,RF-12,Unit I,Spinning,RingFrame,2500,2500,100.0
2026-07-13,1,VTX-01,Unit I,Spinning,Vortex,4700,3937,83.77
2026-07-13,1,VTX-02,Unit I,Spinning,Vortex,4700,4510,95.98
2026-07-13,1,VTX-03,Unit I,Spinning,Vortex,4700,4700,100.0
2026-07-13,1,VTX-04,Unit I,Spinning,Vortex,4700,4381,93.23
2026-07-13,1,VTX-05,Unit I,Spinning,Vortex,4700,4412,93.87
2026-07-13,1,VTX-06,Unit I,Spinning,Vortex,4700,3735,79.48
2026-07-13,1,VTX-07,Unit I,Spinning,Vortex,4700,4333,92.21
2026-07-13,1,VTX-08,Unit I,Spinning,Vortex,4700,4391,93.44
2026-07-13,1,VTX-09,Unit I,Spinning,Vortex,4700,4385,93.31
2026-07-13,1,VTX-10,Unit I,Spinning,Vortex,4700,4317,91.86
2026-07-13,1,VTX-11,Unit I,Spinning,Vortex,4700,4700,100.0
2026-07-13,1,VTX-12,Unit I,Spinning,Vortex,4700,4573,97.31
2026-07-13,1,AJ-01,Unit I,Spinning,Airjet,3750,3609,96.25
2026-07-13,1,AJ-02,Unit I,Spinning,Airjet,3750,3714,99.04
2026-07-13,1,AJ-03,Unit I,Spinning,Airjet,3750,3512,93.68
2026-07-13,1,AJ-04,Unit I,Spinning,Airjet,3750,3417,91.13
2026-07-13,1,AJ-05,Unit I,Spinning,Airjet,3750,3449,91.99
2026-07-13,2,TOY-01,Unit I,Weaving,Toyota,21700,20616,95.01
2026-07-13,2,TOY-02,Unit I,Weaving,Toyota,21700,15776,72.7
2026-07-13,2,TOY-03,Unit I,Weaving,Toyota,21700,20072,92.5
2026-07-13,2,TOY-04,Unit I,Weaving,Toyota,21700,20055,92.42
2026-07-13,2,TOY-05,Unit I,Weaving,Toyota,21700,21700,100.0
2026-07-13,2,TOY-06,Unit I,Weaving,Toyota,21700,17605,81.13
2026-07-13,2,TOY-07,Unit I,Weaving,Toyota,21700,20420,94.1
2026-07-13,2,TOY-08,Unit I,Weaving,Toyota,21700,18798,86.63
2026-07-13,2,TOY-09,Unit I,Weaving,Toyota,21700,20747,95.61
2026-07-13,2,TOY-10,Unit I,Weaving,Toyota,21700,21432,98.77
2026-07-13,2,TOY-11,Unit I,Weaving,Toyota,21700,20723,95.5
2026-07-13,2,TOY-12,Unit I,Weaving,Toyota,21700,19890,91.66
2026-07-13,2,TOY-13,Unit I,Weaving,Toyota,21700,18182,83.79
2026-07-13,2,TOY-14,Unit I,Weaving,Toyota,21700,20837,96.03
2026-07-13,2,TOY-15,Unit I,Weaving,Toyota,21700,19773,91.12
2026-07-13,2,TSU-01,Unit I,Weaving,Tsudakoma,15000,13649,91.0
2026-07-13,2,TSU-02,Unit I,Weaving,Tsudakoma,15000,13875,92.51
2026-07-13,2,TSU-03,Unit I,Weaving,Tsudakoma,15000,15000,100.0
2026-07-13,2,TSU-04,Unit I,Weaving,Tsudakoma,15000,15000,100.0
2026-07-13,2,TSU-05,Unit I,Weaving,Tsudakoma,15000,14412,96.09
2026-07-13,2,TSU-06,Unit I,Weaving,Tsudakoma,15000,13901,92.68
2026-07-13,2,TSU-07,Unit I,Weaving,Tsudakoma,15000,13367,89.11
2026-07-13,2,TSU-08,Unit I,Weaving,Tsudakoma,15000,14601,97.34
2026-07-13,2,TSU-09,Unit I,Weaving,Tsudakoma,15000,15000,100.0
2026-07-13,2,TSU-10,Unit I,Weaving,Tsudakoma,15000,14064,93.76
2026-07-13,2,SUL-01,Unit I,Weaving,Sulzer,2700,2243,83.11
2026-07-13,2,SUL-02,Unit I,Weaving,Sulzer,2700,2655,98.35
2026-07-13,2,SUL-03,Unit I,Weaving,Sulzer,2700,2698,99.93
2026-07-13,2,SUL-04,Unit I,Weaving,Sulzer,2700,2350,87.07
2026-07-13,2,SUL-05,Unit I,Weaving,Sulzer,2700,2588,95.88
2026-07-13,2,RF-01,Unit I,Spinning,RingFrame,2500,2431,97.26
2026-07-13,2,RF-02,Unit I,Spinning,RingFrame,2500,2365,94.63
2026-07-13,2,RF-03,Unit I,Spinning,RingFrame,2500,2276,91.05
2026-07-13,2,RF-04,Unit I,Spinning,RingFrame,2500,2500,100.0
2026-07-13,2,RF-05,Unit I,Spinning,RingFrame,2500,2324,92.98
2026-07-13,2,RF-06,Unit I,Spinning,RingFrame,2500,2189,87.57
2026-07-13,2,RF-07,Unit I,Spinning,RingFrame,2500,2118,84.75
2026-07-13,2,RF-08,Unit I,Spinning,RingFrame,2500,2500,100.0
2026-07-13,2,RF-09,Unit I,Spinning,RingFrame,2500,2452,98.08
2026-07-13,2,RF-10,Unit I,Spinning,RingFrame,2500,2385,95.44
2026-07-13,2,RF-11,Unit I,Spinning,RingFrame,2500,1894,75.8
2026-07-13,2,RF-12,Unit I,Spinning,RingFrame,2500,2308,92.36
2026-07-13,2,VTX-01,Unit I,Spinning,Vortex,4700,4212,89.62
2026-07-13,2,VTX-02,Unit I,Spinning,Vortex,4700,4363,92.84
2026-07-13,2,VTX-03,Unit I,Spinning,Vortex,4700,3966,84.4
2026-07-13,2,VTX-04,Unit I,Spinning,Vortex,4700,4292,91.32
2026-07-13,2,VTX-05,Unit I,Spinning,Vortex,4700,4391,93.45
2026-07-13,2,VTX-06,Unit I,Spinning,Vortex,4700,3809,81.05
2026-07-13,2,VTX-07,Unit I,Spinning,Vortex,4700,4455,94.8
2026-07-13,2,VTX-08,Unit I,Spinning,Vortex,4700,4651,98.97
2026-07-13,2,VTX-09,Unit I,Spinning,Vortex,4700,4700,100.0
2026-07-13,2,VTX-10,Unit I,Spinning,Vortex,4700,4700,100.0
2026-07-13,2,VTX-11,Unit I,Spinning,Vortex,4700,4575,97.35
2026-07-13,2,VTX-12,Unit I,Spinning,Vortex,4700,4467,95.06
2026-07-13,2,AJ-01,Unit I,Spinning,Airjet,3750,3378,90.1
2026-07-13,2,AJ-02,Unit I,Spinning,Airjet,3750,3701,98.7
2026-07-13,2,AJ-03,Unit I,Spinning,Airjet,3750,3750,100.0
2026-07-13,2,AJ-04,Unit I,Spinning,Airjet,3750,3626,96.71
2026-07-13,2,AJ-05,Unit I,Spinning,Airjet,3750,3750,100.0
2026-07-13,3,TOY-01,Unit I,Weaving,Toyota,21700,18959,87.37
2026-07-13,3,TOY-02,Unit I,Weaving,Toyota,21700,15673,72.23
2026-07-13,3,TOY-03,Unit I,Weaving,Toyota,21700,21542,99.28
2026-07-13,3,TOY-04,Unit I,Weaving,Toyota,21700,20901,96.32
2026-07-13,3,TOY-05,Unit I,Weaving,Toyota,21700,21700,100.0
2026-07-13,3,TOY-06,Unit I,Weaving,Toyota,21700,20598,94.92
2026-07-13,3,TOY-07,Unit I,Weaving,Toyota,21700,19673,90.66
2026-07-13,3,TOY-08,Unit I,Weaving,Toyota,21700,16694,76.93
2026-07-13,3,TOY-09,Unit I,Weaving,Toyota,21700,18952,87.34
2026-07-13,3,TOY-10,Unit I,Weaving,Toyota,21700,19390,89.36
2026-07-13,3,TOY-11,Unit I,Weaving,Toyota,21700,21670,99.86
2026-07-13,3,TOY-12,Unit I,Weaving,Toyota,21700,21561,99.36
2026-07-13,3,TOY-13,Unit I,Weaving,Toyota,21700,21008,96.82
2026-07-13,3,TOY-14,Unit I,Weaving,Toyota,21700,18747,86.39
2026-07-13,3,TOY-15,Unit I,Weaving,Toyota,21700,20226,93.21
2026-07-13,3,TSU-01,Unit I,Weaving,Tsudakoma,15000,13331,88.88
2026-07-13,3,TSU-02,Unit I,Weaving,Tsudakoma,15000,15000,100.0
2026-07-13,3,TSU-03,Unit I,Weaving,Tsudakoma,15000,13812,92.08
2026-07-13,3,TSU-04,Unit I,Weaving,Tsudakoma,15000,13435,89.57
2026-07-13,3,TSU-05,Unit I,Weaving,Tsudakoma,15000,14272,95.15
2026-07-13,3,TSU-06,Unit I,Weaving,Tsudakoma,15000,13769,91.8
2026-07-13,3,TSU-07,Unit I,Weaving,Tsudakoma,15000,15000,100.0
2026-07-13,3,TSU-08,Unit I,Weaving,Tsudakoma,15000,13698,91.33
2026-07-13,3,TSU-09,Unit I,Weaving,Tsudakoma,15000,13200,88.0
2026-07-13,3,TSU-10,Unit I,Weaving,Tsudakoma,15000,12635,84.24
2026-07-13,3,SUL-01,Unit I,Weaving,Sulzer,2700,2560,94.85
2026-07-13,3,SUL-02,Unit I,Weaving,Sulzer,2700,2489,92.19
2026-07-13,3,SUL-03,Unit I,Weaving,Sulzer,2700,2372,87.86
2026-07-13,3,SUL-04,Unit I,Weaving,Sulzer,2700,2700,100.0
2026-07-13,3,SUL-05,Unit I,Weaving,Sulzer,2700,2655,98.34
2026-07-13,3,RF-01,Unit I,Spinning,RingFrame,2500,2371,94.86
2026-07-13,3,RF-02,Unit I,Spinning,RingFrame,2500,2500,100.0
2026-07-13,3,RF-03,Unit I,Spinning,RingFrame,2500,2457,98.31
2026-07-13,3,RF-04,Unit I,Spinning,RingFrame,2500,2272,90.89
2026-07-13,3,RF-05,Unit I,Spinning,RingFrame,2500,2245,89.8
2026-07-13,3,RF-06,Unit I,Spinning,RingFrame,2500,2477,99.09
2026-07-13,3,RF-07,Unit I,Spinning,RingFrame,2500,2424,96.98
2026-07-13,3,RF-08,Unit I,Spinning,RingFrame,2500,2396,95.85
2026-07-13,3,RF-09,Unit I,Spinning,RingFrame,2500,2269,90.77
2026-07-13,3,RF-10,Unit I,Spinning,RingFrame,2500,2450,98.04
2026-07-13,3,RF-11,Unit I,Spinning,RingFrame,2500,1855,74.22
2026-07-13,3,RF-12,Unit I,Spinning,RingFrame,2500,2362,94.49
2026-07-13,3,VTX-01,Unit I,Spinning,Vortex,4700,4700,100.0
2026-07-13,3,VTX-02,Unit I,Spinning,Vortex,4700,4309,91.7
2026-07-13,3,VTX-03,Unit I,Spinning,Vortex,4700,4095,87.14
2026-07-13,3,VTX-04,Unit I,Spinning,Vortex,4700,4217,89.74
2026-07-13,3,VTX-05,Unit I,Spinning,Vortex,4700,4698,99.97
2026-07-13,3,VTX-06,Unit I,Spinning,Vortex,4700,3725,79.27
2026-07-13,3,VTX-07,Unit I,Spinning,Vortex,4700,4434,94.36
2026-07-13,3,VTX-08,Unit I,Spinning,Vortex,4700,4345,92.45
2026-07-13,3,VTX-09,Unit I,Spinning,Vortex,4700,4579,97.43
2026-07-13,3,VTX-10,Unit I,Spinning,Vortex,4700,4265,90.75
2026-07-13,3,VTX-11,Unit I,Spinning,Vortex,4700,4536,96.53
2026-07-13,3,VTX-12,Unit I,Spinning,Vortex,4700,4293,91.34
2026-07-13,3,AJ-01,Unit I,Spinning,Airjet,3750,3394,90.51
2026-07-13,3,AJ-02,Unit I,Spinning,Airjet,3750,3442,91.81
2026-07-13,3,AJ-03,Unit I,Spinning,Airjet,3750,3492,93.12
2026-07-13,3,AJ-04,Unit I,Spinning,Airjet,3750,3553,94.76
2026-07-13,3,AJ-05,Unit I,Spinning,Airjet,3750,3606,96.18
2026-07-14,1,TOY-01,Unit I,Weaving,Toyota,21700,16613,76.56
2026-07-14,1,TOY-02,Unit I,Weaving,Toyota,21700,16049,73.96
2026-07-14,1,TOY-03,Unit I,Weaving,Toyota,21700,20190,93.04
2026-07-14,1,TOY-04,Unit I,Weaving,Toyota,21700,21700,100.0
2026-07-14,1,TOY-05,Unit I,Weaving,Toyota,21700,19443,89.6
2026-07-14,1,TOY-06,Unit I,Weaving,Toyota,21700,20791,95.81
2026-07-14,1,TOY-07,Unit I,Weaving,Toyota,21700,21700,100.0
2026-07-14,1,TOY-08,Unit I,Weaving,Toyota,21700,15501,71.44
2026-07-14,1,TOY-09,Unit I,Weaving,Toyota,21700,21042,96.97
2026-07-14,1,TOY-10,Unit I,Weaving,Toyota,21700,19744,90.99
2026-07-14,1,TOY-11,Unit I,Weaving,Toyota,21700,20067,92.48
2026-07-14,1,TOY-12,Unit I,Weaving,Toyota,21700,19743,90.98
2026-07-14,1,TOY-13,Unit I,Weaving,Toyota,21700,19820,91.34
2026-07-14,1,TOY-14,Unit I,Weaving,Toyota,21700,21700,100.0
2026-07-14,1,TOY-15,Unit I,Weaving,Toyota,21700,21531,99.22
2026-07-14,1,TSU-01,Unit I,Weaving,Tsudakoma,15000,15000,100.0
2026-07-14,1,TSU-02,Unit I,Weaving,Tsudakoma,15000,14618,97.46
2026-07-14,1,TSU-03,Unit I,Weaving,Tsudakoma,15000,13045,86.97
2026-07-14,1,TSU-04,Unit I,Weaving,Tsudakoma,15000,14546,96.97
2026-07-14,1,TSU-05,Unit I,Weaving,Tsudakoma,15000,15000,100.0
2026-07-14,1,TSU-06,Unit I,Weaving,Tsudakoma,15000,13609,90.73
2026-07-14,1,TSU-07,Unit I,Weaving,Tsudakoma,15000,14973,99.83
2026-07-14,1,TSU-08,Unit I,Weaving,Tsudakoma,15000,14778,98.52
2026-07-14,1,TSU-09,Unit I,Weaving,Tsudakoma,15000,15000,100.0
2026-07-14,1,TSU-10,Unit I,Weaving,Tsudakoma,15000,13936,92.91
2026-07-14,1,SUL-01,Unit I,Weaving,Sulzer,2700,2416,89.51
2026-07-14,1,SUL-02,Unit I,Weaving,Sulzer,2700,2516,93.19
2026-07-14,1,SUL-03,Unit I,Weaving,Sulzer,2700,2700,100.0
2026-07-14,1,SUL-04,Unit I,Weaving,Sulzer,2700,2318,85.86
2026-07-14,1,SUL-05,Unit I,Weaving,Sulzer,2700,2285,84.66
2026-07-14,1,RF-01,Unit I,Spinning,RingFrame,2500,2386,95.45
2026-07-14,1,RF-02,Unit I,Spinning,RingFrame,2500,2319,92.79
2026-07-14,1,RF-03,Unit I,Spinning,RingFrame,2500,2375,95.04
2026-07-14,1,RF-04,Unit I,Spinning,RingFrame,2500,2493,99.73
2026-07-14,1,RF-05,Unit I,Spinning,RingFrame,2500,2305,92.24
2026-07-14,1,RF-06,Unit I,Spinning,RingFrame,2500,2140,85.63
2026-07-14,1,RF-07,Unit I,Spinning,RingFrame,2500,2500,100.0
2026-07-14,1,RF-08,Unit I,Spinning,RingFrame,2500,2250,90.01
2026-07-14,1,RF-09,Unit I,Spinning,RingFrame,2500,2242,89.7
2026-07-14,1,RF-10,Unit I,Spinning,RingFrame,2500,2500,100.0
2026-07-14,1,RF-11,Unit I,Spinning,RingFrame,2500,1901,76.08
2026-07-14,1,RF-12,Unit I,Spinning,RingFrame,2500,2367,94.68
2026-07-14,1,VTX-01,Unit I,Spinning,Vortex,4700,4578,97.41
2026-07-14,1,VTX-02,Unit I,Spinning,Vortex,4700,4700,100.0
2026-07-14,1,VTX-03,Unit I,Spinning,Vortex,4700,4386,93.33
2026-07-14,1,VTX-04,Unit I,Spinning,Vortex,4700,4700,100.0
2026-07-14,1,VTX-05,Unit I,Spinning,Vortex,4700,3963,84.32
2026-07-14,1,VTX-06,Unit I,Spinning,Vortex,4700,3844,81.8
2026-07-14,1,VTX-07,Unit I,Spinning,Vortex,4700,4267,90.8
2026-07-14,1,VTX-08,Unit I,Spinning,Vortex,4700,4700,100.0
2026-07-14,1,VTX-09,Unit I,Spinning,Vortex,4700,4498,95.71
2026-07-14,1,VTX-10,Unit I,Spinning,Vortex,4700,4306,91.64
2026-07-14,1,VTX-11,Unit I,Spinning,Vortex,4700,4620,98.31
2026-07-14,1,VTX-12,Unit I,Spinning,Vortex,4700,4674,99.47
2026-07-14,1,AJ-01,Unit I,Spinning,Airjet,3750,3682,98.21
2026-07-14,1,AJ-02,Unit I,Spinning,Airjet,3750,3369,89.85
2026-07-14,1,AJ-03,Unit I,Spinning,Airjet,3750,3471,92.58
2026-07-14,1,AJ-04,Unit I,Spinning,Airjet,3750,3561,94.98
2026-07-14,1,AJ-05,Unit I,Spinning,Airjet,3750,3554,94.79
2026-07-14,2,TOY-01,Unit I,Weaving,Toyota,21700,21428,98.75
2026-07-14,2,TOY-02,Unit I,Weaving,Toyota,21700,14739,67.93
2026-07-14,2,TOY-03,Unit I,Weaving,Toyota,21700,20977,96.67
2026-07-14,2,TOY-04,Unit I,Weaving,Toyota,21700,20300,93.55
2026-07-14,2,TOY-05,Unit I,Weaving,Toyota,21700,19705,90.81
2026-07-14,2,TOY-06,Unit I,Weaving,Toyota,21700,19809,91.29
2026-07-14,2,TOY-07,Unit I,Weaving,Toyota,21700,20382,93.93
2026-07-14,2,TOY-08,Unit I,Weaving,Toyota,21700,13018,59.99
2026-07-14,2,TOY-09,Unit I,Weaving,Toyota,21700,19854,91.49
2026-07-14,2,TOY-10,Unit I,Weaving,Toyota,21700,19664,90.62
2026-07-14,2,TOY-11,Unit I,Weaving,Toyota,21700,21193,97.66
2026-07-14,2,TOY-12,Unit I,Weaving,Toyota,21700,19741,90.97
2026-07-14,2,TOY-13,Unit I,Weaving,Toyota,21700,20381,93.92
2026-07-14,2,TOY-14,Unit I,Weaving,Toyota,21700,21700,100.0
2026-07-14,2,TOY-15,Unit I,Weaving,Toyota,21700,21693,99.97
2026-07-14,2,TSU-01,Unit I,Weaving,Tsudakoma,15000,14926,99.51
2026-07-14,2,TSU-02,Unit I,Weaving,Tsudakoma,15000,13875,92.5
2026-07-14,2,TSU-03,Unit I,Weaving,Tsudakoma,15000,14657,97.72
2026-07-14,2,TSU-04,Unit I,Weaving,Tsudakoma,15000,14074,93.83
2026-07-14,2,TSU-05,Unit I,Weaving,Tsudakoma,15000,14102,94.02
2026-07-14,2,TSU-06,Unit I,Weaving,Tsudakoma,15000,14557,97.05
2026-07-14,2,TSU-07,Unit I,Weaving,Tsudakoma,15000,13802,92.02
2026-07-14,2,TSU-08,Unit I,Weaving,Tsudakoma,15000,15000,100.0
2026-07-14,2,TSU-09,Unit I,Weaving,Tsudakoma,15000,14129,94.2
2026-07-14,2,TSU-10,Unit I,Weaving,Tsudakoma,15000,14713,98.09
2026-07-14,2,SUL-01,Unit I,Weaving,Sulzer,2700,2700,100.0
2026-07-14,2,SUL-02,Unit I,Weaving,Sulzer,2700,2700,100.0
2026-07-14,2,SUL-03,Unit I,Weaving,Sulzer,2700,2374,87.96
2026-07-14,2,SUL-04,Unit I,Weaving,Sulzer,2700,2625,97.22
2026-07-14,2,SUL-05,Unit I,Weaving,Sulzer,2700,2679,99.25
2026-07-14,2,RF-01,Unit I,Spinning,RingFrame,2500,2486,99.46
2026-07-14,2,RF-02,Unit I,Spinning,RingFrame,2500,2235,89.43
2026-07-14,2,RF-03,Unit I,Spinning,RingFrame,2500,2292,91.71
2026-07-14,2,RF-04,Unit I,Spinning,RingFrame,2500,2499,99.97
2026-07-14,2,RF-05,Unit I,Spinning,RingFrame,2500,2279,91.19
2026-07-14,2,RF-06,Unit I,Spinning,RingFrame,2500,2337,93.5
2026-07-14,2,RF-07,Unit I,Spinning,RingFrame,2500,2500,100.0
2026-07-14,2,RF-08,Unit I,Spinning,RingFrame,2500,2369,94.76
2026-07-14,2,RF-09,Unit I,Spinning,RingFrame,2500,2284,91.37
2026-07-14,2,RF-10,Unit I,Spinning,RingFrame,2500,2265,90.61
2026-07-14,2,RF-11,Unit I,Spinning,RingFrame,2500,1991,79.66
2026-07-14,2,RF-12,Unit I,Spinning,RingFrame,2500,2208,88.33
2026-07-14,2,VTX-01,Unit I,Spinning,Vortex,4700,4406,93.76
2026-07-14,2,VTX-02,Unit I,Spinning,Vortex,4700,4543,96.67
2026-07-14,2,VTX-03,Unit I,Spinning,Vortex,4700,4700,100.0
2026-07-14,2,VTX-04,Unit I,Spinning,Vortex,4700,4621,98.34
2026-07-14,2,VTX-05,Unit I,Spinning,Vortex,4700,4297,91.43
2026-07-14,2,VTX-06,Unit I,Spinning,Vortex,4700,3942,83.89
2026-07-14,2,VTX-07,Unit I,Spinning,Vortex,4700,4394,93.5
2026-07-14,2,VTX-08,Unit I,Spinning,Vortex,4700,4174,88.82
2026-07-14,2,VTX-09,Unit I,Spinning,Vortex,4700,4424,94.14
2026-07-14,2,VTX-10,Unit I,Spinning,Vortex,4700,4700,100.0
2026-07-14,2,VTX-11,Unit I,Spinning,Vortex,4700,4503,95.83
2026-07-14,2,VTX-12,Unit I,Spinning,Vortex,4700,4467,95.06
2026-07-14,2,AJ-01,Unit I,Spinning,Airjet,3750,3750,100.0
2026-07-14,2,AJ-02,Unit I,Spinning,Airjet,3750,3294,87.84
2026-07-14,2,AJ-03,Unit I,Spinning,Airjet,3750,3321,88.57
2026-07-14,2,AJ-04,Unit I,Spinning,Airjet,3750,3259,86.92
2026-07-14,2,AJ-05,Unit I,Spinning,Airjet,3750,3632,96.86
2026-07-14,3,TOY-01,Unit I,Weaving,Toyota,21700,20795,95.83
2026-07-14,3,TOY-02,Unit I,Weaving,Toyota,21700,18599,85.71
2026-07-14,3,TOY-03,Unit I,Weaving,Toyota,21700,20879,96.22
2026-07-14,3,TOY-04,Unit I,Weaving,Toyota,21700,20176,92.98
2026-07-14,3,TOY-05,Unit I,Weaving,Toyota,21700,20616,95.01
2026-07-14,3,TOY-06,Unit I,Weaving,Toyota,21700,20742,95.59
2026-07-14,3,TOY-07,Unit I,Weaving,Toyota,21700,18801,86.64
2026-07-14,3,TOY-08,Unit I,Weaving,Toyota,21700,19866,91.55
2026-07-14,3,TOY-09,Unit I,Weaving,Toyota,21700,21179,97.6
2026-07-14,3,TOY-10,Unit I,Weaving,Toyota,21700,20842,96.05
2026-07-14,3,TOY-11,Unit I,Weaving,Toyota,21700,21282,98.08
2026-07-14,3,TOY-12,Unit I,Weaving,Toyota,21700,21384,98.55
2026-07-14,3,TOY-13,Unit I,Weaving,Toyota,21700,20462,94.3
2026-07-14,3,TOY-14,Unit I,Weaving,Toyota,21700,19930,91.84
2026-07-14,3,TOY-15,Unit I,Weaving,Toyota,21700,21265,98.0
2026-07-14,3,TSU-01,Unit I,Weaving,Tsudakoma,15000,14539,96.93
2026-07-14,3,TSU-02,Unit I,Weaving,Tsudakoma,15000,13642,90.95
2026-07-14,3,TSU-03,Unit I,Weaving,Tsudakoma,15000,15000,100.0
2026-07-14,3,TSU-04,Unit I,Weaving,Tsudakoma,15000,14470,96.47
2026-07-14,3,TSU-05,Unit I,Weaving,Tsudakoma,15000,14797,98.65
2026-07-14,3,TSU-06,Unit I,Weaving,Tsudakoma,15000,15000,100.0
2026-07-14,3,TSU-07,Unit I,Weaving,Tsudakoma,15000,14266,95.11
2026-07-14,3,TSU-08,Unit I,Weaving,Tsudakoma,15000,14487,96.58
2026-07-14,3,TSU-09,Unit I,Weaving,Tsudakoma,15000,14857,99.05
2026-07-14,3,TSU-10,Unit I,Weaving,Tsudakoma,15000,13706,91.38
2026-07-14,3,SUL-01,Unit I,Weaving,Sulzer,2700,2572,95.27
2026-07-14,3,SUL-02,Unit I,Weaving,Sulzer,2700,2581,95.63
2026-07-14,3,SUL-03,Unit I,Weaving,Sulzer,2700,2435,90.22
2026-07-14,3,SUL-04,Unit I,Weaving,Sulzer,2700,2700,100.0
2026-07-14,3,SUL-05,Unit I,Weaving,Sulzer,2700,2375,87.96
2026-07-14,3,RF-01,Unit I,Spinning,RingFrame,2500,2212,88.51
2026-07-14,3,RF-02,Unit I,Spinning,RingFrame,2500,2500,100.0
2026-07-14,3,RF-03,Unit I,Spinning,RingFrame,2500,2464,98.57
2026-07-14,3,RF-04,Unit I,Spinning,RingFrame,2500,2246,89.87
2026-07-14,3,RF-05,Unit I,Spinning,RingFrame,2500,2450,98.04
2026-07-14,3,RF-06,Unit I,Spinning,RingFrame,2500,2500,100.0
2026-07-14,3,RF-07,Unit I,Spinning,RingFrame,2500,2371,94.85
2026-07-14,3,RF-08,Unit I,Spinning,RingFrame,2500,2500,100.0
2026-07-14,3,RF-09,Unit I,Spinning,RingFrame,2500,2159,86.38
2026-07-14,3,RF-10,Unit I,Spinning,RingFrame,2500,2461,98.47
2026-07-14,3,RF-11,Unit I,Spinning,RingFrame,2500,2095,83.83
2026-07-14,3,RF-12,Unit I,Spinning,RingFrame,2500,2486,99.46
2026-07-14,3,VTX-01,Unit I,Spinning,Vortex,4700,4416,93.98
2026-07-14,3,VTX-02,Unit I,Spinning,Vortex,4700,4396,93.55
2026-07-14,3,VTX-03,Unit I,Spinning,Vortex,4700,4569,97.22
2026-07-14,3,VTX-04,Unit I,Spinning,Vortex,4700,4656,99.08
2026-07-14,3,VTX-05,Unit I,Spinning,Vortex,4700,4606,98.01
2026-07-14,3,VTX-06,Unit I,Spinning,Vortex,4700,3910,83.2
2026-07-14,3,VTX-07,Unit I,Spinning,Vortex,4700,4225,89.91
2026-07-14,3,VTX-08,Unit I,Spinning,Vortex,4700,4411,93.86
2026-07-14,3,VTX-09,Unit I,Spinning,Vortex,4700,4244,90.3
2026-07-14,3,VTX-10,Unit I,Spinning,Vortex,4700,4374,93.07
2026-07-14,3,VTX-11,Unit I,Spinning,Vortex,4700,4700,100.0
2026-07-14,3,VTX-12,Unit I,Spinning,Vortex,4700,4490,95.54
2026-07-14,3,AJ-01,Unit I,Spinning,Airjet,3750,3750,100.0
2026-07-14,3,AJ-02,Unit I,Spinning,Airjet,3750,3598,95.97
2026-07-14,3,AJ-03,Unit I,Spinning,Airjet,3750,3573,95.3
2026-07-14,3,AJ-04,Unit I,Spinning,Airjet,3750,3582,95.53
2026-07-14,3,AJ-05,Unit I,Spinning,Airjet,3750,3442,91.81
2026-07-15,1,TOY-01,Unit I,Weaving,Toyota,21700,20552,94.71
2026-07-15,1,TOY-02,Unit I,Weaving,Toyota,21700,18149,83.64
2026-07-15,1,TOY-03,Unit I,Weaving,Toyota,21700,20738,95.57
2026-07-15,1,TOY-04,Unit I,Weaving,Toyota,21700,19754,91.03
2026-07-15,1,TOY-05,Unit I,Weaving,Toyota,21700,19611,90.37
2026-07-15,1,TOY-06,Unit I,Weaving,Toyota,21700,20126,92.75
2026-07-15,1,TOY-07,Unit I,Weaving,Toyota,21700,20695,95.37
2026-07-15,1,TOY-08,Unit I,Weaving,Toyota,21700,18221,83.97
2026-07-15,1,TOY-09,Unit I,Weaving,Toyota,21700,19160,88.3
2026-07-15,1,TOY-10,Unit I,Weaving,Toyota,21700,20267,93.4
2026-07-15,1,TOY-11,Unit I,Weaving,Toyota,21700,20771,95.72
2026-07-15,1,TOY-12,Unit I,Weaving,Toyota,21700,18625,85.83
2026-07-15,1,TOY-13,Unit I,Weaving,Toyota,21700,19710,90.83
2026-07-15,1,TOY-14,Unit I,Weaving,Toyota,21700,19877,91.6
2026-07-15,1,TOY-15,Unit I,Weaving,Toyota,21700,19751,91.02
2026-07-15,1,TSU-01,Unit I,Weaving,Tsudakoma,15000,14393,95.96
2026-07-15,1,TSU-02,Unit I,Weaving,Tsudakoma,15000,14129,94.2
2026-07-15,1,TSU-03,Unit I,Weaving,Tsudakoma,15000,13833,92.22
2026-07-15,1,TSU-04,Unit I,Weaving,Tsudakoma,15000,14570,97.14
2026-07-15,1,TSU-05,Unit I,Weaving,Tsudakoma,15000,15000,100.0
2026-07-15,1,TSU-06,Unit I,Weaving,Tsudakoma,15000,15000,100.0
2026-07-15,1,TSU-07,Unit I,Weaving,Tsudakoma,15000,12807,85.39
2026-07-15,1,TSU-08,Unit I,Weaving,Tsudakoma,15000,14682,97.89
2026-07-15,1,TSU-09,Unit I,Weaving,Tsudakoma,15000,14116,94.11
2026-07-15,1,TSU-10,Unit I,Weaving,Tsudakoma,15000,14366,95.78
2026-07-15,1,SUL-01,Unit I,Weaving,Sulzer,2700,2511,93.01
2026-07-15,1,SUL-02,Unit I,Weaving,Sulzer,2700,2580,95.59
2026-07-15,1,SUL-03,Unit I,Weaving,Sulzer,2700,2585,95.76
2026-07-15,1,SUL-04,Unit I,Weaving,Sulzer,2700,2486,92.11
2026-07-15,1,SUL-05,Unit I,Weaving,Sulzer,2700,2443,90.52
2026-07-15,1,RF-01,Unit I,Spinning,RingFrame,2500,2318,92.76
2026-07-15,1,RF-02,Unit I,Spinning,RingFrame,2500,2404,96.17
2026-07-15,1,RF-03,Unit I,Spinning,RingFrame,2500,2449,97.99
2026-07-15,1,RF-04,Unit I,Spinning,RingFrame,2500,2481,99.27
2026-07-15,1,RF-05,Unit I,Spinning,RingFrame,2500,2313,92.53
2026-07-15,1,RF-06,Unit I,Spinning,RingFrame,2500,2410,96.42
2026-07-15,1,RF-07,Unit I,Spinning,RingFrame,2500,2495,99.81
2026-07-15,1,RF-08,Unit I,Spinning,RingFrame,2500,2500,100.0
2026-07-15,1,RF-09,Unit I,Spinning,RingFrame,2500,2367,94.71
2026-07-15,1,RF-10,Unit I,Spinning,RingFrame,2500,2347,93.9
2026-07-15,1,RF-11,Unit I,Spinning,RingFrame,2500,1973,78.96
2026-07-15,1,RF-12,Unit I,Spinning,RingFrame,2500,2231,89.25
2026-07-15,1,VTX-01,Unit I,Spinning,Vortex,4700,4419,94.03
2026-07-15,1,VTX-02,Unit I,Spinning,Vortex,4700,4639,98.72
2026-07-15,1,VTX-03,Unit I,Spinning,Vortex,4700,4615,98.21
2026-07-15,1,VTX-04,Unit I,Spinning,Vortex,4700,4401,93.65
2026-07-15,1,VTX-05,Unit I,Spinning,Vortex,4700,4516,96.09
2026-07-15,1,VTX-06,Unit I,Spinning,Vortex,4700,3472,73.88
2026-07-15,1,VTX-07,Unit I,Spinning,Vortex,4700,4630,98.52
2026-07-15,1,VTX-08,Unit I,Spinning,Vortex,4700,4446,94.61
2026-07-15,1,VTX-09,Unit I,Spinning,Vortex,4700,4400,93.62
2026-07-15,1,VTX-10,Unit I,Spinning,Vortex,4700,4379,93.19
2026-07-15,1,VTX-11,Unit I,Spinning,Vortex,4700,4450,94.69
2026-07-15,1,VTX-12,Unit I,Spinning,Vortex,4700,4359,92.76
2026-07-15,1,AJ-01,Unit I,Spinning,Airjet,3750,3685,98.29
2026-07-15,1,AJ-02,Unit I,Spinning,Airjet,3750,3488,93.02
2026-07-15,1,AJ-03,Unit I,Spinning,Airjet,3750,3750,100.0
2026-07-15,1,AJ-04,Unit I,Spinning,Airjet,3750,3750,100.0
2026-07-15,1,AJ-05,Unit I,Spinning,Airjet,3750,3395,90.54
2026-07-15,2,TOY-01,Unit I,Weaving,Toyota,21700,20690,95.35
2026-07-15,2,TOY-02,Unit I,Weaving,Toyota,21700,16220,74.75
2026-07-15,2,TOY-03,Unit I,Weaving,Toyota,21700,20260,93.37
2026-07-15,2,TOY-04,Unit I,Weaving,Toyota,21700,21700,100.0
2026-07-15,2,TOY-05,Unit I,Weaving,Toyota,21700,20281,93.46
2026-07-15,2,TOY-06,Unit I,Weaving,Toyota,21700,21005,96.8
2026-07-15,2,TOY-07,Unit I,Weaving,Toyota,21700,21202,97.71
2026-07-15,2,TOY-08,Unit I,Weaving,Toyota,21700,15840,73.0
2026-07-15,2,TOY-09,Unit I,Weaving,Toyota,21700,19687,90.72
2026-07-15,2,TOY-10,Unit I,Weaving,Toyota,21700,19306,88.97
2026-07-15,2,TOY-11,Unit I,Weaving,Toyota,21700,19653,90.57
2026-07-15,2,TOY-12,Unit I,Weaving,Toyota,21700,17522,80.75
2026-07-15,2,TOY-13,Unit I,Weaving,Toyota,21700,21205,97.72
2026-07-15,2,TOY-14,Unit I,Weaving,Toyota,21700,21700,100.0
2026-07-15,2,TOY-15,Unit I,Weaving,Toyota,21700,20775,95.74
2026-07-15,2,TSU-01,Unit I,Weaving,Tsudakoma,15000,13187,87.92
2026-07-15,2,TSU-02,Unit I,Weaving,Tsudakoma,15000,13767,91.79
2026-07-15,2,TSU-03,Unit I,Weaving,Tsudakoma,15000,13905,92.71
2026-07-15,2,TSU-04,Unit I,Weaving,Tsudakoma,15000,13486,89.91
2026-07-15,2,TSU-05,Unit I,Weaving,Tsudakoma,15000,14895,99.3
2026-07-15,2,TSU-06,Unit I,Weaving,Tsudakoma,15000,14857,99.05
2026-07-15,2,TSU-07,Unit I,Weaving,Tsudakoma,15000,13383,89.22
2026-07-15,2,TSU-08,Unit I,Weaving,Tsudakoma,15000,14793,98.63
2026-07-15,2,TSU-09,Unit I,Weaving,Tsudakoma,15000,15000,100.0
2026-07-15,2,TSU-10,Unit I,Weaving,Tsudakoma,15000,15000,100.0
2026-07-15,2,SUL-01,Unit I,Weaving,Sulzer,2700,2700,100.0
2026-07-15,2,SUL-02,Unit I,Weaving,Sulzer,2700,2443,90.49
2026-07-15,2,SUL-03,Unit I,Weaving,Sulzer,2700,2700,100.0
2026-07-15,2,SUL-04,Unit I,Weaving,Sulzer,2700,2517,93.23
2026-07-15,2,SUL-05,Unit I,Weaving,Sulzer,2700,2485,92.04
2026-07-15,2,RF-01,Unit I,Spinning,RingFrame,2500,2415,96.64
2026-07-15,2,RF-02,Unit I,Spinning,RingFrame,2500,2302,92.09
2026-07-15,2,RF-03,Unit I,Spinning,RingFrame,2500,2424,97.0
2026-07-15,2,RF-04,Unit I,Spinning,RingFrame,2500,2209,88.4
2026-07-15,2,RF-05,Unit I,Spinning,RingFrame,2500,2345,93.81
2026-07-15,2,RF-06,Unit I,Spinning,RingFrame,2500,2500,100.0
2026-07-15,2,RF-07,Unit I,Spinning,RingFrame,2500,2367,94.71
2026-07-15,2,RF-08,Unit I,Spinning,RingFrame,2500,2392,95.71
2026-07-15,2,RF-09,Unit I,Spinning,RingFrame,2500,2434,97.38
2026-07-15,2,RF-10,Unit I,Spinning,RingFrame,2500,2500,100.0
2026-07-15,2,RF-11,Unit I,Spinning,RingFrame,2500,1743,69.72
2026-07-15,2,RF-12,Unit I,Spinning,RingFrame,2500,2448,97.92
2026-07-15,2,VTX-01,Unit I,Spinning,Vortex,4700,4401,93.66
2026-07-15,2,VTX-02,Unit I,Spinning,Vortex,4700,4504,95.83
2026-07-15,2,VTX-03,Unit I,Spinning,Vortex,4700,4700,100.0
2026-07-15,2,VTX-04,Unit I,Spinning,Vortex,4700,4184,89.03
2026-07-15,2,VTX-05,Unit I,Spinning,Vortex,4700,4227,89.94
2026-07-15,2,VTX-06,Unit I,Spinning,Vortex,4700,3211,68.32
2026-07-15,2,VTX-07,Unit I,Spinning,Vortex,4700,4335,92.25
2026-07-15,2,VTX-08,Unit I,Spinning,Vortex,4700,4700,100.0
2026-07-15,2,VTX-09,Unit I,Spinning,Vortex,4700,4436,94.4
2026-07-15,2,VTX-10,Unit I,Spinning,Vortex,4700,4150,88.3
2026-07-15,2,VTX-11,Unit I,Spinning,Vortex,4700,4350,92.57
2026-07-15,2,VTX-12,Unit I,Spinning,Vortex,4700,4115,87.56
2026-07-15,2,AJ-01,Unit I,Spinning,Airjet,3750,3351,89.37
2026-07-15,2,AJ-02,Unit I,Spinning,Airjet,3750,3635,96.94
2026-07-15,2,AJ-03,Unit I,Spinning,Airjet,3750,3342,89.13
2026-07-15,2,AJ-04,Unit I,Spinning,Airjet,3750,3750,100.0
2026-07-15,2,AJ-05,Unit I,Spinning,Airjet,3750,3549,94.64
2026-07-15,3,TOY-01,Unit I,Weaving,Toyota,21700,20707,95.43
2026-07-15,3,TOY-02,Unit I,Weaving,Toyota,21700,16623,76.61
2026-07-15,3,TOY-03,Unit I,Weaving,Toyota,21700,21453,98.86
2026-07-15,3,TOY-04,Unit I,Weaving,Toyota,21700,21464,98.92
2026-07-15,3,TOY-05,Unit I,Weaving,Toyota,21700,20978,96.68
2026-07-15,3,TOY-06,Unit I,Weaving,Toyota,21700,21227,97.82
2026-07-15,3,TOY-07,Unit I,Weaving,Toyota,21700,20384,93.94
2026-07-15,3,TOY-08,Unit I,Weaving,Toyota,21700,17514,80.71
2026-07-15,3,TOY-09,Unit I,Weaving,Toyota,21700,20248,93.31
2026-07-15,3,TOY-10,Unit I,Weaving,Toyota,21700,20617,95.01
2026-07-15,3,TOY-11,Unit I,Weaving,Toyota,21700,20317,93.63
2026-07-15,3,TOY-12,Unit I,Weaving,Toyota,21700,20118,92.71
2026-07-15,3,TOY-13,Unit I,Weaving,Toyota,21700,19867,91.55
2026-07-15,3,TOY-14,Unit I,Weaving,Toyota,21700,21122,97.34
2026-07-15,3,TOY-15,Unit I,Weaving,Toyota,21700,21700,100.0
2026-07-15,3,TSU-01,Unit I,Weaving,Tsudakoma,15000,15000,100.0
2026-07-15,3,TSU-02,Unit I,Weaving,Tsudakoma,15000,13307,88.72
2026-07-15,3,TSU-03,Unit I,Weaving,Tsudakoma,15000,15000,100.0
2026-07-15,3,TSU-04,Unit I,Weaving,Tsudakoma,15000,14011,93.41
2026-07-15,3,TSU-05,Unit I,Weaving,Tsudakoma,15000,14700,98.0
2026-07-15,3,TSU-06,Unit I,Weaving,Tsudakoma,15000,13570,90.47
2026-07-15,3,TSU-07,Unit I,Weaving,Tsudakoma,15000,14356,95.71
2026-07-15,3,TSU-08,Unit I,Weaving,Tsudakoma,15000,14485,96.57
2026-07-15,3,TSU-09,Unit I,Weaving,Tsudakoma,15000,13136,87.58
2026-07-15,3,TSU-10,Unit I,Weaving,Tsudakoma,15000,14706,98.04
2026-07-15,3,SUL-01,Unit I,Weaving,Sulzer,2700,2700,100.0
2026-07-15,3,SUL-02,Unit I,Weaving,Sulzer,2700,2541,94.13
2026-07-15,3,SUL-03,Unit I,Weaving,Sulzer,2700,2700,100.0
2026-07-15,3,SUL-04,Unit I,Weaving,Sulzer,2700,2539,94.05
2026-07-15,3,SUL-05,Unit I,Weaving,Sulzer,2700,2679,99.25
2026-07-15,3,RF-01,Unit I,Spinning,RingFrame,2500,2097,83.91
2026-07-15,3,RF-02,Unit I,Spinning,RingFrame,2500,2500,100.0
2026-07-15,3,RF-03,Unit I,Spinning,RingFrame,2500,2500,100.0
2026-07-15,3,RF-04,Unit I,Spinning,RingFrame,2500,2339,93.58
2026-07-15,3,RF-05,Unit I,Spinning,RingFrame,2500,2128,85.14
2026-07-15,3,RF-06,Unit I,Spinning,RingFrame,2500,2411,96.44
2026-07-15,3,RF-07,Unit I,Spinning,RingFrame,2500,2194,87.78
2026-07-15,3,RF-08,Unit I,Spinning,RingFrame,2500,2430,97.22
2026-07-15,3,RF-09,Unit I,Spinning,RingFrame,2500,2426,97.06
2026-07-15,3,RF-10,Unit I,Spinning,RingFrame,2500,2257,90.29
2026-07-15,3,RF-11,Unit I,Spinning,RingFrame,2500,2090,83.6
2026-07-15,3,RF-12,Unit I,Spinning,RingFrame,2500,2475,99.03
2026-07-15,3,VTX-01,Unit I,Spinning,Vortex,4700,4694,99.88
2026-07-15,3,VTX-02,Unit I,Spinning,Vortex,4700,4467,95.04
2026-07-15,3,VTX-03,Unit I,Spinning,Vortex,4700,4132,87.92
2026-07-15,3,VTX-04,Unit I,Spinning,Vortex,4700,4694,99.89
2026-07-15,3,VTX-05,Unit I,Spinning,Vortex,4700,4401,93.65
2026-07-15,3,VTX-06,Unit I,Spinning,Vortex,4700,3339,71.05
2026-07-15,3,VTX-07,Unit I,Spinning,Vortex,4700,4700,100.0
2026-07-15,3,VTX-08,Unit I,Spinning,Vortex,4700,4700,100.0
2026-07-15,3,VTX-09,Unit I,Spinning,Vortex,4700,4455,94.79
2026-07-15,3,VTX-10,Unit I,Spinning,Vortex,4700,4700,100.0
2026-07-15,3,VTX-11,Unit I,Spinning,Vortex,4700,4486,95.46
2026-07-15,3,VTX-12,Unit I,Spinning,Vortex,4700,4375,93.1
2026-07-15,3,AJ-01,Unit I,Spinning,Airjet,3750,3444,91.85
2026-07-15,3,AJ-02,Unit I,Spinning,Airjet,3750,3750,100.0
2026-07-15,3,AJ-03,Unit I,Spinning,Airjet,3750,3416,91.1
2026-07-15,3,AJ-04,Unit I,Spinning,Airjet,3750,3700,98.68
2026-07-15,3,AJ-05,Unit I,Spinning,Airjet,3750,3457,92.2
2026-07-16,1,TOY-01,Unit I,Weaving,Toyota,21700,20115,92.7
2026-07-16,1,TOY-02,Unit I,Weaving,Toyota,21700,18043,83.15
2026-07-16,1,TOY-03,Unit I,Weaving,Toyota,21700,20202,93.1
2026-07-16,1,TOY-04,Unit I,Weaving,Toyota,21700,20175,92.98
2026-07-16,1,TOY-05,Unit I,Weaving,Toyota,21700,21700,100.0
2026-07-16,1,TOY-06,Unit I,Weaving,Toyota,21700,21700,100.0
2026-07-16,1,TOY-07,Unit I,Weaving,Toyota,21700,21314,98.22
2026-07-16,1,TOY-08,Unit I,Weaving,Toyota,21700,16215,74.73
2026-07-16,1,TOY-09,Unit I,Weaving,Toyota,21700,20060,92.45
2026-07-16,1,TOY-10,Unit I,Weaving,Toyota,21700,20701,95.4
2026-07-16,1,TOY-11,Unit I,Weaving,Toyota,21700,20963,96.6
2026-07-16,1,TOY-12,Unit I,Weaving,Toyota,21700,19543,90.06
2026-07-16,1,TOY-13,Unit I,Weaving,Toyota,21700,21399,98.62
2026-07-16,1,TOY-14,Unit I,Weaving,Toyota,21700,20707,95.43
2026-07-16,1,TOY-15,Unit I,Weaving,Toyota,21700,18753,86.42
2026-07-16,1,TSU-01,Unit I,Weaving,Tsudakoma,15000,13553,90.36
2026-07-16,1,TSU-02,Unit I,Weaving,Tsudakoma,15000,13871,92.48
2026-07-16,1,TSU-03,Unit I,Weaving,Tsudakoma,15000,14195,94.64
2026-07-16,1,TSU-04,Unit I,Weaving,Tsudakoma,15000,15000,100.0
2026-07-16,1,TSU-05,Unit I,Weaving,Tsudakoma,15000,14428,96.19
2026-07-16,1,TSU-06,Unit I,Weaving,Tsudakoma,15000,13619,90.8
2026-07-16,1,TSU-07,Unit I,Weaving,Tsudakoma,15000,14415,96.1
2026-07-16,1,TSU-08,Unit I,Weaving,Tsudakoma,15000,13985,93.24
2026-07-16,1,TSU-09,Unit I,Weaving,Tsudakoma,15000,14493,96.62
2026-07-16,1,TSU-10,Unit I,Weaving,Tsudakoma,15000,14685,97.9
2026-07-16,1,SUL-01,Unit I,Weaving,Sulzer,2700,2700,100.0
2026-07-16,1,SUL-02,Unit I,Weaving,Sulzer,2700,2561,94.88
2026-07-16,1,SUL-03,Unit I,Weaving,Sulzer,2700,2700,100.0
2026-07-16,1,SUL-04,Unit I,Weaving,Sulzer,2700,2687,99.54
2026-07-16,1,SUL-05,Unit I,Weaving,Sulzer,2700,2469,91.46
2026-07-16,1,RF-01,Unit I,Spinning,RingFrame,2500,2500,100.0
2026-07-16,1,RF-02,Unit I,Spinning,RingFrame,2500,2415,96.63
2026-07-16,1,RF-03,Unit I,Spinning,RingFrame,2500,2270,90.82
2026-07-16,1,RF-04,Unit I,Spinning,RingFrame,2500,2500,100.0
2026-07-16,1,RF-05,Unit I,Spinning,RingFrame,2500,2500,100.0
2026-07-16,1,RF-06,Unit I,Spinning,RingFrame,2500,2370,94.83
2026-07-16,1,RF-07,Unit I,Spinning,RingFrame,2500,2312,92.48
2026-07-16,1,RF-08,Unit I,Spinning,RingFrame,2500,2353,94.14
2026-07-16,1,RF-09,Unit I,Spinning,RingFrame,2500,2464,98.57
2026-07-16,1,RF-10,Unit I,Spinning,RingFrame,2500,2500,100.0
2026-07-16,1,RF-11,Unit I,Spinning,RingFrame,2500,2021,80.85
2026-07-16,1,RF-12,Unit I,Spinning,RingFrame,2500,2387,95.51
2026-07-16,1,VTX-01,Unit I,Spinning,Vortex,4700,4700,100.0
2026-07-16,1,VTX-02,Unit I,Spinning,Vortex,4700,4391,93.44
2026-07-16,1,VTX-03,Unit I,Spinning,Vortex,4700,4700,100.0
2026-07-16,1,VTX-04,Unit I,Spinning,Vortex,4700,4397,93.56
2026-07-16,1,VTX-05,Unit I,Spinning,Vortex,4700,4566,97.16
2026-07-16,1,VTX-06,Unit I,Spinning,Vortex,4700,3639,77.43
2026-07-16,1,VTX-07,Unit I,Spinning,Vortex,4700,4451,94.72
2026-07-16,1,VTX-08,Unit I,Spinning,Vortex,4700,4376,93.11
2026-07-16,1,VTX-09,Unit I,Spinning,Vortex,4700,4700,100.0
2026-07-16,1,VTX-10,Unit I,Spinning,Vortex,4700,4292,91.34
2026-07-16,1,VTX-11,Unit I,Spinning,Vortex,4700,4291,91.3
2026-07-16,1,VTX-12,Unit I,Spinning,Vortex,4700,4700,100.0
2026-07-16,1,AJ-01,Unit I,Spinning,Airjet,3750,3745,99.89
2026-07-16,1,AJ-02,Unit I,Spinning,Airjet,3750,3115,83.07
2026-07-16,1,AJ-03,Unit I,Spinning,Airjet,3750,3456,92.17
2026-07-16,1,AJ-04,Unit I,Spinning,Airjet,3750,3222,85.94
2026-07-16,1,AJ-05,Unit I,Spinning,Airjet,3750,3384,90.25
2026-07-16,2,TOY-01,Unit I,Weaving,Toyota,21700,17209,79.31
2026-07-16,2,TOY-02,Unit I,Weaving,Toyota,21700,16777,77.32
2026-07-16,2,TOY-03,Unit I,Weaving,Toyota,21700,19375,89.29
2026-07-16,2,TOY-04,Unit I,Weaving,Toyota,21700,20679,95.3
2026-07-16,2,TOY-05,Unit I,Weaving,Toyota,21700,18851,86.87
2026-07-16,2,TOY-06,Unit I,Weaving,Toyota,21700,20704,95.41
2026-07-16,2,TOY-07,Unit I,Weaving,Toyota,21700,20164,92.93
2026-07-16,2,TOY-08,Unit I,Weaving,Toyota,21700,18555,85.51
2026-07-16,2,TOY-09,Unit I,Weaving,Toyota,21700,21700,100.0
2026-07-16,2,TOY-10,Unit I,Weaving,Toyota,21700,21467,98.93
2026-07-16,2,TOY-11,Unit I,Weaving,Toyota,21700,20260,93.37
2026-07-16,2,TOY-12,Unit I,Weaving,Toyota,21700,21700,100.0
2026-07-16,2,TOY-13,Unit I,Weaving,Toyota,21700,18929,87.23
2026-07-16,2,TOY-14,Unit I,Weaving,Toyota,21700,19092,87.98
2026-07-16,2,TOY-15,Unit I,Weaving,Toyota,21700,20524,94.58
2026-07-16,2,TSU-01,Unit I,Weaving,Tsudakoma,15000,15000,100.0
2026-07-16,2,TSU-02,Unit I,Weaving,Tsudakoma,15000,14098,93.99
2026-07-16,2,TSU-03,Unit I,Weaving,Tsudakoma,15000,14112,94.08
2026-07-16,2,TSU-04,Unit I,Weaving,Tsudakoma,15000,13168,87.79
2026-07-16,2,TSU-05,Unit I,Weaving,Tsudakoma,15000,14959,99.73
2026-07-16,2,TSU-06,Unit I,Weaving,Tsudakoma,15000,14964,99.77
2026-07-16,2,TSU-07,Unit I,Weaving,Tsudakoma,15000,14841,98.95
2026-07-16,2,TSU-08,Unit I,Weaving,Tsudakoma,15000,13778,91.85
2026-07-16,2,TSU-09,Unit I,Weaving,Tsudakoma,15000,13719,91.47
2026-07-16,2,TSU-10,Unit I,Weaving,Tsudakoma,15000,13280,88.53
2026-07-16,2,SUL-01,Unit I,Weaving,Sulzer,2700,2576,95.42
2026-07-16,2,SUL-02,Unit I,Weaving,Sulzer,2700,2419,89.6
2026-07-16,2,SUL-03,Unit I,Weaving,Sulzer,2700,2406,89.11
2026-07-16,2,SUL-04,Unit I,Weaving,Sulzer,2700,2507,92.88
2026-07-16,2,SUL-05,Unit I,Weaving,Sulzer,2700,2498,92.55
2026-07-16,2,RF-01,Unit I,Spinning,RingFrame,2500,2307,92.31
2026-07-16,2,RF-02,Unit I,Spinning,RingFrame,2500,2433,97.33
2026-07-16,2,RF-03,Unit I,Spinning,RingFrame,2500,2384,95.4
2026-07-16,2,RF-04,Unit I,Spinning,RingFrame,2500,2338,93.56
2026-07-16,2,RF-05,Unit I,Spinning,RingFrame,2500,2397,95.92
2026-07-16,2,RF-06,Unit I,Spinning,RingFrame,2500,2251,90.04
2026-07-16,2,RF-07,Unit I,Spinning,RingFrame,2500,2388,95.53
2026-07-16,2,RF-08,Unit I,Spinning,RingFrame,2500,2393,95.75
2026-07-16,2,RF-09,Unit I,Spinning,RingFrame,2500,2187,87.48
2026-07-16,2,RF-10,Unit I,Spinning,RingFrame,2500,2499,99.98
2026-07-16,2,RF-11,Unit I,Spinning,RingFrame,2500,1839,73.59
2026-07-16,2,RF-12,Unit I,Spinning,RingFrame,2500,2386,95.45
2026-07-16,2,VTX-01,Unit I,Spinning,Vortex,4700,4700,100.0
2026-07-16,2,VTX-02,Unit I,Spinning,Vortex,4700,4682,99.63
2026-07-16,2,VTX-03,Unit I,Spinning,Vortex,4700,4473,95.17
2026-07-16,2,VTX-04,Unit I,Spinning,Vortex,4700,4379,93.19
2026-07-16,2,VTX-05,Unit I,Spinning,Vortex,4700,4687,99.74
2026-07-16,2,VTX-06,Unit I,Spinning,Vortex,4700,3824,81.37
2026-07-16,2,VTX-07,Unit I,Spinning,Vortex,4700,4319,91.91
2026-07-16,2,VTX-08,Unit I,Spinning,Vortex,4700,4278,91.03
2026-07-16,2,VTX-09,Unit I,Spinning,Vortex,4700,3977,84.64
2026-07-16,2,VTX-10,Unit I,Spinning,Vortex,4700,4501,95.77
2026-07-16,2,VTX-11,Unit I,Spinning,Vortex,4700,4445,94.59
2026-07-16,2,VTX-12,Unit I,Spinning,Vortex,4700,4700,100.0
2026-07-16,2,AJ-01,Unit I,Spinning,Airjet,3750,3629,96.8
2026-07-16,2,AJ-02,Unit I,Spinning,Airjet,3750,3750,100.0
2026-07-16,2,AJ-03,Unit I,Spinning,Airjet,3750,3431,91.51
2026-07-16,2,AJ-04,Unit I,Spinning,Airjet,3750,3750,100.0
2026-07-16,2,AJ-05,Unit I,Spinning,Airjet,3750,3463,92.36
2026-07-16,3,TOY-01,Unit I,Weaving,Toyota,21700,21458,98.89
2026-07-16,3,TOY-02,Unit I,Weaving,Toyota,21700,15343,70.71
2026-07-16,3,TOY-03,Unit I,Weaving,Toyota,21700,20870,96.18
2026-07-16,3,TOY-04,Unit I,Weaving,Toyota,21700,18461,85.08
2026-07-16,3,TOY-05,Unit I,Weaving,Toyota,21700,20325,93.66
2026-07-16,3,TOY-06,Unit I,Weaving,Toyota,21700,21092,97.2
2026-07-16,3,TOY-07,Unit I,Weaving,Toyota,21700,20049,92.4
2026-07-16,3,TOY-08,Unit I,Weaving,Toyota,21700,15786,72.75
2026-07-16,3,TOY-09,Unit I,Weaving,Toyota,21700,21533,99.23
2026-07-16,3,TOY-10,Unit I,Weaving,Toyota,21700,20502,94.48
2026-07-16,3,TOY-11,Unit I,Weaving,Toyota,21700,20083,92.55
2026-07-16,3,TOY-12,Unit I,Weaving,Toyota,21700,20660,95.21
2026-07-16,3,TOY-13,Unit I,Weaving,Toyota,21700,21700,100.0
2026-07-16,3,TOY-14,Unit I,Weaving,Toyota,21700,21700,100.0
2026-07-16,3,TOY-15,Unit I,Weaving,Toyota,21700,21700,100.0
2026-07-16,3,TSU-01,Unit I,Weaving,Tsudakoma,15000,14576,97.18
2026-07-16,3,TSU-02,Unit I,Weaving,Tsudakoma,15000,14374,95.83
2026-07-16,3,TSU-03,Unit I,Weaving,Tsudakoma,15000,12452,83.02
2026-07-16,3,TSU-04,Unit I,Weaving,Tsudakoma,15000,13740,91.61
2026-07-16,3,TSU-05,Unit I,Weaving,Tsudakoma,15000,13889,92.6
2026-07-16,3,TSU-06,Unit I,Weaving,Tsudakoma,15000,12843,85.63
2026-07-16,3,TSU-07,Unit I,Weaving,Tsudakoma,15000,13381,89.21
2026-07-16,3,TSU-08,Unit I,Weaving,Tsudakoma,15000,12764,85.1
2026-07-16,3,TSU-09,Unit I,Weaving,Tsudakoma,15000,14221,94.81
2026-07-16,3,TSU-10,Unit I,Weaving,Tsudakoma,15000,14864,99.09
2026-07-16,3,SUL-01,Unit I,Weaving,Sulzer,2700,2700,100.0
2026-07-16,3,SUL-02,Unit I,Weaving,Sulzer,2700,2620,97.07
2026-07-16,3,SUL-03,Unit I,Weaving,Sulzer,2700,2434,90.18
2026-07-16,3,SUL-04,Unit I,Weaving,Sulzer,2700,2304,85.34
2026-07-16,3,SUL-05,Unit I,Weaving,Sulzer,2700,2327,86.22
2026-07-16,3,RF-01,Unit I,Spinning,RingFrame,2500,2216,88.66
2026-07-16,3,RF-02,Unit I,Spinning,RingFrame,2500,2263,90.56
2026-07-16,3,RF-03,Unit I,Spinning,RingFrame,2500,2355,94.2
2026-07-16,3,RF-04,Unit I,Spinning,RingFrame,2500,2248,89.93
2026-07-16,3,RF-05,Unit I,Spinning,RingFrame,2500,2417,96.69
2026-07-16,3,RF-06,Unit I,Spinning,RingFrame,2500,2345,93.84
2026-07-16,3,RF-07,Unit I,Spinning,RingFrame,2500,2376,95.05
2026-07-16,3,RF-08,Unit I,Spinning,RingFrame,2500,2500,100.0
2026-07-16,3,RF-09,Unit I,Spinning,RingFrame,2500,2227,89.1
2026-07-16,3,RF-10,Unit I,Spinning,RingFrame,2500,2427,97.09
2026-07-16,3,RF-11,Unit I,Spinning,RingFrame,2500,1948,77.93
2026-07-16,3,RF-12,Unit I,Spinning,RingFrame,2500,2333,93.33
2026-07-16,3,VTX-01,Unit I,Spinning,Vortex,4700,4673,99.43
2026-07-16,3,VTX-02,Unit I,Spinning,Vortex,4700,4671,99.4
2026-07-16,3,VTX-03,Unit I,Spinning,Vortex,4700,4242,90.27
2026-07-16,3,VTX-04,Unit I,Spinning,Vortex,4700,4422,94.09
2026-07-16,3,VTX-05,Unit I,Spinning,Vortex,4700,4531,96.41
2026-07-16,3,VTX-06,Unit I,Spinning,Vortex,4700,3601,76.63
2026-07-16,3,VTX-07,Unit I,Spinning,Vortex,4700,4602,97.93
2026-07-16,3,VTX-08,Unit I,Spinning,Vortex,4700,4531,96.41
2026-07-16,3,VTX-09,Unit I,Spinning,Vortex,4700,4700,100.0
2026-07-16,3,VTX-10,Unit I,Spinning,Vortex,4700,4105,87.35
2026-07-16,3,VTX-11,Unit I,Spinning,Vortex,4700,4436,94.39
2026-07-16,3,VTX-12,Unit I,Spinning,Vortex,4700,4251,90.46
2026-07-16,3,AJ-01,Unit I,Spinning,Airjet,3750,3675,98.02
2026-07-16,3,AJ-02,Unit I,Spinning,Airjet,3750,3259,86.91
2026-07-16,3,AJ-03,Unit I,Spinning,Airjet,3750,3627,96.73
2026-07-16,3,AJ-04,Unit I,Spinning,Airjet,3750,3444,91.85
2026-07-16,3,AJ-05,Unit I,Spinning,Airjet,3750,3424,91.33
2026-07-17,1,TOY-01,Unit I,Weaving,Toyota,21700,19045,87.77
2026-07-17,1,TOY-02,Unit I,Weaving,Toyota,21700,16421,75.67
2026-07-17,1,TOY-03,Unit I,Weaving,Toyota,21700,21700,100.0
2026-07-17,1,TOY-04,Unit I,Weaving,Toyota,21700,20587,94.87
2026-07-17,1,TOY-05,Unit I,Weaving,Toyota,21700,21296,98.14
2026-07-17,1,TOY-06,Unit I,Weaving,Toyota,21700,21700,100.0
2026-07-17,1,TOY-07,Unit I,Weaving,Toyota,21700,20901,96.32
2026-07-17,1,TOY-08,Unit I,Weaving,Toyota,21700,16319,75.21
2026-07-17,1,TOY-09,Unit I,Weaving,Toyota,21700,21121,97.34
2026-07-17,1,TOY-10,Unit I,Weaving,Toyota,21700,20024,92.28
2026-07-17,1,TOY-11,Unit I,Weaving,Toyota,21700,20067,92.48
2026-07-17,1,TOY-12,Unit I,Weaving,Toyota,21700,18965,87.4
2026-07-17,1,TOY-13,Unit I,Weaving,Toyota,21700,21619,99.63
2026-07-17,1,TOY-14,Unit I,Weaving,Toyota,21700,20196,93.07
2026-07-17,1,TOY-15,Unit I,Weaving,Toyota,21700,20812,95.91
2026-07-17,1,TSU-01,Unit I,Weaving,Tsudakoma,15000,13473,89.82
2026-07-17,1,TSU-02,Unit I,Weaving,Tsudakoma,15000,14576,97.18
2026-07-17,1,TSU-03,Unit I,Weaving,Tsudakoma,15000,13678,91.19
2026-07-17,1,TSU-04,Unit I,Weaving,Tsudakoma,15000,14143,94.29
2026-07-17,1,TSU-05,Unit I,Weaving,Tsudakoma,15000,14908,99.39
2026-07-17,1,TSU-06,Unit I,Weaving,Tsudakoma,15000,14843,98.95
2026-07-17,1,TSU-07,Unit I,Weaving,Tsudakoma,15000,14233,94.89
2026-07-17,1,TSU-08,Unit I,Weaving,Tsudakoma,15000,12923,86.16
2026-07-17,1,TSU-09,Unit I,Weaving,Tsudakoma,15000,15000,100.0
2026-07-17,1,TSU-10,Unit I,Weaving,Tsudakoma,15000,15000,100.0
2026-07-17,1,SUL-01,Unit I,Weaving,Sulzer,2700,2662,98.61
2026-07-17,1,SUL-02,Unit I,Weaving,Sulzer,2700,2463,91.23
2026-07-17,1,SUL-03,Unit I,Weaving,Sulzer,2700,2549,94.43
2026-07-17,1,SUL-04,Unit I,Weaving,Sulzer,2700,2491,92.28
2026-07-17,1,SUL-05,Unit I,Weaving,Sulzer,2700,2700,100.0
2026-07-17,1,RF-01,Unit I,Spinning,RingFrame,2500,2407,96.31
2026-07-17,1,RF-02,Unit I,Spinning,RingFrame,2500,2276,91.08
2026-07-17,1,RF-03,Unit I,Spinning,RingFrame,2500,2316,92.65
2026-07-17,1,RF-04,Unit I,Spinning,RingFrame,2500,2500,100.0
2026-07-17,1,RF-05,Unit I,Spinning,RingFrame,2500,2500,100.0
2026-07-17,1,RF-06,Unit I,Spinning,RingFrame,2500,2500,100.0
2026-07-17,1,RF-07,Unit I,Spinning,RingFrame,2500,2469,98.79
2026-07-17,1,RF-08,Unit I,Spinning,RingFrame,2500,2343,93.74
2026-07-17,1,RF-09,Unit I,Spinning,RingFrame,2500,1969,78.79
2026-07-17,1,RF-10,Unit I,Spinning,RingFrame,2500,2412,96.49
2026-07-17,1,RF-11,Unit I,Spinning,RingFrame,2500,1949,77.99
2026-07-17,1,RF-12,Unit I,Spinning,RingFrame,2500,2392,95.7
2026-07-17,1,VTX-01,Unit I,Spinning,Vortex,4700,4477,95.27
2026-07-17,1,VTX-02,Unit I,Spinning,Vortex,4700,4153,88.37
2026-07-17,1,VTX-03,Unit I,Spinning,Vortex,4700,4595,97.79
2026-07-17,1,VTX-04,Unit I,Spinning,Vortex,4700,4613,98.16
2026-07-17,1,VTX-05,Unit I,Spinning,Vortex,4700,4625,98.41
2026-07-17,1,VTX-06,Unit I,Spinning,Vortex,4700,3888,82.73
2026-07-17,1,VTX-07,Unit I,Spinning,Vortex,4700,4606,98.02
2026-07-17,1,VTX-08,Unit I,Spinning,Vortex,4700,4368,92.95
2026-07-17,1,VTX-09,Unit I,Spinning,Vortex,4700,4448,94.65
2026-07-17,1,VTX-10,Unit I,Spinning,Vortex,4700,4486,95.46
2026-07-17,1,VTX-11,Unit I,Spinning,Vortex,4700,4490,95.54
2026-07-17,1,VTX-12,Unit I,Spinning,Vortex,4700,4699,99.99
2026-07-17,1,AJ-01,Unit I,Spinning,Airjet,3750,3683,98.22
2026-07-17,1,AJ-02,Unit I,Spinning,Airjet,3750,3750,100.0
2026-07-17,1,AJ-03,Unit I,Spinning,Airjet,3750,3750,100.0
2026-07-17,1,AJ-04,Unit I,Spinning,Airjet,3750,3577,95.4
2026-07-17,1,AJ-05,Unit I,Spinning,Airjet,3750,2843,75.82
2026-07-17,2,TOY-01,Unit I,Weaving,Toyota,21700,21700,100.0
2026-07-17,2,TOY-02,Unit I,Weaving,Toyota,21700,16339,75.3
2026-07-17,2,TOY-03,Unit I,Weaving,Toyota,21700,19745,90.99
2026-07-17,2,TOY-04,Unit I,Weaving,Toyota,21700,20182,93.01
2026-07-17,2,TOY-05,Unit I,Weaving,Toyota,21700,20130,92.77
2026-07-17,2,TOY-06,Unit I,Weaving,Toyota,21700,21279,98.06
2026-07-17,2,TOY-07,Unit I,Weaving,Toyota,21700,18923,87.2
2026-07-17,2,TOY-08,Unit I,Weaving,Toyota,21700,15756,72.61
2026-07-17,2,TOY-09,Unit I,Weaving,Toyota,21700,20987,96.72
2026-07-17,2,TOY-10,Unit I,Weaving,Toyota,21700,21290,98.11
2026-07-17,2,TOY-11,Unit I,Weaving,Toyota,21700,21311,98.21
2026-07-17,2,TOY-12,Unit I,Weaving,Toyota,21700,19761,91.06
2026-07-17,2,TOY-13,Unit I,Weaving,Toyota,21700,19553,90.11
2026-07-17,2,TOY-14,Unit I,Weaving,Toyota,21700,20065,92.47
2026-07-17,2,TOY-15,Unit I,Weaving,Toyota,21700,20875,96.2
2026-07-17,2,TSU-01,Unit I,Weaving,Tsudakoma,15000,15000,100.0
2026-07-17,2,TSU-02,Unit I,Weaving,Tsudakoma,15000,12714,84.76
2026-07-17,2,TSU-03,Unit I,Weaving,Tsudakoma,15000,14084,93.9
2026-07-17,2,TSU-04,Unit I,Weaving,Tsudakoma,15000,13250,88.34
2026-07-17,2,TSU-05,Unit I,Weaving,Tsudakoma,15000,13010,86.74
2026-07-17,2,TSU-06,Unit I,Weaving,Tsudakoma,15000,14975,99.83
2026-07-17,2,TSU-07,Unit I,Weaving,Tsudakoma,15000,14658,97.72
2026-07-17,2,TSU-08,Unit I,Weaving,Tsudakoma,15000,14587,97.25
2026-07-17,2,TSU-09,Unit I,Weaving,Tsudakoma,15000,14940,99.61
2026-07-17,2,TSU-10,Unit I,Weaving,Tsudakoma,15000,13890,92.6
2026-07-17,2,SUL-01,Unit I,Weaving,Sulzer,2700,2506,92.84
2026-07-17,2,SUL-02,Unit I,Weaving,Sulzer,2700,2700,100.0
2026-07-17,2,SUL-03,Unit I,Weaving,Sulzer,2700,2531,93.77
2026-07-17,2,SUL-04,Unit I,Weaving,Sulzer,2700,2664,98.68
2026-07-17,2,SUL-05,Unit I,Weaving,Sulzer,2700,2565,95.03
2026-07-17,2,RF-01,Unit I,Spinning,RingFrame,2500,2143,85.76
2026-07-17,2,RF-02,Unit I,Spinning,RingFrame,2500,2119,84.78
2026-07-17,2,RF-03,Unit I,Spinning,RingFrame,2500,2302,92.11
2026-07-17,2,RF-04,Unit I,Spinning,RingFrame,2500,2500,100.0
2026-07-17,2,RF-05,Unit I,Spinning,RingFrame,2500,2473,98.94
2026-07-17,2,RF-06,Unit I,Spinning,RingFrame,2500,2489,99.57
2026-07-17,2,RF-07,Unit I,Spinning,RingFrame,2500,2251,90.06
2026-07-17,2,RF-08,Unit I,Spinning,RingFrame,2500,2500,100.0
2026-07-17,2,RF-09,Unit I,Spinning,RingFrame,2500,2254,90.18
2026-07-17,2,RF-10,Unit I,Spinning,RingFrame,2500,2401,96.06
2026-07-17,2,RF-11,Unit I,Spinning,RingFrame,2500,1948,77.95
2026-07-17,2,RF-12,Unit I,Spinning,RingFrame,2500,2353,94.13
2026-07-17,2,VTX-01,Unit I,Spinning,Vortex,4700,4700,100.0
2026-07-17,2,VTX-02,Unit I,Spinning,Vortex,4700,4299,91.47
2026-07-17,2,VTX-03,Unit I,Spinning,Vortex,4700,4147,88.25
2026-07-17,2,VTX-04,Unit I,Spinning,Vortex,4700,4469,95.1
2026-07-17,2,VTX-05,Unit I,Spinning,Vortex,4700,4371,93.0
2026-07-17,2,VTX-06,Unit I,Spinning,Vortex,4700,4459,94.89
2026-07-17,2,VTX-07,Unit I,Spinning,Vortex,4700,4623,98.38
2026-07-17,2,VTX-08,Unit I,Spinning,Vortex,4700,4368,92.95
2026-07-17,2,VTX-09,Unit I,Spinning,Vortex,4700,4216,89.72
2026-07-17,2,VTX-10,Unit I,Spinning,Vortex,4700,4023,85.6
2026-07-17,2,VTX-11,Unit I,Spinning,Vortex,4700,4224,89.87
2026-07-17,2,VTX-12,Unit I,Spinning,Vortex,4700,4492,95.57
2026-07-17,2,AJ-01,Unit I,Spinning,Airjet,3750,3750,100.0
2026-07-17,2,AJ-02,Unit I,Spinning,Airjet,3750,3750,100.0
2026-07-17,2,AJ-03,Unit I,Spinning,Airjet,3750,3605,96.15
2026-07-17,2,AJ-04,Unit I,Spinning,Airjet,3750,3501,93.38
2026-07-17,2,AJ-05,Unit I,Spinning,Airjet,3750,3612,96.34
2026-07-17,3,TOY-01,Unit I,Weaving,Toyota,21700,20052,92.41
2026-07-17,3,TOY-02,Unit I,Weaving,Toyota,21700,18790,86.59
2026-07-17,3,TOY-03,Unit I,Weaving,Toyota,21700,20409,94.05
2026-07-17,3,TOY-04,Unit I,Weaving,Toyota,21700,20521,94.57
2026-07-17,3,TOY-05,Unit I,Weaving,Toyota,21700,18210,83.92
2026-07-17,3,TOY-06,Unit I,Weaving,Toyota,21700,20402,94.02
2026-07-17,3,TOY-07,Unit I,Weaving,Toyota,21700,21522,99.18
2026-07-17,3,TOY-08,Unit I,Weaving,Toyota,21700,15767,72.66
2026-07-17,3,TOY-09,Unit I,Weaving,Toyota,21700,19800,91.25
2026-07-17,3,TOY-10,Unit I,Weaving,Toyota,21700,21475,98.96
2026-07-17,3,TOY-11,Unit I,Weaving,Toyota,21700,19012,87.62
2026-07-17,3,TOY-12,Unit I,Weaving,Toyota,21700,21700,100.0
2026-07-17,3,TOY-13,Unit I,Weaving,Toyota,21700,20037,92.34
2026-07-17,3,TOY-14,Unit I,Weaving,Toyota,21700,20193,93.06
2026-07-17,3,TOY-15,Unit I,Weaving,Toyota,21700,19395,89.38
2026-07-17,3,TSU-01,Unit I,Weaving,Tsudakoma,15000,14533,96.89
2026-07-17,3,TSU-02,Unit I,Weaving,Tsudakoma,15000,15000,100.0
2026-07-17,3,TSU-03,Unit I,Weaving,Tsudakoma,15000,14836,98.91
2026-07-17,3,TSU-04,Unit I,Weaving,Tsudakoma,15000,13601,90.68
2026-07-17,3,TSU-05,Unit I,Weaving,Tsudakoma,15000,15000,100.0
2026-07-17,3,TSU-06,Unit I,Weaving,Tsudakoma,15000,14012,93.42
2026-07-17,3,TSU-07,Unit I,Weaving,Tsudakoma,15000,15000,100.0
2026-07-17,3,TSU-08,Unit I,Weaving,Tsudakoma,15000,14855,99.03
2026-07-17,3,TSU-09,Unit I,Weaving,Tsudakoma,15000,12042,80.28
2026-07-17,3,TSU-10,Unit I,Weaving,Tsudakoma,15000,13496,89.98
2026-07-17,3,SUL-01,Unit I,Weaving,Sulzer,2700,2692,99.72
2026-07-17,3,SUL-02,Unit I,Weaving,Sulzer,2700,2585,95.76
2026-07-17,3,SUL-03,Unit I,Weaving,Sulzer,2700,2426,89.88
2026-07-17,3,SUL-04,Unit I,Weaving,Sulzer,2700,2479,91.83
2026-07-17,3,SUL-05,Unit I,Weaving,Sulzer,2700,2307,85.47
2026-07-17,3,RF-01,Unit I,Spinning,RingFrame,2500,2363,94.56
2026-07-17,3,RF-02,Unit I,Spinning,RingFrame,2500,2500,100.0
2026-07-17,3,RF-03,Unit I,Spinning,RingFrame,2500,2475,99.02
2026-07-17,3,RF-04,Unit I,Spinning,RingFrame,2500,2500,100.0
2026-07-17,3,RF-05,Unit I,Spinning,RingFrame,2500,2485,99.41
2026-07-17,3,RF-06,Unit I,Spinning,RingFrame,2500,2500,100.0
2026-07-17,3,RF-07,Unit I,Spinning,RingFrame,2500,2500,100.0
2026-07-17,3,RF-08,Unit I,Spinning,RingFrame,2500,2422,96.89
2026-07-17,3,RF-09,Unit I,Spinning,RingFrame,2500,2351,94.06
2026-07-17,3,RF-10,Unit I,Spinning,RingFrame,2500,2500,100.0
2026-07-17,3,RF-11,Unit I,Spinning,RingFrame,2500,2131,85.27
2026-07-17,3,RF-12,Unit I,Spinning,RingFrame,2500,2315,92.6
2026-07-17,3,VTX-01,Unit I,Spinning,Vortex,4700,4295,91.39
2026-07-17,3,VTX-02,Unit I,Spinning,Vortex,4700,4497,95.69
2026-07-17,3,VTX-03,Unit I,Spinning,Vortex,4700,4660,99.16
2026-07-17,3,VTX-04,Unit I,Spinning,Vortex,4700,4652,98.99
2026-07-17,3,VTX-05,Unit I,Spinning,Vortex,4700,4130,87.88
2026-07-17,3,VTX-06,Unit I,Spinning,Vortex,4700,4115,87.56
2026-07-17,3,VTX-07,Unit I,Spinning,Vortex,4700,4314,91.79
2026-07-17,3,VTX-08,Unit I,Spinning,Vortex,4700,4402,93.67
2026-07-17,3,VTX-09,Unit I,Spinning,Vortex,4700,4252,90.49
2026-07-17,3,VTX-10,Unit I,Spinning,Vortex,4700,4700,100.0
2026-07-17,3,VTX-11,Unit I,Spinning,Vortex,4700,4521,96.21
2026-07-17,3,VTX-12,Unit I,Spinning,Vortex,4700,4265,90.75
2026-07-17,3,AJ-01,Unit I,Spinning,Airjet,3750,3724,99.32
2026-07-17,3,AJ-02,Unit I,Spinning,Airjet,3750,3706,98.85
2026-07-17,3,AJ-03,Unit I,Spinning,Airjet,3750,3527,94.06
2026-07-17,3,AJ-04,Unit I,Spinning,Airjet,3750,3720,99.2
2026-07-17,3,AJ-05,Unit I,Spinning,Airjet,3750,3407,90.87
2026-07-18,1,TOY-01,Unit I,Weaving,Toyota,21700,20080,92.54
2026-07-18,1,TOY-02,Unit I,Weaving,Toyota,21700,14744,67.95
2026-07-18,1,TOY-03,Unit I,Weaving,Toyota,21700,19178,88.38
2026-07-18,1,TOY-04,Unit I,Weaving,Toyota,21700,21700,100.0
2026-07-18,1,TOY-05,Unit I,Weaving,Toyota,21700,21700,100.0
2026-07-18,1,TOY-06,Unit I,Weaving,Toyota,21700,20686,95.33
2026-07-18,1,TOY-07,Unit I,Weaving,Toyota,21700,21700,100.0
2026-07-18,1,TOY-08,Unit I,Weaving,Toyota,21700,16752,77.2
2026-07-18,1,TOY-09,Unit I,Weaving,Toyota,21700,20350,93.78
2026-07-18,1,TOY-10,Unit I,Weaving,Toyota,21700,20676,95.28
2026-07-18,1,TOY-11,Unit I,Weaving,Toyota,21700,20479,94.38
2026-07-18,1,TOY-12,Unit I,Weaving,Toyota,21700,20381,93.92
2026-07-18,1,TOY-13,Unit I,Weaving,Toyota,21700,21700,100.0
2026-07-18,1,TOY-14,Unit I,Weaving,Toyota,21700,20777,95.75
2026-07-18,1,TOY-15,Unit I,Weaving,Toyota,21700,21388,98.56
2026-07-18,1,TSU-01,Unit I,Weaving,Tsudakoma,15000,15000,100.0
2026-07-18,1,TSU-02,Unit I,Weaving,Tsudakoma,15000,14541,96.94
2026-07-18,1,TSU-03,Unit I,Weaving,Tsudakoma,15000,13522,90.15
2026-07-18,1,TSU-04,Unit I,Weaving,Tsudakoma,15000,13235,88.24
2026-07-18,1,TSU-05,Unit I,Weaving,Tsudakoma,15000,14361,95.74
2026-07-18,1,TSU-06,Unit I,Weaving,Tsudakoma,15000,14121,94.14
2026-07-18,1,TSU-07,Unit I,Weaving,Tsudakoma,15000,14315,95.44
2026-07-18,1,TSU-08,Unit I,Weaving,Tsudakoma,15000,14237,94.92
2026-07-18,1,TSU-09,Unit I,Weaving,Tsudakoma,15000,15000,100.0
2026-07-18,1,TSU-10,Unit I,Weaving,Tsudakoma,15000,13252,88.35
2026-07-18,1,SUL-01,Unit I,Weaving,Sulzer,2700,2296,85.05
2026-07-18,1,SUL-02,Unit I,Weaving,Sulzer,2700,2609,96.66
2026-07-18,1,SUL-03,Unit I,Weaving,Sulzer,2700,2514,93.12
2026-07-18,1,SUL-04,Unit I,Weaving,Sulzer,2700,2607,96.58
2026-07-18,1,SUL-05,Unit I,Weaving,Sulzer,2700,2643,97.92
2026-07-18,1,RF-01,Unit I,Spinning,RingFrame,2500,2500,100.0
2026-07-18,1,RF-02,Unit I,Spinning,RingFrame,2500,2186,87.46
2026-07-18,1,RF-03,Unit I,Spinning,RingFrame,2500,2305,92.22
2026-07-18,1,RF-04,Unit I,Spinning,RingFrame,2500,2428,97.14
2026-07-18,1,RF-05,Unit I,Spinning,RingFrame,2500,2471,98.85
2026-07-18,1,RF-06,Unit I,Spinning,RingFrame,2500,2500,100.0
2026-07-18,1,RF-07,Unit I,Spinning,RingFrame,2500,2494,99.78
2026-07-18,1,RF-08,Unit I,Spinning,RingFrame,2500,2367,94.72
2026-07-18,1,RF-09,Unit I,Spinning,RingFrame,2500,2263,90.55
2026-07-18,1,RF-10,Unit I,Spinning,RingFrame,2500,2304,92.18
2026-07-18,1,RF-11,Unit I,Spinning,RingFrame,2500,1875,75.04
2026-07-18,1,RF-12,Unit I,Spinning,RingFrame,2500,2456,98.28
2026-07-18,1,VTX-01,Unit I,Spinning,Vortex,4700,4525,96.28
2026-07-18,1,VTX-02,Unit I,Spinning,Vortex,4700,4153,88.38
2026-07-18,1,VTX-03,Unit I,Spinning,Vortex,4700,4362,92.82
2026-07-18,1,VTX-04,Unit I,Spinning,Vortex,4700,4671,99.39
2026-07-18,1,VTX-05,Unit I,Spinning,Vortex,4700,4547,96.76
2026-07-18,1,VTX-06,Unit I,Spinning,Vortex,4700,3799,80.84
2026-07-18,1,VTX-07,Unit I,Spinning,Vortex,4700,4554,96.91
2026-07-18,1,VTX-08,Unit I,Spinning,Vortex,4700,4700,100.0
2026-07-18,1,VTX-09,Unit I,Spinning,Vortex,4700,4520,96.18
2026-07-18,1,VTX-10,Unit I,Spinning,Vortex,4700,4374,93.07
2026-07-18,1,VTX-11,Unit I,Spinning,Vortex,4700,4249,90.42
2026-07-18,1,VTX-12,Unit I,Spinning,Vortex,4700,4523,96.25
2026-07-18,1,AJ-01,Unit I,Spinning,Airjet,3750,3104,82.8
2026-07-18,1,AJ-02,Unit I,Spinning,Airjet,3750,3527,94.08
2026-07-18,1,AJ-03,Unit I,Spinning,Airjet,3750,3523,93.97
2026-07-18,1,AJ-04,Unit I,Spinning,Airjet,3750,3306,88.18
2026-07-18,1,AJ-05,Unit I,Spinning,Airjet,3750,3388,90.36
2026-07-18,2,TOY-01,Unit I,Weaving,Toyota,21700,21493,99.05
2026-07-18,2,TOY-02,Unit I,Weaving,Toyota,21700,17176,79.15
2026-07-18,2,TOY-03,Unit I,Weaving,Toyota,21700,20725,95.51
2026-07-18,2,TOY-04,Unit I,Weaving,Toyota,21700,20947,96.53
2026-07-18,2,TOY-05,Unit I,Weaving,Toyota,21700,20715,95.46
2026-07-18,2,TOY-06,Unit I,Weaving,Toyota,21700,21700,100.0
2026-07-18,2,TOY-07,Unit I,Weaving,Toyota,21700,20748,95.62
2026-07-18,2,TOY-08,Unit I,Weaving,Toyota,21700,15343,70.71
2026-07-18,2,TOY-09,Unit I,Weaving,Toyota,21700,21700,100.0
2026-07-18,2,TOY-10,Unit I,Weaving,Toyota,21700,21016,96.85
2026-07-18,2,TOY-11,Unit I,Weaving,Toyota,21700,19975,92.05
2026-07-18,2,TOY-12,Unit I,Weaving,Toyota,21700,19255,88.73
2026-07-18,2,TOY-13,Unit I,Weaving,Toyota,21700,21044,96.98
2026-07-18,2,TOY-14,Unit I,Weaving,Toyota,21700,20487,94.41
2026-07-18,2,TOY-15,Unit I,Weaving,Toyota,21700,21700,100.0
2026-07-18,2,TSU-01,Unit I,Weaving,Tsudakoma,15000,13990,93.27
2026-07-18,2,TSU-02,Unit I,Weaving,Tsudakoma,15000,13621,90.81
2026-07-18,2,TSU-03,Unit I,Weaving,Tsudakoma,15000,14921,99.48
2026-07-18,2,TSU-04,Unit I,Weaving,Tsudakoma,15000,14943,99.63
2026-07-18,2,TSU-05,Unit I,Weaving,Tsudakoma,15000,14376,95.84
2026-07-18,2,TSU-06,Unit I,Weaving,Tsudakoma,15000,14757,98.38
2026-07-18,2,TSU-07,Unit I,Weaving,Tsudakoma,15000,14221,94.81
2026-07-18,2,TSU-08,Unit I,Weaving,Tsudakoma,15000,14425,96.17
2026-07-18,2,TSU-09,Unit I,Weaving,Tsudakoma,15000,15000,100.0
2026-07-18,2,TSU-10,Unit I,Weaving,Tsudakoma,15000,14718,98.13
2026-07-18,2,SUL-01,Unit I,Weaving,Sulzer,2700,2542,94.15
2026-07-18,2,SUL-02,Unit I,Weaving,Sulzer,2700,2700,100.0
2026-07-18,2,SUL-03,Unit I,Weaving,Sulzer,2700,2245,83.18
2026-07-18,2,SUL-04,Unit I,Weaving,Sulzer,2700,2700,100.0
2026-07-18,2,SUL-05,Unit I,Weaving,Sulzer,2700,2334,86.47
2026-07-18,2,RF-01,Unit I,Spinning,RingFrame,2500,2296,91.86
2026-07-18,2,RF-02,Unit I,Spinning,RingFrame,2500,2369,94.8
2026-07-18,2,RF-03,Unit I,Spinning,RingFrame,2500,2356,94.27
2026-07-18,2,RF-04,Unit I,Spinning,RingFrame,2500,2500,100.0
2026-07-18,2,RF-05,Unit I,Spinning,RingFrame,2500,2242,89.71
2026-07-18,2,RF-06,Unit I,Spinning,RingFrame,2500,2407,96.3
2026-07-18,2,RF-07,Unit I,Spinning,RingFrame,2500,2302,92.11
2026-07-18,2,RF-08,Unit I,Spinning,RingFrame,2500,2411,96.48
2026-07-18,2,RF-09,Unit I,Spinning,RingFrame,2500,2366,94.68
2026-07-18,2,RF-10,Unit I,Spinning,RingFrame,2500,2386,95.46
2026-07-18,2,RF-11,Unit I,Spinning,RingFrame,2500,1881,75.25
2026-07-18,2,RF-12,Unit I,Spinning,RingFrame,2500,2311,92.45
2026-07-18,2,VTX-01,Unit I,Spinning,Vortex,4700,4532,96.44
2026-07-18,2,VTX-02,Unit I,Spinning,Vortex,4700,4686,99.72
2026-07-18,2,VTX-03,Unit I,Spinning,Vortex,4700,4324,92.01
2026-07-18,2,VTX-04,Unit I,Spinning,Vortex,4700,4260,90.66
2026-07-18,2,VTX-05,Unit I,Spinning,Vortex,4700,4609,98.07
2026-07-18,2,VTX-06,Unit I,Spinning,Vortex,4700,3658,77.84
2026-07-18,2,VTX-07,Unit I,Spinning,Vortex,4700,4660,99.15
2026-07-18,2,VTX-08,Unit I,Spinning,Vortex,4700,4252,90.47
2026-07-18,2,VTX-09,Unit I,Spinning,Vortex,4700,4046,86.1
2026-07-18,2,VTX-10,Unit I,Spinning,Vortex,4700,4339,92.33
2026-07-18,2,VTX-11,Unit I,Spinning,Vortex,4700,4284,91.17
2026-07-18,2,VTX-12,Unit I,Spinning,Vortex,4700,4446,94.61
2026-07-18,2,AJ-01,Unit I,Spinning,Airjet,3750,3443,91.82
2026-07-18,2,AJ-02,Unit I,Spinning,Airjet,3750,3701,98.71
2026-07-18,2,AJ-03,Unit I,Spinning,Airjet,3750,3508,93.56
2026-07-18,2,AJ-04,Unit I,Spinning,Airjet,3750,3590,95.75
2026-07-18,2,AJ-05,Unit I,Spinning,Airjet,3750,3592,95.79
2026-07-18,3,TOY-01,Unit I,Weaving,Toyota,21700,20826,95.97
2026-07-18,3,TOY-02,Unit I,Weaving,Toyota,21700,16899,77.88
2026-07-18,3,TOY-03,Unit I,Weaving,Toyota,21700,21169,97.55
2026-07-18,3,TOY-04,Unit I,Weaving,Toyota,21700,19751,91.02
2026-07-18,3,TOY-05,Unit I,Weaving,Toyota,21700,21700,100.0
2026-07-18,3,TOY-06,Unit I,Weaving,Toyota,21700,20358,93.82
2026-07-18,3,TOY-07,Unit I,Weaving,Toyota,21700,19191,88.44
2026-07-18,3,TOY-08,Unit I,Weaving,Toyota,21700,17130,78.94
2026-07-18,3,TOY-09,Unit I,Weaving,Toyota,21700,19691,90.74
2026-07-18,3,TOY-10,Unit I,Weaving,Toyota,21700,21336,98.33
2026-07-18,3,TOY-11,Unit I,Weaving,Toyota,21700,21700,100.0
2026-07-18,3,TOY-12,Unit I,Weaving,Toyota,21700,19761,91.07
2026-07-18,3,TOY-13,Unit I,Weaving,Toyota,21700,20975,96.66
2026-07-18,3,TOY-14,Unit I,Weaving,Toyota,21700,18710,86.22
2026-07-18,3,TOY-15,Unit I,Weaving,Toyota,21700,21107,97.27
2026-07-18,3,TSU-01,Unit I,Weaving,Tsudakoma,15000,13585,90.57
2026-07-18,3,TSU-02,Unit I,Weaving,Tsudakoma,15000,13781,91.88
2026-07-18,3,TSU-03,Unit I,Weaving,Tsudakoma,15000,13424,89.49
2026-07-18,3,TSU-04,Unit I,Weaving,Tsudakoma,15000,14799,98.66
2026-07-18,3,TSU-05,Unit I,Weaving,Tsudakoma,15000,15000,100.0
2026-07-18,3,TSU-06,Unit I,Weaving,Tsudakoma,15000,14267,95.12
2026-07-18,3,TSU-07,Unit I,Weaving,Tsudakoma,15000,13601,90.68
2026-07-18,3,TSU-08,Unit I,Weaving,Tsudakoma,15000,15000,100.0
2026-07-18,3,TSU-09,Unit I,Weaving,Tsudakoma,15000,13687,91.25
2026-07-18,3,TSU-10,Unit I,Weaving,Tsudakoma,15000,12628,84.19
2026-07-18,3,SUL-01,Unit I,Weaving,Sulzer,2700,2626,97.29
2026-07-18,3,SUL-02,Unit I,Weaving,Sulzer,2700,2415,89.48
2026-07-18,3,SUL-03,Unit I,Weaving,Sulzer,2700,2698,99.94
2026-07-18,3,SUL-04,Unit I,Weaving,Sulzer,2700,2513,93.09
2026-07-18,3,SUL-05,Unit I,Weaving,Sulzer,2700,2646,98.02
2026-07-18,3,RF-01,Unit I,Spinning,RingFrame,2500,2500,100.0
2026-07-18,3,RF-02,Unit I,Spinning,RingFrame,2500,2223,88.96
2026-07-18,3,RF-03,Unit I,Spinning,RingFrame,2500,2304,92.17
2026-07-18,3,RF-04,Unit I,Spinning,RingFrame,2500,2365,94.62
2026-07-18,3,RF-05,Unit I,Spinning,RingFrame,2500,2500,100.0
2026-07-18,3,RF-06,Unit I,Spinning,RingFrame,2500,2292,91.71
2026-07-18,3,RF-07,Unit I,Spinning,RingFrame,2500,2300,92.03
2026-07-18,3,RF-08,Unit I,Spinning,RingFrame,2500,2434,97.39
2026-07-18,3,RF-09,Unit I,Spinning,RingFrame,2500,2302,92.11
2026-07-18,3,RF-10,Unit I,Spinning,RingFrame,2500,2394,95.76
2026-07-18,3,RF-11,Unit I,Spinning,RingFrame,2500,1756,70.24
2026-07-18,3,RF-12,Unit I,Spinning,RingFrame,2500,2500,100.0
2026-07-18,3,VTX-01,Unit I,Spinning,Vortex,4700,4148,88.26
2026-07-18,3,VTX-02,Unit I,Spinning,Vortex,4700,4389,93.39
2026-07-18,3,VTX-03,Unit I,Spinning,Vortex,4700,4457,94.84
2026-07-18,3,VTX-04,Unit I,Spinning,Vortex,4700,4700,100.0
2026-07-18,3,VTX-05,Unit I,Spinning,Vortex,4700,4153,88.38
2026-07-18,3,VTX-06,Unit I,Spinning,Vortex,4700,4132,87.92
2026-07-18,3,VTX-07,Unit I,Spinning,Vortex,4700,4642,98.79
2026-07-18,3,VTX-08,Unit I,Spinning,Vortex,4700,4563,97.09
2026-07-18,3,VTX-09,Unit I,Spinning,Vortex,4700,4233,90.08
2026-07-18,3,VTX-10,Unit I,Spinning,Vortex,4700,4599,97.86
2026-07-18,3,VTX-11,Unit I,Spinning,Vortex,4700,4294,91.38
2026-07-18,3,VTX-12,Unit I,Spinning,Vortex,4700,4700,100.0
2026-07-18,3,AJ-01,Unit I,Spinning,Airjet,3750,3380,90.14
2026-07-18,3,AJ-02,Unit I,Spinning,Airjet,3750,3541,94.43
2026-07-18,3,AJ-03,Unit I,Spinning,Airjet,3750,3458,92.22
2026-07-18,3,AJ-04,Unit I,Spinning,Airjet,3750,3377,90.06
2026-07-18,3,AJ-05,Unit I,Spinning,Airjet,3750,3701,98.71
2026-07-19,1,TOY-01,Unit I,Weaving,Toyota,21700,21195,97.68
2026-07-19,1,TOY-02,Unit I,Weaving,Toyota,21700,18237,84.05
2026-07-19,1,TOY-03,Unit I,Weaving,Toyota,21700,18683,86.1
2026-07-19,1,TOY-04,Unit I,Weaving,Toyota,21700,21700,100.0
2026-07-19,1,TOY-05,Unit I,Weaving,Toyota,21700,21700,100.0
2026-07-19,1,TOY-06,Unit I,Weaving,Toyota,21700,20124,92.74
2026-07-19,1,TOY-07,Unit I,Weaving,Toyota,21700,21700,100.0
2026-07-19,1,TOY-08,Unit I,Weaving,Toyota,21700,16640,76.68
2026-07-19,1,TOY-09,Unit I,Weaving,Toyota,21700,19125,88.14
2026-07-19,1,TOY-10,Unit I,Weaving,Toyota,21700,20283,93.47
2026-07-19,1,TOY-11,Unit I,Weaving,Toyota,21700,21700,100.0
2026-07-19,1,TOY-12,Unit I,Weaving,Toyota,21700,19705,90.81
2026-07-19,1,TOY-13,Unit I,Weaving,Toyota,21700,19963,92.0
2026-07-19,1,TOY-14,Unit I,Weaving,Toyota,21700,21258,97.97
2026-07-19,1,TOY-15,Unit I,Weaving,Toyota,21700,20618,95.02
2026-07-19,1,TSU-01,Unit I,Weaving,Tsudakoma,15000,14688,97.92
2026-07-19,1,TSU-02,Unit I,Weaving,Tsudakoma,15000,14428,96.19
2026-07-19,1,TSU-03,Unit I,Weaving,Tsudakoma,15000,14609,97.4
2026-07-19,1,TSU-04,Unit I,Weaving,Tsudakoma,15000,13925,92.84
2026-07-19,1,TSU-05,Unit I,Weaving,Tsudakoma,15000,14423,96.16
2026-07-19,1,TSU-06,Unit I,Weaving,Tsudakoma,15000,13554,90.36
2026-07-19,1,TSU-07,Unit I,Weaving,Tsudakoma,15000,15000,100.0
2026-07-19,1,TSU-08,Unit I,Weaving,Tsudakoma,15000,13774,91.83
2026-07-19,1,TSU-09,Unit I,Weaving,Tsudakoma,15000,15000,100.0
2026-07-19,1,TSU-10,Unit I,Weaving,Tsudakoma,15000,14074,93.83
2026-07-19,1,SUL-01,Unit I,Weaving,Sulzer,2700,2592,96.01
2026-07-19,1,SUL-02,Unit I,Weaving,Sulzer,2700,2498,92.53
2026-07-19,1,SUL-03,Unit I,Weaving,Sulzer,2700,2427,89.92
2026-07-19,1,SUL-04,Unit I,Weaving,Sulzer,2700,2329,86.28
2026-07-19,1,SUL-05,Unit I,Weaving,Sulzer,2700,2422,89.72
2026-07-19,1,RF-01,Unit I,Spinning,RingFrame,2500,2334,93.38
2026-07-19,1,RF-02,Unit I,Spinning,RingFrame,2500,2401,96.06
2026-07-19,1,RF-03,Unit I,Spinning,RingFrame,2500,2500,100.0
2026-07-19,1,RF-04,Unit I,Spinning,RingFrame,2500,2319,92.77
2026-07-19,1,RF-05,Unit I,Spinning,RingFrame,2500,2264,90.59
2026-07-19,1,RF-06,Unit I,Spinning,RingFrame,2500,2194,87.79
2026-07-19,1,RF-07,Unit I,Spinning,RingFrame,2500,2435,97.4
2026-07-19,1,RF-08,Unit I,Spinning,RingFrame,2500,2500,100.0
2026-07-19,1,RF-09,Unit I,Spinning,RingFrame,2500,2500,100.0
2026-07-19,1,RF-10,Unit I,Spinning,RingFrame,2500,2463,98.55
2026-07-19,1,RF-11,Unit I,Spinning,RingFrame,2500,2029,81.19
2026-07-19,1,RF-12,Unit I,Spinning,RingFrame,2500,2500,100.0
2026-07-19,1,VTX-01,Unit I,Spinning,Vortex,4700,4543,96.66
2026-07-19,1,VTX-02,Unit I,Spinning,Vortex,4700,4616,98.23
2026-07-19,1,VTX-03,Unit I,Spinning,Vortex,4700,4389,93.4
2026-07-19,1,VTX-04,Unit I,Spinning,Vortex,4700,4144,88.19
2026-07-19,1,VTX-05,Unit I,Spinning,Vortex,4700,4304,91.58
2026-07-19,1,VTX-06,Unit I,Spinning,Vortex,4700,3663,77.95
2026-07-19,1,VTX-07,Unit I,Spinning,Vortex,4700,4479,95.3
2026-07-19,1,VTX-08,Unit I,Spinning,Vortex,4700,4700,100.0
2026-07-19,1,VTX-09,Unit I,Spinning,Vortex,4700,4484,95.41
2026-07-19,1,VTX-10,Unit I,Spinning,Vortex,4700,4700,100.0
2026-07-19,1,VTX-11,Unit I,Spinning,Vortex,4700,4362,92.82
2026-07-19,1,VTX-12,Unit I,Spinning,Vortex,4700,4391,93.44
2026-07-19,1,AJ-01,Unit I,Spinning,Airjet,3750,3313,88.35
2026-07-19,1,AJ-02,Unit I,Spinning,Airjet,3750,3423,91.29
2026-07-19,1,AJ-03,Unit I,Spinning,Airjet,3750,3661,97.63
2026-07-19,1,AJ-04,Unit I,Spinning,Airjet,3750,3563,95.04
2026-07-19,1,AJ-05,Unit I,Spinning,Airjet,3750,3739,99.71
2026-07-19,2,TOY-01,Unit I,Weaving,Toyota,21700,20811,95.91
2026-07-19,2,TOY-02,Unit I,Weaving,Toyota,21700,16543,76.24
2026-07-19,2,TOY-03,Unit I,Weaving,Toyota,21700,21700,100.0
2026-07-19,2,TOY-04,Unit I,Weaving,Toyota,21700,20513,94.53
2026-07-19,2,TOY-05,Unit I,Weaving,Toyota,21700,21700,100.0
2026-07-19,2,TOY-06,Unit I,Weaving,Toyota,21700,20179,92.99
2026-07-19,2,TOY-07,Unit I,Weaving,Toyota,21700,21384,98.55
2026-07-19,2,TOY-08,Unit I,Weaving,Toyota,21700,17932,82.64
2026-07-19,2,TOY-09,Unit I,Weaving,Toyota,21700,20841,96.04
2026-07-19,2,TOY-10,Unit I,Weaving,Toyota,21700,18060,83.23
2026-07-19,2,TOY-11,Unit I,Weaving,Toyota,21700,20634,95.09
2026-07-19,2,TOY-12,Unit I,Weaving,Toyota,21700,21700,100.0
2026-07-19,2,TOY-13,Unit I,Weaving,Toyota,21700,21187,97.64
2026-07-19,2,TOY-14,Unit I,Weaving,Toyota,21700,21098,97.23
2026-07-19,2,TOY-15,Unit I,Weaving,Toyota,21700,18746,86.39
2026-07-19,2,TSU-01,Unit I,Weaving,Tsudakoma,15000,13709,91.4
2026-07-19,2,TSU-02,Unit I,Weaving,Tsudakoma,15000,14558,97.06
2026-07-19,2,TSU-03,Unit I,Weaving,Tsudakoma,15000,14557,97.05
2026-07-19,2,TSU-04,Unit I,Weaving,Tsudakoma,15000,15000,100.0
2026-07-19,2,TSU-05,Unit I,Weaving,Tsudakoma,15000,14141,94.28
2026-07-19,2,TSU-06,Unit I,Weaving,Tsudakoma,15000,14554,97.03
2026-07-19,2,TSU-07,Unit I,Weaving,Tsudakoma,15000,14262,95.08
2026-07-19,2,TSU-08,Unit I,Weaving,Tsudakoma,15000,13509,90.07
2026-07-19,2,TSU-09,Unit I,Weaving,Tsudakoma,15000,12558,83.72
2026-07-19,2,TSU-10,Unit I,Weaving,Tsudakoma,15000,14573,97.16
2026-07-19,2,SUL-01,Unit I,Weaving,Sulzer,2700,2588,95.87
2026-07-19,2,SUL-02,Unit I,Weaving,Sulzer,2700,2481,91.91
2026-07-19,2,SUL-03,Unit I,Weaving,Sulzer,2700,2346,86.9
2026-07-19,2,SUL-04,Unit I,Weaving,Sulzer,2700,2650,98.15
2026-07-19,2,SUL-05,Unit I,Weaving,Sulzer,2700,2529,93.67
2026-07-19,2,RF-01,Unit I,Spinning,RingFrame,2500,2444,97.78
2026-07-19,2,RF-02,Unit I,Spinning,RingFrame,2500,2500,100.0
2026-07-19,2,RF-03,Unit I,Spinning,RingFrame,2500,2107,84.29
2026-07-19,2,RF-04,Unit I,Spinning,RingFrame,2500,2287,91.5
2026-07-19,2,RF-05,Unit I,Spinning,RingFrame,2500,2348,93.95
2026-07-19,2,RF-06,Unit I,Spinning,RingFrame,2500,2500,100.0
2026-07-19,2,RF-07,Unit I,Spinning,RingFrame,2500,2170,86.82
2026-07-19,2,RF-08,Unit I,Spinning,RingFrame,2500,2500,100.0
2026-07-19,2,RF-09,Unit I,Spinning,RingFrame,2500,2391,95.68
2026-07-19,2,RF-10,Unit I,Spinning,RingFrame,2500,2362,94.52
2026-07-19,2,RF-11,Unit I,Spinning,RingFrame,2500,1925,77.01
2026-07-19,2,RF-12,Unit I,Spinning,RingFrame,2500,2320,92.82
2026-07-19,2,VTX-01,Unit I,Spinning,Vortex,4700,4700,100.0
2026-07-19,2,VTX-02,Unit I,Spinning,Vortex,4700,4213,89.66
2026-07-19,2,VTX-03,Unit I,Spinning,Vortex,4700,4546,96.73
2026-07-19,2,VTX-04,Unit I,Spinning,Vortex,4700,4374,93.08
2026-07-19,2,VTX-05,Unit I,Spinning,Vortex,4700,4285,91.19
2026-07-19,2,VTX-06,Unit I,Spinning,Vortex,4700,4273,90.93
2026-07-19,2,VTX-07,Unit I,Spinning,Vortex,4700,4563,97.1
2026-07-19,2,VTX-08,Unit I,Spinning,Vortex,4700,4609,98.07
2026-07-19,2,VTX-09,Unit I,Spinning,Vortex,4700,4700,100.0
2026-07-19,2,VTX-10,Unit I,Spinning,Vortex,4700,4130,87.89
2026-07-19,2,VTX-11,Unit I,Spinning,Vortex,4700,4700,100.0
2026-07-19,2,VTX-12,Unit I,Spinning,Vortex,4700,3875,82.46
2026-07-19,2,AJ-01,Unit I,Spinning,Airjet,3750,3418,91.16
2026-07-19,2,AJ-02,Unit I,Spinning,Airjet,3750,3476,92.7
2026-07-19,2,AJ-03,Unit I,Spinning,Airjet,3750,3671,97.91
2026-07-19,2,AJ-04,Unit I,Spinning,Airjet,3750,3603,96.09
2026-07-19,2,AJ-05,Unit I,Spinning,Airjet,3750,3531,94.17
2026-07-19,3,TOY-01,Unit I,Weaving,Toyota,21700,20601,94.94
2026-07-19,3,TOY-02,Unit I,Weaving,Toyota,21700,15864,73.11
2026-07-19,3,TOY-03,Unit I,Weaving,Toyota,21700,18990,87.51
2026-07-19,3,TOY-04,Unit I,Weaving,Toyota,21700,21403,98.63
2026-07-19,3,TOY-05,Unit I,Weaving,Toyota,21700,21367,98.47
2026-07-19,3,TOY-06,Unit I,Weaving,Toyota,21700,21700,100.0
2026-07-19,3,TOY-07,Unit I,Weaving,Toyota,21700,19757,91.05
2026-07-19,3,TOY-08,Unit I,Weaving,Toyota,21700,17677,81.46
2026-07-19,3,TOY-09,Unit I,Weaving,Toyota,21700,20307,93.58
2026-07-19,3,TOY-10,Unit I,Weaving,Toyota,21700,21700,100.0
2026-07-19,3,TOY-11,Unit I,Weaving,Toyota,21700,21700,100.0
2026-07-19,3,TOY-12,Unit I,Weaving,Toyota,21700,20844,96.06
2026-07-19,3,TOY-13,Unit I,Weaving,Toyota,21700,20246,93.3
2026-07-19,3,TOY-14,Unit I,Weaving,Toyota,21700,21657,99.8
2026-07-19,3,TOY-15,Unit I,Weaving,Toyota,21700,21316,98.23
2026-07-19,3,TSU-01,Unit I,Weaving,Tsudakoma,15000,13736,91.58
2026-07-19,3,TSU-02,Unit I,Weaving,Tsudakoma,15000,13254,88.36
2026-07-19,3,TSU-03,Unit I,Weaving,Tsudakoma,15000,14033,93.56
2026-07-19,3,TSU-04,Unit I,Weaving,Tsudakoma,15000,15000,100.0
2026-07-19,3,TSU-05,Unit I,Weaving,Tsudakoma,15000,15000,100.0
2026-07-19,3,TSU-06,Unit I,Weaving,Tsudakoma,15000,13415,89.44
2026-07-19,3,TSU-07,Unit I,Weaving,Tsudakoma,15000,13374,89.16
2026-07-19,3,TSU-08,Unit I,Weaving,Tsudakoma,15000,15000,100.0
2026-07-19,3,TSU-09,Unit I,Weaving,Tsudakoma,15000,13398,89.32
2026-07-19,3,TSU-10,Unit I,Weaving,Tsudakoma,15000,14631,97.55
2026-07-19,3,SUL-01,Unit I,Weaving,Sulzer,2700,2481,91.92
2026-07-19,3,SUL-02,Unit I,Weaving,Sulzer,2700,2700,100.0
2026-07-19,3,SUL-03,Unit I,Weaving,Sulzer,2700,2460,91.15
2026-07-19,3,SUL-04,Unit I,Weaving,Sulzer,2700,2700,100.0
2026-07-19,3,SUL-05,Unit I,Weaving,Sulzer,2700,2589,95.92
2026-07-19,3,RF-01,Unit I,Spinning,RingFrame,2500,2406,96.26
2026-07-19,3,RF-02,Unit I,Spinning,RingFrame,2500,2128,85.15
2026-07-19,3,RF-03,Unit I,Spinning,RingFrame,2500,2099,83.99
2026-07-19,3,RF-04,Unit I,Spinning,RingFrame,2500,2347,93.9
2026-07-19,3,RF-05,Unit I,Spinning,RingFrame,2500,2405,96.23
2026-07-19,3,RF-06,Unit I,Spinning,RingFrame,2500,2234,89.37
2026-07-19,3,RF-07,Unit I,Spinning,RingFrame,2500,2238,89.56
2026-07-19,3,RF-08,Unit I,Spinning,RingFrame,2500,2445,97.81
2026-07-19,3,RF-09,Unit I,Spinning,RingFrame,2500,2445,97.81
2026-07-19,3,RF-10,Unit I,Spinning,RingFrame,2500,2357,94.31
2026-07-19,3,RF-11,Unit I,Spinning,RingFrame,2500,2047,81.9
2026-07-19,3,RF-12,Unit I,Spinning,RingFrame,2500,2228,89.13
2026-07-19,3,VTX-01,Unit I,Spinning,Vortex,4700,4381,93.22
2026-07-19,3,VTX-02,Unit I,Spinning,Vortex,4700,4700,100.0
2026-07-19,3,VTX-03,Unit I,Spinning,Vortex,4700,4481,95.34
2026-07-19,3,VTX-04,Unit I,Spinning,Vortex,4700,4494,95.63
2026-07-19,3,VTX-05,Unit I,Spinning,Vortex,4700,4700,100.0
2026-07-19,3,VTX-06,Unit I,Spinning,Vortex,4700,3337,71.0
2026-07-19,3,VTX-07,Unit I,Spinning,Vortex,4700,4652,98.98
2026-07-19,3,VTX-08,Unit I,Spinning,Vortex,4700,4700,100.0
2026-07-19,3,VTX-09,Unit I,Spinning,Vortex,4700,4388,93.38
2026-07-19,3,VTX-10,Unit I,Spinning,Vortex,4700,4667,99.3
2026-07-19,3,VTX-11,Unit I,Spinning,Vortex,4700,4234,90.09
2026-07-19,3,VTX-12,Unit I,Spinning,Vortex,4700,4303,91.57
2026-07-19,3,AJ-01,Unit I,Spinning,Airjet,3750,3634,96.92
2026-07-19,3,AJ-02,Unit I,Spinning,Airjet,3750,3712,98.99
2026-07-19,3,AJ-03,Unit I,Spinning,Airjet,3750,3750,100.0
2026-07-19,3,AJ-04,Unit I,Spinning,Airjet,3750,3750,100.0
2026-07-19,3,AJ-05,Unit I,Spinning,Airjet,3750,3549,94.66
2026-07-20,1,TOY-01,Unit I,Weaving,Toyota,21700,21700,100.0
2026-07-20,1,TOY-02,Unit I,Weaving,Toyota,21700,16554,76.29
2026-07-20,1,TOY-03,Unit I,Weaving,Toyota,21700,21593,99.51
2026-07-20,1,TOY-04,Unit I,Weaving,Toyota,21700,20840,96.04
2026-07-20,1,TOY-05,Unit I,Weaving,Toyota,21700,21098,97.23
2026-07-20,1,TOY-06,Unit I,Weaving,Toyota,21700,21074,97.12
2026-07-20,1,TOY-07,Unit I,Weaving,Toyota,21700,18873,86.98
2026-07-20,1,TOY-08,Unit I,Weaving,Toyota,21700,15706,72.38
2026-07-20,1,TOY-09,Unit I,Weaving,Toyota,21700,20726,95.51
2026-07-20,1,TOY-10,Unit I,Weaving,Toyota,21700,18784,86.56
2026-07-20,1,TOY-11,Unit I,Weaving,Toyota,21700,21516,99.16
2026-07-20,1,TOY-12,Unit I,Weaving,Toyota,21700,21560,99.36
2026-07-20,1,TOY-13,Unit I,Weaving,Toyota,21700,20969,96.64
2026-07-20,1,TOY-14,Unit I,Weaving,Toyota,21700,19398,89.39
2026-07-20,1,TOY-15,Unit I,Weaving,Toyota,21700,21700,100.0
2026-07-20,1,TSU-01,Unit I,Weaving,Tsudakoma,15000,15000,100.0
2026-07-20,1,TSU-02,Unit I,Weaving,Tsudakoma,15000,14360,95.74
2026-07-20,1,TSU-03,Unit I,Weaving,Tsudakoma,15000,14632,97.55
2026-07-20,1,TSU-04,Unit I,Weaving,Tsudakoma,15000,14401,96.01
2026-07-20,1,TSU-05,Unit I,Weaving,Tsudakoma,15000,14647,97.65
2026-07-20,1,TSU-06,Unit I,Weaving,Tsudakoma,15000,14160,94.4
2026-07-20,1,TSU-07,Unit I,Weaving,Tsudakoma,15000,14224,94.83
2026-07-20,1,TSU-08,Unit I,Weaving,Tsudakoma,15000,14929,99.53
2026-07-20,1,TSU-09,Unit I,Weaving,Tsudakoma,15000,15000,100.0
2026-07-20,1,TSU-10,Unit I,Weaving,Tsudakoma,15000,13199,88.0
2026-07-20,1,SUL-01,Unit I,Weaving,Sulzer,2700,2550,94.48
2026-07-20,1,SUL-02,Unit I,Weaving,Sulzer,2700,2405,89.1
2026-07-20,1,SUL-03,Unit I,Weaving,Sulzer,2700,2700,100.0
2026-07-20,1,SUL-04,Unit I,Weaving,Sulzer,2700,2485,92.06
2026-07-20,1,SUL-05,Unit I,Weaving,Sulzer,2700,2370,87.78
2026-07-20,1,RF-01,Unit I,Spinning,RingFrame,2500,2454,98.19
2026-07-20,1,RF-02,Unit I,Spinning,RingFrame,2500,2500,100.0
2026-07-20,1,RF-03,Unit I,Spinning,RingFrame,2500,2457,98.32
2026-07-20,1,RF-04,Unit I,Spinning,RingFrame,2500,2400,96.02
2026-07-20,1,RF-05,Unit I,Spinning,RingFrame,2500,2426,97.05
2026-07-20,1,RF-06,Unit I,Spinning,RingFrame,2500,2500,100.0
2026-07-20,1,RF-07,Unit I,Spinning,RingFrame,2500,2265,90.63
2026-07-20,1,RF-08,Unit I,Spinning,RingFrame,2500,2361,94.44
2026-07-20,1,RF-09,Unit I,Spinning,RingFrame,2500,2318,92.74
2026-07-20,1,RF-10,Unit I,Spinning,RingFrame,2500,2229,89.16
2026-07-20,1,RF-11,Unit I,Spinning,RingFrame,2500,1908,76.36
2026-07-20,1,RF-12,Unit I,Spinning,RingFrame,2500,2500,100.0
2026-07-20,1,VTX-01,Unit I,Spinning,Vortex,4700,4598,97.83
2026-07-20,1,VTX-02,Unit I,Spinning,Vortex,4700,4616,98.22
2026-07-20,1,VTX-03,Unit I,Spinning,Vortex,4700,4499,95.73
2026-07-20,1,VTX-04,Unit I,Spinning,Vortex,4700,4587,97.62
2026-07-20,1,VTX-05,Unit I,Spinning,Vortex,4700,4276,91.0
2026-07-20,1,VTX-06,Unit I,Spinning,Vortex,4700,3593,76.45
2026-07-20,1,VTX-07,Unit I,Spinning,Vortex,4700,4510,95.96
2026-07-20,1,VTX-08,Unit I,Spinning,Vortex,4700,4530,96.39
2026-07-20,1,VTX-09,Unit I,Spinning,Vortex,4700,4540,96.6
2026-07-20,1,VTX-10,Unit I,Spinning,Vortex,4700,4432,94.31
2026-07-20,1,VTX-11,Unit I,Spinning,Vortex,4700,4376,93.11
2026-07-20,1,VTX-12,Unit I,Spinning,Vortex,4700,4700,100.0
2026-07-20,1,AJ-01,Unit I,Spinning,Airjet,3750,3732,99.53
2026-07-20,1,AJ-02,Unit I,Spinning,Airjet,3750,3639,97.07
2026-07-20,1,AJ-03,Unit I,Spinning,Airjet,3750,3518,93.83
2026-07-20,1,AJ-04,Unit I,Spinning,Airjet,3750,3477,92.74
2026-07-20,1,AJ-05,Unit I,Spinning,Airjet,3750,3537,94.35
2026-07-20,2,TOY-01,Unit I,Weaving,Toyota,21700,20932,96.46
2026-07-20,2,TOY-02,Unit I,Weaving,Toyota,21700,14885,68.6
2026-07-20,2,TOY-03,Unit I,Weaving,Toyota,21700,18912,87.15
2026-07-20,2,TOY-04,Unit I,Weaving,Toyota,21700,19923,91.82
2026-07-20,2,TOY-05,Unit I,Weaving,Toyota,21700,20839,96.04
2026-07-20,2,TOY-06,Unit I,Weaving,Toyota,21700,20355,93.8
2026-07-20,2,TOY-07,Unit I,Weaving,Toyota,21700,21700,100.0
2026-07-20,2,TOY-08,Unit I,Weaving,Toyota,21700,15317,70.59
2026-07-20,2,TOY-09,Unit I,Weaving,Toyota,21700,19799,91.24
2026-07-20,2,TOY-10,Unit I,Weaving,Toyota,21700,21700,100.0
2026-07-20,2,TOY-11,Unit I,Weaving,Toyota,21700,20757,95.66
2026-07-20,2,TOY-12,Unit I,Weaving,Toyota,21700,21575,99.42
2026-07-20,2,TOY-13,Unit I,Weaving,Toyota,21700,21700,100.0
2026-07-20,2,TOY-14,Unit I,Weaving,Toyota,21700,19862,91.53
2026-07-20,2,TOY-15,Unit I,Weaving,Toyota,21700,20507,94.5
2026-07-20,2,TSU-01,Unit I,Weaving,Tsudakoma,15000,14045,93.64
2026-07-20,2,TSU-02,Unit I,Weaving,Tsudakoma,15000,12784,85.23
2026-07-20,2,TSU-03,Unit I,Weaving,Tsudakoma,15000,14017,93.45
2026-07-20,2,TSU-04,Unit I,Weaving,Tsudakoma,15000,14910,99.41
2026-07-20,2,TSU-05,Unit I,Weaving,Tsudakoma,15000,14655,97.7
2026-07-20,2,TSU-06,Unit I,Weaving,Tsudakoma,15000,14714,98.1
2026-07-20,2,TSU-07,Unit I,Weaving,Tsudakoma,15000,13968,93.12
2026-07-20,2,TSU-08,Unit I,Weaving,Tsudakoma,15000,13757,91.72
2026-07-20,2,TSU-09,Unit I,Weaving,Tsudakoma,15000,15000,100.0
2026-07-20,2,TSU-10,Unit I,Weaving,Tsudakoma,15000,13877,92.51
2026-07-20,2,SUL-01,Unit I,Weaving,Sulzer,2700,2604,96.47
2026-07-20,2,SUL-02,Unit I,Weaving,Sulzer,2700,2587,95.82
2026-07-20,2,SUL-03,Unit I,Weaving,Sulzer,2700,2700,100.0
2026-07-20,2,SUL-04,Unit I,Weaving,Sulzer,2700,2696,99.86
2026-07-20,2,SUL-05,Unit I,Weaving,Sulzer,2700,2390,88.52
2026-07-20,2,RF-01,Unit I,Spinning,RingFrame,2500,2226,89.06
2026-07-20,2,RF-02,Unit I,Spinning,RingFrame,2500,2447,97.89
2026-07-20,2,RF-03,Unit I,Spinning,RingFrame,2500,2366,94.68
2026-07-20,2,RF-04,Unit I,Spinning,RingFrame,2500,2318,92.72
2026-07-20,2,RF-05,Unit I,Spinning,RingFrame,2500,2500,100.0
2026-07-20,2,RF-06,Unit I,Spinning,RingFrame,2500,2398,95.94
2026-07-20,2,RF-07,Unit I,Spinning,RingFrame,2500,2381,95.26
2026-07-20,2,RF-08,Unit I,Spinning,RingFrame,2500,2472,98.9
2026-07-20,2,RF-09,Unit I,Spinning,RingFrame,2500,2328,93.12
2026-07-20,2,RF-10,Unit I,Spinning,RingFrame,2500,2500,100.0
2026-07-20,2,RF-11,Unit I,Spinning,RingFrame,2500,1851,74.06
2026-07-20,2,RF-12,Unit I,Spinning,RingFrame,2500,2457,98.28
2026-07-20,2,VTX-01,Unit I,Spinning,Vortex,4700,4700,100.0
2026-07-20,2,VTX-02,Unit I,Spinning,Vortex,4700,4141,88.11
2026-07-20,2,VTX-03,Unit I,Spinning,Vortex,4700,4384,93.28
2026-07-20,2,VTX-04,Unit I,Spinning,Vortex,4700,4700,100.0
2026-07-20,2,VTX-05,Unit I,Spinning,Vortex,4700,4700,100.0
2026-07-20,2,VTX-06,Unit I,Spinning,Vortex,4700,3625,77.14
2026-07-20,2,VTX-07,Unit I,Spinning,Vortex,4700,4292,91.33
2026-07-20,2,VTX-08,Unit I,Spinning,Vortex,4700,4689,99.78
2026-07-20,2,VTX-09,Unit I,Spinning,Vortex,4700,4700,100.0
2026-07-20,2,VTX-10,Unit I,Spinning,Vortex,4700,4191,89.18
2026-07-20,2,VTX-11,Unit I,Spinning,Vortex,4700,4182,88.98
2026-07-20,2,VTX-12,Unit I,Spinning,Vortex,4700,4517,96.13
2026-07-20,2,AJ-01,Unit I,Spinning,Airjet,3750,3680,98.15
2026-07-20,2,AJ-02,Unit I,Spinning,Airjet,3750,3506,93.5
2026-07-20,2,AJ-03,Unit I,Spinning,Airjet,3750,3689,98.4
2026-07-20,2,AJ-04,Unit I,Spinning,Airjet,3750,3429,91.45
2026-07-20,2,AJ-05,Unit I,Spinning,Airjet,3750,3165,84.43
2026-07-20,3,TOY-01,Unit I,Weaving,Toyota,21700,20155,92.88
2026-07-20,3,TOY-02,Unit I,Weaving,Toyota,21700,16994,78.32
2026-07-20,3,TOY-03,Unit I,Weaving,Toyota,21700,20315,93.62
2026-07-20,3,TOY-04,Unit I,Weaving,Toyota,21700,19357,89.21
2026-07-20,3,TOY-05,Unit I,Weaving,Toyota,21700,18645,85.92
2026-07-20,3,TOY-06,Unit I,Weaving,Toyota,21700,20057,92.43
2026-07-20,3,TOY-07,Unit I,Weaving,Toyota,21700,21588,99.49
2026-07-20,3,TOY-08,Unit I,Weaving,Toyota,21700,18288,84.28
2026-07-20,3,TOY-09,Unit I,Weaving,Toyota,21700,21700,100.0
2026-07-20,3,TOY-10,Unit I,Weaving,Toyota,21700,19729,90.92
2026-07-20,3,TOY-11,Unit I,Weaving,Toyota,21700,19363,89.23
2026-07-20,3,TOY-12,Unit I,Weaving,Toyota,21700,21153,97.48
2026-07-20,3,TOY-13,Unit I,Weaving,Toyota,21700,21304,98.18
2026-07-20,3,TOY-14,Unit I,Weaving,Toyota,21700,21049,97.0
2026-07-20,3,TOY-15,Unit I,Weaving,Toyota,21700,18429,84.93
2026-07-20,3,TSU-01,Unit I,Weaving,Tsudakoma,15000,13599,90.67
2026-07-20,3,TSU-02,Unit I,Weaving,Tsudakoma,15000,14227,94.85
2026-07-20,3,TSU-03,Unit I,Weaving,Tsudakoma,15000,14615,97.44
2026-07-20,3,TSU-04,Unit I,Weaving,Tsudakoma,15000,14825,98.84
2026-07-20,3,TSU-05,Unit I,Weaving,Tsudakoma,15000,14358,95.72
2026-07-20,3,TSU-06,Unit I,Weaving,Tsudakoma,15000,14498,96.65
2026-07-20,3,TSU-07,Unit I,Weaving,Tsudakoma,15000,14313,95.42
2026-07-20,3,TSU-08,Unit I,Weaving,Tsudakoma,15000,14764,98.43
2026-07-20,3,TSU-09,Unit I,Weaving,Tsudakoma,15000,14484,96.56
2026-07-20,3,TSU-10,Unit I,Weaving,Tsudakoma,15000,14299,95.33
2026-07-20,3,SUL-01,Unit I,Weaving,Sulzer,2700,2528,93.66
2026-07-20,3,SUL-02,Unit I,Weaving,Sulzer,2700,2575,95.41
2026-07-20,3,SUL-03,Unit I,Weaving,Sulzer,2700,2630,97.42
2026-07-20,3,SUL-04,Unit I,Weaving,Sulzer,2700,2601,96.34
2026-07-20,3,SUL-05,Unit I,Weaving,Sulzer,2700,2616,96.9
2026-07-20,3,RF-01,Unit I,Spinning,RingFrame,2500,2500,100.0
2026-07-20,3,RF-02,Unit I,Spinning,RingFrame,2500,2408,96.33
2026-07-20,3,RF-03,Unit I,Spinning,RingFrame,2500,2293,91.76
2026-07-20,3,RF-04,Unit I,Spinning,RingFrame,2500,2485,99.42
2026-07-20,3,RF-05,Unit I,Spinning,RingFrame,2500,2204,88.17
2026-07-20,3,RF-06,Unit I,Spinning,RingFrame,2500,2239,89.59
2026-07-20,3,RF-07,Unit I,Spinning,RingFrame,2500,2416,96.68
2026-07-20,3,RF-08,Unit I,Spinning,RingFrame,2500,2439,97.58
2026-07-20,3,RF-09,Unit I,Spinning,RingFrame,2500,2219,88.77
2026-07-20,3,RF-10,Unit I,Spinning,RingFrame,2500,2327,93.09
2026-07-20,3,RF-11,Unit I,Spinning,RingFrame,2500,1874,74.97
2026-07-20,3,RF-12,Unit I,Spinning,RingFrame,2500,2314,92.57
2026-07-20,3,VTX-01,Unit I,Spinning,Vortex,4700,4686,99.72
2026-07-20,3,VTX-02,Unit I,Spinning,Vortex,4700,4631,98.53
2026-07-20,3,VTX-03,Unit I,Spinning,Vortex,4700,4460,94.9
2026-07-20,3,VTX-04,Unit I,Spinning,Vortex,4700,4336,92.27
2026-07-20,3,VTX-05,Unit I,Spinning,Vortex,4700,4147,88.25
2026-07-20,3,VTX-06,Unit I,Spinning,Vortex,4700,3999,85.1
2026-07-20,3,VTX-07,Unit I,Spinning,Vortex,4700,4604,97.96
2026-07-20,3,VTX-08,Unit I,Spinning,Vortex,4700,4298,91.47
2026-07-20,3,VTX-09,Unit I,Spinning,Vortex,4700,4634,98.6
2026-07-20,3,VTX-10,Unit I,Spinning,Vortex,4700,4448,94.65
2026-07-20,3,VTX-11,Unit I,Spinning,Vortex,4700,4397,93.56
2026-07-20,3,VTX-12,Unit I,Spinning,Vortex,4700,4567,97.18
2026-07-20,3,AJ-01,Unit I,Spinning,Airjet,3750,3423,91.29
2026-07-20,3,AJ-02,Unit I,Spinning,Airjet,3750,3498,93.28
2026-07-20,3,AJ-03,Unit I,Spinning,Airjet,3750,3585,95.61
2026-07-20,3,AJ-04,Unit I,Spinning,Airjet,3750,3468,92.5
2026-07-20,3,AJ-05,Unit I,Spinning,Airjet,3750,3687,98.35
2026-07-21,1,TOY-01,Unit I,Weaving,Toyota,21700,21700,100.0
2026-07-21,1,TOY-02,Unit I,Weaving,Toyota,21700,16107,74.23
2026-07-21,1,TOY-03,Unit I,Weaving,Toyota,21700,18808,86.67
2026-07-21,1,TOY-04,Unit I,Weaving,Toyota,21700,18443,84.99
2026-07-21,1,TOY-05,Unit I,Weaving,Toyota,21700,20451,94.25
2026-07-21,1,TOY-06,Unit I,Weaving,Toyota,21700,19895,91.68
2026-07-21,1,TOY-07,Unit I,Weaving,Toyota,21700,20840,96.04
2026-07-21,1,TOY-08,Unit I,Weaving,Toyota,21700,17069,78.66
2026-07-21,1,TOY-09,Unit I,Weaving,Toyota,21700,18875,86.98
2026-07-21,1,TOY-10,Unit I,Weaving,Toyota,21700,18645,85.93
2026-07-21,1,TOY-11,Unit I,Weaving,Toyota,21700,20936,96.48
2026-07-21,1,TOY-12,Unit I,Weaving,Toyota,21700,20761,95.68
2026-07-21,1,TOY-13,Unit I,Weaving,Toyota,21700,20152,92.87
2026-07-21,1,TOY-14,Unit I,Weaving,Toyota,21700,18816,86.71
2026-07-21,1,TOY-15,Unit I,Weaving,Toyota,21700,21126,97.36
2026-07-21,1,TSU-01,Unit I,Weaving,Tsudakoma,15000,15000,100.0
2026-07-21,1,TSU-02,Unit I,Weaving,Tsudakoma,15000,14458,96.39
2026-07-21,1,TSU-03,Unit I,Weaving,Tsudakoma,15000,13614,90.76
2026-07-21,1,TSU-04,Unit I,Weaving,Tsudakoma,15000,14283,95.22
2026-07-21,1,TSU-05,Unit I,Weaving,Tsudakoma,15000,13225,88.17
2026-07-21,1,TSU-06,Unit I,Weaving,Tsudakoma,15000,15000,100.0
2026-07-21,1,TSU-07,Unit I,Weaving,Tsudakoma,15000,14311,95.41
2026-07-21,1,TSU-08,Unit I,Weaving,Tsudakoma,15000,12923,86.16
2026-07-21,1,TSU-09,Unit I,Weaving,Tsudakoma,15000,14024,93.5
2026-07-21,1,TSU-10,Unit I,Weaving,Tsudakoma,15000,14597,97.32
2026-07-21,1,SUL-01,Unit I,Weaving,Sulzer,2700,2520,93.33
2026-07-21,1,SUL-02,Unit I,Weaving,Sulzer,2700,2527,93.62
2026-07-21,1,SUL-03,Unit I,Weaving,Sulzer,2700,2399,88.88
2026-07-21,1,SUL-04,Unit I,Weaving,Sulzer,2700,2641,97.83
2026-07-21,1,SUL-05,Unit I,Weaving,Sulzer,2700,2477,91.76
2026-07-21,1,RF-01,Unit I,Spinning,RingFrame,2500,2105,84.22
2026-07-21,1,RF-02,Unit I,Spinning,RingFrame,2500,2328,93.14
2026-07-21,1,RF-03,Unit I,Spinning,RingFrame,2500,2497,99.91
2026-07-21,1,RF-04,Unit I,Spinning,RingFrame,2500,2326,93.07
2026-07-21,1,RF-05,Unit I,Spinning,RingFrame,2500,2500,100.0
2026-07-21,1,RF-06,Unit I,Spinning,RingFrame,2500,2428,97.14
2026-07-21,1,RF-07,Unit I,Spinning,RingFrame,2500,2417,96.69
2026-07-21,1,RF-08,Unit I,Spinning,RingFrame,2500,2358,94.36
2026-07-21,1,RF-09,Unit I,Spinning,RingFrame,2500,2366,94.66
2026-07-21,1,RF-10,Unit I,Spinning,RingFrame,2500,2342,93.68
2026-07-21,1,RF-11,Unit I,Spinning,RingFrame,2500,1912,76.49
2026-07-21,1,RF-12,Unit I,Spinning,RingFrame,2500,2441,97.65
2026-07-21,1,VTX-01,Unit I,Spinning,Vortex,4700,4245,90.32
2026-07-21,1,VTX-02,Unit I,Spinning,Vortex,4700,4212,89.62
2026-07-21,1,VTX-03,Unit I,Spinning,Vortex,4700,4201,89.38
2026-07-21,1,VTX-04,Unit I,Spinning,Vortex,4700,4700,100.0
2026-07-21,1,VTX-05,Unit I,Spinning,Vortex,4700,4589,97.65
2026-07-21,1,VTX-06,Unit I,Spinning,Vortex,4700,3737,79.52
2026-07-21,1,VTX-07,Unit I,Spinning,Vortex,4700,4216,89.71
2026-07-21,1,VTX-08,Unit I,Spinning,Vortex,4700,4611,98.12
2026-07-21,1,VTX-09,Unit I,Spinning,Vortex,4700,4437,94.42
2026-07-21,1,VTX-10,Unit I,Spinning,Vortex,4700,4515,96.07
2026-07-21,1,VTX-11,Unit I,Spinning,Vortex,4700,4235,90.12
2026-07-21,1,VTX-12,Unit I,Spinning,Vortex,4700,4502,95.8
2026-07-21,1,AJ-01,Unit I,Spinning,Airjet,3750,3483,92.88
2026-07-21,1,AJ-02,Unit I,Spinning,Airjet,3750,3418,91.17
2026-07-21,1,AJ-03,Unit I,Spinning,Airjet,3750,3700,98.67
2026-07-21,1,AJ-04,Unit I,Spinning,Airjet,3750,3274,87.31
2026-07-21,1,AJ-05,Unit I,Spinning,Airjet,3750,3668,97.82
2026-07-21,2,TOY-01,Unit I,Weaving,Toyota,21700,21357,98.42
2026-07-21,2,TOY-02,Unit I,Weaving,Toyota,21700,15971,73.6
2026-07-21,2,TOY-03,Unit I,Weaving,Toyota,21700,19724,90.9
2026-07-21,2,TOY-04,Unit I,Weaving,Toyota,21700,20373,93.88
2026-07-21,2,TOY-05,Unit I,Weaving,Toyota,21700,20921,96.41
2026-07-21,2,TOY-06,Unit I,Weaving,Toyota,21700,20449,94.24
2026-07-21,2,TOY-07,Unit I,Weaving,Toyota,21700,21085,97.17
2026-07-21,2,TOY-08,Unit I,Weaving,Toyota,21700,18838,86.81
2026-07-21,2,TOY-09,Unit I,Weaving,Toyota,21700,20064,92.46
2026-07-21,2,TOY-10,Unit I,Weaving,Toyota,21700,18754,86.42
2026-07-21,2,TOY-11,Unit I,Weaving,Toyota,21700,21511,99.13
2026-07-21,2,TOY-12,Unit I,Weaving,Toyota,21700,21700,100.0
2026-07-21,2,TOY-13,Unit I,Weaving,Toyota,21700,21041,96.96
2026-07-21,2,TOY-14,Unit I,Weaving,Toyota,21700,19434,89.56
2026-07-21,2,TOY-15,Unit I,Weaving,Toyota,21700,20480,94.38
2026-07-21,2,TSU-01,Unit I,Weaving,Tsudakoma,15000,13411,89.41
2026-07-21,2,TSU-02,Unit I,Weaving,Tsudakoma,15000,14732,98.21
2026-07-21,2,TSU-03,Unit I,Weaving,Tsudakoma,15000,13236,88.24
2026-07-21,2,TSU-04,Unit I,Weaving,Tsudakoma,15000,14024,93.5
2026-07-21,2,TSU-05,Unit I,Weaving,Tsudakoma,15000,13496,89.98
2026-07-21,2,TSU-06,Unit I,Weaving,Tsudakoma,15000,14345,95.63
2026-07-21,2,TSU-07,Unit I,Weaving,Tsudakoma,15000,13975,93.17
2026-07-21,2,TSU-08,Unit I,Weaving,Tsudakoma,15000,14382,95.88
2026-07-21,2,TSU-09,Unit I,Weaving,Tsudakoma,15000,14266,95.11
2026-07-21,2,TSU-10,Unit I,Weaving,Tsudakoma,15000,13510,90.07
2026-07-21,2,SUL-01,Unit I,Weaving,Sulzer,2700,2649,98.13
2026-07-21,2,SUL-02,Unit I,Weaving,Sulzer,2700,2558,94.76
2026-07-21,2,SUL-03,Unit I,Weaving,Sulzer,2700,2431,90.06
2026-07-21,2,SUL-04,Unit I,Weaving,Sulzer,2700,2700,100.0
2026-07-21,2,SUL-05,Unit I,Weaving,Sulzer,2700,2629,97.38
2026-07-21,2,RF-01,Unit I,Spinning,RingFrame,2500,2355,94.23
2026-07-21,2,RF-02,Unit I,Spinning,RingFrame,2500,2500,100.0
2026-07-21,2,RF-03,Unit I,Spinning,RingFrame,2500,2500,100.0
2026-07-21,2,RF-04,Unit I,Spinning,RingFrame,2500,2356,94.27
2026-07-21,2,RF-05,Unit I,Spinning,RingFrame,2500,2418,96.74
2026-07-21,2,RF-06,Unit I,Spinning,RingFrame,2500,2251,90.06
2026-07-21,2,RF-07,Unit I,Spinning,RingFrame,2500,2356,94.26
2026-07-21,2,RF-08,Unit I,Spinning,RingFrame,2500,2350,94.0
2026-07-21,2,RF-09,Unit I,Spinning,RingFrame,2500,2398,95.92
2026-07-21,2,RF-10,Unit I,Spinning,RingFrame,2500,2416,96.66
2026-07-21,2,RF-11,Unit I,Spinning,RingFrame,2500,2019,80.8
2026-07-21,2,RF-12,Unit I,Spinning,RingFrame,2500,2404,96.19
2026-07-21,2,VTX-01,Unit I,Spinning,Vortex,4700,4180,88.95
2026-07-21,2,VTX-02,Unit I,Spinning,Vortex,4700,4244,90.31
2026-07-21,2,VTX-03,Unit I,Spinning,Vortex,4700,4336,92.27
2026-07-21,2,VTX-04,Unit I,Spinning,Vortex,4700,4398,93.59
2026-07-21,2,VTX-05,Unit I,Spinning,Vortex,4700,4700,100.0
2026-07-21,2,VTX-06,Unit I,Spinning,Vortex,4700,3392,72.19
2026-07-21,2,VTX-07,Unit I,Spinning,Vortex,4700,4381,93.21
2026-07-21,2,VTX-08,Unit I,Spinning,Vortex,4700,4688,99.77
2026-07-21,2,VTX-09,Unit I,Spinning,Vortex,4700,4394,93.5
2026-07-21,2,VTX-10,Unit I,Spinning,Vortex,4700,4573,97.3
2026-07-21,2,VTX-11,Unit I,Spinning,Vortex,4700,4432,94.3
2026-07-21,2,VTX-12,Unit I,Spinning,Vortex,4700,4525,96.28
2026-07-21,2,AJ-01,Unit I,Spinning,Airjet,3750,3519,93.86
2026-07-21,2,AJ-02,Unit I,Spinning,Airjet,3750,3687,98.34
2026-07-21,2,AJ-03,Unit I,Spinning,Airjet,3750,3272,87.27
2026-07-21,2,AJ-04,Unit I,Spinning,Airjet,3750,3494,93.18
2026-07-21,2,AJ-05,Unit I,Spinning,Airjet,3750,3618,96.48
2026-07-21,3,TOY-01,Unit I,Weaving,Toyota,21700,21194,97.67
2026-07-21,3,TOY-02,Unit I,Weaving,Toyota,21700,18545,85.46
2026-07-21,3,TOY-03,Unit I,Weaving,Toyota,21700,20190,93.04
2026-07-21,3,TOY-04,Unit I,Weaving,Toyota,21700,21700,100.0
2026-07-21,3,TOY-05,Unit I,Weaving,Toyota,21700,19899,91.7
2026-07-21,3,TOY-06,Unit I,Weaving,Toyota,21700,21700,100.0
2026-07-21,3,TOY-07,Unit I,Weaving,Toyota,21700,21501,99.09
2026-07-21,3,TOY-08,Unit I,Weaving,Toyota,21700,15934,73.43
2026-07-21,3,TOY-09,Unit I,Weaving,Toyota,21700,20948,96.54
2026-07-21,3,TOY-10,Unit I,Weaving,Toyota,21700,20559,94.74
2026-07-21,3,TOY-11,Unit I,Weaving,Toyota,21700,21293,98.13
2026-07-21,3,TOY-12,Unit I,Weaving,Toyota,21700,20372,93.88
2026-07-21,3,TOY-13,Unit I,Weaving,Toyota,21700,20281,93.46
2026-07-21,3,TOY-14,Unit I,Weaving,Toyota,21700,21700,100.0
2026-07-21,3,TOY-15,Unit I,Weaving,Toyota,21700,20507,94.51
2026-07-21,3,TSU-01,Unit I,Weaving,Tsudakoma,15000,14869,99.13
2026-07-21,3,TSU-02,Unit I,Weaving,Tsudakoma,15000,14080,93.87
2026-07-21,3,TSU-03,Unit I,Weaving,Tsudakoma,15000,15000,100.0
2026-07-21,3,TSU-04,Unit I,Weaving,Tsudakoma,15000,13741,91.61
2026-07-21,3,TSU-05,Unit I,Weaving,Tsudakoma,15000,13789,91.93
2026-07-21,3,TSU-06,Unit I,Weaving,Tsudakoma,15000,15000,100.0
2026-07-21,3,TSU-07,Unit I,Weaving,Tsudakoma,15000,13916,92.78
2026-07-21,3,TSU-08,Unit I,Weaving,Tsudakoma,15000,15000,100.0
2026-07-21,3,TSU-09,Unit I,Weaving,Tsudakoma,15000,14918,99.46
2026-07-21,3,TSU-10,Unit I,Weaving,Tsudakoma,15000,14134,94.23
2026-07-21,3,SUL-01,Unit I,Weaving,Sulzer,2700,2320,85.93
2026-07-21,3,SUL-02,Unit I,Weaving,Sulzer,2700,2562,94.9
2026-07-21,3,SUL-03,Unit I,Weaving,Sulzer,2700,2578,95.51
2026-07-21,3,SUL-04,Unit I,Weaving,Sulzer,2700,2700,100.0
2026-07-21,3,SUL-05,Unit I,Weaving,Sulzer,2700,2700,100.0
2026-07-21,3,RF-01,Unit I,Spinning,RingFrame,2500,2289,91.58
2026-07-21,3,RF-02,Unit I,Spinning,RingFrame,2500,2475,99.01
2026-07-21,3,RF-03,Unit I,Spinning,RingFrame,2500,2470,98.83
2026-07-21,3,RF-04,Unit I,Spinning,RingFrame,2500,2500,100.0
2026-07-21,3,RF-05,Unit I,Spinning,RingFrame,2500,2437,97.49
2026-07-21,3,RF-06,Unit I,Spinning,RingFrame,2500,2132,85.29
2026-07-21,3,RF-07,Unit I,Spinning,RingFrame,2500,2355,94.22
2026-07-21,3,RF-08,Unit I,Spinning,RingFrame,2500,2230,89.22
2026-07-21,3,RF-09,Unit I,Spinning,RingFrame,2500,2349,93.99
2026-07-21,3,RF-10,Unit I,Spinning,RingFrame,2500,2497,99.9
2026-07-21,3,RF-11,Unit I,Spinning,RingFrame,2500,1988,79.53
2026-07-21,3,RF-12,Unit I,Spinning,RingFrame,2500,2500,100.0
2026-07-21,3,VTX-01,Unit I,Spinning,Vortex,4700,4545,96.71
2026-07-21,3,VTX-02,Unit I,Spinning,Vortex,4700,4159,88.51
2026-07-21,3,VTX-03,Unit I,Spinning,Vortex,4700,3872,82.4
2026-07-21,3,VTX-04,Unit I,Spinning,Vortex,4700,4499,95.74
2026-07-21,3,VTX-05,Unit I,Spinning,Vortex,4700,4414,93.93
2026-07-21,3,VTX-06,Unit I,Spinning,Vortex,4700,3436,73.12
2026-07-21,3,VTX-07,Unit I,Spinning,Vortex,4700,4065,86.5
2026-07-21,3,VTX-08,Unit I,Spinning,Vortex,4700,4292,91.33
2026-07-21,3,VTX-09,Unit I,Spinning,Vortex,4700,4419,94.03
2026-07-21,3,VTX-10,Unit I,Spinning,Vortex,4700,4621,98.33
2026-07-21,3,VTX-11,Unit I,Spinning,Vortex,4700,4509,95.94
2026-07-21,3,VTX-12,Unit I,Spinning,Vortex,4700,4700,100.0
2026-07-21,3,AJ-01,Unit I,Spinning,Airjet,3750,3368,89.82
2026-07-21,3,AJ-02,Unit I,Spinning,Airjet,3750,3727,99.41
2026-07-21,3,AJ-03,Unit I,Spinning,Airjet,3750,3571,95.24
2026-07-21,3,AJ-04,Unit I,Spinning,Airjet,3750,3692,98.47
2026-07-21,3,AJ-05,Unit I,Spinning,Airjet,3750,3480,92.82
2026-07-22,1,TOY-01,Unit I,Weaving,Toyota,21700,21700,100.0
2026-07-22,1,TOY-02,Unit I,Weaving,Toyota,21700,17246,79.48
2026-07-22,1,TOY-03,Unit I,Weaving,Toyota,21700,19877,91.6
2026-07-22,1,TOY-04,Unit I,Weaving,Toyota,21700,20601,94.94
2026-07-22,1,TOY-05,Unit I,Weaving,Toyota,21700,20355,93.8
2026-07-22,1,TOY-06,Unit I,Weaving,Toyota,21700,21145,97.45
2026-07-22,1,TOY-07,Unit I,Weaving,Toyota,21700,19334,89.1
2026-07-22,1,TOY-08,Unit I,Weaving,Toyota,21700,16894,77.85
2026-07-22,1,TOY-09,Unit I,Weaving,Toyota,21700,21043,96.98
2026-07-22,1,TOY-10,Unit I,Weaving,Toyota,21700,20650,95.17
2026-07-22,1,TOY-11,Unit I,Weaving,Toyota,21700,21700,100.0
2026-07-22,1,TOY-12,Unit I,Weaving,Toyota,21700,21454,98.87
2026-07-22,1,TOY-13,Unit I,Weaving,Toyota,21700,20606,94.96
2026-07-22,1,TOY-14,Unit I,Weaving,Toyota,21700,20850,96.08
2026-07-22,1,TOY-15,Unit I,Weaving,Toyota,21700,20935,96.48
2026-07-22,1,TSU-01,Unit I,Weaving,Tsudakoma,15000,14552,97.02
2026-07-22,1,TSU-02,Unit I,Weaving,Tsudakoma,15000,12880,85.87
2026-07-22,1,TSU-03,Unit I,Weaving,Tsudakoma,15000,14023,93.49
2026-07-22,1,TSU-04,Unit I,Weaving,Tsudakoma,15000,13136,87.58
2026-07-22,1,TSU-05,Unit I,Weaving,Tsudakoma,15000,15000,100.0
2026-07-22,1,TSU-06,Unit I,Weaving,Tsudakoma,15000,14204,94.7
2026-07-22,1,TSU-07,Unit I,Weaving,Tsudakoma,15000,14104,94.03
2026-07-22,1,TSU-08,Unit I,Weaving,Tsudakoma,15000,14922,99.48
2026-07-22,1,TSU-09,Unit I,Weaving,Tsudakoma,15000,14566,97.11
2026-07-22,1,TSU-10,Unit I,Weaving,Tsudakoma,15000,13403,89.36
2026-07-22,1,SUL-01,Unit I,Weaving,Sulzer,2700,2555,94.65
2026-07-22,1,SUL-02,Unit I,Weaving,Sulzer,2700,2519,93.32
2026-07-22,1,SUL-03,Unit I,Weaving,Sulzer,2700,2329,86.28
2026-07-22,1,SUL-04,Unit I,Weaving,Sulzer,2700,2471,91.55
2026-07-22,1,SUL-05,Unit I,Weaving,Sulzer,2700,2540,94.08
2026-07-22,1,RF-01,Unit I,Spinning,RingFrame,2500,2360,94.43
2026-07-22,1,RF-02,Unit I,Spinning,RingFrame,2500,2189,87.59
2026-07-22,1,RF-03,Unit I,Spinning,RingFrame,2500,2500,100.0
2026-07-22,1,RF-04,Unit I,Spinning,RingFrame,2500,2362,94.49
2026-07-22,1,RF-05,Unit I,Spinning,RingFrame,2500,2379,95.19
2026-07-22,1,RF-06,Unit I,Spinning,RingFrame,2500,2425,97.0
2026-07-22,1,RF-07,Unit I,Spinning,RingFrame,2500,2276,91.06
2026-07-22,1,RF-08,Unit I,Spinning,RingFrame,2500,2432,97.28
2026-07-22,1,RF-09,Unit I,Spinning,RingFrame,2500,2329,93.16
2026-07-22,1,RF-10,Unit I,Spinning,RingFrame,2500,2262,90.52
2026-07-22,1,RF-11,Unit I,Spinning,RingFrame,2500,2021,80.87
2026-07-22,1,RF-12,Unit I,Spinning,RingFrame,2500,2500,100.0
2026-07-22,1,VTX-01,Unit I,Spinning,Vortex,4700,4635,98.62
2026-07-22,1,VTX-02,Unit I,Spinning,Vortex,4700,4681,99.61
2026-07-22,1,VTX-03,Unit I,Spinning,Vortex,4700,4342,92.4
2026-07-22,1,VTX-04,Unit I,Spinning,Vortex,4700,4089,87.01
2026-07-22,1,VTX-05,Unit I,Spinning,Vortex,4700,4700,100.0
2026-07-22,1,VTX-06,Unit I,Spinning,Vortex,4700,4148,88.27
2026-07-22,1,VTX-07,Unit I,Spinning,Vortex,4700,4700,100.0
2026-07-22,1,VTX-08,Unit I,Spinning,Vortex,4700,4386,93.32
2026-07-22,1,VTX-09,Unit I,Spinning,Vortex,4700,4193,89.23
2026-07-22,1,VTX-10,Unit I,Spinning,Vortex,4700,4214,89.67
2026-07-22,1,VTX-11,Unit I,Spinning,Vortex,4700,4069,86.58
2026-07-22,1,VTX-12,Unit I,Spinning,Vortex,4700,4439,94.46
2026-07-22,1,AJ-01,Unit I,Spinning,Airjet,3750,3750,100.0
2026-07-22,1,AJ-02,Unit I,Spinning,Airjet,3750,3535,94.29
2026-07-22,1,AJ-03,Unit I,Spinning,Airjet,3750,3619,96.51
2026-07-22,1,AJ-04,Unit I,Spinning,Airjet,3750,3750,100.0
2026-07-22,1,AJ-05,Unit I,Spinning,Airjet,3750,3486,92.98
2026-07-22,2,TOY-01,Unit I,Weaving,Toyota,21700,21700,100.0
2026-07-22,2,TOY-02,Unit I,Weaving,Toyota,21700,19087,87.96
2026-07-22,2,TOY-03,Unit I,Weaving,Toyota,21700,20472,94.34
2026-07-22,2,TOY-04,Unit I,Weaving,Toyota,21700,19988,92.11
2026-07-22,2,TOY-05,Unit I,Weaving,Toyota,21700,21371,98.49
2026-07-22,2,TOY-06,Unit I,Weaving,Toyota,21700,20237,93.26
2026-07-22,2,TOY-07,Unit I,Weaving,Toyota,21700,19360,89.22
2026-07-22,2,TOY-08,Unit I,Weaving,Toyota,21700,18316,84.41
2026-07-22,2,TOY-09,Unit I,Weaving,Toyota,21700,21700,100.0
2026-07-22,2,TOY-10,Unit I,Weaving,Toyota,21700,20783,95.78
2026-07-22,2,TOY-11,Unit I,Weaving,Toyota,21700,19244,88.69
2026-07-22,2,TOY-12,Unit I,Weaving,Toyota,21700,19280,88.85
2026-07-22,2,TOY-13,Unit I,Weaving,Toyota,21700,20731,95.54
2026-07-22,2,TOY-14,Unit I,Weaving,Toyota,21700,20072,92.5
2026-07-22,2,TOY-15,Unit I,Weaving,Toyota,21700,20244,93.29
2026-07-22,2,TSU-01,Unit I,Weaving,Tsudakoma,15000,15000,100.0
2026-07-22,2,TSU-02,Unit I,Weaving,Tsudakoma,15000,14799,98.67
2026-07-22,2,TSU-03,Unit I,Weaving,Tsudakoma,15000,15000,100.0
2026-07-22,2,TSU-04,Unit I,Weaving,Tsudakoma,15000,13507,90.05
2026-07-22,2,TSU-05,Unit I,Weaving,Tsudakoma,15000,13992,93.28
2026-07-22,2,TSU-06,Unit I,Weaving,Tsudakoma,15000,14819,98.79
2026-07-22,2,TSU-07,Unit I,Weaving,Tsudakoma,15000,14586,97.24
2026-07-22,2,TSU-08,Unit I,Weaving,Tsudakoma,15000,15000,100.0
2026-07-22,2,TSU-09,Unit I,Weaving,Tsudakoma,15000,14565,97.1
2026-07-22,2,TSU-10,Unit I,Weaving,Tsudakoma,15000,15000,100.0
2026-07-22,2,SUL-01,Unit I,Weaving,Sulzer,2700,2637,97.7
2026-07-22,2,SUL-02,Unit I,Weaving,Sulzer,2700,2700,100.0
2026-07-22,2,SUL-03,Unit I,Weaving,Sulzer,2700,2521,93.38
2026-07-22,2,SUL-04,Unit I,Weaving,Sulzer,2700,2566,95.07
2026-07-22,2,SUL-05,Unit I,Weaving,Sulzer,2700,2687,99.55
2026-07-22,2,RF-01,Unit I,Spinning,RingFrame,2500,2500,100.0
2026-07-22,2,RF-02,Unit I,Spinning,RingFrame,2500,2466,98.65
2026-07-22,2,RF-03,Unit I,Spinning,RingFrame,2500,2364,94.58
2026-07-22,2,RF-04,Unit I,Spinning,RingFrame,2500,2500,100.0
2026-07-22,2,RF-05,Unit I,Spinning,RingFrame,2500,2101,84.04
2026-07-22,2,RF-06,Unit I,Spinning,RingFrame,2500,2197,87.89
2026-07-22,2,RF-07,Unit I,Spinning,RingFrame,2500,2460,98.41
2026-07-22,2,RF-08,Unit I,Spinning,RingFrame,2500,2376,95.07
2026-07-22,2,RF-09,Unit I,Spinning,RingFrame,2500,2450,98.03
2026-07-22,2,RF-10,Unit I,Spinning,RingFrame,2500,2383,95.32
2026-07-22,2,RF-11,Unit I,Spinning,RingFrame,2500,2021,80.85
2026-07-22,2,RF-12,Unit I,Spinning,RingFrame,2500,2273,90.93
2026-07-22,2,VTX-01,Unit I,Spinning,Vortex,4700,4599,97.85
2026-07-22,2,VTX-02,Unit I,Spinning,Vortex,4700,4698,99.97
2026-07-22,2,VTX-03,Unit I,Spinning,Vortex,4700,4700,100.0
2026-07-22,2,VTX-04,Unit I,Spinning,Vortex,4700,4700,100.0
2026-07-22,2,VTX-05,Unit I,Spinning,Vortex,4700,4522,96.22
2026-07-22,2,VTX-06,Unit I,Spinning,Vortex,4700,3730,79.37
2026-07-22,2,VTX-07,Unit I,Spinning,Vortex,4700,4107,87.38
2026-07-22,2,VTX-08,Unit I,Spinning,Vortex,4700,4340,92.34
2026-07-22,2,VTX-09,Unit I,Spinning,Vortex,4700,4419,94.03
2026-07-22,2,VTX-10,Unit I,Spinning,Vortex,4700,4700,100.0
2026-07-22,2,VTX-11,Unit I,Spinning,Vortex,4700,4321,91.94
2026-07-22,2,VTX-12,Unit I,Spinning,Vortex,4700,4652,98.98
2026-07-22,2,AJ-01,Unit I,Spinning,Airjet,3750,3562,94.99
2026-07-22,2,AJ-02,Unit I,Spinning,Airjet,3750,3529,94.11
2026-07-22,2,AJ-03,Unit I,Spinning,Airjet,3750,3609,96.24
2026-07-22,2,AJ-04,Unit I,Spinning,Airjet,3750,3489,93.04
2026-07-22,2,AJ-05,Unit I,Spinning,Airjet,3750,3482,92.85
2026-07-22,3,TOY-01,Unit I,Weaving,Toyota,21700,18765,86.48
2026-07-22,3,TOY-02,Unit I,Weaving,Toyota,21700,16656,76.76
2026-07-22,3,TOY-03,Unit I,Weaving,Toyota,21700,20094,92.6
2026-07-22,3,TOY-04,Unit I,Weaving,Toyota,21700,20055,92.42
2026-07-22,3,TOY-05,Unit I,Weaving,Toyota,21700,21067,97.08
2026-07-22,3,TOY-06,Unit I,Weaving,Toyota,21700,21329,98.29
2026-07-22,3,TOY-07,Unit I,Weaving,Toyota,21700,20866,96.16
2026-07-22,3,TOY-08,Unit I,Weaving,Toyota,21700,18006,82.98
2026-07-22,3,TOY-09,Unit I,Weaving,Toyota,21700,21239,97.88
2026-07-22,3,TOY-10,Unit I,Weaving,Toyota,21700,20294,93.52
2026-07-22,3,TOY-11,Unit I,Weaving,Toyota,21700,20112,92.69
2026-07-22,3,TOY-12,Unit I,Weaving,Toyota,21700,20954,96.56
2026-07-22,3,TOY-13,Unit I,Weaving,Toyota,21700,21237,97.87
2026-07-22,3,TOY-14,Unit I,Weaving,Toyota,21700,21700,100.0
2026-07-22,3,TOY-15,Unit I,Weaving,Toyota,21700,21700,100.0
2026-07-22,3,TSU-01,Unit I,Weaving,Tsudakoma,15000,13843,92.29
2026-07-22,3,TSU-02,Unit I,Weaving,Tsudakoma,15000,14173,94.49
2026-07-22,3,TSU-03,Unit I,Weaving,Tsudakoma,15000,14753,98.36
2026-07-22,3,TSU-04,Unit I,Weaving,Tsudakoma,15000,15000,100.0
2026-07-22,3,TSU-05,Unit I,Weaving,Tsudakoma,15000,14954,99.69
2026-07-22,3,TSU-06,Unit I,Weaving,Tsudakoma,15000,14202,94.68
2026-07-22,3,TSU-07,Unit I,Weaving,Tsudakoma,15000,13309,88.73
2026-07-22,3,TSU-08,Unit I,Weaving,Tsudakoma,15000,13500,90.01
2026-07-22,3,TSU-09,Unit I,Weaving,Tsudakoma,15000,14454,96.36
2026-07-22,3,TSU-10,Unit I,Weaving,Tsudakoma,15000,14506,96.71
2026-07-22,3,SUL-01,Unit I,Weaving,Sulzer,2700,2416,89.51
2026-07-22,3,SUL-02,Unit I,Weaving,Sulzer,2700,2571,95.22
2026-07-22,3,SUL-03,Unit I,Weaving,Sulzer,2700,2650,98.16
2026-07-22,3,SUL-04,Unit I,Weaving,Sulzer,2700,2409,89.24
2026-07-22,3,SUL-05,Unit I,Weaving,Sulzer,2700,2700,100.0
2026-07-22,3,RF-01,Unit I,Spinning,RingFrame,2500,2327,93.11
2026-07-22,3,RF-02,Unit I,Spinning,RingFrame,2500,2500,100.0
2026-07-22,3,RF-03,Unit I,Spinning,RingFrame,2500,2308,92.33
2026-07-22,3,RF-04,Unit I,Spinning,RingFrame,2500,2246,89.87
2026-07-22,3,RF-05,Unit I,Spinning,RingFrame,2500,2317,92.71
2026-07-22,3,RF-06,Unit I,Spinning,RingFrame,2500,2363,94.52
2026-07-22,3,RF-07,Unit I,Spinning,RingFrame,2500,2326,93.06
2026-07-22,3,RF-08,Unit I,Spinning,RingFrame,2500,2347,93.92
2026-07-22,3,RF-09,Unit I,Spinning,RingFrame,2500,2416,96.67
2026-07-22,3,RF-10,Unit I,Spinning,RingFrame,2500,2353,94.14
2026-07-22,3,RF-11,Unit I,Spinning,RingFrame,2500,1941,77.67
2026-07-22,3,RF-12,Unit I,Spinning,RingFrame,2500,2161,86.45
2026-07-22,3,VTX-01,Unit I,Spinning,Vortex,4700,4557,96.96
2026-07-22,3,VTX-02,Unit I,Spinning,Vortex,4700,4444,94.55
2026-07-22,3,VTX-03,Unit I,Spinning,Vortex,4700,4700,100.0
2026-07-22,3,VTX-04,Unit I,Spinning,Vortex,4700,4244,90.3
2026-07-22,3,VTX-05,Unit I,Spinning,Vortex,4700,4040,85.96
2026-07-22,3,VTX-06,Unit I,Spinning,Vortex,4700,3811,81.09
2026-07-22,3,VTX-07,Unit I,Spinning,Vortex,4700,4546,96.73
2026-07-22,3,VTX-08,Unit I,Spinning,Vortex,4700,4228,89.96
2026-07-22,3,VTX-09,Unit I,Spinning,Vortex,4700,4105,87.35
2026-07-22,3,VTX-10,Unit I,Spinning,Vortex,4700,4700,100.0
2026-07-22,3,VTX-11,Unit I,Spinning,Vortex,4700,4700,100.0
2026-07-22,3,VTX-12,Unit I,Spinning,Vortex,4700,3880,82.56
2026-07-22,3,AJ-01,Unit I,Spinning,Airjet,3750,3476,92.71
2026-07-22,3,AJ-02,Unit I,Spinning,Airjet,3750,3750,100.0
2026-07-22,3,AJ-03,Unit I,Spinning,Airjet,3750,3473,92.62
2026-07-22,3,AJ-04,Unit I,Spinning,Airjet,3750,3470,92.55
2026-07-22,3,AJ-05,Unit I,Spinning,Airjet,3750,3509,93.59
2026-07-23,1,TOY-01,Unit I,Weaving,Toyota,21700,19398,89.4
2026-07-23,1,TOY-02,Unit I,Weaving,Toyota,21700,15076,69.48
2026-07-23,1,TOY-03,Unit I,Weaving,Toyota,21700,21700,100.0
2026-07-23,1,TOY-04,Unit I,Weaving,Toyota,21700,18615,85.79
2026-07-23,1,TOY-05,Unit I,Weaving,Toyota,21700,20883,96.24
2026-07-23,1,TOY-06,Unit I,Weaving,Toyota,21700,21576,99.43
2026-07-23,1,TOY-07,Unit I,Weaving,Toyota,21700,19040,87.74
2026-07-23,1,TOY-08,Unit I,Weaving,Toyota,21700,15923,73.38
2026-07-23,1,TOY-09,Unit I,Weaving,Toyota,21700,21700,100.0
2026-07-23,1,TOY-10,Unit I,Weaving,Toyota,21700,21193,97.66
2026-07-23,1,TOY-11,Unit I,Weaving,Toyota,21700,19945,91.91
2026-07-23,1,TOY-12,Unit I,Weaving,Toyota,21700,21700,100.0
2026-07-23,1,TOY-13,Unit I,Weaving,Toyota,21700,21700,100.0
2026-07-23,1,TOY-14,Unit I,Weaving,Toyota,21700,20906,96.35
2026-07-23,1,TOY-15,Unit I,Weaving,Toyota,21700,19638,90.5
2026-07-23,1,TSU-01,Unit I,Weaving,Tsudakoma,15000,13939,92.93
2026-07-23,1,TSU-02,Unit I,Weaving,Tsudakoma,15000,14464,96.43
2026-07-23,1,TSU-03,Unit I,Weaving,Tsudakoma,15000,14108,94.06
2026-07-23,1,TSU-04,Unit I,Weaving,Tsudakoma,15000,14954,99.69
2026-07-23,1,TSU-05,Unit I,Weaving,Tsudakoma,15000,13102,87.35
2026-07-23,1,TSU-06,Unit I,Weaving,Tsudakoma,15000,13129,87.53
2026-07-23,1,TSU-07,Unit I,Weaving,Tsudakoma,15000,14385,95.9
2026-07-23,1,TSU-08,Unit I,Weaving,Tsudakoma,15000,13881,92.54
2026-07-23,1,TSU-09,Unit I,Weaving,Tsudakoma,15000,13779,91.86
2026-07-23,1,TSU-10,Unit I,Weaving,Tsudakoma,15000,12923,86.16
2026-07-23,1,SUL-01,Unit I,Weaving,Sulzer,2700,2567,95.1
2026-07-23,1,SUL-02,Unit I,Weaving,Sulzer,2700,2557,94.74
2026-07-23,1,SUL-03,Unit I,Weaving,Sulzer,2700,2653,98.27
2026-07-23,1,SUL-04,Unit I,Weaving,Sulzer,2700,2574,95.34
2026-07-23,1,SUL-05,Unit I,Weaving,Sulzer,2700,2547,94.34
2026-07-23,1,RF-01,Unit I,Spinning,RingFrame,2500,2500,100.0
2026-07-23,1,RF-02,Unit I,Spinning,RingFrame,2500,2210,88.44
2026-07-23,1,RF-03,Unit I,Spinning,RingFrame,2500,2442,97.68
2026-07-23,1,RF-04,Unit I,Spinning,RingFrame,2500,2166,86.64
2026-07-23,1,RF-05,Unit I,Spinning,RingFrame,2500,2270,90.81
2026-07-23,1,RF-06,Unit I,Spinning,RingFrame,2500,2223,88.94
2026-07-23,1,RF-07,Unit I,Spinning,RingFrame,2500,2472,98.91
2026-07-23,1,RF-08,Unit I,Spinning,RingFrame,2500,2366,94.67
2026-07-23,1,RF-09,Unit I,Spinning,RingFrame,2500,2373,94.93
2026-07-23,1,RF-10,Unit I,Spinning,RingFrame,2500,2236,89.47
2026-07-23,1,RF-11,Unit I,Spinning,RingFrame,2500,1912,76.5
2026-07-23,1,RF-12,Unit I,Spinning,RingFrame,2500,2279,91.18
2026-07-23,1,VTX-01,Unit I,Spinning,Vortex,4700,4555,96.92
2026-07-23,1,VTX-02,Unit I,Spinning,Vortex,4700,4232,90.04
2026-07-23,1,VTX-03,Unit I,Spinning,Vortex,4700,4700,100.0
2026-07-23,1,VTX-04,Unit I,Spinning,Vortex,4700,4071,86.62
2026-07-23,1,VTX-05,Unit I,Spinning,Vortex,4700,4275,90.97
2026-07-23,1,VTX-06,Unit I,Spinning,Vortex,4700,4060,86.39
2026-07-23,1,VTX-07,Unit I,Spinning,Vortex,4700,4362,92.82
2026-07-23,1,VTX-08,Unit I,Spinning,Vortex,4700,4156,88.43
2026-07-23,1,VTX-09,Unit I,Spinning,Vortex,4700,4516,96.1
2026-07-23,1,VTX-10,Unit I,Spinning,Vortex,4700,4353,92.62
2026-07-23,1,VTX-11,Unit I,Spinning,Vortex,4700,4268,90.82
2026-07-23,1,VTX-12,Unit I,Spinning,Vortex,4700,4207,89.52
2026-07-23,1,AJ-01,Unit I,Spinning,Airjet,3750,3750,100.0
2026-07-23,1,AJ-02,Unit I,Spinning,Airjet,3750,3515,93.74
2026-07-23,1,AJ-03,Unit I,Spinning,Airjet,3750,3201,85.37
2026-07-23,1,AJ-04,Unit I,Spinning,Airjet,3750,3750,100.0
2026-07-23,1,AJ-05,Unit I,Spinning,Airjet,3750,3677,98.06
2026-07-23,2,TOY-01,Unit I,Weaving,Toyota,21700,19783,91.17
2026-07-23,2,TOY-02,Unit I,Weaving,Toyota,21700,15913,73.33
2026-07-23,2,TOY-03,Unit I,Weaving,Toyota,21700,21345,98.37
2026-07-23,2,TOY-04,Unit I,Weaving,Toyota,21700,20347,93.77
2026-07-23,2,TOY-05,Unit I,Weaving,Toyota,21700,18525,85.37
2026-07-23,2,TOY-06,Unit I,Weaving,Toyota,21700,21700,100.0
2026-07-23,2,TOY-07,Unit I,Weaving,Toyota,21700,20144,92.83
2026-07-23,2,TOY-08,Unit I,Weaving,Toyota,21700,18548,85.48
2026-07-23,2,TOY-09,Unit I,Weaving,Toyota,21700,21700,100.0
2026-07-23,2,TOY-10,Unit I,Weaving,Toyota,21700,19528,89.99
2026-07-23,2,TOY-11,Unit I,Weaving,Toyota,21700,21700,100.0
2026-07-23,2,TOY-12,Unit I,Weaving,Toyota,21700,19908,91.74
2026-07-23,2,TOY-13,Unit I,Weaving,Toyota,21700,18589,85.67
2026-07-23,2,TOY-14,Unit I,Weaving,Toyota,21700,20154,92.88
2026-07-23,2,TOY-15,Unit I,Weaving,Toyota,21700,21046,96.99
2026-07-23,2,TSU-01,Unit I,Weaving,Tsudakoma,15000,13902,92.69
2026-07-23,2,TSU-02,Unit I,Weaving,Tsudakoma,15000,14019,93.46
2026-07-23,2,TSU-03,Unit I,Weaving,Tsudakoma,15000,15000,100.0
2026-07-23,2,TSU-04,Unit I,Weaving,Tsudakoma,15000,14329,95.53
2026-07-23,2,TSU-05,Unit I,Weaving,Tsudakoma,15000,13617,90.78
2026-07-23,2,TSU-06,Unit I,Weaving,Tsudakoma,15000,14776,98.51
2026-07-23,2,TSU-07,Unit I,Weaving,Tsudakoma,15000,14398,95.99
2026-07-23,2,TSU-08,Unit I,Weaving,Tsudakoma,15000,12358,82.39
2026-07-23,2,TSU-09,Unit I,Weaving,Tsudakoma,15000,14571,97.14
2026-07-23,2,TSU-10,Unit I,Weaving,Tsudakoma,15000,14543,96.96
2026-07-23,2,SUL-01,Unit I,Weaving,Sulzer,2700,2567,95.1
2026-07-23,2,SUL-02,Unit I,Weaving,Sulzer,2700,2685,99.46
2026-07-23,2,SUL-03,Unit I,Weaving,Sulzer,2700,2474,91.64
2026-07-23,2,SUL-04,Unit I,Weaving,Sulzer,2700,2610,96.68
2026-07-23,2,SUL-05,Unit I,Weaving,Sulzer,2700,2353,87.17
2026-07-23,2,RF-01,Unit I,Spinning,RingFrame,2500,2425,97.04
2026-07-23,2,RF-02,Unit I,Spinning,RingFrame,2500,2500,100.0
2026-07-23,2,RF-03,Unit I,Spinning,RingFrame,2500,2250,90.03
2026-07-23,2,RF-04,Unit I,Spinning,RingFrame,2500,2280,91.2
2026-07-23,2,RF-05,Unit I,Spinning,RingFrame,2500,2286,91.45
2026-07-23,2,RF-06,Unit I,Spinning,RingFrame,2500,2391,95.65
2026-07-23,2,RF-07,Unit I,Spinning,RingFrame,2500,2242,89.68
2026-07-23,2,RF-08,Unit I,Spinning,RingFrame,2500,2427,97.11
2026-07-23,2,RF-09,Unit I,Spinning,RingFrame,2500,2480,99.23
2026-07-23,2,RF-10,Unit I,Spinning,RingFrame,2500,2441,97.67
2026-07-23,2,RF-11,Unit I,Spinning,RingFrame,2500,1728,69.16
2026-07-23,2,RF-12,Unit I,Spinning,RingFrame,2500,2499,99.98
2026-07-23,2,VTX-01,Unit I,Spinning,Vortex,4700,4685,99.69
2026-07-23,2,VTX-02,Unit I,Spinning,Vortex,4700,4660,99.15
2026-07-23,2,VTX-03,Unit I,Spinning,Vortex,4700,4552,96.86
2026-07-23,2,VTX-04,Unit I,Spinning,Vortex,4700,4516,96.1
2026-07-23,2,VTX-05,Unit I,Spinning,Vortex,4700,4700,100.0
2026-07-23,2,VTX-06,Unit I,Spinning,Vortex,4700,4118,87.62
2026-07-23,2,VTX-07,Unit I,Spinning,Vortex,4700,4241,90.23
2026-07-23,2,VTX-08,Unit I,Spinning,Vortex,4700,4700,100.0
2026-07-23,2,VTX-09,Unit I,Spinning,Vortex,4700,4444,94.57
2026-07-23,2,VTX-10,Unit I,Spinning,Vortex,4700,4434,94.35
2026-07-23,2,VTX-11,Unit I,Spinning,Vortex,4700,4103,87.32
2026-07-23,2,VTX-12,Unit I,Spinning,Vortex,4700,4398,93.58
2026-07-23,2,AJ-01,Unit I,Spinning,Airjet,3750,3375,90.01
2026-07-23,2,AJ-02,Unit I,Spinning,Airjet,3750,3475,92.68
2026-07-23,2,AJ-03,Unit I,Spinning,Airjet,3750,3356,89.51
2026-07-23,2,AJ-04,Unit I,Spinning,Airjet,3750,3478,92.76
2026-07-23,2,AJ-05,Unit I,Spinning,Airjet,3750,3486,92.97
2026-07-23,3,TOY-01,Unit I,Weaving,Toyota,21700,20719,95.48
2026-07-23,3,TOY-02,Unit I,Weaving,Toyota,21700,15173,69.93
2026-07-23,3,TOY-03,Unit I,Weaving,Toyota,21700,19046,87.77
2026-07-23,3,TOY-04,Unit I,Weaving,Toyota,21700,21007,96.81
2026-07-23,3,TOY-05,Unit I,Weaving,Toyota,21700,19749,91.01
2026-07-23,3,TOY-06,Unit I,Weaving,Toyota,21700,21700,100.0
2026-07-23,3,TOY-07,Unit I,Weaving,Toyota,21700,20859,96.13
2026-07-23,3,TOY-08,Unit I,Weaving,Toyota,21700,17584,81.03
2026-07-23,3,TOY-09,Unit I,Weaving,Toyota,21700,21700,100.0
2026-07-23,3,TOY-10,Unit I,Weaving,Toyota,21700,20278,93.45
2026-07-23,3,TOY-11,Unit I,Weaving,Toyota,21700,19991,92.13
2026-07-23,3,TOY-12,Unit I,Weaving,Toyota,21700,21560,99.36
2026-07-23,3,TOY-13,Unit I,Weaving,Toyota,21700,21167,97.55
2026-07-23,3,TOY-14,Unit I,Weaving,Toyota,21700,20411,94.06
2026-07-23,3,TOY-15,Unit I,Weaving,Toyota,21700,21700,100.0
2026-07-23,3,TSU-01,Unit I,Weaving,Tsudakoma,15000,14090,93.94
2026-07-23,3,TSU-02,Unit I,Weaving,Tsudakoma,15000,14274,95.16
2026-07-23,3,TSU-03,Unit I,Weaving,Tsudakoma,15000,14265,95.11
2026-07-23,3,TSU-04,Unit I,Weaving,Tsudakoma,15000,13549,90.33
2026-07-23,3,TSU-05,Unit I,Weaving,Tsudakoma,15000,14308,95.39
2026-07-23,3,TSU-06,Unit I,Weaving,Tsudakoma,15000,15000,100.0
2026-07-23,3,TSU-07,Unit I,Weaving,Tsudakoma,15000,14583,97.22
2026-07-23,3,TSU-08,Unit I,Weaving,Tsudakoma,15000,14273,95.16
2026-07-23,3,TSU-09,Unit I,Weaving,Tsudakoma,15000,14128,94.19
2026-07-23,3,TSU-10,Unit I,Weaving,Tsudakoma,15000,14498,96.65
2026-07-23,3,SUL-01,Unit I,Weaving,Sulzer,2700,2666,98.75
2026-07-23,3,SUL-02,Unit I,Weaving,Sulzer,2700,2647,98.05
2026-07-23,3,SUL-03,Unit I,Weaving,Sulzer,2700,2520,93.34
2026-07-23,3,SUL-04,Unit I,Weaving,Sulzer,2700,2608,96.62
2026-07-23,3,SUL-05,Unit I,Weaving,Sulzer,2700,2629,97.4
2026-07-23,3,RF-01,Unit I,Spinning,RingFrame,2500,2249,89.96
2026-07-23,3,RF-02,Unit I,Spinning,RingFrame,2500,2396,95.84
2026-07-23,3,RF-03,Unit I,Spinning,RingFrame,2500,2104,84.19
2026-07-23,3,RF-04,Unit I,Spinning,RingFrame,2500,2435,97.41
2026-07-23,3,RF-05,Unit I,Spinning,RingFrame,2500,2457,98.3
2026-07-23,3,RF-06,Unit I,Spinning,RingFrame,2500,2468,98.74
2026-07-23,3,RF-07,Unit I,Spinning,RingFrame,2500,2325,93.02
2026-07-23,3,RF-08,Unit I,Spinning,RingFrame,2500,2413,96.55
2026-07-23,3,RF-09,Unit I,Spinning,RingFrame,2500,2500,100.0
2026-07-23,3,RF-10,Unit I,Spinning,RingFrame,2500,2500,100.0
2026-07-23,3,RF-11,Unit I,Spinning,RingFrame,2500,1946,77.85
2026-07-23,3,RF-12,Unit I,Spinning,RingFrame,2500,2392,95.7
2026-07-23,3,VTX-01,Unit I,Spinning,Vortex,4700,4700,100.0
2026-07-23,3,VTX-02,Unit I,Spinning,Vortex,4700,4112,87.5
2026-07-23,3,VTX-03,Unit I,Spinning,Vortex,4700,4389,93.38
2026-07-23,3,VTX-04,Unit I,Spinning,Vortex,4700,4700,100.0
2026-07-23,3,VTX-05,Unit I,Spinning,Vortex,4700,4694,99.88
2026-07-23,3,VTX-06,Unit I,Spinning,Vortex,4700,3752,79.85
2026-07-23,3,VTX-07,Unit I,Spinning,Vortex,4700,4111,87.47
2026-07-23,3,VTX-08,Unit I,Spinning,Vortex,4700,4453,94.75
2026-07-23,3,VTX-09,Unit I,Spinning,Vortex,4700,4326,92.05
2026-07-23,3,VTX-10,Unit I,Spinning,Vortex,4700,4542,96.66
2026-07-23,3,VTX-11,Unit I,Spinning,Vortex,4700,4274,90.95
2026-07-23,3,VTX-12,Unit I,Spinning,Vortex,4700,4223,89.87
2026-07-23,3,AJ-01,Unit I,Spinning,Airjet,3750,3175,84.68
2026-07-23,3,AJ-02,Unit I,Spinning,Airjet,3750,3750,100.0
2026-07-23,3,AJ-03,Unit I,Spinning,Airjet,3750,3487,93.0
2026-07-23,3,AJ-04,Unit I,Spinning,Airjet,3750,3591,95.79
2026-07-23,3,AJ-05,Unit I,Spinning,Airjet,3750,3562,94.99
2026-07-24,1,TOY-01,Unit I,Weaving,Toyota,21700,19456,89.66
2026-07-24,1,TOY-02,Unit I,Weaving,Toyota,21700,15559,71.7
2026-07-24,1,TOY-03,Unit I,Weaving,Toyota,21700,19524,89.97
2026-07-24,1,TOY-04,Unit I,Weaving,Toyota,21700,19830,91.38
2026-07-24,1,TOY-05,Unit I,Weaving,Toyota,21700,21012,96.83
2026-07-24,1,TOY-06,Unit I,Weaving,Toyota,21700,19751,91.02
2026-07-24,1,TOY-07,Unit I,Weaving,Toyota,21700,21700,100.0
2026-07-24,1,TOY-08,Unit I,Weaving,Toyota,21700,18040,83.14
2026-07-24,1,TOY-09,Unit I,Weaving,Toyota,21700,21492,99.04
2026-07-24,1,TOY-10,Unit I,Weaving,Toyota,21700,20485,94.4
2026-07-24,1,TOY-11,Unit I,Weaving,Toyota,21700,21700,100.0
2026-07-24,1,TOY-12,Unit I,Weaving,Toyota,21700,20378,93.91
2026-07-24,1,TOY-13,Unit I,Weaving,Toyota,21700,20581,94.84
2026-07-24,1,TOY-14,Unit I,Weaving,Toyota,21700,20799,95.85
2026-07-24,1,TOY-15,Unit I,Weaving,Toyota,21700,21376,98.51
2026-07-24,1,TSU-01,Unit I,Weaving,Tsudakoma,15000,14727,98.18
2026-07-24,1,TSU-02,Unit I,Weaving,Tsudakoma,15000,13893,92.62
2026-07-24,1,TSU-03,Unit I,Weaving,Tsudakoma,15000,13850,92.34
2026-07-24,1,TSU-04,Unit I,Weaving,Tsudakoma,15000,14729,98.2
2026-07-24,1,TSU-05,Unit I,Weaving,Tsudakoma,15000,14786,98.58
2026-07-24,1,TSU-06,Unit I,Weaving,Tsudakoma,15000,13954,93.03
2026-07-24,1,TSU-07,Unit I,Weaving,Tsudakoma,15000,13059,87.06
2026-07-24,1,TSU-08,Unit I,Weaving,Tsudakoma,15000,14094,93.96
2026-07-24,1,TSU-09,Unit I,Weaving,Tsudakoma,15000,14717,98.12
2026-07-24,1,TSU-10,Unit I,Weaving,Tsudakoma,15000,15000,100.0
2026-07-24,1,SUL-01,Unit I,Weaving,Sulzer,2700,2403,89.01
2026-07-24,1,SUL-02,Unit I,Weaving,Sulzer,2700,2507,92.87
2026-07-24,1,SUL-03,Unit I,Weaving,Sulzer,2700,2512,93.05
2026-07-24,1,SUL-04,Unit I,Weaving,Sulzer,2700,2700,100.0
2026-07-24,1,SUL-05,Unit I,Weaving,Sulzer,2700,2560,94.83
2026-07-24,1,RF-01,Unit I,Spinning,RingFrame,2500,2261,90.46
2026-07-24,1,RF-02,Unit I,Spinning,RingFrame,2500,2444,97.79
2026-07-24,1,RF-03,Unit I,Spinning,RingFrame,2500,2324,92.98
2026-07-24,1,RF-04,Unit I,Spinning,RingFrame,2500,2221,88.88
2026-07-24,1,RF-05,Unit I,Spinning,RingFrame,2500,2263,90.54
2026-07-24,1,RF-06,Unit I,Spinning,RingFrame,2500,2500,100.0
2026-07-24,1,RF-07,Unit I,Spinning,RingFrame,2500,2423,96.92
2026-07-24,1,RF-08,Unit I,Spinning,RingFrame,2500,2388,95.54
2026-07-24,1,RF-09,Unit I,Spinning,RingFrame,2500,2343,93.75
2026-07-24,1,RF-10,Unit I,Spinning,RingFrame,2500,2411,96.46
2026-07-24,1,RF-11,Unit I,Spinning,RingFrame,2500,1985,79.4
2026-07-24,1,RF-12,Unit I,Spinning,RingFrame,2500,2411,96.46
2026-07-24,1,VTX-01,Unit I,Spinning,Vortex,4700,4491,95.57
2026-07-24,1,VTX-02,Unit I,Spinning,Vortex,4700,4669,99.34
2026-07-24,1,VTX-03,Unit I,Spinning,Vortex,4700,4470,95.12
2026-07-24,1,VTX-04,Unit I,Spinning,Vortex,4700,4235,90.11
2026-07-24,1,VTX-05,Unit I,Spinning,Vortex,4700,4321,91.94
2026-07-24,1,VTX-06,Unit I,Spinning,Vortex,4700,3200,68.1
2026-07-24,1,VTX-07,Unit I,Spinning,Vortex,4700,4700,100.0
2026-07-24,1,VTX-08,Unit I,Spinning,Vortex,4700,4667,99.31
2026-07-24,1,VTX-09,Unit I,Spinning,Vortex,4700,4269,90.85
2026-07-24,1,VTX-10,Unit I,Spinning,Vortex,4700,4398,93.59
2026-07-24,1,VTX-11,Unit I,Spinning,Vortex,4700,4315,91.82
2026-07-24,1,VTX-12,Unit I,Spinning,Vortex,4700,4700,100.0
2026-07-24,1,AJ-01,Unit I,Spinning,Airjet,3750,3296,87.9
2026-07-24,1,AJ-02,Unit I,Spinning,Airjet,3750,3583,95.57
2026-07-24,1,AJ-03,Unit I,Spinning,Airjet,3750,3542,94.46
2026-07-24,1,AJ-04,Unit I,Spinning,Airjet,3750,3717,99.13
2026-07-24,1,AJ-05,Unit I,Spinning,Airjet,3750,3542,94.48
2026-07-24,2,TOY-01,Unit I,Weaving,Toyota,21700,18707,86.21
2026-07-24,2,TOY-02,Unit I,Weaving,Toyota,21700,16653,76.74
2026-07-24,2,TOY-03,Unit I,Weaving,Toyota,21700,19560,90.14
2026-07-24,2,TOY-04,Unit I,Weaving,Toyota,21700,20701,95.4
2026-07-24,2,TOY-05,Unit I,Weaving,Toyota,21700,21700,100.0
2026-07-24,2,TOY-06,Unit I,Weaving,Toyota,21700,18727,86.3
2026-07-24,2,TOY-07,Unit I,Weaving,Toyota,21700,19746,91.0
2026-07-24,2,TOY-08,Unit I,Weaving,Toyota,21700,16326,75.24
2026-07-24,2,TOY-09,Unit I,Weaving,Toyota,21700,20200,93.09
2026-07-24,2,TOY-10,Unit I,Weaving,Toyota,21700,21418,98.7
2026-07-24,2,TOY-11,Unit I,Weaving,Toyota,21700,20426,94.13
2026-07-24,2,TOY-12,Unit I,Weaving,Toyota,21700,21066,97.08
2026-07-24,2,TOY-13,Unit I,Weaving,Toyota,21700,19936,91.87
2026-07-24,2,TOY-14,Unit I,Weaving,Toyota,21700,20864,96.15
2026-07-24,2,TOY-15,Unit I,Weaving,Toyota,21700,21458,98.89
2026-07-24,2,TSU-01,Unit I,Weaving,Tsudakoma,15000,13700,91.34
2026-07-24,2,TSU-02,Unit I,Weaving,Tsudakoma,15000,14836,98.91
2026-07-24,2,TSU-03,Unit I,Weaving,Tsudakoma,15000,14289,95.26
2026-07-24,2,TSU-04,Unit I,Weaving,Tsudakoma,15000,15000,100.0
2026-07-24,2,TSU-05,Unit I,Weaving,Tsudakoma,15000,14098,93.99
2026-07-24,2,TSU-06,Unit I,Weaving,Tsudakoma,15000,14535,96.91
2026-07-24,2,TSU-07,Unit I,Weaving,Tsudakoma,15000,14219,94.8
2026-07-24,2,TSU-08,Unit I,Weaving,Tsudakoma,15000,14177,94.52
2026-07-24,2,TSU-09,Unit I,Weaving,Tsudakoma,15000,14444,96.29
2026-07-24,2,TSU-10,Unit I,Weaving,Tsudakoma,15000,14652,97.68
2026-07-24,2,SUL-01,Unit I,Weaving,Sulzer,2700,2396,88.75
2026-07-24,2,SUL-02,Unit I,Weaving,Sulzer,2700,2700,100.0
2026-07-24,2,SUL-03,Unit I,Weaving,Sulzer,2700,2313,85.7
2026-07-24,2,SUL-04,Unit I,Weaving,Sulzer,2700,2472,91.58
2026-07-24,2,SUL-05,Unit I,Weaving,Sulzer,2700,2552,94.53
2026-07-24,2,RF-01,Unit I,Spinning,RingFrame,2500,2426,97.06
2026-07-24,2,RF-02,Unit I,Spinning,RingFrame,2500,2500,100.0
2026-07-24,2,RF-03,Unit I,Spinning,RingFrame,2500,2142,85.71
2026-07-24,2,RF-04,Unit I,Spinning,RingFrame,2500,2311,92.46
2026-07-24,2,RF-05,Unit I,Spinning,RingFrame,2500,2109,84.37
2026-07-24,2,RF-06,Unit I,Spinning,RingFrame,2500,2378,95.16
2026-07-24,2,RF-07,Unit I,Spinning,RingFrame,2500,2408,96.36
2026-07-24,2,RF-08,Unit I,Spinning,RingFrame,2500,2500,100.0
2026-07-24,2,RF-09,Unit I,Spinning,RingFrame,2500,2390,95.6
2026-07-24,2,RF-10,Unit I,Spinning,RingFrame,2500,2500,100.0
2026-07-24,2,RF-11,Unit I,Spinning,RingFrame,2500,2022,80.92
2026-07-24,2,RF-12,Unit I,Spinning,RingFrame,2500,2320,92.82
2026-07-24,2,VTX-01,Unit I,Spinning,Vortex,4700,4133,87.96
2026-07-24,2,VTX-02,Unit I,Spinning,Vortex,4700,4529,96.38
2026-07-24,2,VTX-03,Unit I,Spinning,Vortex,4700,4114,87.54
2026-07-24,2,VTX-04,Unit I,Spinning,Vortex,4700,4700,100.0
2026-07-24,2,VTX-05,Unit I,Spinning,Vortex,4700,4426,94.19
2026-07-24,2,VTX-06,Unit I,Spinning,Vortex,4700,3946,83.98
2026-07-24,2,VTX-07,Unit I,Spinning,Vortex,4700,4352,92.6
2026-07-24,2,VTX-08,Unit I,Spinning,Vortex,4700,4528,96.34
2026-07-24,2,VTX-09,Unit I,Spinning,Vortex,4700,4514,96.05
2026-07-24,2,VTX-10,Unit I,Spinning,Vortex,4700,4454,94.77
2026-07-24,2,VTX-11,Unit I,Spinning,Vortex,4700,4363,92.84
2026-07-24,2,VTX-12,Unit I,Spinning,Vortex,4700,4557,96.96
2026-07-24,2,AJ-01,Unit I,Spinning,Airjet,3750,3388,90.37
2026-07-24,2,AJ-02,Unit I,Spinning,Airjet,3750,3335,88.95
2026-07-24,2,AJ-03,Unit I,Spinning,Airjet,3750,3750,100.0
2026-07-24,2,AJ-04,Unit I,Spinning,Airjet,3750,3698,98.64
2026-07-24,2,AJ-05,Unit I,Spinning,Airjet,3750,3574,95.33
2026-07-24,3,TOY-01,Unit I,Weaving,Toyota,21700,21700,100.0
2026-07-24,3,TOY-02,Unit I,Weaving,Toyota,21700,16635,76.66
2026-07-24,3,TOY-03,Unit I,Weaving,Toyota,21700,21700,100.0
2026-07-24,3,TOY-04,Unit I,Weaving,Toyota,21700,20805,95.88
2026-07-24,3,TOY-05,Unit I,Weaving,Toyota,21700,19503,89.88
2026-07-24,3,TOY-06,Unit I,Weaving,Toyota,21700,21700,100.0
2026-07-24,3,TOY-07,Unit I,Weaving,Toyota,21700,21689,99.95
2026-07-24,3,TOY-08,Unit I,Weaving,Toyota,21700,16794,77.39
2026-07-24,3,TOY-09,Unit I,Weaving,Toyota,21700,21403,98.64
2026-07-24,3,TOY-10,Unit I,Weaving,Toyota,21700,20176,92.98
2026-07-24,3,TOY-11,Unit I,Weaving,Toyota,21700,21514,99.15
2026-07-24,3,TOY-12,Unit I,Weaving,Toyota,21700,18020,83.04
2026-07-24,3,TOY-13,Unit I,Weaving,Toyota,21700,19508,89.9
2026-07-24,3,TOY-14,Unit I,Weaving,Toyota,21700,21677,99.9
2026-07-24,3,TOY-15,Unit I,Weaving,Toyota,21700,20344,93.75
2026-07-24,3,TSU-01,Unit I,Weaving,Tsudakoma,15000,14405,96.04
2026-07-24,3,TSU-02,Unit I,Weaving,Tsudakoma,15000,13239,88.27
2026-07-24,3,TSU-03,Unit I,Weaving,Tsudakoma,15000,15000,100.0
2026-07-24,3,TSU-04,Unit I,Weaving,Tsudakoma,15000,15000,100.0
2026-07-24,3,TSU-05,Unit I,Weaving,Tsudakoma,15000,14099,94.0
2026-07-24,3,TSU-06,Unit I,Weaving,Tsudakoma,15000,13946,92.98
2026-07-24,3,TSU-07,Unit I,Weaving,Tsudakoma,15000,15000,100.0
2026-07-24,3,TSU-08,Unit I,Weaving,Tsudakoma,15000,15000,100.0
2026-07-24,3,TSU-09,Unit I,Weaving,Tsudakoma,15000,14965,99.77
2026-07-24,3,TSU-10,Unit I,Weaving,Tsudakoma,15000,15000,100.0
2026-07-24,3,SUL-01,Unit I,Weaving,Sulzer,2700,2440,90.39
2026-07-24,3,SUL-02,Unit I,Weaving,Sulzer,2700,2454,90.9
2026-07-24,3,SUL-03,Unit I,Weaving,Sulzer,2700,2404,89.06
2026-07-24,3,SUL-04,Unit I,Weaving,Sulzer,2700,2624,97.21
2026-07-24,3,SUL-05,Unit I,Weaving,Sulzer,2700,2588,95.88
2026-07-24,3,RF-01,Unit I,Spinning,RingFrame,2500,2356,94.24
2026-07-24,3,RF-02,Unit I,Spinning,RingFrame,2500,2476,99.05
2026-07-24,3,RF-03,Unit I,Spinning,RingFrame,2500,2500,100.0
2026-07-24,3,RF-04,Unit I,Spinning,RingFrame,2500,2184,87.37
2026-07-24,3,RF-05,Unit I,Spinning,RingFrame,2500,2300,92.02
2026-07-24,3,RF-06,Unit I,Spinning,RingFrame,2500,2477,99.1
2026-07-24,3,RF-07,Unit I,Spinning,RingFrame,2500,2316,92.66
2026-07-24,3,RF-08,Unit I,Spinning,RingFrame,2500,2275,91.01
2026-07-24,3,RF-09,Unit I,Spinning,RingFrame,2500,2500,100.0
2026-07-24,3,RF-10,Unit I,Spinning,RingFrame,2500,2213,88.55
2026-07-24,3,RF-11,Unit I,Spinning,RingFrame,2500,1912,76.49
2026-07-24,3,RF-12,Unit I,Spinning,RingFrame,2500,2416,96.64
2026-07-24,3,VTX-01,Unit I,Spinning,Vortex,4700,4330,92.13
2026-07-24,3,VTX-02,Unit I,Spinning,Vortex,4700,4649,98.92
2026-07-24,3,VTX-03,Unit I,Spinning,Vortex,4700,4331,92.16
2026-07-24,3,VTX-04,Unit I,Spinning,Vortex,4700,4700,100.0
2026-07-24,3,VTX-05,Unit I,Spinning,Vortex,4700,4435,94.37
2026-07-24,3,VTX-06,Unit I,Spinning,Vortex,4700,3823,81.36
2026-07-24,3,VTX-07,Unit I,Spinning,Vortex,4700,4640,98.73
2026-07-24,3,VTX-08,Unit I,Spinning,Vortex,4700,4317,91.86
2026-07-24,3,VTX-09,Unit I,Spinning,Vortex,4700,3982,84.73
2026-07-24,3,VTX-10,Unit I,Spinning,Vortex,4700,4549,96.8
2026-07-24,3,VTX-11,Unit I,Spinning,Vortex,4700,4481,95.36
2026-07-24,3,VTX-12,Unit I,Spinning,Vortex,4700,4595,97.78
2026-07-24,3,AJ-01,Unit I,Spinning,Airjet,3750,3520,93.87
2026-07-24,3,AJ-02,Unit I,Spinning,Airjet,3750,3481,92.85
2026-07-24,3,AJ-03,Unit I,Spinning,Airjet,3750,3750,100.0
2026-07-24,3,AJ-04,Unit I,Spinning,Airjet,3750,3286,87.64
2026-07-24,3,AJ-05,Unit I,Spinning,Airjet,3750,3700,98.67
2026-07-25,1,TOY-01,Unit I,Weaving,Toyota,21700,19991,92.13
2026-07-25,1,TOY-02,Unit I,Weaving,Toyota,21700,16561,76.32
2026-07-25,1,TOY-03,Unit I,Weaving,Toyota,21700,20270,93.41
2026-07-25,1,TOY-04,Unit I,Weaving,Toyota,21700,19743,90.98
2026-07-25,1,TOY-05,Unit I,Weaving,Toyota,21700,21234,97.86
2026-07-25,1,TOY-06,Unit I,Weaving,Toyota,21700,21700,100.0
2026-07-25,1,TOY-07,Unit I,Weaving,Toyota,21700,21124,97.35
2026-07-25,1,TOY-08,Unit I,Weaving,Toyota,21700,17038,78.52
2026-07-25,1,TOY-09,Unit I,Weaving,Toyota,21700,19544,90.07
2026-07-25,1,TOY-10,Unit I,Weaving,Toyota,21700,21175,97.58
2026-07-25,1,TOY-11,Unit I,Weaving,Toyota,21700,21700,100.0
2026-07-25,1,TOY-12,Unit I,Weaving,Toyota,21700,20201,93.1
2026-07-25,1,TOY-13,Unit I,Weaving,Toyota,21700,20207,93.12
2026-07-25,1,TOY-14,Unit I,Weaving,Toyota,21700,20006,92.19
2026-07-25,1,TOY-15,Unit I,Weaving,Toyota,21700,20083,92.55
2026-07-25,1,TSU-01,Unit I,Weaving,Tsudakoma,15000,12191,81.27
2026-07-25,1,TSU-02,Unit I,Weaving,Tsudakoma,15000,14553,97.03
2026-07-25,1,TSU-03,Unit I,Weaving,Tsudakoma,15000,13615,90.77
2026-07-25,1,TSU-04,Unit I,Weaving,Tsudakoma,15000,13042,86.95
2026-07-25,1,TSU-05,Unit I,Weaving,Tsudakoma,15000,14814,98.77
2026-07-25,1,TSU-06,Unit I,Weaving,Tsudakoma,15000,13438,89.59
2026-07-25,1,TSU-07,Unit I,Weaving,Tsudakoma,15000,13995,93.31
2026-07-25,1,TSU-08,Unit I,Weaving,Tsudakoma,15000,15000,100.0
2026-07-25,1,TSU-09,Unit I,Weaving,Tsudakoma,15000,13193,87.95
2026-07-25,1,TSU-10,Unit I,Weaving,Tsudakoma,15000,13100,87.34
2026-07-25,1,SUL-01,Unit I,Weaving,Sulzer,2700,2601,96.35
2026-07-25,1,SUL-02,Unit I,Weaving,Sulzer,2700,2700,100.0
2026-07-25,1,SUL-03,Unit I,Weaving,Sulzer,2700,2352,87.13
2026-07-25,1,SUL-04,Unit I,Weaving,Sulzer,2700,2620,97.04
2026-07-25,1,SUL-05,Unit I,Weaving,Sulzer,2700,2643,97.9
2026-07-25,1,RF-01,Unit I,Spinning,RingFrame,2500,2117,84.7
2026-07-25,1,RF-02,Unit I,Spinning,RingFrame,2500,2474,98.99
2026-07-25,1,RF-03,Unit I,Spinning,RingFrame,2500,2484,99.38
2026-07-25,1,RF-04,Unit I,Spinning,RingFrame,2500,2336,93.44
2026-07-25,1,RF-05,Unit I,Spinning,RingFrame,2500,2500,100.0
2026-07-25,1,RF-06,Unit I,Spinning,RingFrame,2500,2500,100.0
2026-07-25,1,RF-07,Unit I,Spinning,RingFrame,2500,2387,95.52
2026-07-25,1,RF-08,Unit I,Spinning,RingFrame,2500,2318,92.74
2026-07-25,1,RF-09,Unit I,Spinning,RingFrame,2500,2253,90.14
2026-07-25,1,RF-10,Unit I,Spinning,RingFrame,2500,2370,94.81
2026-07-25,1,RF-11,Unit I,Spinning,RingFrame,2500,2021,80.85
2026-07-25,1,RF-12,Unit I,Spinning,RingFrame,2500,2334,93.38
2026-07-25,1,VTX-01,Unit I,Spinning,Vortex,4700,3948,84.01
2026-07-25,1,VTX-02,Unit I,Spinning,Vortex,4700,4700,100.0
2026-07-25,1,VTX-03,Unit I,Spinning,Vortex,4700,4509,95.95
2026-07-25,1,VTX-04,Unit I,Spinning,Vortex,4700,4375,93.1
2026-07-25,1,VTX-05,Unit I,Spinning,Vortex,4700,4666,99.29
2026-07-25,1,VTX-06,Unit I,Spinning,Vortex,4700,4024,85.62
2026-07-25,1,VTX-07,Unit I,Spinning,Vortex,4700,3806,80.99
2026-07-25,1,VTX-08,Unit I,Spinning,Vortex,4700,4567,97.17
2026-07-25,1,VTX-09,Unit I,Spinning,Vortex,4700,4129,87.87
2026-07-25,1,VTX-10,Unit I,Spinning,Vortex,4700,4582,97.5
2026-07-25,1,VTX-11,Unit I,Spinning,Vortex,4700,4495,95.64
2026-07-25,1,VTX-12,Unit I,Spinning,Vortex,4700,4614,98.18
2026-07-25,1,AJ-01,Unit I,Spinning,Airjet,3750,3468,92.5
2026-07-25,1,AJ-02,Unit I,Spinning,Airjet,3750,3211,85.63
2026-07-25,1,AJ-03,Unit I,Spinning,Airjet,3750,3478,92.75
2026-07-25,1,AJ-04,Unit I,Spinning,Airjet,3750,3638,97.03
2026-07-25,1,AJ-05,Unit I,Spinning,Airjet,3750,3750,100.0
2026-07-25,2,TOY-01,Unit I,Weaving,Toyota,21700,19343,89.14
2026-07-25,2,TOY-02,Unit I,Weaving,Toyota,21700,18040,83.14
2026-07-25,2,TOY-03,Unit I,Weaving,Toyota,21700,19912,91.76
2026-07-25,2,TOY-04,Unit I,Weaving,Toyota,21700,21008,96.81
2026-07-25,2,TOY-05,Unit I,Weaving,Toyota,21700,20061,92.45
2026-07-25,2,TOY-06,Unit I,Weaving,Toyota,21700,20812,95.91
2026-07-25,2,TOY-07,Unit I,Weaving,Toyota,21700,21582,99.46
2026-07-25,2,TOY-08,Unit I,Weaving,Toyota,21700,15594,71.86
2026-07-25,2,TOY-09,Unit I,Weaving,Toyota,21700,19877,91.6
2026-07-25,2,TOY-10,Unit I,Weaving,Toyota,21700,20815,95.92
2026-07-25,2,TOY-11,Unit I,Weaving,Toyota,21700,21700,100.0
2026-07-25,2,TOY-12,Unit I,Weaving,Toyota,21700,19678,90.68
2026-07-25,2,TOY-13,Unit I,Weaving,Toyota,21700,21700,100.0
2026-07-25,2,TOY-14,Unit I,Weaving,Toyota,21700,21700,100.0
2026-07-25,2,TOY-15,Unit I,Weaving,Toyota,21700,20509,94.51
2026-07-25,2,TSU-01,Unit I,Weaving,Tsudakoma,15000,14026,93.51
2026-07-25,2,TSU-02,Unit I,Weaving,Tsudakoma,15000,13730,91.54
2026-07-25,2,TSU-03,Unit I,Weaving,Tsudakoma,15000,14198,94.66
2026-07-25,2,TSU-04,Unit I,Weaving,Tsudakoma,15000,13194,87.97
2026-07-25,2,TSU-05,Unit I,Weaving,Tsudakoma,15000,14192,94.62
2026-07-25,2,TSU-06,Unit I,Weaving,Tsudakoma,15000,15000,100.0
2026-07-25,2,TSU-07,Unit I,Weaving,Tsudakoma,15000,13791,91.94
2026-07-25,2,TSU-08,Unit I,Weaving,Tsudakoma,15000,14069,93.8
2026-07-25,2,TSU-09,Unit I,Weaving,Tsudakoma,15000,12974,86.49
2026-07-25,2,TSU-10,Unit I,Weaving,Tsudakoma,15000,14530,96.87
2026-07-25,2,SUL-01,Unit I,Weaving,Sulzer,2700,2600,96.32
2026-07-25,2,SUL-02,Unit I,Weaving,Sulzer,2700,2573,95.32
2026-07-25,2,SUL-03,Unit I,Weaving,Sulzer,2700,2535,93.92
2026-07-25,2,SUL-04,Unit I,Weaving,Sulzer,2700,2525,93.54
2026-07-25,2,SUL-05,Unit I,Weaving,Sulzer,2700,2632,97.51
2026-07-25,2,RF-01,Unit I,Spinning,RingFrame,2500,2371,94.86
2026-07-25,2,RF-02,Unit I,Spinning,RingFrame,2500,2414,96.57
2026-07-25,2,RF-03,Unit I,Spinning,RingFrame,2500,2401,96.07
2026-07-25,2,RF-04,Unit I,Spinning,RingFrame,2500,2500,100.0
2026-07-25,2,RF-05,Unit I,Spinning,RingFrame,2500,2459,98.38
2026-07-25,2,RF-06,Unit I,Spinning,RingFrame,2500,2399,95.96
2026-07-25,2,RF-07,Unit I,Spinning,RingFrame,2500,2500,100.0
2026-07-25,2,RF-08,Unit I,Spinning,RingFrame,2500,2427,97.1
2026-07-25,2,RF-09,Unit I,Spinning,RingFrame,2500,2500,100.0
2026-07-25,2,RF-10,Unit I,Spinning,RingFrame,2500,2450,98.03
2026-07-25,2,RF-11,Unit I,Spinning,RingFrame,2500,1719,68.79
2026-07-25,2,RF-12,Unit I,Spinning,RingFrame,2500,2500,100.0
2026-07-25,2,VTX-01,Unit I,Spinning,Vortex,4700,4496,95.68
2026-07-25,2,VTX-02,Unit I,Spinning,Vortex,4700,4452,94.74
2026-07-25,2,VTX-03,Unit I,Spinning,Vortex,4700,4531,96.41
2026-07-25,2,VTX-04,Unit I,Spinning,Vortex,4700,4383,93.28
2026-07-25,2,VTX-05,Unit I,Spinning,Vortex,4700,4518,96.14
2026-07-25,2,VTX-06,Unit I,Spinning,Vortex,4700,3526,75.04
2026-07-25,2,VTX-07,Unit I,Spinning,Vortex,4700,4700,100.0
2026-07-25,2,VTX-08,Unit I,Spinning,Vortex,4700,4438,94.43
2026-07-25,2,VTX-09,Unit I,Spinning,Vortex,4700,4375,93.09
2026-07-25,2,VTX-10,Unit I,Spinning,Vortex,4700,4247,90.38
2026-07-25,2,VTX-11,Unit I,Spinning,Vortex,4700,4528,96.34
2026-07-25,2,VTX-12,Unit I,Spinning,Vortex,4700,4508,95.94
2026-07-25,2,AJ-01,Unit I,Spinning,Airjet,3750,3635,96.94
2026-07-25,2,AJ-02,Unit I,Spinning,Airjet,3750,3369,89.86
2026-07-25,2,AJ-03,Unit I,Spinning,Airjet,3750,3262,86.99
2026-07-25,2,AJ-04,Unit I,Spinning,Airjet,3750,3679,98.13
2026-07-25,2,AJ-05,Unit I,Spinning,Airjet,3750,3750,100.0
2026-07-25,3,TOY-01,Unit I,Weaving,Toyota,21700,19501,89.87
2026-07-25,3,TOY-02,Unit I,Weaving,Toyota,21700,18650,85.95
2026-07-25,3,TOY-03,Unit I,Weaving,Toyota,21700,20923,96.42
2026-07-25,3,TOY-04,Unit I,Weaving,Toyota,21700,20607,94.96
2026-07-25,3,TOY-05,Unit I,Weaving,Toyota,21700,20183,93.01
2026-07-25,3,TOY-06,Unit I,Weaving,Toyota,21700,19112,88.08
2026-07-25,3,TOY-07,Unit I,Weaving,Toyota,21700,21686,99.94
2026-07-25,3,TOY-08,Unit I,Weaving,Toyota,21700,16084,74.12
2026-07-25,3,TOY-09,Unit I,Weaving,Toyota,21700,19768,91.1
2026-07-25,3,TOY-10,Unit I,Weaving,Toyota,21700,21691,99.96
2026-07-25,3,TOY-11,Unit I,Weaving,Toyota,21700,18571,85.59
2026-07-25,3,TOY-12,Unit I,Weaving,Toyota,21700,18961,87.38
2026-07-25,3,TOY-13,Unit I,Weaving,Toyota,21700,20595,94.91
2026-07-25,3,TOY-14,Unit I,Weaving,Toyota,21700,20933,96.47
2026-07-25,3,TOY-15,Unit I,Weaving,Toyota,21700,21140,97.42
2026-07-25,3,TSU-01,Unit I,Weaving,Tsudakoma,15000,14023,93.49
2026-07-25,3,TSU-02,Unit I,Weaving,Tsudakoma,15000,15000,100.0
2026-07-25,3,TSU-03,Unit I,Weaving,Tsudakoma,15000,14079,93.86
2026-07-25,3,TSU-04,Unit I,Weaving,Tsudakoma,15000,14076,93.85
2026-07-25,3,TSU-05,Unit I,Weaving,Tsudakoma,15000,13652,91.02
2026-07-25,3,TSU-06,Unit I,Weaving,Tsudakoma,15000,14342,95.62
2026-07-25,3,TSU-07,Unit I,Weaving,Tsudakoma,15000,14711,98.07
2026-07-25,3,TSU-08,Unit I,Weaving,Tsudakoma,15000,15000,100.0
2026-07-25,3,TSU-09,Unit I,Weaving,Tsudakoma,15000,13133,87.55
2026-07-25,3,TSU-10,Unit I,Weaving,Tsudakoma,15000,14065,93.77
2026-07-25,3,SUL-01,Unit I,Weaving,Sulzer,2700,2625,97.23
2026-07-25,3,SUL-02,Unit I,Weaving,Sulzer,2700,2644,97.94
2026-07-25,3,SUL-03,Unit I,Weaving,Sulzer,2700,2565,95.03
2026-07-25,3,SUL-04,Unit I,Weaving,Sulzer,2700,2638,97.71
2026-07-25,3,SUL-05,Unit I,Weaving,Sulzer,2700,2455,90.96
2026-07-25,3,RF-01,Unit I,Spinning,RingFrame,2500,2500,100.0
2026-07-25,3,RF-02,Unit I,Spinning,RingFrame,2500,2499,99.96
2026-07-25,3,RF-03,Unit I,Spinning,RingFrame,2500,2206,88.28
2026-07-25,3,RF-04,Unit I,Spinning,RingFrame,2500,2240,89.62
2026-07-25,3,RF-05,Unit I,Spinning,RingFrame,2500,2244,89.77
2026-07-25,3,RF-06,Unit I,Spinning,RingFrame,2500,2459,98.39
2026-07-25,3,RF-07,Unit I,Spinning,RingFrame,2500,2214,88.58
2026-07-25,3,RF-08,Unit I,Spinning,RingFrame,2500,2333,93.34
2026-07-25,3,RF-09,Unit I,Spinning,RingFrame,2500,2431,97.27
2026-07-25,3,RF-10,Unit I,Spinning,RingFrame,2500,2366,94.67
2026-07-25,3,RF-11,Unit I,Spinning,RingFrame,2500,1982,79.29
2026-07-25,3,RF-12,Unit I,Spinning,RingFrame,2500,2241,89.67
2026-07-25,3,VTX-01,Unit I,Spinning,Vortex,4700,4604,97.97
2026-07-25,3,VTX-02,Unit I,Spinning,Vortex,4700,4320,91.93
2026-07-25,3,VTX-03,Unit I,Spinning,Vortex,4700,4388,93.38
2026-07-25,3,VTX-04,Unit I,Spinning,Vortex,4700,4520,96.19
2026-07-25,3,VTX-05,Unit I,Spinning,Vortex,4700,4489,95.52
2026-07-25,3,VTX-06,Unit I,Spinning,Vortex,4700,3671,78.12
2026-07-25,3,VTX-07,Unit I,Spinning,Vortex,4700,4288,91.25
2026-07-25,3,VTX-08,Unit I,Spinning,Vortex,4700,4394,93.5
2026-07-25,3,VTX-09,Unit I,Spinning,Vortex,4700,4465,95.01
2026-07-25,3,VTX-10,Unit I,Spinning,Vortex,4700,4141,88.12
2026-07-25,3,VTX-11,Unit I,Spinning,Vortex,4700,4356,92.69
2026-07-25,3,VTX-12,Unit I,Spinning,Vortex,4700,4556,96.94
2026-07-25,3,AJ-01,Unit I,Spinning,Airjet,3750,3322,88.61
2026-07-25,3,AJ-02,Unit I,Spinning,Airjet,3750,3750,100.0
2026-07-25,3,AJ-03,Unit I,Spinning,Airjet,3750,3750,100.0
2026-07-25,3,AJ-04,Unit I,Spinning,Airjet,3750,3329,88.77
2026-07-25,3,AJ-05,Unit I,Spinning,Airjet,3750,3750,100.0
2026-07-26,1,TOY-01,Unit I,Weaving,Toyota,21700,20459,94.28
2026-07-26,1,TOY-02,Unit I,Weaving,Toyota,21700,17380,80.09
2026-07-26,1,TOY-03,Unit I,Weaving,Toyota,21700,20076,92.52
2026-07-26,1,TOY-04,Unit I,Weaving,Toyota,21700,21616,99.62
2026-07-26,1,TOY-05,Unit I,Weaving,Toyota,21700,21055,97.03
2026-07-26,1,TOY-06,Unit I,Weaving,Toyota,21700,19731,90.93
2026-07-26,1,TOY-07,Unit I,Weaving,Toyota,21700,19350,89.17
2026-07-26,1,TOY-08,Unit I,Weaving,Toyota,21700,15341,70.7
2026-07-26,1,TOY-09,Unit I,Weaving,Toyota,21700,20818,95.94
2026-07-26,1,TOY-10,Unit I,Weaving,Toyota,21700,21236,97.86
2026-07-26,1,TOY-11,Unit I,Weaving,Toyota,21700,21321,98.25
2026-07-26,1,TOY-12,Unit I,Weaving,Toyota,21700,20486,94.41
2026-07-26,1,TOY-13,Unit I,Weaving,Toyota,21700,19359,89.22
2026-07-26,1,TOY-14,Unit I,Weaving,Toyota,21700,19874,91.59
2026-07-26,1,TOY-15,Unit I,Weaving,Toyota,21700,21700,100.0
2026-07-26,1,TSU-01,Unit I,Weaving,Tsudakoma,15000,13886,92.58
2026-07-26,1,TSU-02,Unit I,Weaving,Tsudakoma,15000,14357,95.72
2026-07-26,1,TSU-03,Unit I,Weaving,Tsudakoma,15000,13443,89.62
2026-07-26,1,TSU-04,Unit I,Weaving,Tsudakoma,15000,14502,96.68
2026-07-26,1,TSU-05,Unit I,Weaving,Tsudakoma,15000,13906,92.71
2026-07-26,1,TSU-06,Unit I,Weaving,Tsudakoma,15000,15000,100.0
2026-07-26,1,TSU-07,Unit I,Weaving,Tsudakoma,15000,14830,98.87
2026-07-26,1,TSU-08,Unit I,Weaving,Tsudakoma,15000,13878,92.52
2026-07-26,1,TSU-09,Unit I,Weaving,Tsudakoma,15000,14155,94.37
2026-07-26,1,TSU-10,Unit I,Weaving,Tsudakoma,15000,13836,92.24
2026-07-26,1,SUL-01,Unit I,Weaving,Sulzer,2700,2373,87.9
2026-07-26,1,SUL-02,Unit I,Weaving,Sulzer,2700,2449,90.71
2026-07-26,1,SUL-03,Unit I,Weaving,Sulzer,2700,2591,95.99
2026-07-26,1,SUL-04,Unit I,Weaving,Sulzer,2700,2608,96.63
2026-07-26,1,SUL-05,Unit I,Weaving,Sulzer,2700,2585,95.74
2026-07-26,1,RF-01,Unit I,Spinning,RingFrame,2500,2337,93.49
2026-07-26,1,RF-02,Unit I,Spinning,RingFrame,2500,2491,99.67
2026-07-26,1,RF-03,Unit I,Spinning,RingFrame,2500,2382,95.32
2026-07-26,1,RF-04,Unit I,Spinning,RingFrame,2500,2462,98.52
2026-07-26,1,RF-05,Unit I,Spinning,RingFrame,2500,2153,86.13
2026-07-26,1,RF-06,Unit I,Spinning,RingFrame,2500,1884,75.39
2026-07-26,1,RF-07,Unit I,Spinning,RingFrame,2500,2410,96.42
2026-07-26,1,RF-08,Unit I,Spinning,RingFrame,2500,2196,87.88
2026-07-26,1,RF-09,Unit I,Spinning,RingFrame,2500,2348,93.94
2026-07-26,1,RF-10,Unit I,Spinning,RingFrame,2500,2337,93.49
2026-07-26,1,RF-11,Unit I,Spinning,RingFrame,2500,2148,85.94
2026-07-26,1,RF-12,Unit I,Spinning,RingFrame,2500,2424,97.0
2026-07-26,1,VTX-01,Unit I,Spinning,Vortex,4700,4503,95.83
2026-07-26,1,VTX-02,Unit I,Spinning,Vortex,4700,4661,99.18
2026-07-26,1,VTX-03,Unit I,Spinning,Vortex,4700,4551,96.84
2026-07-26,1,VTX-04,Unit I,Spinning,Vortex,4700,4357,92.71
2026-07-26,1,VTX-05,Unit I,Spinning,Vortex,4700,4700,100.0
2026-07-26,1,VTX-06,Unit I,Spinning,Vortex,4700,3405,72.45
2026-07-26,1,VTX-07,Unit I,Spinning,Vortex,4700,4540,96.62
2026-07-26,1,VTX-08,Unit I,Spinning,Vortex,4700,4101,87.26
2026-07-26,1,VTX-09,Unit I,Spinning,Vortex,4700,4512,96.02
2026-07-26,1,VTX-10,Unit I,Spinning,Vortex,4700,4510,95.96
2026-07-26,1,VTX-11,Unit I,Spinning,Vortex,4700,4700,100.0
2026-07-26,1,VTX-12,Unit I,Spinning,Vortex,4700,4097,87.18
2026-07-26,1,AJ-01,Unit I,Spinning,Airjet,3750,3449,92.0
2026-07-26,1,AJ-02,Unit I,Spinning,Airjet,3750,3716,99.11
2026-07-26,1,AJ-03,Unit I,Spinning,Airjet,3750,3625,96.68
2026-07-26,1,AJ-04,Unit I,Spinning,Airjet,3750,3596,95.9
2026-07-26,1,AJ-05,Unit I,Spinning,Airjet,3750,3383,90.22
2026-07-26,2,TOY-01,Unit I,Weaving,Toyota,21700,19973,92.05
2026-07-26,2,TOY-02,Unit I,Weaving,Toyota,21700,18276,84.23
2026-07-26,2,TOY-03,Unit I,Weaving,Toyota,21700,20559,94.74
2026-07-26,2,TOY-04,Unit I,Weaving,Toyota,21700,21022,96.88
2026-07-26,2,TOY-05,Unit I,Weaving,Toyota,21700,20490,94.42
2026-07-26,2,TOY-06,Unit I,Weaving,Toyota,21700,19331,89.08
2026-07-26,2,TOY-07,Unit I,Weaving,Toyota,21700,21628,99.67
2026-07-26,2,TOY-08,Unit I,Weaving,Toyota,21700,17472,80.52
2026-07-26,2,TOY-09,Unit I,Weaving,Toyota,21700,21700,100.0
2026-07-26,2,TOY-10,Unit I,Weaving,Toyota,21700,19513,89.92
2026-07-26,2,TOY-11,Unit I,Weaving,Toyota,21700,21507,99.11
2026-07-26,2,TOY-12,Unit I,Weaving,Toyota,21700,19191,88.44
2026-07-26,2,TOY-13,Unit I,Weaving,Toyota,21700,20785,95.79
2026-07-26,2,TOY-14,Unit I,Weaving,Toyota,21700,21674,99.88
2026-07-26,2,TOY-15,Unit I,Weaving,Toyota,21700,18366,84.64
2026-07-26,2,TSU-01,Unit I,Weaving,Tsudakoma,15000,14096,93.98
2026-07-26,2,TSU-02,Unit I,Weaving,Tsudakoma,15000,13827,92.18
2026-07-26,2,TSU-03,Unit I,Weaving,Tsudakoma,15000,13723,91.49
2026-07-26,2,TSU-04,Unit I,Weaving,Tsudakoma,15000,14538,96.93
2026-07-26,2,TSU-05,Unit I,Weaving,Tsudakoma,15000,15000,100.0
2026-07-26,2,TSU-06,Unit I,Weaving,Tsudakoma,15000,14150,94.33
2026-07-26,2,TSU-07,Unit I,Weaving,Tsudakoma,15000,14404,96.03
2026-07-26,2,TSU-08,Unit I,Weaving,Tsudakoma,15000,14335,95.57
2026-07-26,2,TSU-09,Unit I,Weaving,Tsudakoma,15000,14251,95.01
2026-07-26,2,TSU-10,Unit I,Weaving,Tsudakoma,15000,13432,89.55
2026-07-26,2,SUL-01,Unit I,Weaving,Sulzer,2700,2700,100.0
2026-07-26,2,SUL-02,Unit I,Weaving,Sulzer,2700,2604,96.48
2026-07-26,2,SUL-03,Unit I,Weaving,Sulzer,2700,2618,96.97
2026-07-26,2,SUL-04,Unit I,Weaving,Sulzer,2700,2456,90.97
2026-07-26,2,SUL-05,Unit I,Weaving,Sulzer,2700,2503,92.7
2026-07-26,2,RF-01,Unit I,Spinning,RingFrame,2500,2352,94.12
2026-07-26,2,RF-02,Unit I,Spinning,RingFrame,2500,2183,87.33
2026-07-26,2,RF-03,Unit I,Spinning,RingFrame,2500,2163,86.56
2026-07-26,2,RF-04,Unit I,Spinning,RingFrame,2500,2299,92.0
2026-07-26,2,RF-05,Unit I,Spinning,RingFrame,2500,2440,97.61
2026-07-26,2,RF-06,Unit I,Spinning,RingFrame,2500,2293,91.73
2026-07-26,2,RF-07,Unit I,Spinning,RingFrame,2500,2247,89.91
2026-07-26,2,RF-08,Unit I,Spinning,RingFrame,2500,2273,90.93
2026-07-26,2,RF-09,Unit I,Spinning,RingFrame,2500,2318,92.72
2026-07-26,2,RF-10,Unit I,Spinning,RingFrame,2500,2330,93.23
2026-07-26,2,RF-11,Unit I,Spinning,RingFrame,2500,2220,88.83
2026-07-26,2,RF-12,Unit I,Spinning,RingFrame,2500,2500,100.0
2026-07-26,2,VTX-01,Unit I,Spinning,Vortex,4700,4700,100.0
2026-07-26,2,VTX-02,Unit I,Spinning,Vortex,4700,4700,100.0
2026-07-26,2,VTX-03,Unit I,Spinning,Vortex,4700,4230,90.01
2026-07-26,2,VTX-04,Unit I,Spinning,Vortex,4700,4177,88.89
2026-07-26,2,VTX-05,Unit I,Spinning,Vortex,4700,4204,89.47
2026-07-26,2,VTX-06,Unit I,Spinning,Vortex,4700,3979,84.67
2026-07-26,2,VTX-07,Unit I,Spinning,Vortex,4700,4336,92.26
2026-07-26,2,VTX-08,Unit I,Spinning,Vortex,4700,4170,88.74
2026-07-26,2,VTX-09,Unit I,Spinning,Vortex,4700,4363,92.85
2026-07-26,2,VTX-10,Unit I,Spinning,Vortex,4700,4408,93.81
2026-07-26,2,VTX-11,Unit I,Spinning,Vortex,4700,4528,96.34
2026-07-26,2,VTX-12,Unit I,Spinning,Vortex,4700,4523,96.25
2026-07-26,2,AJ-01,Unit I,Spinning,Airjet,3750,3407,90.86
2026-07-26,2,AJ-02,Unit I,Spinning,Airjet,3750,3691,98.43
2026-07-26,2,AJ-03,Unit I,Spinning,Airjet,3750,3442,91.8
2026-07-26,2,AJ-04,Unit I,Spinning,Airjet,3750,3533,94.22
2026-07-26,2,AJ-05,Unit I,Spinning,Airjet,3750,3691,98.43
2026-07-26,3,TOY-01,Unit I,Weaving,Toyota,21700,19918,91.79
2026-07-26,3,TOY-02,Unit I,Weaving,Toyota,21700,16308,75.15
2026-07-26,3,TOY-03,Unit I,Weaving,Toyota,21700,21256,97.96
2026-07-26,3,TOY-04,Unit I,Weaving,Toyota,21700,19684,90.71
2026-07-26,3,TOY-05,Unit I,Weaving,Toyota,21700,20197,93.08
2026-07-26,3,TOY-06,Unit I,Weaving,Toyota,21700,21217,97.78
2026-07-26,3,TOY-07,Unit I,Weaving,Toyota,21700,21700,100.0
2026-07-26,3,TOY-08,Unit I,Weaving,Toyota,21700,17582,81.03
2026-07-26,3,TOY-09,Unit I,Weaving,Toyota,21700,21127,97.36
2026-07-26,3,TOY-10,Unit I,Weaving,Toyota,21700,21190,97.65
2026-07-26,3,TOY-11,Unit I,Weaving,Toyota,21700,19450,89.63
2026-07-26,3,TOY-12,Unit I,Weaving,Toyota,21700,20740,95.58
2026-07-26,3,TOY-13,Unit I,Weaving,Toyota,21700,20582,94.85
2026-07-26,3,TOY-14,Unit I,Weaving,Toyota,21700,20963,96.61
2026-07-26,3,TOY-15,Unit I,Weaving,Toyota,21700,20741,95.58
2026-07-26,3,TSU-01,Unit I,Weaving,Tsudakoma,15000,14534,96.9
2026-07-26,3,TSU-02,Unit I,Weaving,Tsudakoma,15000,14016,93.44
2026-07-26,3,TSU-03,Unit I,Weaving,Tsudakoma,15000,14293,95.29
2026-07-26,3,TSU-04,Unit I,Weaving,Tsudakoma,15000,13329,88.86
2026-07-26,3,TSU-05,Unit I,Weaving,Tsudakoma,15000,14010,93.4
2026-07-26,3,TSU-06,Unit I,Weaving,Tsudakoma,15000,15000,100.0
2026-07-26,3,TSU-07,Unit I,Weaving,Tsudakoma,15000,14489,96.59
2026-07-26,3,TSU-08,Unit I,Weaving,Tsudakoma,15000,14234,94.9
2026-07-26,3,TSU-09,Unit I,Weaving,Tsudakoma,15000,15000,100.0
2026-07-26,3,TSU-10,Unit I,Weaving,Tsudakoma,15000,13229,88.2
2026-07-26,3,SUL-01,Unit I,Weaving,Sulzer,2700,2415,89.45
2026-07-26,3,SUL-02,Unit I,Weaving,Sulzer,2700,2700,100.0
2026-07-26,3,SUL-03,Unit I,Weaving,Sulzer,2700,2571,95.23
2026-07-26,3,SUL-04,Unit I,Weaving,Sulzer,2700,2532,93.79
2026-07-26,3,SUL-05,Unit I,Weaving,Sulzer,2700,2403,89.0
2026-07-26,3,RF-01,Unit I,Spinning,RingFrame,2500,2430,97.24
2026-07-26,3,RF-02,Unit I,Spinning,RingFrame,2500,2443,97.72
2026-07-26,3,RF-03,Unit I,Spinning,RingFrame,2500,2238,89.53
2026-07-26,3,RF-04,Unit I,Spinning,RingFrame,2500,2357,94.3
2026-07-26,3,RF-05,Unit I,Spinning,RingFrame,2500,2333,93.32
2026-07-26,3,RF-06,Unit I,Spinning,RingFrame,2500,2406,96.28
2026-07-26,3,RF-07,Unit I,Spinning,RingFrame,2500,2235,89.4
2026-07-26,3,RF-08,Unit I,Spinning,RingFrame,2500,2500,100.0
2026-07-26,3,RF-09,Unit I,Spinning,RingFrame,2500,2489,99.58
2026-07-26,3,RF-10,Unit I,Spinning,RingFrame,2500,2329,93.18
2026-07-26,3,RF-11,Unit I,Spinning,RingFrame,2500,1922,76.92
2026-07-26,3,RF-12,Unit I,Spinning,RingFrame,2500,2357,94.32
2026-07-26,3,VTX-01,Unit I,Spinning,Vortex,4700,4282,91.11
2026-07-26,3,VTX-02,Unit I,Spinning,Vortex,4700,4360,92.78
2026-07-26,3,VTX-03,Unit I,Spinning,Vortex,4700,4401,93.65
2026-07-26,3,VTX-04,Unit I,Spinning,Vortex,4700,4700,100.0
2026-07-26,3,VTX-05,Unit I,Spinning,Vortex,4700,4687,99.73
2026-07-26,3,VTX-06,Unit I,Spinning,Vortex,4700,3885,82.67
2026-07-26,3,VTX-07,Unit I,Spinning,Vortex,4700,4551,96.85
2026-07-26,3,VTX-08,Unit I,Spinning,Vortex,4700,4202,89.41
2026-07-26,3,VTX-09,Unit I,Spinning,Vortex,4700,4455,94.79
2026-07-26,3,VTX-10,Unit I,Spinning,Vortex,4700,4693,99.85
2026-07-26,3,VTX-11,Unit I,Spinning,Vortex,4700,4169,88.71
2026-07-26,3,VTX-12,Unit I,Spinning,Vortex,4700,4614,98.18
2026-07-26,3,AJ-01,Unit I,Spinning,Airjet,3750,3750,100.0
2026-07-26,3,AJ-02,Unit I,Spinning,Airjet,3750,3750,100.0
2026-07-26,3,AJ-03,Unit I,Spinning,Airjet,3750,3750,100.0
2026-07-26,3,AJ-04,Unit I,Spinning,Airjet,3750,3603,96.09
2026-07-26,3,AJ-05,Unit I,Spinning,Airjet,3750,3743,99.84
2026-07-27,1,TOY-01,Unit I,Weaving,Toyota,21700,19836,91.41
2026-07-27,1,TOY-02,Unit I,Weaving,Toyota,21700,17789,81.98
2026-07-27,1,TOY-03,Unit I,Weaving,Toyota,21700,21325,98.27
2026-07-27,1,TOY-04,Unit I,Weaving,Toyota,21700,20929,96.45
2026-07-27,1,TOY-05,Unit I,Weaving,Toyota,21700,21700,100.0
2026-07-27,1,TOY-06,Unit I,Weaving,Toyota,21700,20030,92.31
2026-07-27,1,TOY-07,Unit I,Weaving,Toyota,21700,20412,94.06
2026-07-27,1,TOY-08,Unit I,Weaving,Toyota,21700,17029,78.48
2026-07-27,1,TOY-09,Unit I,Weaving,Toyota,21700,19497,89.85
2026-07-27,1,TOY-10,Unit I,Weaving,Toyota,21700,20861,96.13
2026-07-27,1,TOY-11,Unit I,Weaving,Toyota,21700,18749,86.41
2026-07-27,1,TOY-12,Unit I,Weaving,Toyota,21700,21700,100.0
2026-07-27,1,TOY-13,Unit I,Weaving,Toyota,21700,20665,95.23
2026-07-27,1,TOY-14,Unit I,Weaving,Toyota,21700,20049,92.4
2026-07-27,1,TOY-15,Unit I,Weaving,Toyota,21700,19709,90.83
2026-07-27,1,TSU-01,Unit I,Weaving,Tsudakoma,15000,14074,93.83
2026-07-27,1,TSU-02,Unit I,Weaving,Tsudakoma,15000,14766,98.44
2026-07-27,1,TSU-03,Unit I,Weaving,Tsudakoma,15000,14660,97.74
2026-07-27,1,TSU-04,Unit I,Weaving,Tsudakoma,15000,13720,91.47
2026-07-27,1,TSU-05,Unit I,Weaving,Tsudakoma,15000,13615,90.77
2026-07-27,1,TSU-06,Unit I,Weaving,Tsudakoma,15000,14742,98.28
2026-07-27,1,TSU-07,Unit I,Weaving,Tsudakoma,15000,13708,91.39
2026-07-27,1,TSU-08,Unit I,Weaving,Tsudakoma,15000,14294,95.3
2026-07-27,1,TSU-09,Unit I,Weaving,Tsudakoma,15000,14342,95.62
2026-07-27,1,TSU-10,Unit I,Weaving,Tsudakoma,15000,14484,96.56
2026-07-27,1,SUL-01,Unit I,Weaving,Sulzer,2700,2680,99.29
2026-07-27,1,SUL-02,Unit I,Weaving,Sulzer,2700,2394,88.69
2026-07-27,1,SUL-03,Unit I,Weaving,Sulzer,2700,2306,85.44
2026-07-27,1,SUL-04,Unit I,Weaving,Sulzer,2700,2488,92.16
2026-07-27,1,SUL-05,Unit I,Weaving,Sulzer,2700,2700,100.0
2026-07-27,1,RF-01,Unit I,Spinning,RingFrame,2500,2500,100.0
2026-07-27,1,RF-02,Unit I,Spinning,RingFrame,2500,2500,100.0
2026-07-27,1,RF-03,Unit I,Spinning,RingFrame,2500,2350,94.04
2026-07-27,1,RF-04,Unit I,Spinning,RingFrame,2500,2152,86.09
2026-07-27,1,RF-05,Unit I,Spinning,RingFrame,2500,2082,83.28
2026-07-27,1,RF-06,Unit I,Spinning,RingFrame,2500,2298,91.93
2026-07-27,1,RF-07,Unit I,Spinning,RingFrame,2500,2350,94.01
2026-07-27,1,RF-08,Unit I,Spinning,RingFrame,2500,2500,100.0
2026-07-27,1,RF-09,Unit I,Spinning,RingFrame,2500,2483,99.34
2026-07-27,1,RF-10,Unit I,Spinning,RingFrame,2500,2403,96.14
2026-07-27,1,RF-11,Unit I,Spinning,RingFrame,2500,1838,73.55
2026-07-27,1,RF-12,Unit I,Spinning,RingFrame,2500,2254,90.2
2026-07-27,1,VTX-01,Unit I,Spinning,Vortex,4700,4524,96.27
2026-07-27,1,VTX-02,Unit I,Spinning,Vortex,4700,4628,98.49
2026-07-27,1,VTX-03,Unit I,Spinning,Vortex,4700,4557,96.96
2026-07-27,1,VTX-04,Unit I,Spinning,Vortex,4700,4221,89.83
2026-07-27,1,VTX-05,Unit I,Spinning,Vortex,4700,4617,98.25
2026-07-27,1,VTX-06,Unit I,Spinning,Vortex,4700,3766,80.13
2026-07-27,1,VTX-07,Unit I,Spinning,Vortex,4700,4213,89.65
2026-07-27,1,VTX-08,Unit I,Spinning,Vortex,4700,4280,91.08
2026-07-27,1,VTX-09,Unit I,Spinning,Vortex,4700,4626,98.44
2026-07-27,1,VTX-10,Unit I,Spinning,Vortex,4700,4409,93.83
2026-07-27,1,VTX-11,Unit I,Spinning,Vortex,4700,4700,100.0
2026-07-27,1,VTX-12,Unit I,Spinning,Vortex,4700,4582,97.51
2026-07-27,1,AJ-01,Unit I,Spinning,Airjet,3750,3471,92.57
2026-07-27,1,AJ-02,Unit I,Spinning,Airjet,3750,3560,94.95
2026-07-27,1,AJ-03,Unit I,Spinning,Airjet,3750,3574,95.32
2026-07-27,1,AJ-04,Unit I,Spinning,Airjet,3750,3425,91.36
2026-07-27,1,AJ-05,Unit I,Spinning,Airjet,3750,3391,90.44
2026-07-27,2,TOY-01,Unit I,Weaving,Toyota,21700,21376,98.51
2026-07-27,2,TOY-02,Unit I,Weaving,Toyota,21700,17843,82.23
2026-07-27,2,TOY-03,Unit I,Weaving,Toyota,21700,21270,98.02
2026-07-27,2,TOY-04,Unit I,Weaving,Toyota,21700,21700,100.0
2026-07-27,2,TOY-05,Unit I,Weaving,Toyota,21700,20027,92.29
2026-07-27,2,TOY-06,Unit I,Weaving,Toyota,21700,21700,100.0
2026-07-27,2,TOY-07,Unit I,Weaving,Toyota,21700,19637,90.5
2026-07-27,2,TOY-08,Unit I,Weaving,Toyota,21700,15827,72.94
2026-07-27,2,TOY-09,Unit I,Weaving,Toyota,21700,18705,86.2
2026-07-27,2,TOY-10,Unit I,Weaving,Toyota,21700,20131,92.77
2026-07-27,2,TOY-11,Unit I,Weaving,Toyota,21700,20068,92.48
2026-07-27,2,TOY-12,Unit I,Weaving,Toyota,21700,21185,97.63
2026-07-27,2,TOY-13,Unit I,Weaving,Toyota,21700,20879,96.22
2026-07-27,2,TOY-14,Unit I,Weaving,Toyota,21700,19320,89.04
2026-07-27,2,TOY-15,Unit I,Weaving,Toyota,21700,20188,93.04
2026-07-27,2,TSU-01,Unit I,Weaving,Tsudakoma,15000,13971,93.14
2026-07-27,2,TSU-02,Unit I,Weaving,Tsudakoma,15000,12918,86.12
2026-07-27,2,TSU-03,Unit I,Weaving,Tsudakoma,15000,13514,90.1
2026-07-27,2,TSU-04,Unit I,Weaving,Tsudakoma,15000,13671,91.15
2026-07-27,2,TSU-05,Unit I,Weaving,Tsudakoma,15000,15000,100.0
2026-07-27,2,TSU-06,Unit I,Weaving,Tsudakoma,15000,14393,95.96
2026-07-27,2,TSU-07,Unit I,Weaving,Tsudakoma,15000,14746,98.31
2026-07-27,2,TSU-08,Unit I,Weaving,Tsudakoma,15000,13126,87.51
2026-07-27,2,TSU-09,Unit I,Weaving,Tsudakoma,15000,15000,100.0
2026-07-27,2,TSU-10,Unit I,Weaving,Tsudakoma,15000,15000,100.0
2026-07-27,2,SUL-01,Unit I,Weaving,Sulzer,2700,2295,85.01
2026-07-27,2,SUL-02,Unit I,Weaving,Sulzer,2700,2469,91.47
2026-07-27,2,SUL-03,Unit I,Weaving,Sulzer,2700,2631,97.48
2026-07-27,2,SUL-04,Unit I,Weaving,Sulzer,2700,2651,98.22
2026-07-27,2,SUL-05,Unit I,Weaving,Sulzer,2700,2473,91.61
2026-07-27,2,RF-01,Unit I,Spinning,RingFrame,2500,2336,93.47
2026-07-27,2,RF-02,Unit I,Spinning,RingFrame,2500,2300,92.01
2026-07-27,2,RF-03,Unit I,Spinning,RingFrame,2500,2388,95.55
2026-07-27,2,RF-04,Unit I,Spinning,RingFrame,2500,2500,100.0
2026-07-27,2,RF-05,Unit I,Spinning,RingFrame,2500,2278,91.14
2026-07-27,2,RF-06,Unit I,Spinning,RingFrame,2500,2500,100.0
2026-07-27,2,RF-07,Unit I,Spinning,RingFrame,2500,2277,91.09
2026-07-27,2,RF-08,Unit I,Spinning,RingFrame,2500,2269,90.76
2026-07-27,2,RF-09,Unit I,Spinning,RingFrame,2500,2477,99.09
2026-07-27,2,RF-10,Unit I,Spinning,RingFrame,2500,2490,99.61
2026-07-27,2,RF-11,Unit I,Spinning,RingFrame,2500,2056,82.26
2026-07-27,2,RF-12,Unit I,Spinning,RingFrame,2500,2210,88.42
2026-07-27,2,VTX-01,Unit I,Spinning,Vortex,4700,4355,92.67
2026-07-27,2,VTX-02,Unit I,Spinning,Vortex,4700,4658,99.11
2026-07-27,2,VTX-03,Unit I,Spinning,Vortex,4700,4474,95.21
2026-07-27,2,VTX-04,Unit I,Spinning,Vortex,4700,4212,89.63
2026-07-27,2,VTX-05,Unit I,Spinning,Vortex,4700,4572,97.29
2026-07-27,2,VTX-06,Unit I,Spinning,Vortex,4700,3498,74.43
2026-07-27,2,VTX-07,Unit I,Spinning,Vortex,4700,4700,100.0
2026-07-27,2,VTX-08,Unit I,Spinning,Vortex,4700,4700,100.0
2026-07-27,2,VTX-09,Unit I,Spinning,Vortex,4700,4606,98.02
2026-07-27,2,VTX-10,Unit I,Spinning,Vortex,4700,4700,100.0
2026-07-27,2,VTX-11,Unit I,Spinning,Vortex,4700,4480,95.32
2026-07-27,2,VTX-12,Unit I,Spinning,Vortex,4700,4644,98.83
2026-07-27,2,AJ-01,Unit I,Spinning,Airjet,3750,3750,100.0
2026-07-27,2,AJ-02,Unit I,Spinning,Airjet,3750,3608,96.23
2026-07-27,2,AJ-03,Unit I,Spinning,Airjet,3750,3514,93.72
2026-07-27,2,AJ-04,Unit I,Spinning,Airjet,3750,3242,86.48
2026-07-27,2,AJ-05,Unit I,Spinning,Airjet,3750,3546,94.58
2026-07-27,3,TOY-01,Unit I,Weaving,Toyota,21700,21508,99.12
2026-07-27,3,TOY-02,Unit I,Weaving,Toyota,21700,17952,82.73
2026-07-27,3,TOY-03,Unit I,Weaving,Toyota,21700,21162,97.52
2026-07-27,3,TOY-04,Unit I,Weaving,Toyota,21700,20027,92.29
2026-07-27,3,TOY-05,Unit I,Weaving,Toyota,21700,18470,85.12
2026-07-27,3,TOY-06,Unit I,Weaving,Toyota,21700,20077,92.52
2026-07-27,3,TOY-07,Unit I,Weaving,Toyota,21700,20284,93.48
2026-07-27,3,TOY-08,Unit I,Weaving,Toyota,21700,16586,76.44
2026-07-27,3,TOY-09,Unit I,Weaving,Toyota,21700,21286,98.09
2026-07-27,3,TOY-10,Unit I,Weaving,Toyota,21700,21700,100.0
2026-07-27,3,TOY-11,Unit I,Weaving,Toyota,21700,20749,95.62
2026-07-27,3,TOY-12,Unit I,Weaving,Toyota,21700,20379,93.92
2026-07-27,3,TOY-13,Unit I,Weaving,Toyota,21700,20333,93.7
2026-07-27,3,TOY-14,Unit I,Weaving,Toyota,21700,20749,95.62
2026-07-27,3,TOY-15,Unit I,Weaving,Toyota,21700,19716,90.86
2026-07-27,3,TSU-01,Unit I,Weaving,Tsudakoma,15000,14340,95.6
2026-07-27,3,TSU-02,Unit I,Weaving,Tsudakoma,15000,14588,97.25
2026-07-27,3,TSU-03,Unit I,Weaving,Tsudakoma,15000,14407,96.05
2026-07-27,3,TSU-04,Unit I,Weaving,Tsudakoma,15000,14593,97.29
2026-07-27,3,TSU-05,Unit I,Weaving,Tsudakoma,15000,14575,97.17
2026-07-27,3,TSU-06,Unit I,Weaving,Tsudakoma,15000,12921,86.14
2026-07-27,3,TSU-07,Unit I,Weaving,Tsudakoma,15000,14727,98.18
2026-07-27,3,TSU-08,Unit I,Weaving,Tsudakoma,15000,13746,91.64
2026-07-27,3,TSU-09,Unit I,Weaving,Tsudakoma,15000,13428,89.52
2026-07-27,3,TSU-10,Unit I,Weaving,Tsudakoma,15000,13421,89.48
2026-07-27,3,SUL-01,Unit I,Weaving,Sulzer,2700,2623,97.17
2026-07-27,3,SUL-02,Unit I,Weaving,Sulzer,2700,2534,93.89
2026-07-27,3,SUL-03,Unit I,Weaving,Sulzer,2700,2337,86.59
2026-07-27,3,SUL-04,Unit I,Weaving,Sulzer,2700,2629,97.39
2026-07-27,3,SUL-05,Unit I,Weaving,Sulzer,2700,2370,87.8
2026-07-27,3,RF-01,Unit I,Spinning,RingFrame,2500,2392,95.7
2026-07-27,3,RF-02,Unit I,Spinning,RingFrame,2500,2404,96.19
2026-07-27,3,RF-03,Unit I,Spinning,RingFrame,2500,2485,99.43
2026-07-27,3,RF-04,Unit I,Spinning,RingFrame,2500,2500,100.0
2026-07-27,3,RF-05,Unit I,Spinning,RingFrame,2500,2204,88.18
2026-07-27,3,RF-06,Unit I,Spinning,RingFrame,2500,2368,94.74
2026-07-27,3,RF-07,Unit I,Spinning,RingFrame,2500,2340,93.62
2026-07-27,3,RF-08,Unit I,Spinning,RingFrame,2500,2429,97.17
2026-07-27,3,RF-09,Unit I,Spinning,RingFrame,2500,2401,96.08
2026-07-27,3,RF-10,Unit I,Spinning,RingFrame,2500,2330,93.24
2026-07-27,3,RF-11,Unit I,Spinning,RingFrame,2500,1894,75.8
2026-07-27,3,RF-12,Unit I,Spinning,RingFrame,2500,2235,89.42
2026-07-27,3,VTX-01,Unit I,Spinning,Vortex,4700,4697,99.94
2026-07-27,3,VTX-02,Unit I,Spinning,Vortex,4700,4572,97.3
2026-07-27,3,VTX-03,Unit I,Spinning,Vortex,4700,4680,99.59
2026-07-27,3,VTX-04,Unit I,Spinning,Vortex,4700,4392,93.45
2026-07-27,3,VTX-05,Unit I,Spinning,Vortex,4700,4310,91.72
2026-07-27,3,VTX-06,Unit I,Spinning,Vortex,4700,3412,72.61
2026-07-27,3,VTX-07,Unit I,Spinning,Vortex,4700,4549,96.79
2026-07-27,3,VTX-08,Unit I,Spinning,Vortex,4700,4220,89.8
2026-07-27,3,VTX-09,Unit I,Spinning,Vortex,4700,4700,100.0
2026-07-27,3,VTX-10,Unit I,Spinning,Vortex,4700,4157,88.46
2026-07-27,3,VTX-11,Unit I,Spinning,Vortex,4700,4529,96.37
2026-07-27,3,VTX-12,Unit I,Spinning,Vortex,4700,4700,100.0
2026-07-27,3,AJ-01,Unit I,Spinning,Airjet,3750,3674,98.0
2026-07-27,3,AJ-02,Unit I,Spinning,Airjet,3750,3595,95.88
2026-07-27,3,AJ-03,Unit I,Spinning,Airjet,3750,3380,90.16
2026-07-27,3,AJ-04,Unit I,Spinning,Airjet,3750,3303,88.09
2026-07-27,3,AJ-05,Unit I,Spinning,Airjet,3750,3706,98.85
2026-07-28,1,TOY-01,Unit I,Weaving,Toyota,21700,21700,100.0
2026-07-28,1,TOY-02,Unit I,Weaving,Toyota,21700,16449,75.81
2026-07-28,1,TOY-03,Unit I,Weaving,Toyota,21700,19379,89.3
2026-07-28,1,TOY-04,Unit I,Weaving,Toyota,21700,17947,82.71
2026-07-28,1,TOY-05,Unit I,Weaving,Toyota,21700,19550,90.1
2026-07-28,1,TOY-06,Unit I,Weaving,Toyota,21700,20491,94.43
2026-07-28,1,TOY-07,Unit I,Weaving,Toyota,21700,21700,100.0
2026-07-28,1,TOY-08,Unit I,Weaving,Toyota,21700,17656,81.37
2026-07-28,1,TOY-09,Unit I,Weaving,Toyota,21700,20946,96.53
2026-07-28,1,TOY-10,Unit I,Weaving,Toyota,21700,20180,93.0
2026-07-28,1,TOY-11,Unit I,Weaving,Toyota,21700,19982,92.08
2026-07-28,1,TOY-12,Unit I,Weaving,Toyota,21700,21700,100.0
2026-07-28,1,TOY-13,Unit I,Weaving,Toyota,21700,20832,96.0
2026-07-28,1,TOY-14,Unit I,Weaving,Toyota,21700,18333,84.49
2026-07-28,1,TOY-15,Unit I,Weaving,Toyota,21700,19884,91.63
2026-07-28,1,TSU-01,Unit I,Weaving,Tsudakoma,15000,13606,90.71
2026-07-28,1,TSU-02,Unit I,Weaving,Tsudakoma,15000,13840,92.27
2026-07-28,1,TSU-03,Unit I,Weaving,Tsudakoma,15000,14672,97.81
2026-07-28,1,TSU-04,Unit I,Weaving,Tsudakoma,15000,14169,94.46
2026-07-28,1,TSU-05,Unit I,Weaving,Tsudakoma,15000,14192,94.62
2026-07-28,1,TSU-06,Unit I,Weaving,Tsudakoma,15000,15000,100.0
2026-07-28,1,TSU-07,Unit I,Weaving,Tsudakoma,15000,13727,91.52
2026-07-28,1,TSU-08,Unit I,Weaving,Tsudakoma,15000,15000,100.0
2026-07-28,1,TSU-09,Unit I,Weaving,Tsudakoma,15000,13746,91.64
2026-07-28,1,TSU-10,Unit I,Weaving,Tsudakoma,15000,14316,95.45
2026-07-28,1,SUL-01,Unit I,Weaving,Sulzer,2700,2527,93.59
2026-07-28,1,SUL-02,Unit I,Weaving,Sulzer,2700,2581,95.62
2026-07-28,1,SUL-03,Unit I,Weaving,Sulzer,2700,2625,97.22
2026-07-28,1,SUL-04,Unit I,Weaving,Sulzer,2700,2623,97.17
2026-07-28,1,SUL-05,Unit I,Weaving,Sulzer,2700,2463,91.23
2026-07-28,1,RF-01,Unit I,Spinning,RingFrame,2500,2234,89.39
2026-07-28,1,RF-02,Unit I,Spinning,RingFrame,2500,2500,100.0
2026-07-28,1,RF-03,Unit I,Spinning,RingFrame,2500,2314,92.58
2026-07-28,1,RF-04,Unit I,Spinning,RingFrame,2500,2462,98.5
2026-07-28,1,RF-05,Unit I,Spinning,RingFrame,2500,2174,86.96
2026-07-28,1,RF-06,Unit I,Spinning,RingFrame,2500,2340,93.6
2026-07-28,1,RF-07,Unit I,Spinning,RingFrame,2500,2359,94.36
2026-07-28,1,RF-08,Unit I,Spinning,RingFrame,2500,2434,97.36
2026-07-28,1,RF-09,Unit I,Spinning,RingFrame,2500,2034,81.39
2026-07-28,1,RF-10,Unit I,Spinning,RingFrame,2500,2395,95.83
2026-07-28,1,RF-11,Unit I,Spinning,RingFrame,2500,1806,72.25
2026-07-28,1,RF-12,Unit I,Spinning,RingFrame,2500,2415,96.62
2026-07-28,1,VTX-01,Unit I,Spinning,Vortex,4700,4221,89.82
2026-07-28,1,VTX-02,Unit I,Spinning,Vortex,4700,4263,90.72
2026-07-28,1,VTX-03,Unit I,Spinning,Vortex,4700,4400,93.63
2026-07-28,1,VTX-04,Unit I,Spinning,Vortex,4700,4217,89.74
2026-07-28,1,VTX-05,Unit I,Spinning,Vortex,4700,4353,92.62
2026-07-28,1,VTX-06,Unit I,Spinning,Vortex,4700,3385,72.03
2026-07-28,1,VTX-07,Unit I,Spinning,Vortex,4700,4034,85.83
2026-07-28,1,VTX-08,Unit I,Spinning,Vortex,4700,4700,100.0
2026-07-28,1,VTX-09,Unit I,Spinning,Vortex,4700,4160,88.52
2026-07-28,1,VTX-10,Unit I,Spinning,Vortex,4700,4423,94.11
2026-07-28,1,VTX-11,Unit I,Spinning,Vortex,4700,4641,98.76
2026-07-28,1,VTX-12,Unit I,Spinning,Vortex,4700,4320,91.93
2026-07-28,1,AJ-01,Unit I,Spinning,Airjet,3750,3407,90.87
2026-07-28,1,AJ-02,Unit I,Spinning,Airjet,3750,3604,96.13
2026-07-28,1,AJ-03,Unit I,Spinning,Airjet,3750,3750,100.0
2026-07-28,1,AJ-04,Unit I,Spinning,Airjet,3750,3343,89.15
2026-07-28,1,AJ-05,Unit I,Spinning,Airjet,3750,3534,94.25
2026-07-28,2,TOY-01,Unit I,Weaving,Toyota,21700,18735,86.34
2026-07-28,2,TOY-02,Unit I,Weaving,Toyota,21700,16499,76.03
2026-07-28,2,TOY-03,Unit I,Weaving,Toyota,21700,20652,95.17
2026-07-28,2,TOY-04,Unit I,Weaving,Toyota,21700,19687,90.73
2026-07-28,2,TOY-05,Unit I,Weaving,Toyota,21700,20119,92.72
2026-07-28,2,TOY-06,Unit I,Weaving,Toyota,21700,19087,87.96
2026-07-28,2,TOY-07,Unit I,Weaving,Toyota,21700,20698,95.39
2026-07-28,2,TOY-08,Unit I,Weaving,Toyota,21700,18071,83.28
2026-07-28,2,TOY-09,Unit I,Weaving,Toyota,21700,19424,89.51
2026-07-28,2,TOY-10,Unit I,Weaving,Toyota,21700,19939,91.89
2026-07-28,2,TOY-11,Unit I,Weaving,Toyota,21700,21160,97.51
2026-07-28,2,TOY-12,Unit I,Weaving,Toyota,21700,21700,100.0
2026-07-28,2,TOY-13,Unit I,Weaving,Toyota,21700,18994,87.53
2026-07-28,2,TOY-14,Unit I,Weaving,Toyota,21700,20431,94.16
2026-07-28,2,TOY-15,Unit I,Weaving,Toyota,21700,20922,96.42
2026-07-28,2,TSU-01,Unit I,Weaving,Tsudakoma,15000,14173,94.49
2026-07-28,2,TSU-02,Unit I,Weaving,Tsudakoma,15000,12392,82.62
2026-07-28,2,TSU-03,Unit I,Weaving,Tsudakoma,15000,14625,97.51
2026-07-28,2,TSU-04,Unit I,Weaving,Tsudakoma,15000,15000,100.0
2026-07-28,2,TSU-05,Unit I,Weaving,Tsudakoma,15000,14337,95.58
2026-07-28,2,TSU-06,Unit I,Weaving,Tsudakoma,15000,13476,89.84
2026-07-28,2,TSU-07,Unit I,Weaving,Tsudakoma,15000,13865,92.43
2026-07-28,2,TSU-08,Unit I,Weaving,Tsudakoma,15000,15000,100.0
2026-07-28,2,TSU-09,Unit I,Weaving,Tsudakoma,15000,14932,99.55
2026-07-28,2,TSU-10,Unit I,Weaving,Tsudakoma,15000,14730,98.2
2026-07-28,2,SUL-01,Unit I,Weaving,Sulzer,2700,2613,96.78
2026-07-28,2,SUL-02,Unit I,Weaving,Sulzer,2700,2475,91.69
2026-07-28,2,SUL-03,Unit I,Weaving,Sulzer,2700,2537,94.0
2026-07-28,2,SUL-04,Unit I,Weaving,Sulzer,2700,2554,94.61
2026-07-28,2,SUL-05,Unit I,Weaving,Sulzer,2700,2639,97.75
2026-07-28,2,RF-01,Unit I,Spinning,RingFrame,2500,2500,100.0
2026-07-28,2,RF-02,Unit I,Spinning,RingFrame,2500,2500,100.0
2026-07-28,2,RF-03,Unit I,Spinning,RingFrame,2500,2197,87.9
2026-07-28,2,RF-04,Unit I,Spinning,RingFrame,2500,2402,96.12
2026-07-28,2,RF-05,Unit I,Spinning,RingFrame,2500,2467,98.68
2026-07-28,2,RF-06,Unit I,Spinning,RingFrame,2500,2452,98.09
2026-07-28,2,RF-07,Unit I,Spinning,RingFrame,2500,2296,91.85
2026-07-28,2,RF-08,Unit I,Spinning,RingFrame,2500,2500,100.0
2026-07-28,2,RF-09,Unit I,Spinning,RingFrame,2500,2215,88.61
2026-07-28,2,RF-10,Unit I,Spinning,RingFrame,2500,2239,89.58
2026-07-28,2,RF-11,Unit I,Spinning,RingFrame,2500,1979,79.17
2026-07-28,2,RF-12,Unit I,Spinning,RingFrame,2500,2500,100.0
2026-07-28,2,VTX-01,Unit I,Spinning,Vortex,4700,4268,90.82
2026-07-28,2,VTX-02,Unit I,Spinning,Vortex,4700,4402,93.67
2026-07-28,2,VTX-03,Unit I,Spinning,Vortex,4700,4700,100.0
2026-07-28,2,VTX-04,Unit I,Spinning,Vortex,4700,4460,94.91
2026-07-28,2,VTX-05,Unit I,Spinning,Vortex,4700,4386,93.33
2026-07-28,2,VTX-06,Unit I,Spinning,Vortex,4700,3798,80.83
2026-07-28,2,VTX-07,Unit I,Spinning,Vortex,4700,4529,96.36
2026-07-28,2,VTX-08,Unit I,Spinning,Vortex,4700,4700,100.0
2026-07-28,2,VTX-09,Unit I,Spinning,Vortex,4700,4700,100.0
2026-07-28,2,VTX-10,Unit I,Spinning,Vortex,4700,4537,96.54
2026-07-28,2,VTX-11,Unit I,Spinning,Vortex,4700,4533,96.46
2026-07-28,2,VTX-12,Unit I,Spinning,Vortex,4700,4515,96.07
2026-07-28,2,AJ-01,Unit I,Spinning,Airjet,3750,3654,97.45
2026-07-28,2,AJ-02,Unit I,Spinning,Airjet,3750,3572,95.28
2026-07-28,2,AJ-03,Unit I,Spinning,Airjet,3750,3562,95.0
2026-07-28,2,AJ-04,Unit I,Spinning,Airjet,3750,3750,100.0
2026-07-28,2,AJ-05,Unit I,Spinning,Airjet,3750,3750,100.0
2026-07-28,3,TOY-01,Unit I,Weaving,Toyota,21700,18979,87.46
2026-07-28,3,TOY-02,Unit I,Weaving,Toyota,21700,16936,78.05
2026-07-28,3,TOY-03,Unit I,Weaving,Toyota,21700,19867,91.56
2026-07-28,3,TOY-04,Unit I,Weaving,Toyota,21700,20277,93.45
2026-07-28,3,TOY-05,Unit I,Weaving,Toyota,21700,21051,97.01
2026-07-28,3,TOY-06,Unit I,Weaving,Toyota,21700,21341,98.35
2026-07-28,3,TOY-07,Unit I,Weaving,Toyota,21700,20493,94.44
2026-07-28,3,TOY-08,Unit I,Weaving,Toyota,21700,14850,68.43
2026-07-28,3,TOY-09,Unit I,Weaving,Toyota,21700,19567,90.17
2026-07-28,3,TOY-10,Unit I,Weaving,Toyota,21700,21587,99.48
2026-07-28,3,TOY-11,Unit I,Weaving,Toyota,21700,17641,81.3
2026-07-28,3,TOY-12,Unit I,Weaving,Toyota,21700,21700,100.0
2026-07-28,3,TOY-13,Unit I,Weaving,Toyota,21700,21180,97.61
2026-07-28,3,TOY-14,Unit I,Weaving,Toyota,21700,21700,100.0
2026-07-28,3,TOY-15,Unit I,Weaving,Toyota,21700,20399,94.01
2026-07-28,3,TSU-01,Unit I,Weaving,Tsudakoma,15000,12703,84.69
2026-07-28,3,TSU-02,Unit I,Weaving,Tsudakoma,15000,14572,97.15
2026-07-28,3,TSU-03,Unit I,Weaving,Tsudakoma,15000,15000,100.0
2026-07-28,3,TSU-04,Unit I,Weaving,Tsudakoma,15000,14943,99.62
2026-07-28,3,TSU-05,Unit I,Weaving,Tsudakoma,15000,13752,91.69
2026-07-28,3,TSU-06,Unit I,Weaving,Tsudakoma,15000,14315,95.43
2026-07-28,3,TSU-07,Unit I,Weaving,Tsudakoma,15000,13850,92.34
2026-07-28,3,TSU-08,Unit I,Weaving,Tsudakoma,15000,13635,90.9
2026-07-28,3,TSU-09,Unit I,Weaving,Tsudakoma,15000,14966,99.78
2026-07-28,3,TSU-10,Unit I,Weaving,Tsudakoma,15000,13351,89.01
2026-07-28,3,SUL-01,Unit I,Weaving,Sulzer,2700,2444,90.53
2026-07-28,3,SUL-02,Unit I,Weaving,Sulzer,2700,2415,89.48
2026-07-28,3,SUL-03,Unit I,Weaving,Sulzer,2700,2363,87.55
2026-07-28,3,SUL-04,Unit I,Weaving,Sulzer,2700,2584,95.73
2026-07-28,3,SUL-05,Unit I,Weaving,Sulzer,2700,2700,100.0
2026-07-28,3,RF-01,Unit I,Spinning,RingFrame,2500,2351,94.08
2026-07-28,3,RF-02,Unit I,Spinning,RingFrame,2500,2186,87.47
2026-07-28,3,RF-03,Unit I,Spinning,RingFrame,2500,2479,99.2
2026-07-28,3,RF-04,Unit I,Spinning,RingFrame,2500,2500,100.0
2026-07-28,3,RF-05,Unit I,Spinning,RingFrame,2500,2294,91.77
2026-07-28,3,RF-06,Unit I,Spinning,RingFrame,2500,2315,92.61
2026-07-28,3,RF-07,Unit I,Spinning,RingFrame,2500,2439,97.58
2026-07-28,3,RF-08,Unit I,Spinning,RingFrame,2500,2500,100.0
2026-07-28,3,RF-09,Unit I,Spinning,RingFrame,2500,2310,92.4
2026-07-28,3,RF-10,Unit I,Spinning,RingFrame,2500,2208,88.34
2026-07-28,3,RF-11,Unit I,Spinning,RingFrame,2500,2028,81.16
2026-07-28,3,RF-12,Unit I,Spinning,RingFrame,2500,2474,99.0
2026-07-28,3,VTX-01,Unit I,Spinning,Vortex,4700,4466,95.03
2026-07-28,3,VTX-02,Unit I,Spinning,Vortex,4700,4333,92.21
2026-07-28,3,VTX-03,Unit I,Spinning,Vortex,4700,4698,99.97
2026-07-28,3,VTX-04,Unit I,Spinning,Vortex,4700,4589,97.64
2026-07-28,3,VTX-05,Unit I,Spinning,Vortex,4700,4284,91.16
2026-07-28,3,VTX-06,Unit I,Spinning,Vortex,4700,3677,78.25
2026-07-28,3,VTX-07,Unit I,Spinning,Vortex,4700,4147,88.24
2026-07-28,3,VTX-08,Unit I,Spinning,Vortex,4700,4626,98.43
2026-07-28,3,VTX-09,Unit I,Spinning,Vortex,4700,4403,93.69
2026-07-28,3,VTX-10,Unit I,Spinning,Vortex,4700,4362,92.82
2026-07-28,3,VTX-11,Unit I,Spinning,Vortex,4700,4457,94.84
2026-07-28,3,VTX-12,Unit I,Spinning,Vortex,4700,4474,95.2
2026-07-28,3,AJ-01,Unit I,Spinning,Airjet,3750,3730,99.47
2026-07-28,3,AJ-02,Unit I,Spinning,Airjet,3750,3673,97.96
2026-07-28,3,AJ-03,Unit I,Spinning,Airjet,3750,3533,94.22
2026-07-28,3,AJ-04,Unit I,Spinning,Airjet,3750,3705,98.82
2026-07-28,3,AJ-05,Unit I,Spinning,Airjet,3750,3637,97.0
2026-07-29,1,TOY-01,Unit I,Weaving,Toyota,21700,20152,92.87
2026-07-29,1,TOY-02,Unit I,Weaving,Toyota,21700,16790,77.38
2026-07-29,1,TOY-03,Unit I,Weaving,Toyota,21700,20454,94.26
2026-07-29,1,TOY-04,Unit I,Weaving,Toyota,21700,21163,97.53
2026-07-29,1,TOY-05,Unit I,Weaving,Toyota,21700,20216,93.16
2026-07-29,1,TOY-06,Unit I,Weaving,Toyota,21700,20191,93.05
2026-07-29,1,TOY-07,Unit I,Weaving,Toyota,21700,21700,100.0
2026-07-29,1,TOY-08,Unit I,Weaving,Toyota,21700,17945,82.7
2026-07-29,1,TOY-09,Unit I,Weaving,Toyota,21700,19789,91.2
2026-07-29,1,TOY-10,Unit I,Weaving,Toyota,21700,21234,97.85
2026-07-29,1,TOY-11,Unit I,Weaving,Toyota,21700,20743,95.59
2026-07-29,1,TOY-12,Unit I,Weaving,Toyota,21700,21039,96.96
2026-07-29,1,TOY-13,Unit I,Weaving,Toyota,21700,20764,95.69
2026-07-29,1,TOY-14,Unit I,Weaving,Toyota,21700,21700,100.0
2026-07-29,1,TOY-15,Unit I,Weaving,Toyota,21700,20989,96.73
2026-07-29,1,TSU-01,Unit I,Weaving,Tsudakoma,15000,14203,94.69
2026-07-29,1,TSU-02,Unit I,Weaving,Tsudakoma,15000,15000,100.0
2026-07-29,1,TSU-03,Unit I,Weaving,Tsudakoma,15000,14424,96.17
2026-07-29,1,TSU-04,Unit I,Weaving,Tsudakoma,15000,14341,95.61
2026-07-29,1,TSU-05,Unit I,Weaving,Tsudakoma,15000,14485,96.57
2026-07-29,1,TSU-06,Unit I,Weaving,Tsudakoma,15000,14179,94.53
2026-07-29,1,TSU-07,Unit I,Weaving,Tsudakoma,15000,14256,95.05
2026-07-29,1,TSU-08,Unit I,Weaving,Tsudakoma,15000,13809,92.07
2026-07-29,1,TSU-09,Unit I,Weaving,Tsudakoma,15000,13686,91.24
2026-07-29,1,TSU-10,Unit I,Weaving,Tsudakoma,15000,13501,90.01
2026-07-29,1,SUL-01,Unit I,Weaving,Sulzer,2700,2377,88.04
2026-07-29,1,SUL-02,Unit I,Weaving,Sulzer,2700,2446,90.6
2026-07-29,1,SUL-03,Unit I,Weaving,Sulzer,2700,2541,94.13
2026-07-29,1,SUL-04,Unit I,Weaving,Sulzer,2700,2578,95.52
2026-07-29,1,SUL-05,Unit I,Weaving,Sulzer,2700,2528,93.64
2026-07-29,1,RF-01,Unit I,Spinning,RingFrame,2500,2080,83.22
2026-07-29,1,RF-02,Unit I,Spinning,RingFrame,2500,2500,100.0
2026-07-29,1,RF-03,Unit I,Spinning,RingFrame,2500,2500,100.0
2026-07-29,1,RF-04,Unit I,Spinning,RingFrame,2500,2430,97.23
2026-07-29,1,RF-05,Unit I,Spinning,RingFrame,2500,2500,100.0
2026-07-29,1,RF-06,Unit I,Spinning,RingFrame,2500,2252,90.11
2026-07-29,1,RF-07,Unit I,Spinning,RingFrame,2500,2500,100.0
2026-07-29,1,RF-08,Unit I,Spinning,RingFrame,2500,2254,90.17
2026-07-29,1,RF-09,Unit I,Spinning,RingFrame,2500,2404,96.19
2026-07-29,1,RF-10,Unit I,Spinning,RingFrame,2500,2215,88.63
2026-07-29,1,RF-11,Unit I,Spinning,RingFrame,2500,1951,78.07
2026-07-29,1,RF-12,Unit I,Spinning,RingFrame,2500,2423,96.93
2026-07-29,1,VTX-01,Unit I,Spinning,Vortex,4700,4428,94.23
2026-07-29,1,VTX-02,Unit I,Spinning,Vortex,4700,4632,98.57
2026-07-29,1,VTX-03,Unit I,Spinning,Vortex,4700,4488,95.5
2026-07-29,1,VTX-04,Unit I,Spinning,Vortex,4700,4342,92.39
2026-07-29,1,VTX-05,Unit I,Spinning,Vortex,4700,4331,92.17
2026-07-29,1,VTX-06,Unit I,Spinning,Vortex,4700,3856,82.05
2026-07-29,1,VTX-07,Unit I,Spinning,Vortex,4700,4311,91.73
2026-07-29,1,VTX-08,Unit I,Spinning,Vortex,4700,4680,99.58
2026-07-29,1,VTX-09,Unit I,Spinning,Vortex,4700,4700,100.0
2026-07-29,1,VTX-10,Unit I,Spinning,Vortex,4700,4072,86.66
2026-07-29,1,VTX-11,Unit I,Spinning,Vortex,4700,4700,100.0
2026-07-29,1,VTX-12,Unit I,Spinning,Vortex,4700,4700,100.0
2026-07-29,1,AJ-01,Unit I,Spinning,Airjet,3750,3609,96.26
2026-07-29,1,AJ-02,Unit I,Spinning,Airjet,3750,3674,98.0
2026-07-29,1,AJ-03,Unit I,Spinning,Airjet,3750,3750,100.0
2026-07-29,1,AJ-04,Unit I,Spinning,Airjet,3750,3510,93.62
2026-07-29,1,AJ-05,Unit I,Spinning,Airjet,3750,3596,95.91
2026-07-29,2,TOY-01,Unit I,Weaving,Toyota,21700,19189,88.43
2026-07-29,2,TOY-02,Unit I,Weaving,Toyota,21700,17076,78.69
2026-07-29,2,TOY-03,Unit I,Weaving,Toyota,21700,21155,97.49
2026-07-29,2,TOY-04,Unit I,Weaving,Toyota,21700,21175,97.58
2026-07-29,2,TOY-05,Unit I,Weaving,Toyota,21700,21700,100.0
2026-07-29,2,TOY-06,Unit I,Weaving,Toyota,21700,19774,91.13
2026-07-29,2,TOY-07,Unit I,Weaving,Toyota,21700,20037,92.34
2026-07-29,2,TOY-08,Unit I,Weaving,Toyota,21700,18982,87.48
2026-07-29,2,TOY-09,Unit I,Weaving,Toyota,21700,20451,94.25
2026-07-29,2,TOY-10,Unit I,Weaving,Toyota,21700,20832,96.0
2026-07-29,2,TOY-11,Unit I,Weaving,Toyota,21700,20542,94.66
2026-07-29,2,TOY-12,Unit I,Weaving,Toyota,21700,19723,90.89
2026-07-29,2,TOY-13,Unit I,Weaving,Toyota,21700,21700,100.0
2026-07-29,2,TOY-14,Unit I,Weaving,Toyota,21700,20042,92.36
2026-07-29,2,TOY-15,Unit I,Weaving,Toyota,21700,19391,89.36
2026-07-29,2,TSU-01,Unit I,Weaving,Tsudakoma,15000,13911,92.75
2026-07-29,2,TSU-02,Unit I,Weaving,Tsudakoma,15000,12748,84.99
2026-07-29,2,TSU-03,Unit I,Weaving,Tsudakoma,15000,13761,91.74
2026-07-29,2,TSU-04,Unit I,Weaving,Tsudakoma,15000,13523,90.16
2026-07-29,2,TSU-05,Unit I,Weaving,Tsudakoma,15000,14713,98.09
2026-07-29,2,TSU-06,Unit I,Weaving,Tsudakoma,15000,13744,91.63
2026-07-29,2,TSU-07,Unit I,Weaving,Tsudakoma,15000,14915,99.44
2026-07-29,2,TSU-08,Unit I,Weaving,Tsudakoma,15000,15000,100.0
2026-07-29,2,TSU-09,Unit I,Weaving,Tsudakoma,15000,14835,98.91
2026-07-29,2,TSU-10,Unit I,Weaving,Tsudakoma,15000,14088,93.92
2026-07-29,2,SUL-01,Unit I,Weaving,Sulzer,2700,2584,95.71
2026-07-29,2,SUL-02,Unit I,Weaving,Sulzer,2700,2359,87.38
2026-07-29,2,SUL-03,Unit I,Weaving,Sulzer,2700,2546,94.33
2026-07-29,2,SUL-04,Unit I,Weaving,Sulzer,2700,2448,90.7
2026-07-29,2,SUL-05,Unit I,Weaving,Sulzer,2700,2658,98.47
2026-07-29,2,RF-01,Unit I,Spinning,RingFrame,2500,2500,100.0
2026-07-29,2,RF-02,Unit I,Spinning,RingFrame,2500,2437,97.5
2026-07-29,2,RF-03,Unit I,Spinning,RingFrame,2500,2126,85.04
2026-07-29,2,RF-04,Unit I,Spinning,RingFrame,2500,2329,93.19
2026-07-29,2,RF-05,Unit I,Spinning,RingFrame,2500,2390,95.61
2026-07-29,2,RF-06,Unit I,Spinning,RingFrame,2500,2385,95.44
2026-07-29,2,RF-07,Unit I,Spinning,RingFrame,2500,2283,91.35
2026-07-29,2,RF-08,Unit I,Spinning,RingFrame,2500,2405,96.23
2026-07-29,2,RF-09,Unit I,Spinning,RingFrame,2500,2219,88.79
2026-07-29,2,RF-10,Unit I,Spinning,RingFrame,2500,2256,90.28
2026-07-29,2,RF-11,Unit I,Spinning,RingFrame,2500,2030,81.23
2026-07-29,2,RF-12,Unit I,Spinning,RingFrame,2500,2248,89.92
2026-07-29,2,VTX-01,Unit I,Spinning,Vortex,4700,4591,97.69
2026-07-29,2,VTX-02,Unit I,Spinning,Vortex,4700,4143,88.15
2026-07-29,2,VTX-03,Unit I,Spinning,Vortex,4700,4700,100.0
2026-07-29,2,VTX-04,Unit I,Spinning,Vortex,4700,4283,91.13
2026-07-29,2,VTX-05,Unit I,Spinning,Vortex,4700,4412,93.88
2026-07-29,2,VTX-06,Unit I,Spinning,Vortex,4700,3743,79.65
2026-07-29,2,VTX-07,Unit I,Spinning,Vortex,4700,4332,92.17
2026-07-29,2,VTX-08,Unit I,Spinning,Vortex,4700,4498,95.72
2026-07-29,2,VTX-09,Unit I,Spinning,Vortex,4700,4600,97.88
2026-07-29,2,VTX-10,Unit I,Spinning,Vortex,4700,4690,99.8
2026-07-29,2,VTX-11,Unit I,Spinning,Vortex,4700,4651,98.96
2026-07-29,2,VTX-12,Unit I,Spinning,Vortex,4700,4424,94.14
2026-07-29,2,AJ-01,Unit I,Spinning,Airjet,3750,3535,94.27
2026-07-29,2,AJ-02,Unit I,Spinning,Airjet,3750,3750,100.0
2026-07-29,2,AJ-03,Unit I,Spinning,Airjet,3750,3740,99.75
2026-07-29,2,AJ-04,Unit I,Spinning,Airjet,3750,3389,90.39
2026-07-29,2,AJ-05,Unit I,Spinning,Airjet,3750,3581,95.5
2026-07-29,3,TOY-01,Unit I,Weaving,Toyota,21700,20251,93.32
2026-07-29,3,TOY-02,Unit I,Weaving,Toyota,21700,16779,77.32
2026-07-29,3,TOY-03,Unit I,Weaving,Toyota,21700,19280,88.85
2026-07-29,3,TOY-04,Unit I,Weaving,Toyota,21700,20168,92.94
2026-07-29,3,TOY-05,Unit I,Weaving,Toyota,21700,21700,100.0
2026-07-29,3,TOY-06,Unit I,Weaving,Toyota,21700,21243,97.9
2026-07-29,3,TOY-07,Unit I,Weaving,Toyota,21700,17912,82.54
2026-07-29,3,TOY-08,Unit I,Weaving,Toyota,21700,18246,84.08
2026-07-29,3,TOY-09,Unit I,Weaving,Toyota,21700,21700,100.0
2026-07-29,3,TOY-10,Unit I,Weaving,Toyota,21700,20225,93.2
2026-07-29,3,TOY-11,Unit I,Weaving,Toyota,21700,21393,98.59
2026-07-29,3,TOY-12,Unit I,Weaving,Toyota,21700,19682,90.7
2026-07-29,3,TOY-13,Unit I,Weaving,Toyota,21700,20104,92.65
2026-07-29,3,TOY-14,Unit I,Weaving,Toyota,21700,21700,100.0
2026-07-29,3,TOY-15,Unit I,Weaving,Toyota,21700,20320,93.64
2026-07-29,3,TSU-01,Unit I,Weaving,Tsudakoma,15000,12847,85.65
2026-07-29,3,TSU-02,Unit I,Weaving,Tsudakoma,15000,14202,94.68
2026-07-29,3,TSU-03,Unit I,Weaving,Tsudakoma,15000,14191,94.61
2026-07-29,3,TSU-04,Unit I,Weaving,Tsudakoma,15000,15000,100.0
2026-07-29,3,TSU-05,Unit I,Weaving,Tsudakoma,15000,14260,95.07
2026-07-29,3,TSU-06,Unit I,Weaving,Tsudakoma,15000,13933,92.89
2026-07-29,3,TSU-07,Unit I,Weaving,Tsudakoma,15000,15000,100.0
2026-07-29,3,TSU-08,Unit I,Weaving,Tsudakoma,15000,14340,95.6
2026-07-29,3,TSU-09,Unit I,Weaving,Tsudakoma,15000,13687,91.25
2026-07-29,3,TSU-10,Unit I,Weaving,Tsudakoma,15000,15000,100.0
2026-07-29,3,SUL-01,Unit I,Weaving,Sulzer,2700,2591,95.97
2026-07-29,3,SUL-02,Unit I,Weaving,Sulzer,2700,2565,95.01
2026-07-29,3,SUL-03,Unit I,Weaving,Sulzer,2700,2589,95.89
2026-07-29,3,SUL-04,Unit I,Weaving,Sulzer,2700,2420,89.65
2026-07-29,3,SUL-05,Unit I,Weaving,Sulzer,2700,2493,92.36
2026-07-29,3,RF-01,Unit I,Spinning,RingFrame,2500,2375,95.02
2026-07-29,3,RF-02,Unit I,Spinning,RingFrame,2500,2350,94.03
2026-07-29,3,RF-03,Unit I,Spinning,RingFrame,2500,2500,100.0
2026-07-29,3,RF-04,Unit I,Spinning,RingFrame,2500,2402,96.09
2026-07-29,3,RF-05,Unit I,Spinning,RingFrame,2500,2481,99.27
2026-07-29,3,RF-06,Unit I,Spinning,RingFrame,2500,2376,95.05
2026-07-29,3,RF-07,Unit I,Spinning,RingFrame,2500,2500,100.0
2026-07-29,3,RF-08,Unit I,Spinning,RingFrame,2500,2424,96.99
2026-07-29,3,RF-09,Unit I,Spinning,RingFrame,2500,2376,95.07
2026-07-29,3,RF-10,Unit I,Spinning,RingFrame,2500,2373,94.93
2026-07-29,3,RF-11,Unit I,Spinning,RingFrame,2500,1830,73.23
2026-07-29,3,RF-12,Unit I,Spinning,RingFrame,2500,2438,97.53
2026-07-29,3,VTX-01,Unit I,Spinning,Vortex,4700,4455,94.8
2026-07-29,3,VTX-02,Unit I,Spinning,Vortex,4700,4347,92.49
2026-07-29,3,VTX-03,Unit I,Spinning,Vortex,4700,4700,100.0
2026-07-29,3,VTX-04,Unit I,Spinning,Vortex,4700,4171,88.75
2026-07-29,3,VTX-05,Unit I,Spinning,Vortex,4700,4365,92.89
2026-07-29,3,VTX-06,Unit I,Spinning,Vortex,4700,3907,83.14
2026-07-29,3,VTX-07,Unit I,Spinning,Vortex,4700,4539,96.58
2026-07-29,3,VTX-08,Unit I,Spinning,Vortex,4700,4453,94.76
2026-07-29,3,VTX-09,Unit I,Spinning,Vortex,4700,4523,96.26
2026-07-29,3,VTX-10,Unit I,Spinning,Vortex,4700,4507,95.9
2026-07-29,3,VTX-11,Unit I,Spinning,Vortex,4700,4108,87.42
2026-07-29,3,VTX-12,Unit I,Spinning,Vortex,4700,4382,93.25
2026-07-29,3,AJ-01,Unit I,Spinning,Airjet,3750,3750,100.0
2026-07-29,3,AJ-02,Unit I,Spinning,Airjet,3750,3438,91.7
2026-07-29,3,AJ-03,Unit I,Spinning,Airjet,3750,3502,93.41
2026-07-29,3,AJ-04,Unit I,Spinning,Airjet,3750,3460,92.29
2026-07-29,3,AJ-05,Unit I,Spinning,Airjet,3750,3546,94.56
2026-07-30,1,TOY-01,Unit I,Weaving,Toyota,21700,19982,92.08
2026-07-30,1,TOY-02,Unit I,Weaving,Toyota,21700,17454,80.43
2026-07-30,1,TOY-03,Unit I,Weaving,Toyota,21700,20829,95.99
2026-07-30,1,TOY-04,Unit I,Weaving,Toyota,21700,21454,98.87
2026-07-30,1,TOY-05,Unit I,Weaving,Toyota,21700,19474,89.75
2026-07-30,1,TOY-06,Unit I,Weaving,Toyota,21700,20245,93.3
2026-07-30,1,TOY-07,Unit I,Weaving,Toyota,21700,20370,93.87
2026-07-30,1,TOY-08,Unit I,Weaving,Toyota,21700,17420,80.28
2026-07-30,1,TOY-09,Unit I,Weaving,Toyota,21700,19754,91.03
2026-07-30,1,TOY-10,Unit I,Weaving,Toyota,21700,21608,99.58
2026-07-30,1,TOY-11,Unit I,Weaving,Toyota,21700,21700,100.0
2026-07-30,1,TOY-12,Unit I,Weaving,Toyota,21700,19542,90.06
2026-07-30,1,TOY-13,Unit I,Weaving,Toyota,21700,20082,92.55
2026-07-30,1,TOY-14,Unit I,Weaving,Toyota,21700,20037,92.34
2026-07-30,1,TOY-15,Unit I,Weaving,Toyota,21700,21700,100.0
2026-07-30,1,TSU-01,Unit I,Weaving,Tsudakoma,15000,13927,92.85
2026-07-30,1,TSU-02,Unit I,Weaving,Tsudakoma,15000,15000,100.0
2026-07-30,1,TSU-03,Unit I,Weaving,Tsudakoma,15000,13300,88.67
2026-07-30,1,TSU-04,Unit I,Weaving,Tsudakoma,15000,13507,90.05
2026-07-30,1,TSU-05,Unit I,Weaving,Tsudakoma,15000,13735,91.57
2026-07-30,1,TSU-06,Unit I,Weaving,Tsudakoma,15000,13615,90.77
2026-07-30,1,TSU-07,Unit I,Weaving,Tsudakoma,15000,14049,93.66
2026-07-30,1,TSU-08,Unit I,Weaving,Tsudakoma,15000,13718,91.46
2026-07-30,1,TSU-09,Unit I,Weaving,Tsudakoma,15000,13635,90.9
2026-07-30,1,TSU-10,Unit I,Weaving,Tsudakoma,15000,15000,100.0
2026-07-30,1,SUL-01,Unit I,Weaving,Sulzer,2700,2700,100.0
2026-07-30,1,SUL-02,Unit I,Weaving,Sulzer,2700,2693,99.75
2026-07-30,1,SUL-03,Unit I,Weaving,Sulzer,2700,2635,97.62
2026-07-30,1,SUL-04,Unit I,Weaving,Sulzer,2700,2577,95.46
2026-07-30,1,SUL-05,Unit I,Weaving,Sulzer,2700,2497,92.51
2026-07-30,1,RF-01,Unit I,Spinning,RingFrame,2500,2255,90.23
2026-07-30,1,RF-02,Unit I,Spinning,RingFrame,2500,2420,96.81
2026-07-30,1,RF-03,Unit I,Spinning,RingFrame,2500,2228,89.13
2026-07-30,1,RF-04,Unit I,Spinning,RingFrame,2500,2250,90.03
2026-07-30,1,RF-05,Unit I,Spinning,RingFrame,2500,2500,100.0
2026-07-30,1,RF-06,Unit I,Spinning,RingFrame,2500,2500,100.0
2026-07-30,1,RF-07,Unit I,Spinning,RingFrame,2500,2424,96.97
2026-07-30,1,RF-08,Unit I,Spinning,RingFrame,2500,2500,100.0
2026-07-30,1,RF-09,Unit I,Spinning,RingFrame,2500,2344,93.77
2026-07-30,1,RF-10,Unit I,Spinning,RingFrame,2500,2207,88.31
2026-07-30,1,RF-11,Unit I,Spinning,RingFrame,2500,2026,81.06
2026-07-30,1,RF-12,Unit I,Spinning,RingFrame,2500,2446,97.85
2026-07-30,1,VTX-01,Unit I,Spinning,Vortex,4700,4481,95.36
2026-07-30,1,VTX-02,Unit I,Spinning,Vortex,4700,4408,93.79
2026-07-30,1,VTX-03,Unit I,Spinning,Vortex,4700,4691,99.81
2026-07-30,1,VTX-04,Unit I,Spinning,Vortex,4700,4233,90.07
2026-07-30,1,VTX-05,Unit I,Spinning,Vortex,4700,4283,91.13
2026-07-30,1,VTX-06,Unit I,Spinning,Vortex,4700,3429,72.96
2026-07-30,1,VTX-07,Unit I,Spinning,Vortex,4700,4484,95.42
2026-07-30,1,VTX-08,Unit I,Spinning,Vortex,4700,4209,89.56
2026-07-30,1,VTX-09,Unit I,Spinning,Vortex,4700,4304,91.58
2026-07-30,1,VTX-10,Unit I,Spinning,Vortex,4700,4299,91.47
2026-07-30,1,VTX-11,Unit I,Spinning,Vortex,4700,4403,93.7
2026-07-30,1,VTX-12,Unit I,Spinning,Vortex,4700,4115,87.56
2026-07-30,1,AJ-01,Unit I,Spinning,Airjet,3750,3578,95.44
2026-07-30,1,AJ-02,Unit I,Spinning,Airjet,3750,3750,100.0
2026-07-30,1,AJ-03,Unit I,Spinning,Airjet,3750,3587,95.68
2026-07-30,1,AJ-04,Unit I,Spinning,Airjet,3750,3750,100.0
2026-07-30,1,AJ-05,Unit I,Spinning,Airjet,3750,3750,100.0
2026-07-30,2,TOY-01,Unit I,Weaving,Toyota,21700,21458,98.89
2026-07-30,2,TOY-02,Unit I,Weaving,Toyota,21700,17007,78.37
2026-07-30,2,TOY-03,Unit I,Weaving,Toyota,21700,20639,95.11
2026-07-30,2,TOY-04,Unit I,Weaving,Toyota,21700,21443,98.82
2026-07-30,2,TOY-05,Unit I,Weaving,Toyota,21700,20190,93.04
2026-07-30,2,TOY-06,Unit I,Weaving,Toyota,21700,18572,85.59
2026-07-30,2,TOY-07,Unit I,Weaving,Toyota,21700,21148,97.46
2026-07-30,2,TOY-08,Unit I,Weaving,Toyota,21700,15698,72.34
2026-07-30,2,TOY-09,Unit I,Weaving,Toyota,21700,19571,90.19
2026-07-30,2,TOY-10,Unit I,Weaving,Toyota,21700,20615,95.0
2026-07-30,2,TOY-11,Unit I,Weaving,Toyota,21700,20511,94.52
2026-07-30,2,TOY-12,Unit I,Weaving,Toyota,21700,19082,87.94
2026-07-30,2,TOY-13,Unit I,Weaving,Toyota,21700,20794,95.83
2026-07-30,2,TOY-14,Unit I,Weaving,Toyota,21700,21663,99.83
2026-07-30,2,TOY-15,Unit I,Weaving,Toyota,21700,19390,89.36
2026-07-30,2,TSU-01,Unit I,Weaving,Tsudakoma,15000,15000,100.0
2026-07-30,2,TSU-02,Unit I,Weaving,Tsudakoma,15000,13079,87.2
2026-07-30,2,TSU-03,Unit I,Weaving,Tsudakoma,15000,15000,100.0
2026-07-30,2,TSU-04,Unit I,Weaving,Tsudakoma,15000,13941,92.94
2026-07-30,2,TSU-05,Unit I,Weaving,Tsudakoma,15000,14359,95.73
2026-07-30,2,TSU-06,Unit I,Weaving,Tsudakoma,15000,12830,85.54
2026-07-30,2,TSU-07,Unit I,Weaving,Tsudakoma,15000,14203,94.69
2026-07-30,2,TSU-08,Unit I,Weaving,Tsudakoma,15000,14421,96.14
2026-07-30,2,TSU-09,Unit I,Weaving,Tsudakoma,15000,14185,94.57
2026-07-30,2,TSU-10,Unit I,Weaving,Tsudakoma,15000,13827,92.18
2026-07-30,2,SUL-01,Unit I,Weaving,Sulzer,2700,2437,90.27
2026-07-30,2,SUL-02,Unit I,Weaving,Sulzer,2700,2700,100.0
2026-07-30,2,SUL-03,Unit I,Weaving,Sulzer,2700,2569,95.15
2026-07-30,2,SUL-04,Unit I,Weaving,Sulzer,2700,2700,100.0
2026-07-30,2,SUL-05,Unit I,Weaving,Sulzer,2700,2493,92.37
2026-07-30,2,RF-01,Unit I,Spinning,RingFrame,2500,2320,92.83
2026-07-30,2,RF-02,Unit I,Spinning,RingFrame,2500,2476,99.08
2026-07-30,2,RF-03,Unit I,Spinning,RingFrame,2500,2172,86.89
2026-07-30,2,RF-04,Unit I,Spinning,RingFrame,2500,2223,88.93
2026-07-30,2,RF-05,Unit I,Spinning,RingFrame,2500,2500,100.0
2026-07-30,2,RF-06,Unit I,Spinning,RingFrame,2500,2228,89.14
2026-07-30,2,RF-07,Unit I,Spinning,RingFrame,2500,2147,85.9
2026-07-30,2,RF-08,Unit I,Spinning,RingFrame,2500,2500,100.0
2026-07-30,2,RF-09,Unit I,Spinning,RingFrame,2500,2200,88.03
2026-07-30,2,RF-10,Unit I,Spinning,RingFrame,2500,2398,95.92
2026-07-30,2,RF-11,Unit I,Spinning,RingFrame,2500,1958,78.35
2026-07-30,2,RF-12,Unit I,Spinning,RingFrame,2500,2023,80.95
2026-07-30,2,VTX-01,Unit I,Spinning,Vortex,4700,4402,93.66
2026-07-30,2,VTX-02,Unit I,Spinning,Vortex,4700,4570,97.24
2026-07-30,2,VTX-03,Unit I,Spinning,Vortex,4700,4548,96.77
2026-07-30,2,VTX-04,Unit I,Spinning,Vortex,4700,4677,99.52
2026-07-30,2,VTX-05,Unit I,Spinning,Vortex,4700,4373,93.06
2026-07-30,2,VTX-06,Unit I,Spinning,Vortex,4700,3833,81.56
2026-07-30,2,VTX-07,Unit I,Spinning,Vortex,4700,4303,91.55
2026-07-30,2,VTX-08,Unit I,Spinning,Vortex,4700,4133,87.95
2026-07-30,2,VTX-09,Unit I,Spinning,Vortex,4700,4160,88.51
2026-07-30,2,VTX-10,Unit I,Spinning,Vortex,4700,4121,87.69
2026-07-30,2,VTX-11,Unit I,Spinning,Vortex,4700,4700,100.0
2026-07-30,2,VTX-12,Unit I,Spinning,Vortex,4700,4109,87.43
2026-07-30,2,AJ-01,Unit I,Spinning,Airjet,3750,3613,96.37
2026-07-30,2,AJ-02,Unit I,Spinning,Airjet,3750,3512,93.67
2026-07-30,2,AJ-03,Unit I,Spinning,Airjet,3750,3543,94.49
2026-07-30,2,AJ-04,Unit I,Spinning,Airjet,3750,3750,100.0
2026-07-30,2,AJ-05,Unit I,Spinning,Airjet,3750,3480,92.81
2026-07-30,3,TOY-01,Unit I,Weaving,Toyota,21700,21278,98.06
2026-07-30,3,TOY-02,Unit I,Weaving,Toyota,21700,16966,78.19
2026-07-30,3,TOY-03,Unit I,Weaving,Toyota,21700,20450,94.24
2026-07-30,3,TOY-04,Unit I,Weaving,Toyota,21700,21700,100.0
2026-07-30,3,TOY-05,Unit I,Weaving,Toyota,21700,19051,87.79
2026-07-30,3,TOY-06,Unit I,Weaving,Toyota,21700,21700,100.0
2026-07-30,3,TOY-07,Unit I,Weaving,Toyota,21700,21327,98.28
2026-07-30,3,TOY-08,Unit I,Weaving,Toyota,21700,16405,75.6
2026-07-30,3,TOY-09,Unit I,Weaving,Toyota,21700,21700,100.0
2026-07-30,3,TOY-10,Unit I,Weaving,Toyota,21700,18609,85.76
2026-07-30,3,TOY-11,Unit I,Weaving,Toyota,21700,20048,92.39
2026-07-30,3,TOY-12,Unit I,Weaving,Toyota,21700,19303,88.96
2026-07-30,3,TOY-13,Unit I,Weaving,Toyota,21700,21062,97.06
2026-07-30,3,TOY-14,Unit I,Weaving,Toyota,21700,19407,89.43
2026-07-30,3,TOY-15,Unit I,Weaving,Toyota,21700,21084,97.17
2026-07-30,3,TSU-01,Unit I,Weaving,Tsudakoma,15000,14110,94.07
2026-07-30,3,TSU-02,Unit I,Weaving,Tsudakoma,15000,13890,92.6
2026-07-30,3,TSU-03,Unit I,Weaving,Tsudakoma,15000,14541,96.94
2026-07-30,3,TSU-04,Unit I,Weaving,Tsudakoma,15000,14048,93.66
2026-07-30,3,TSU-05,Unit I,Weaving,Tsudakoma,15000,13433,89.56
2026-07-30,3,TSU-06,Unit I,Weaving,Tsudakoma,15000,15000,100.0
2026-07-30,3,TSU-07,Unit I,Weaving,Tsudakoma,15000,13884,92.56
2026-07-30,3,TSU-08,Unit I,Weaving,Tsudakoma,15000,12586,83.91
2026-07-30,3,TSU-09,Unit I,Weaving,Tsudakoma,15000,13618,90.79
2026-07-30,3,TSU-10,Unit I,Weaving,Tsudakoma,15000,13299,88.66
2026-07-30,3,SUL-01,Unit I,Weaving,Sulzer,2700,2676,99.13
2026-07-30,3,SUL-02,Unit I,Weaving,Sulzer,2700,2608,96.61
2026-07-30,3,SUL-03,Unit I,Weaving,Sulzer,2700,2618,96.99
2026-07-30,3,SUL-04,Unit I,Weaving,Sulzer,2700,2515,93.15
2026-07-30,3,SUL-05,Unit I,Weaving,Sulzer,2700,2527,93.6
2026-07-30,3,RF-01,Unit I,Spinning,RingFrame,2500,2328,93.15
2026-07-30,3,RF-02,Unit I,Spinning,RingFrame,2500,2364,94.59
2026-07-30,3,RF-03,Unit I,Spinning,RingFrame,2500,2479,99.18
2026-07-30,3,RF-04,Unit I,Spinning,RingFrame,2500,2417,96.68
2026-07-30,3,RF-05,Unit I,Spinning,RingFrame,2500,2437,97.5
2026-07-30,3,RF-06,Unit I,Spinning,RingFrame,2500,2437,97.5
2026-07-30,3,RF-07,Unit I,Spinning,RingFrame,2500,2485,99.42
2026-07-30,3,RF-08,Unit I,Spinning,RingFrame,2500,2411,96.44
2026-07-30,3,RF-09,Unit I,Spinning,RingFrame,2500,2419,96.79
2026-07-30,3,RF-10,Unit I,Spinning,RingFrame,2500,2500,100.0
2026-07-30,3,RF-11,Unit I,Spinning,RingFrame,2500,1866,74.67
2026-07-30,3,RF-12,Unit I,Spinning,RingFrame,2500,2268,90.72
2026-07-30,3,VTX-01,Unit I,Spinning,Vortex,4700,4186,89.07
2026-07-30,3,VTX-02,Unit I,Spinning,Vortex,4700,4507,95.91
2026-07-30,3,VTX-03,Unit I,Spinning,Vortex,4700,4029,85.73
2026-07-30,3,VTX-04,Unit I,Spinning,Vortex,4700,4573,97.31
2026-07-30,3,VTX-05,Unit I,Spinning,Vortex,4700,4439,94.45
2026-07-30,3,VTX-06,Unit I,Spinning,Vortex,4700,3932,83.67
2026-07-30,3,VTX-07,Unit I,Spinning,Vortex,4700,4307,91.64
2026-07-30,3,VTX-08,Unit I,Spinning,Vortex,4700,4417,93.98
2026-07-30,3,VTX-09,Unit I,Spinning,Vortex,4700,4700,100.0
2026-07-30,3,VTX-10,Unit I,Spinning,Vortex,4700,4700,100.0
2026-07-30,3,VTX-11,Unit I,Spinning,Vortex,4700,4305,91.6
2026-07-30,3,VTX-12,Unit I,Spinning,Vortex,4700,4507,95.91
2026-07-30,3,AJ-01,Unit I,Spinning,Airjet,3750,3617,96.47
2026-07-30,3,AJ-02,Unit I,Spinning,Airjet,3750,3632,96.87
2026-07-30,3,AJ-03,Unit I,Spinning,Airjet,3750,3513,93.69
2026-07-30,3,AJ-04,Unit I,Spinning,Airjet,3750,3750,100.0
2026-07-30,3,AJ-05,Unit I,Spinning,Airjet,3750,3208,85.55
2026-07-31,1,TOY-01,Unit I,Weaving,Toyota,21700,20158,92.89
2026-07-31,1,TOY-02,Unit I,Weaving,Toyota,21700,17412,80.24
2026-07-31,1,TOY-03,Unit I,Weaving,Toyota,21700,21111,97.29
2026-07-31,1,TOY-04,Unit I,Weaving,Toyota,21700,21700,100.0
2026-07-31,1,TOY-05,Unit I,Weaving,Toyota,21700,21700,100.0
2026-07-31,1,TOY-06,Unit I,Weaving,Toyota,21700,20305,93.57
2026-07-31,1,TOY-07,Unit I,Weaving,Toyota,21700,21700,100.0
2026-07-31,1,TOY-08,Unit I,Weaving,Toyota,21700,16151,74.43
2026-07-31,1,TOY-09,Unit I,Weaving,Toyota,21700,21625,99.65
2026-07-31,1,TOY-10,Unit I,Weaving,Toyota,21700,21700,100.0
2026-07-31,1,TOY-11,Unit I,Weaving,Toyota,21700,21700,100.0
2026-07-31,1,TOY-12,Unit I,Weaving,Toyota,21700,20729,95.53
2026-07-31,1,TOY-13,Unit I,Weaving,Toyota,21700,20255,93.34
2026-07-31,1,TOY-14,Unit I,Weaving,Toyota,21700,18956,87.36
2026-07-31,1,TOY-15,Unit I,Weaving,Toyota,21700,20951,96.55
2026-07-31,1,TSU-01,Unit I,Weaving,Tsudakoma,15000,13413,89.42
2026-07-31,1,TSU-02,Unit I,Weaving,Tsudakoma,15000,13655,91.03
2026-07-31,1,TSU-03,Unit I,Weaving,Tsudakoma,15000,13356,89.05
2026-07-31,1,TSU-04,Unit I,Weaving,Tsudakoma,15000,13904,92.7
2026-07-31,1,TSU-05,Unit I,Weaving,Tsudakoma,15000,14229,94.86
2026-07-31,1,TSU-06,Unit I,Weaving,Tsudakoma,15000,14455,96.37
2026-07-31,1,TSU-07,Unit I,Weaving,Tsudakoma,15000,13799,92.0
2026-07-31,1,TSU-08,Unit I,Weaving,Tsudakoma,15000,15000,100.0
2026-07-31,1,TSU-09,Unit I,Weaving,Tsudakoma,15000,14093,93.96
2026-07-31,1,TSU-10,Unit I,Weaving,Tsudakoma,15000,13659,91.06
2026-07-31,1,SUL-01,Unit I,Weaving,Sulzer,2700,2595,96.13
2026-07-31,1,SUL-02,Unit I,Weaving,Sulzer,2700,2700,100.0
2026-07-31,1,SUL-03,Unit I,Weaving,Sulzer,2700,2610,96.68
2026-07-31,1,SUL-04,Unit I,Weaving,Sulzer,2700,2516,93.19
2026-07-31,1,SUL-05,Unit I,Weaving,Sulzer,2700,2358,87.36
2026-07-31,1,RF-01,Unit I,Spinning,RingFrame,2500,2347,93.9
2026-07-31,1,RF-02,Unit I,Spinning,RingFrame,2500,2404,96.17
2026-07-31,1,RF-03,Unit I,Spinning,RingFrame,2500,2326,93.06
2026-07-31,1,RF-04,Unit I,Spinning,RingFrame,2500,2166,86.67
2026-07-31,1,RF-05,Unit I,Spinning,RingFrame,2500,2268,90.75
2026-07-31,1,RF-06,Unit I,Spinning,RingFrame,2500,2500,100.0
2026-07-31,1,RF-07,Unit I,Spinning,RingFrame,2500,2500,100.0
2026-07-31,1,RF-08,Unit I,Spinning,RingFrame,2500,2264,90.57
2026-07-31,1,RF-09,Unit I,Spinning,RingFrame,2500,2459,98.36
2026-07-31,1,RF-10,Unit I,Spinning,RingFrame,2500,2227,89.11
2026-07-31,1,RF-11,Unit I,Spinning,RingFrame,2500,2125,85.02
2026-07-31,1,RF-12,Unit I,Spinning,RingFrame,2500,2405,96.23
2026-07-31,1,VTX-01,Unit I,Spinning,Vortex,4700,4688,99.75
2026-07-31,1,VTX-02,Unit I,Spinning,Vortex,4700,4061,86.42
2026-07-31,1,VTX-03,Unit I,Spinning,Vortex,4700,4624,98.39
2026-07-31,1,VTX-04,Unit I,Spinning,Vortex,4700,4463,94.96
2026-07-31,1,VTX-05,Unit I,Spinning,Vortex,4700,4665,99.26
2026-07-31,1,VTX-06,Unit I,Spinning,Vortex,4700,3880,82.57
2026-07-31,1,VTX-07,Unit I,Spinning,Vortex,4700,4480,95.33
2026-07-31,1,VTX-08,Unit I,Spinning,Vortex,4700,4323,92.0
2026-07-31,1,VTX-09,Unit I,Spinning,Vortex,4700,4648,98.9
2026-07-31,1,VTX-10,Unit I,Spinning,Vortex,4700,4450,94.7
2026-07-31,1,VTX-11,Unit I,Spinning,Vortex,4700,4259,90.64
2026-07-31,1,VTX-12,Unit I,Spinning,Vortex,4700,4248,90.4
2026-07-31,1,AJ-01,Unit I,Spinning,Airjet,3750,3285,87.61
2026-07-31,1,AJ-02,Unit I,Spinning,Airjet,3750,3466,92.45
2026-07-31,1,AJ-03,Unit I,Spinning,Airjet,3750,3750,100.0
2026-07-31,1,AJ-04,Unit I,Spinning,Airjet,3750,3595,95.89
2026-07-31,1,AJ-05,Unit I,Spinning,Airjet,3750,3463,92.35
2026-07-31,2,TOY-01,Unit I,Weaving,Toyota,21700,21488,99.02
2026-07-31,2,TOY-02,Unit I,Weaving,Toyota,21700,16022,73.84
2026-07-31,2,TOY-03,Unit I,Weaving,Toyota,21700,20718,95.48
2026-07-31,2,TOY-04,Unit I,Weaving,Toyota,21700,20420,94.1
2026-07-31,2,TOY-05,Unit I,Weaving,Toyota,21700,21460,98.9
2026-07-31,2,TOY-06,Unit I,Weaving,Toyota,21700,18903,87.11
2026-07-31,2,TOY-07,Unit I,Weaving,Toyota,21700,19692,90.75
2026-07-31,2,TOY-08,Unit I,Weaving,Toyota,21700,15148,69.81
2026-07-31,2,TOY-09,Unit I,Weaving,Toyota,21700,20333,93.7
2026-07-31,2,TOY-10,Unit I,Weaving,Toyota,21700,21700,100.0
2026-07-31,2,TOY-11,Unit I,Weaving,Toyota,21700,20066,92.47
2026-07-31,2,TOY-12,Unit I,Weaving,Toyota,21700,20060,92.45
2026-07-31,2,TOY-13,Unit I,Weaving,Toyota,21700,21560,99.36
2026-07-31,2,TOY-14,Unit I,Weaving,Toyota,21700,21700,100.0
2026-07-31,2,TOY-15,Unit I,Weaving,Toyota,21700,20518,94.56
2026-07-31,2,TSU-01,Unit I,Weaving,Tsudakoma,15000,14763,98.42
2026-07-31,2,TSU-02,Unit I,Weaving,Tsudakoma,15000,13442,89.62
2026-07-31,2,TSU-03,Unit I,Weaving,Tsudakoma,15000,15000,100.0
2026-07-31,2,TSU-04,Unit I,Weaving,Tsudakoma,15000,15000,100.0
2026-07-31,2,TSU-05,Unit I,Weaving,Tsudakoma,15000,14640,97.61
2026-07-31,2,TSU-06,Unit I,Weaving,Tsudakoma,15000,12686,84.58
2026-07-31,2,TSU-07,Unit I,Weaving,Tsudakoma,15000,13831,92.21
2026-07-31,2,TSU-08,Unit I,Weaving,Tsudakoma,15000,14709,98.06
2026-07-31,2,TSU-09,Unit I,Weaving,Tsudakoma,15000,13933,92.89
2026-07-31,2,TSU-10,Unit I,Weaving,Tsudakoma,15000,15000,100.0
2026-07-31,2,SUL-01,Unit I,Weaving,Sulzer,2700,2644,97.94
2026-07-31,2,SUL-02,Unit I,Weaving,Sulzer,2700,2469,91.47
2026-07-31,2,SUL-03,Unit I,Weaving,Sulzer,2700,2569,95.16
2026-07-31,2,SUL-04,Unit I,Weaving,Sulzer,2700,2444,90.53
2026-07-31,2,SUL-05,Unit I,Weaving,Sulzer,2700,2540,94.09
2026-07-31,2,RF-01,Unit I,Spinning,RingFrame,2500,2305,92.23
2026-07-31,2,RF-02,Unit I,Spinning,RingFrame,2500,2500,100.0
2026-07-31,2,RF-03,Unit I,Spinning,RingFrame,2500,2500,100.0
2026-07-31,2,RF-04,Unit I,Spinning,RingFrame,2500,2196,87.84
2026-07-31,2,RF-05,Unit I,Spinning,RingFrame,2500,2134,85.38
2026-07-31,2,RF-06,Unit I,Spinning,RingFrame,2500,2344,93.77
2026-07-31,2,RF-07,Unit I,Spinning,RingFrame,2500,2185,87.41
2026-07-31,2,RF-08,Unit I,Spinning,RingFrame,2500,2380,95.23
2026-07-31,2,RF-09,Unit I,Spinning,RingFrame,2500,2468,98.74
2026-07-31,2,RF-10,Unit I,Spinning,RingFrame,2500,2500,100.0
2026-07-31,2,RF-11,Unit I,Spinning,RingFrame,2500,1975,79.01
2026-07-31,2,RF-12,Unit I,Spinning,RingFrame,2500,2350,94.03
2026-07-31,2,VTX-01,Unit I,Spinning,Vortex,4700,4000,85.11
2026-07-31,2,VTX-02,Unit I,Spinning,Vortex,4700,4471,95.13
2026-07-31,2,VTX-03,Unit I,Spinning,Vortex,4700,4481,95.36
2026-07-31,2,VTX-04,Unit I,Spinning,Vortex,4700,4615,98.19
2026-07-31,2,VTX-05,Unit I,Spinning,Vortex,4700,4298,91.46
2026-07-31,2,VTX-06,Unit I,Spinning,Vortex,4700,3563,75.82
2026-07-31,2,VTX-07,Unit I,Spinning,Vortex,4700,4117,87.61
2026-07-31,2,VTX-08,Unit I,Spinning,Vortex,4700,3926,83.54
2026-07-31,2,VTX-09,Unit I,Spinning,Vortex,4700,4204,89.46
2026-07-31,2,VTX-10,Unit I,Spinning,Vortex,4700,4095,87.15
2026-07-31,2,VTX-11,Unit I,Spinning,Vortex,4700,4544,96.68
2026-07-31,2,VTX-12,Unit I,Spinning,Vortex,4700,4343,92.41
2026-07-31,2,AJ-01,Unit I,Spinning,Airjet,3750,3461,92.31
2026-07-31,2,AJ-02,Unit I,Spinning,Airjet,3750,3377,90.08
2026-07-31,2,AJ-03,Unit I,Spinning,Airjet,3750,2956,78.84
2026-07-31,2,AJ-04,Unit I,Spinning,Airjet,3750,3750,100.0
2026-07-31,2,AJ-05,Unit I,Spinning,Airjet,3750,3374,90.0
2026-07-31,3,TOY-01,Unit I,Weaving,Toyota,21700,20167,92.94
2026-07-31,3,TOY-02,Unit I,Weaving,Toyota,21700,15347,70.73
2026-07-31,3,TOY-03,Unit I,Weaving,Toyota,21700,21669,99.86
2026-07-31,3,TOY-04,Unit I,Weaving,Toyota,21700,20770,95.72
2026-07-31,3,TOY-05,Unit I,Weaving,Toyota,21700,19718,90.87
2026-07-31,3,TOY-06,Unit I,Weaving,Toyota,21700,20189,93.04
2026-07-31,3,TOY-07,Unit I,Weaving,Toyota,21700,21700,100.0
2026-07-31,3,TOY-08,Unit I,Weaving,Toyota,21700,16846,77.64
2026-07-31,3,TOY-09,Unit I,Weaving,Toyota,21700,20417,94.09
2026-07-31,3,TOY-10,Unit I,Weaving,Toyota,21700,19593,90.29
2026-07-31,3,TOY-11,Unit I,Weaving,Toyota,21700,18559,85.53
2026-07-31,3,TOY-12,Unit I,Weaving,Toyota,21700,20441,94.2
2026-07-31,3,TOY-13,Unit I,Weaving,Toyota,21700,20968,96.63
2026-07-31,3,TOY-14,Unit I,Weaving,Toyota,21700,21700,100.0
2026-07-31,3,TOY-15,Unit I,Weaving,Toyota,21700,18175,83.76
2026-07-31,3,TSU-01,Unit I,Weaving,Tsudakoma,15000,13406,89.37
2026-07-31,3,TSU-02,Unit I,Weaving,Tsudakoma,15000,13814,92.1
2026-07-31,3,TSU-03,Unit I,Weaving,Tsudakoma,15000,14247,94.98
2026-07-31,3,TSU-04,Unit I,Weaving,Tsudakoma,15000,14141,94.27
2026-07-31,3,TSU-05,Unit I,Weaving,Tsudakoma,15000,14158,94.39
2026-07-31,3,TSU-06,Unit I,Weaving,Tsudakoma,15000,14556,97.04
2026-07-31,3,TSU-07,Unit I,Weaving,Tsudakoma,15000,13572,90.48
2026-07-31,3,TSU-08,Unit I,Weaving,Tsudakoma,15000,14950,99.67
2026-07-31,3,TSU-09,Unit I,Weaving,Tsudakoma,15000,14575,97.17
2026-07-31,3,TSU-10,Unit I,Weaving,Tsudakoma,15000,14010,93.4
2026-07-31,3,SUL-01,Unit I,Weaving,Sulzer,2700,2700,100.0
2026-07-31,3,SUL-02,Unit I,Weaving,Sulzer,2700,2700,100.0
2026-07-31,3,SUL-03,Unit I,Weaving,Sulzer,2700,2690,99.66
2026-07-31,3,SUL-04,Unit I,Weaving,Sulzer,2700,2157,79.91
2026-07-31,3,SUL-05,Unit I,Weaving,Sulzer,2700,2700,100.0
2026-07-31,3,RF-01,Unit I,Spinning,RingFrame,2500,2474,98.97
2026-07-31,3,RF-02,Unit I,Spinning,RingFrame,2500,2500,100.0
2026-07-31,3,RF-03,Unit I,Spinning,RingFrame,2500,2500,100.0
2026-07-31,3,RF-04,Unit I,Spinning,RingFrame,2500,2500,100.0
2026-07-31,3,RF-05,Unit I,Spinning,RingFrame,2500,2484,99.39
2026-07-31,3,RF-06,Unit I,Spinning,RingFrame,2500,2500,100.0
2026-07-31,3,RF-07,Unit I,Spinning,RingFrame,2500,2500,100.0
2026-07-31,3,RF-08,Unit I,Spinning,RingFrame,2500,2402,96.08
2026-07-31,3,RF-09,Unit I,Spinning,RingFrame,2500,2178,87.14
2026-07-31,3,RF-10,Unit I,Spinning,RingFrame,2500,2336,93.46
2026-07-31,3,RF-11,Unit I,Spinning,RingFrame,2500,1998,79.95
2026-07-31,3,RF-12,Unit I,Spinning,RingFrame,2500,2384,95.37
2026-07-31,3,VTX-01,Unit I,Spinning,Vortex,4700,4172,88.77
2026-07-31,3,VTX-02,Unit I,Spinning,Vortex,4700,4081,86.84
2026-07-31,3,VTX-03,Unit I,Spinning,Vortex,4700,4290,91.29
2026-07-31,3,VTX-04,Unit I,Spinning,Vortex,4700,4654,99.04
2026-07-31,3,VTX-05,Unit I,Spinning,Vortex,4700,4700,100.0
2026-07-31,3,VTX-06,Unit I,Spinning,Vortex,4700,3881,82.58
2026-07-31,3,VTX-07,Unit I,Spinning,Vortex,4700,4700,100.0
2026-07-31,3,VTX-08,Unit I,Spinning,Vortex,4700,4446,94.6
2026-07-31,3,VTX-09,Unit I,Spinning,Vortex,4700,4055,86.29
2026-07-31,3,VTX-10,Unit I,Spinning,Vortex,4700,4358,92.72
2026-07-31,3,VTX-11,Unit I,Spinning,Vortex,4700,4404,93.71
2026-07-31,3,VTX-12,Unit I,Spinning,Vortex,4700,4348,92.51
2026-07-31,3,AJ-01,Unit I,Spinning,Airjet,3750,3572,95.27
2026-07-31,3,AJ-02,Unit I,Spinning,Airjet,3750,3645,97.21
2026-07-31,3,AJ-03,Unit I,Spinning,Airjet,3750,3722,99.27
2026-07-31,3,AJ-04,Unit I,Spinning,Airjet,3750,3510,93.61
2026-07-31,3,AJ-05,Unit I,Spinning,Airjet,3750,3205,85.48
2026-08-01,1,TOY-01,Unit I,Weaving,Toyota,21700,20091,92.59
2026-08-01,1,TOY-02,Unit I,Weaving,Toyota,21700,16973,78.22
2026-08-01,1,TOY-03,Unit I,Weaving,Toyota,21700,21700,100.0
2026-08-01,1,TOY-04,Unit I,Weaving,Toyota,21700,19998,92.16
2026-08-01,1,TOY-05,Unit I,Weaving,Toyota,21700,21171,97.56
2026-08-01,1,TOY-06,Unit I,Weaving,Toyota,21700,20929,96.45
2026-08-01,1,TOY-07,Unit I,Weaving,Toyota,21700,20662,95.22
2026-08-01,1,TOY-08,Unit I,Weaving,Toyota,21700,17935,82.65
2026-08-01,1,TOY-09,Unit I,Weaving,Toyota,21700,19897,91.7
2026-08-01,1,TOY-10,Unit I,Weaving,Toyota,21700,19990,92.12
2026-08-01,1,TOY-11,Unit I,Weaving,Toyota,21700,20602,94.94
2026-08-01,1,TOY-12,Unit I,Weaving,Toyota,21700,19920,91.8
2026-08-01,1,TOY-13,Unit I,Weaving,Toyota,21700,21166,97.54
2026-08-01,1,TOY-14,Unit I,Weaving,Toyota,21700,19841,91.43
2026-08-01,1,TOY-15,Unit I,Weaving,Toyota,21700,20860,96.13
2026-08-01,1,TSU-01,Unit I,Weaving,Tsudakoma,15000,14174,94.5
2026-08-01,1,TSU-02,Unit I,Weaving,Tsudakoma,15000,14411,96.07
2026-08-01,1,TSU-03,Unit I,Weaving,Tsudakoma,15000,13905,92.7
2026-08-01,1,TSU-04,Unit I,Weaving,Tsudakoma,15000,13995,93.3
2026-08-01,1,TSU-05,Unit I,Weaving,Tsudakoma,15000,14322,95.48
2026-08-01,1,TSU-06,Unit I,Weaving,Tsudakoma,15000,14401,96.01
2026-08-01,1,TSU-07,Unit I,Weaving,Tsudakoma,15000,14246,94.98
2026-08-01,1,TSU-08,Unit I,Weaving,Tsudakoma,15000,15000,100.0
2026-08-01,1,TSU-09,Unit I,Weaving,Tsudakoma,15000,13506,90.05
2026-08-01,1,TSU-10,Unit I,Weaving,Tsudakoma,15000,14201,94.68
2026-08-01,1,SUL-01,Unit I,Weaving,Sulzer,2700,2352,87.13
2026-08-01,1,SUL-02,Unit I,Weaving,Sulzer,2700,2615,96.86
2026-08-01,1,SUL-03,Unit I,Weaving,Sulzer,2700,2414,89.42
2026-08-01,1,SUL-04,Unit I,Weaving,Sulzer,2700,2527,93.61
2026-08-01,1,SUL-05,Unit I,Weaving,Sulzer,2700,2514,93.14
2026-08-01,1,RF-01,Unit I,Spinning,RingFrame,2500,2410,96.4
2026-08-01,1,RF-02,Unit I,Spinning,RingFrame,2500,2305,92.24
2026-08-01,1,RF-03,Unit I,Spinning,RingFrame,2500,2300,92.02
2026-08-01,1,RF-04,Unit I,Spinning,RingFrame,2500,2500,100.0
2026-08-01,1,RF-05,Unit I,Spinning,RingFrame,2500,2410,96.42
2026-08-01,1,RF-06,Unit I,Spinning,RingFrame,2500,2304,92.19
2026-08-01,1,RF-07,Unit I,Spinning,RingFrame,2500,2343,93.75
2026-08-01,1,RF-08,Unit I,Spinning,RingFrame,2500,2500,100.0
2026-08-01,1,RF-09,Unit I,Spinning,RingFrame,2500,2345,93.82
2026-08-01,1,RF-10,Unit I,Spinning,RingFrame,2500,2288,91.55
2026-08-01,1,RF-11,Unit I,Spinning,RingFrame,2500,1864,74.58
2026-08-01,1,RF-12,Unit I,Spinning,RingFrame,2500,2306,92.25
2026-08-01,1,VTX-01,Unit I,Spinning,Vortex,4700,4325,92.03
2026-08-01,1,VTX-02,Unit I,Spinning,Vortex,4700,4164,88.6
2026-08-01,1,VTX-03,Unit I,Spinning,Vortex,4700,4200,89.38
2026-08-01,1,VTX-04,Unit I,Spinning,Vortex,4700,4270,90.85
2026-08-01,1,VTX-05,Unit I,Spinning,Vortex,4700,4604,97.96
2026-08-01,1,VTX-06,Unit I,Spinning,Vortex,4700,3576,76.09
2026-08-01,1,VTX-07,Unit I,Spinning,Vortex,4700,4416,93.96
2026-08-01,1,VTX-08,Unit I,Spinning,Vortex,4700,4700,100.0
2026-08-01,1,VTX-09,Unit I,Spinning,Vortex,4700,4700,100.0
2026-08-01,1,VTX-10,Unit I,Spinning,Vortex,4700,4398,93.59
2026-08-01,1,VTX-11,Unit I,Spinning,Vortex,4700,4316,91.85
2026-08-01,1,VTX-12,Unit I,Spinning,Vortex,4700,4261,90.68
2026-08-01,1,AJ-01,Unit I,Spinning,Airjet,3750,3692,98.46
2026-08-01,1,AJ-02,Unit I,Spinning,Airjet,3750,3524,93.98
2026-08-01,1,AJ-03,Unit I,Spinning,Airjet,3750,3490,93.07
2026-08-01,1,AJ-04,Unit I,Spinning,Airjet,3750,3409,90.93
2026-08-01,1,AJ-05,Unit I,Spinning,Airjet,3750,3418,91.15
2026-08-01,2,TOY-01,Unit I,Weaving,Toyota,21700,20962,96.6
2026-08-01,2,TOY-02,Unit I,Weaving,Toyota,21700,15498,71.42
2026-08-01,2,TOY-03,Unit I,Weaving,Toyota,21700,21694,99.97
2026-08-01,2,TOY-04,Unit I,Weaving,Toyota,21700,20035,92.33
2026-08-01,2,TOY-05,Unit I,Weaving,Toyota,21700,20452,94.25
2026-08-01,2,TOY-06,Unit I,Weaving,Toyota,21700,19164,88.32
2026-08-01,2,TOY-07,Unit I,Weaving,Toyota,21700,20601,94.94
2026-08-01,2,TOY-08,Unit I,Weaving,Toyota,21700,16569,76.36
2026-08-01,2,TOY-09,Unit I,Weaving,Toyota,21700,20560,94.75
2026-08-01,2,TOY-10,Unit I,Weaving,Toyota,21700,21700,100.0
2026-08-01,2,TOY-11,Unit I,Weaving,Toyota,21700,20807,95.89
2026-08-01,2,TOY-12,Unit I,Weaving,Toyota,21700,19752,91.03
2026-08-01,2,TOY-13,Unit I,Weaving,Toyota,21700,19843,91.44
2026-08-01,2,TOY-14,Unit I,Weaving,Toyota,21700,21260,97.98
2026-08-01,2,TOY-15,Unit I,Weaving,Toyota,21700,21700,100.0
2026-08-01,2,TSU-01,Unit I,Weaving,Tsudakoma,15000,14461,96.41
2026-08-01,2,TSU-02,Unit I,Weaving,Tsudakoma,15000,14766,98.44
2026-08-01,2,TSU-03,Unit I,Weaving,Tsudakoma,15000,14707,98.05
2026-08-01,2,TSU-04,Unit I,Weaving,Tsudakoma,15000,15000,100.0
2026-08-01,2,TSU-05,Unit I,Weaving,Tsudakoma,15000,12787,85.25
2026-08-01,2,TSU-06,Unit I,Weaving,Tsudakoma,15000,14750,98.34
2026-08-01,2,TSU-07,Unit I,Weaving,Tsudakoma,15000,14987,99.92
2026-08-01,2,TSU-08,Unit I,Weaving,Tsudakoma,15000,13245,88.31
2026-08-01,2,TSU-09,Unit I,Weaving,Tsudakoma,15000,13585,90.57
2026-08-01,2,TSU-10,Unit I,Weaving,Tsudakoma,15000,13611,90.75
2026-08-01,2,SUL-01,Unit I,Weaving,Sulzer,2700,2466,91.36
2026-08-01,2,SUL-02,Unit I,Weaving,Sulzer,2700,2499,92.59
2026-08-01,2,SUL-03,Unit I,Weaving,Sulzer,2700,2597,96.21
2026-08-01,2,SUL-04,Unit I,Weaving,Sulzer,2700,2681,99.33
2026-08-01,2,SUL-05,Unit I,Weaving,Sulzer,2700,2700,100.0
2026-08-01,2,RF-01,Unit I,Spinning,RingFrame,2500,2270,90.81
2026-08-01,2,RF-02,Unit I,Spinning,RingFrame,2500,2269,90.78
2026-08-01,2,RF-03,Unit I,Spinning,RingFrame,2500,2500,100.0
2026-08-01,2,RF-04,Unit I,Spinning,RingFrame,2500,2455,98.23
2026-08-01,2,RF-05,Unit I,Spinning,RingFrame,2500,2385,95.41
2026-08-01,2,RF-06,Unit I,Spinning,RingFrame,2500,2434,97.37
2026-08-01,2,RF-07,Unit I,Spinning,RingFrame,2500,2371,94.85
2026-08-01,2,RF-08,Unit I,Spinning,RingFrame,2500,2440,97.62
2026-08-01,2,RF-09,Unit I,Spinning,RingFrame,2500,2332,93.32
2026-08-01,2,RF-10,Unit I,Spinning,RingFrame,2500,2408,96.34
2026-08-01,2,RF-11,Unit I,Spinning,RingFrame,2500,1761,70.45
2026-08-01,2,RF-12,Unit I,Spinning,RingFrame,2500,2289,91.56
2026-08-01,2,VTX-01,Unit I,Spinning,Vortex,4700,4305,91.61
2026-08-01,2,VTX-02,Unit I,Spinning,Vortex,4700,4377,93.13
2026-08-01,2,VTX-03,Unit I,Spinning,Vortex,4700,4247,90.37
2026-08-01,2,VTX-04,Unit I,Spinning,Vortex,4700,4339,92.33
2026-08-01,2,VTX-05,Unit I,Spinning,Vortex,4700,4109,87.43
2026-08-01,2,VTX-06,Unit I,Spinning,Vortex,4700,3794,80.74
2026-08-01,2,VTX-07,Unit I,Spinning,Vortex,4700,4445,94.59
2026-08-01,2,VTX-08,Unit I,Spinning,Vortex,4700,4064,86.47
2026-08-01,2,VTX-09,Unit I,Spinning,Vortex,4700,4268,90.83
2026-08-01,2,VTX-10,Unit I,Spinning,Vortex,4700,4544,96.68
2026-08-01,2,VTX-11,Unit I,Spinning,Vortex,4700,4337,92.28
2026-08-01,2,VTX-12,Unit I,Spinning,Vortex,4700,4301,91.52
2026-08-01,2,AJ-01,Unit I,Spinning,Airjet,3750,3548,94.63
2026-08-01,2,AJ-02,Unit I,Spinning,Airjet,3750,3626,96.72
2026-08-01,2,AJ-03,Unit I,Spinning,Airjet,3750,3293,87.82
2026-08-01,2,AJ-04,Unit I,Spinning,Airjet,3750,3665,97.75
2026-08-01,2,AJ-05,Unit I,Spinning,Airjet,3750,3412,91.0
2026-08-01,3,TOY-01,Unit I,Weaving,Toyota,21700,20595,94.91
2026-08-01,3,TOY-02,Unit I,Weaving,Toyota,21700,16887,77.82
2026-08-01,3,TOY-03,Unit I,Weaving,Toyota,21700,20043,92.36
2026-08-01,3,TOY-04,Unit I,Weaving,Toyota,21700,19504,89.88
2026-08-01,3,TOY-05,Unit I,Weaving,Toyota,21700,20305,93.57
2026-08-01,3,TOY-06,Unit I,Weaving,Toyota,21700,21700,100.0
2026-08-01,3,TOY-07,Unit I,Weaving,Toyota,21700,19137,88.19
2026-08-01,3,TOY-08,Unit I,Weaving,Toyota,21700,18762,86.46
2026-08-01,3,TOY-09,Unit I,Weaving,Toyota,21700,20333,93.7
2026-08-01,3,TOY-10,Unit I,Weaving,Toyota,21700,20653,95.18
2026-08-01,3,TOY-11,Unit I,Weaving,Toyota,21700,19435,89.57
2026-08-01,3,TOY-12,Unit I,Weaving,Toyota,21700,19778,91.14
2026-08-01,3,TOY-13,Unit I,Weaving,Toyota,21700,20069,92.49
2026-08-01,3,TOY-14,Unit I,Weaving,Toyota,21700,19480,89.77
2026-08-01,3,TOY-15,Unit I,Weaving,Toyota,21700,20388,93.96
2026-08-01,3,TSU-01,Unit I,Weaving,Tsudakoma,15000,13944,92.96
2026-08-01,3,TSU-02,Unit I,Weaving,Tsudakoma,15000,15000,100.0
2026-08-01,3,TSU-03,Unit I,Weaving,Tsudakoma,15000,13375,89.17
2026-08-01,3,TSU-04,Unit I,Weaving,Tsudakoma,15000,14327,95.51
2026-08-01,3,TSU-05,Unit I,Weaving,Tsudakoma,15000,14435,96.24
2026-08-01,3,TSU-06,Unit I,Weaving,Tsudakoma,15000,13447,89.65
2026-08-01,3,TSU-07,Unit I,Weaving,Tsudakoma,15000,14765,98.43
2026-08-01,3,TSU-08,Unit I,Weaving,Tsudakoma,15000,13951,93.01
2026-08-01,3,TSU-09,Unit I,Weaving,Tsudakoma,15000,12380,82.54
2026-08-01,3,TSU-10,Unit I,Weaving,Tsudakoma,15000,14744,98.3
2026-08-01,3,SUL-01,Unit I,Weaving,Sulzer,2700,2414,89.42
2026-08-01,3,SUL-02,Unit I,Weaving,Sulzer,2700,2423,89.76
2026-08-01,3,SUL-03,Unit I,Weaving,Sulzer,2700,2657,98.44
2026-08-01,3,SUL-04,Unit I,Weaving,Sulzer,2700,2518,93.26
2026-08-01,3,SUL-05,Unit I,Weaving,Sulzer,2700,2688,99.59
2026-08-01,3,RF-01,Unit I,Spinning,RingFrame,2500,2500,100.0
2026-08-01,3,RF-02,Unit I,Spinning,RingFrame,2500,2294,91.78
2026-08-01,3,RF-03,Unit I,Spinning,RingFrame,2500,2474,98.97
2026-08-01,3,RF-04,Unit I,Spinning,RingFrame,2500,2280,91.22
2026-08-01,3,RF-05,Unit I,Spinning,RingFrame,2500,2500,100.0
2026-08-01,3,RF-06,Unit I,Spinning,RingFrame,2500,2288,91.54
2026-08-01,3,RF-07,Unit I,Spinning,RingFrame,2500,2500,100.0
2026-08-01,3,RF-08,Unit I,Spinning,RingFrame,2500,2480,99.22
2026-08-01,3,RF-09,Unit I,Spinning,RingFrame,2500,2414,96.58
2026-08-01,3,RF-10,Unit I,Spinning,RingFrame,2500,2291,91.65
2026-08-01,3,RF-11,Unit I,Spinning,RingFrame,2500,1931,77.24
2026-08-01,3,RF-12,Unit I,Spinning,RingFrame,2500,2105,84.23
2026-08-01,3,VTX-01,Unit I,Spinning,Vortex,4700,4517,96.12
2026-08-01,3,VTX-02,Unit I,Spinning,Vortex,4700,4547,96.75
2026-08-01,3,VTX-03,Unit I,Spinning,Vortex,4700,4496,95.67
2026-08-01,3,VTX-04,Unit I,Spinning,Vortex,4700,3766,80.13
2026-08-01,3,VTX-05,Unit I,Spinning,Vortex,4700,4167,88.67
2026-08-01,3,VTX-06,Unit I,Spinning,Vortex,4700,3490,74.26
2026-08-01,3,VTX-07,Unit I,Spinning,Vortex,4700,4533,96.46
2026-08-01,3,VTX-08,Unit I,Spinning,Vortex,4700,4532,96.45
2026-08-01,3,VTX-09,Unit I,Spinning,Vortex,4700,4424,94.15
2026-08-01,3,VTX-10,Unit I,Spinning,Vortex,4700,4614,98.18
2026-08-01,3,VTX-11,Unit I,Spinning,Vortex,4700,4223,89.87
2026-08-01,3,VTX-12,Unit I,Spinning,Vortex,4700,4608,98.05
2026-08-01,3,AJ-01,Unit I,Spinning,Airjet,3750,3651,97.37
2026-08-01,3,AJ-02,Unit I,Spinning,Airjet,3750,3633,96.89
2026-08-01,3,AJ-03,Unit I,Spinning,Airjet,3750,3528,94.09
2026-08-01,3,AJ-04,Unit I,Spinning,Airjet,3750,3750,100.0
2026-08-01,3,AJ-05,Unit I,Spinning,Airjet,3750,3654,97.47
2026-08-02,1,TOY-01,Unit I,Weaving,Toyota,21700,19564,90.16
2026-08-02,1,TOY-02,Unit I,Weaving,Toyota,21700,17195,79.24
2026-08-02,1,TOY-03,Unit I,Weaving,Toyota,21700,21431,98.76
2026-08-02,1,TOY-04,Unit I,Weaving,Toyota,21700,19976,92.06
2026-08-02,1,TOY-05,Unit I,Weaving,Toyota,21700,21700,100.0
2026-08-02,1,TOY-06,Unit I,Weaving,Toyota,21700,21029,96.91
2026-08-02,1,TOY-07,Unit I,Weaving,Toyota,21700,18073,83.29
2026-08-02,1,TOY-08,Unit I,Weaving,Toyota,21700,17251,79.5
2026-08-02,1,TOY-09,Unit I,Weaving,Toyota,21700,20174,92.97
2026-08-02,1,TOY-10,Unit I,Weaving,Toyota,21700,21197,97.69
2026-08-02,1,TOY-11,Unit I,Weaving,Toyota,21700,21639,99.72
2026-08-02,1,TOY-12,Unit I,Weaving,Toyota,21700,20826,95.98
2026-08-02,1,TOY-13,Unit I,Weaving,Toyota,21700,21700,100.0
2026-08-02,1,TOY-14,Unit I,Weaving,Toyota,21700,20421,94.11
2026-08-02,1,TOY-15,Unit I,Weaving,Toyota,21700,21292,98.12
2026-08-02,1,TSU-01,Unit I,Weaving,Tsudakoma,15000,14853,99.02
2026-08-02,1,TSU-02,Unit I,Weaving,Tsudakoma,15000,14176,94.51
2026-08-02,1,TSU-03,Unit I,Weaving,Tsudakoma,15000,14834,98.89
2026-08-02,1,TSU-04,Unit I,Weaving,Tsudakoma,15000,13803,92.03
2026-08-02,1,TSU-05,Unit I,Weaving,Tsudakoma,15000,13933,92.89
2026-08-02,1,TSU-06,Unit I,Weaving,Tsudakoma,15000,13265,88.44
2026-08-02,1,TSU-07,Unit I,Weaving,Tsudakoma,15000,14431,96.21
2026-08-02,1,TSU-08,Unit I,Weaving,Tsudakoma,15000,14493,96.63
2026-08-02,1,TSU-09,Unit I,Weaving,Tsudakoma,15000,15000,100.0
2026-08-02,1,TSU-10,Unit I,Weaving,Tsudakoma,15000,14843,98.96
2026-08-02,1,SUL-01,Unit I,Weaving,Sulzer,2700,2526,93.58
2026-08-02,1,SUL-02,Unit I,Weaving,Sulzer,2700,2405,89.11
2026-08-02,1,SUL-03,Unit I,Weaving,Sulzer,2700,2623,97.16
2026-08-02,1,SUL-04,Unit I,Weaving,Sulzer,2700,2700,100.0
2026-08-02,1,SUL-05,Unit I,Weaving,Sulzer,2700,2666,98.78
2026-08-02,1,RF-01,Unit I,Spinning,RingFrame,2500,2500,100.0
2026-08-02,1,RF-02,Unit I,Spinning,RingFrame,2500,2348,93.94
2026-08-02,1,RF-03,Unit I,Spinning,RingFrame,2500,2316,92.67
2026-08-02,1,RF-04,Unit I,Spinning,RingFrame,2500,2282,91.32
2026-08-02,1,RF-05,Unit I,Spinning,RingFrame,2500,2368,94.72
2026-08-02,1,RF-06,Unit I,Spinning,RingFrame,2500,2365,94.61
2026-08-02,1,RF-07,Unit I,Spinning,RingFrame,2500,2400,96.03
2026-08-02,1,RF-08,Unit I,Spinning,RingFrame,2500,2358,94.35
2026-08-02,1,RF-09,Unit I,Spinning,RingFrame,2500,2358,94.33
2026-08-02,1,RF-10,Unit I,Spinning,RingFrame,2500,2277,91.12
2026-08-02,1,RF-11,Unit I,Spinning,RingFrame,2500,2067,82.71
2026-08-02,1,RF-12,Unit I,Spinning,RingFrame,2500,2384,95.38
2026-08-02,1,VTX-01,Unit I,Spinning,Vortex,4700,4424,94.13
2026-08-02,1,VTX-02,Unit I,Spinning,Vortex,4700,4289,91.26
2026-08-02,1,VTX-03,Unit I,Spinning,Vortex,4700,4152,88.34
2026-08-02,1,VTX-04,Unit I,Spinning,Vortex,4700,4700,100.0
2026-08-02,1,VTX-05,Unit I,Spinning,Vortex,4700,4595,97.77
2026-08-02,1,VTX-06,Unit I,Spinning,Vortex,4700,3284,69.88
2026-08-02,1,VTX-07,Unit I,Spinning,Vortex,4700,4644,98.82
2026-08-02,1,VTX-08,Unit I,Spinning,Vortex,4700,4681,99.61
2026-08-02,1,VTX-09,Unit I,Spinning,Vortex,4700,4494,95.62
2026-08-02,1,VTX-10,Unit I,Spinning,Vortex,4700,4700,100.0
2026-08-02,1,VTX-11,Unit I,Spinning,Vortex,4700,4515,96.08
2026-08-02,1,VTX-12,Unit I,Spinning,Vortex,4700,4132,87.92
2026-08-02,1,AJ-01,Unit I,Spinning,Airjet,3750,3630,96.83
2026-08-02,1,AJ-02,Unit I,Spinning,Airjet,3750,3608,96.22
2026-08-02,1,AJ-03,Unit I,Spinning,Airjet,3750,3449,91.98
2026-08-02,1,AJ-04,Unit I,Spinning,Airjet,3750,3670,97.87
2026-08-02,1,AJ-05,Unit I,Spinning,Airjet,3750,3249,86.66
2026-08-02,2,TOY-01,Unit I,Weaving,Toyota,21700,21689,99.95
2026-08-02,2,TOY-02,Unit I,Weaving,Toyota,21700,15973,73.61
2026-08-02,2,TOY-03,Unit I,Weaving,Toyota,21700,19546,90.08
2026-08-02,2,TOY-04,Unit I,Weaving,Toyota,21700,20491,94.43
2026-08-02,2,TOY-05,Unit I,Weaving,Toyota,21700,21084,97.16
2026-08-02,2,TOY-06,Unit I,Weaving,Toyota,21700,20792,95.82
2026-08-02,2,TOY-07,Unit I,Weaving,Toyota,21700,19809,91.29
2026-08-02,2,TOY-08,Unit I,Weaving,Toyota,21700,16376,75.47
2026-08-02,2,TOY-09,Unit I,Weaving,Toyota,21700,19385,89.33
2026-08-02,2,TOY-10,Unit I,Weaving,Toyota,21700,20371,93.88
2026-08-02,2,TOY-11,Unit I,Weaving,Toyota,21700,21700,100.0
2026-08-02,2,TOY-12,Unit I,Weaving,Toyota,21700,20610,94.98
2026-08-02,2,TOY-13,Unit I,Weaving,Toyota,21700,21547,99.3
2026-08-02,2,TOY-14,Unit I,Weaving,Toyota,21700,21700,100.0
2026-08-02,2,TOY-15,Unit I,Weaving,Toyota,21700,19976,92.06
2026-08-02,2,TSU-01,Unit I,Weaving,Tsudakoma,15000,14110,94.07
2026-08-02,2,TSU-02,Unit I,Weaving,Tsudakoma,15000,15000,100.0
2026-08-02,2,TSU-03,Unit I,Weaving,Tsudakoma,15000,15000,100.0
2026-08-02,2,TSU-04,Unit I,Weaving,Tsudakoma,15000,12995,86.64
2026-08-02,2,TSU-05,Unit I,Weaving,Tsudakoma,15000,14540,96.94
2026-08-02,2,TSU-06,Unit I,Weaving,Tsudakoma,15000,14250,95.0
2026-08-02,2,TSU-07,Unit I,Weaving,Tsudakoma,15000,14869,99.13
2026-08-02,2,TSU-08,Unit I,Weaving,Tsudakoma,15000,13691,91.28
2026-08-02,2,TSU-09,Unit I,Weaving,Tsudakoma,15000,13620,90.8
2026-08-02,2,TSU-10,Unit I,Weaving,Tsudakoma,15000,13742,91.62
2026-08-02,2,SUL-01,Unit I,Weaving,Sulzer,2700,2487,92.14
2026-08-02,2,SUL-02,Unit I,Weaving,Sulzer,2700,2675,99.08
2026-08-02,2,SUL-03,Unit I,Weaving,Sulzer,2700,2405,89.09
2026-08-02,2,SUL-04,Unit I,Weaving,Sulzer,2700,2480,91.89
2026-08-02,2,SUL-05,Unit I,Weaving,Sulzer,2700,2323,86.05
2026-08-02,2,RF-01,Unit I,Spinning,RingFrame,2500,2500,100.0
2026-08-02,2,RF-02,Unit I,Spinning,RingFrame,2500,2500,100.0
2026-08-02,2,RF-03,Unit I,Spinning,RingFrame,2500,2334,93.36
2026-08-02,2,RF-04,Unit I,Spinning,RingFrame,2500,2337,93.51
2026-08-02,2,RF-05,Unit I,Spinning,RingFrame,2500,2431,97.27
2026-08-02,2,RF-06,Unit I,Spinning,RingFrame,2500,2500,100.0
2026-08-02,2,RF-07,Unit I,Spinning,RingFrame,2500,2426,97.04
2026-08-02,2,RF-08,Unit I,Spinning,RingFrame,2500,2287,91.51
2026-08-02,2,RF-09,Unit I,Spinning,RingFrame,2500,2172,86.91
2026-08-02,2,RF-10,Unit I,Spinning,RingFrame,2500,2235,89.42
2026-08-02,2,RF-11,Unit I,Spinning,RingFrame,2500,1959,78.37
2026-08-02,2,RF-12,Unit I,Spinning,RingFrame,2500,2293,91.72
2026-08-02,2,VTX-01,Unit I,Spinning,Vortex,4700,4510,95.97
2026-08-02,2,VTX-02,Unit I,Spinning,Vortex,4700,4335,92.24
2026-08-02,2,VTX-03,Unit I,Spinning,Vortex,4700,4216,89.71
2026-08-02,2,VTX-04,Unit I,Spinning,Vortex,4700,4188,89.11
2026-08-02,2,VTX-05,Unit I,Spinning,Vortex,4700,4700,100.0
2026-08-02,2,VTX-06,Unit I,Spinning,Vortex,4700,3874,82.44
2026-08-02,2,VTX-07,Unit I,Spinning,Vortex,4700,4700,100.0
2026-08-02,2,VTX-08,Unit I,Spinning,Vortex,4700,4591,97.7
2026-08-02,2,VTX-09,Unit I,Spinning,Vortex,4700,4363,92.85
2026-08-02,2,VTX-10,Unit I,Spinning,Vortex,4700,4700,100.0
2026-08-02,2,VTX-11,Unit I,Spinning,Vortex,4700,4457,94.83
2026-08-02,2,VTX-12,Unit I,Spinning,Vortex,4700,4516,96.1
2026-08-02,2,AJ-01,Unit I,Spinning,Airjet,3750,3554,94.79
2026-08-02,2,AJ-02,Unit I,Spinning,Airjet,3750,3009,80.27
2026-08-02,2,AJ-03,Unit I,Spinning,Airjet,3750,3750,100.0
2026-08-02,2,AJ-04,Unit I,Spinning,Airjet,3750,3654,97.46
2026-08-02,2,AJ-05,Unit I,Spinning,Airjet,3750,3624,96.65
2026-08-02,3,TOY-01,Unit I,Weaving,Toyota,21700,20547,94.69
2026-08-02,3,TOY-02,Unit I,Weaving,Toyota,21700,17103,78.82
2026-08-02,3,TOY-03,Unit I,Weaving,Toyota,21700,19966,92.01
2026-08-02,3,TOY-04,Unit I,Weaving,Toyota,21700,21283,98.08
2026-08-02,3,TOY-05,Unit I,Weaving,Toyota,21700,19196,88.46
2026-08-02,3,TOY-06,Unit I,Weaving,Toyota,21700,20816,95.93
2026-08-02,3,TOY-07,Unit I,Weaving,Toyota,21700,21224,97.81
2026-08-02,3,TOY-08,Unit I,Weaving,Toyota,21700,16710,77.01
2026-08-02,3,TOY-09,Unit I,Weaving,Toyota,21700,21017,96.85
2026-08-02,3,TOY-10,Unit I,Weaving,Toyota,21700,19539,90.04
2026-08-02,3,TOY-11,Unit I,Weaving,Toyota,21700,19567,90.17
2026-08-02,3,TOY-12,Unit I,Weaving,Toyota,21700,20871,96.18
2026-08-02,3,TOY-13,Unit I,Weaving,Toyota,21700,21351,98.39
2026-08-02,3,TOY-14,Unit I,Weaving,Toyota,21700,18580,85.63
2026-08-02,3,TOY-15,Unit I,Weaving,Toyota,21700,21181,97.61
2026-08-02,3,TSU-01,Unit I,Weaving,Tsudakoma,15000,13842,92.28
2026-08-02,3,TSU-02,Unit I,Weaving,Tsudakoma,15000,14105,94.04
2026-08-02,3,TSU-03,Unit I,Weaving,Tsudakoma,15000,13245,88.3
2026-08-02,3,TSU-04,Unit I,Weaving,Tsudakoma,15000,13611,90.74
2026-08-02,3,TSU-05,Unit I,Weaving,Tsudakoma,15000,14974,99.83
2026-08-02,3,TSU-06,Unit I,Weaving,Tsudakoma,15000,14274,95.16
2026-08-02,3,TSU-07,Unit I,Weaving,Tsudakoma,15000,13962,93.09
2026-08-02,3,TSU-08,Unit I,Weaving,Tsudakoma,15000,14162,94.42
2026-08-02,3,TSU-09,Unit I,Weaving,Tsudakoma,15000,14616,97.45
2026-08-02,3,TSU-10,Unit I,Weaving,Tsudakoma,15000,14580,97.2
2026-08-02,3,SUL-01,Unit I,Weaving,Sulzer,2700,2554,94.62
2026-08-02,3,SUL-02,Unit I,Weaving,Sulzer,2700,2700,100.0
2026-08-02,3,SUL-03,Unit I,Weaving,Sulzer,2700,2696,99.85
2026-08-02,3,SUL-04,Unit I,Weaving,Sulzer,2700,2620,97.07
2026-08-02,3,SUL-05,Unit I,Weaving,Sulzer,2700,2572,95.27
2026-08-02,3,RF-01,Unit I,Spinning,RingFrame,2500,2457,98.29
2026-08-02,3,RF-02,Unit I,Spinning,RingFrame,2500,2414,96.57
2026-08-02,3,RF-03,Unit I,Spinning,RingFrame,2500,2500,100.0
2026-08-02,3,RF-04,Unit I,Spinning,RingFrame,2500,2487,99.5
2026-08-02,3,RF-05,Unit I,Spinning,RingFrame,2500,2247,89.91
2026-08-02,3,RF-06,Unit I,Spinning,RingFrame,2500,2239,89.57
2026-08-02,3,RF-07,Unit I,Spinning,RingFrame,2500,2287,91.49
2026-08-02,3,RF-08,Unit I,Spinning,RingFrame,2500,2497,99.88
2026-08-02,3,RF-09,Unit I,Spinning,RingFrame,2500,2177,87.12
2026-08-02,3,RF-10,Unit I,Spinning,RingFrame,2500,2424,96.97
2026-08-02,3,RF-11,Unit I,Spinning,RingFrame,2500,1995,79.81
2026-08-02,3,RF-12,Unit I,Spinning,RingFrame,2500,2500,100.0
2026-08-02,3,VTX-01,Unit I,Spinning,Vortex,4700,4507,95.9
2026-08-02,3,VTX-02,Unit I,Spinning,Vortex,4700,4149,88.28
2026-08-02,3,VTX-03,Unit I,Spinning,Vortex,4700,4239,90.2
2026-08-02,3,VTX-04,Unit I,Spinning,Vortex,4700,4187,89.09
2026-08-02,3,VTX-05,Unit I,Spinning,Vortex,4700,4338,92.31
2026-08-02,3,VTX-06,Unit I,Spinning,Vortex,4700,3623,77.09
2026-08-02,3,VTX-07,Unit I,Spinning,Vortex,4700,4191,89.17
2026-08-02,3,VTX-08,Unit I,Spinning,Vortex,4700,4700,100.0
2026-08-02,3,VTX-09,Unit I,Spinning,Vortex,4700,4153,88.37
2026-08-02,3,VTX-10,Unit I,Spinning,Vortex,4700,4700,100.0
2026-08-02,3,VTX-11,Unit I,Spinning,Vortex,4700,4700,100.0
2026-08-02,3,VTX-12,Unit I,Spinning,Vortex,4700,4676,99.49
2026-08-02,3,AJ-01,Unit I,Spinning,Airjet,3750,3432,91.53
2026-08-02,3,AJ-02,Unit I,Spinning,Airjet,3750,3626,96.71
2026-08-02,3,AJ-03,Unit I,Spinning,Airjet,3750,3322,88.61
2026-08-02,3,AJ-04,Unit I,Spinning,Airjet,3750,3733,99.55
2026-08-02,3,AJ-05,Unit I,Spinning,Airjet,3750,3548,94.63
2026-08-03,1,TOY-01,Unit I,Weaving,Toyota,21700,20170,92.95
2026-08-03,1,TOY-02,Unit I,Weaving,Toyota,21700,15598,71.88
2026-08-03,1,TOY-03,Unit I,Weaving,Toyota,21700,17926,82.61
2026-08-03,1,TOY-04,Unit I,Weaving,Toyota,21700,19488,89.81
2026-08-03,1,TOY-05,Unit I,Weaving,Toyota,21700,21700,100.0
2026-08-03,1,TOY-06,Unit I,Weaving,Toyota,21700,20177,92.99
2026-08-03,1,TOY-07,Unit I,Weaving,Toyota,21700,20431,94.15
2026-08-03,1,TOY-08,Unit I,Weaving,Toyota,21700,17637,81.28
2026-08-03,1,TOY-09,Unit I,Weaving,Toyota,21700,21700,100.0
2026-08-03,1,TOY-10,Unit I,Weaving,Toyota,21700,21700,100.0
2026-08-03,1,TOY-11,Unit I,Weaving,Toyota,21700,19560,90.14
2026-08-03,1,TOY-12,Unit I,Weaving,Toyota,21700,18507,85.29
2026-08-03,1,TOY-13,Unit I,Weaving,Toyota,21700,21700,100.0
2026-08-03,1,TOY-14,Unit I,Weaving,Toyota,21700,21700,100.0
2026-08-03,1,TOY-15,Unit I,Weaving,Toyota,21700,20819,95.94
2026-08-03,1,TSU-01,Unit I,Weaving,Tsudakoma,15000,13297,88.65
2026-08-03,1,TSU-02,Unit I,Weaving,Tsudakoma,15000,14972,99.82
2026-08-03,1,TSU-03,Unit I,Weaving,Tsudakoma,15000,14169,94.46
2026-08-03,1,TSU-04,Unit I,Weaving,Tsudakoma,15000,14165,94.44
2026-08-03,1,TSU-05,Unit I,Weaving,Tsudakoma,15000,14920,99.47
2026-08-03,1,TSU-06,Unit I,Weaving,Tsudakoma,15000,14500,96.67
2026-08-03,1,TSU-07,Unit I,Weaving,Tsudakoma,15000,13360,89.07
2026-08-03,1,TSU-08,Unit I,Weaving,Tsudakoma,15000,14006,93.38
2026-08-03,1,TSU-09,Unit I,Weaving,Tsudakoma,15000,14745,98.31
2026-08-03,1,TSU-10,Unit I,Weaving,Tsudakoma,15000,14632,97.55
2026-08-03,1,SUL-01,Unit I,Weaving,Sulzer,2700,2600,96.31
2026-08-03,1,SUL-02,Unit I,Weaving,Sulzer,2700,2691,99.67
2026-08-03,1,SUL-03,Unit I,Weaving,Sulzer,2700,2516,93.19
2026-08-03,1,SUL-04,Unit I,Weaving,Sulzer,2700,2589,95.89
2026-08-03,1,SUL-05,Unit I,Weaving,Sulzer,2700,2109,78.12
2026-08-03,1,RF-01,Unit I,Spinning,RingFrame,2500,2318,92.75
2026-08-03,1,RF-02,Unit I,Spinning,RingFrame,2500,2470,98.82
2026-08-03,1,RF-03,Unit I,Spinning,RingFrame,2500,2326,93.05
2026-08-03,1,RF-04,Unit I,Spinning,RingFrame,2500,2316,92.67
2026-08-03,1,RF-05,Unit I,Spinning,RingFrame,2500,2244,89.79
2026-08-03,1,RF-06,Unit I,Spinning,RingFrame,2500,2500,100.0
2026-08-03,1,RF-07,Unit I,Spinning,RingFrame,2500,2443,97.74
2026-08-03,1,RF-08,Unit I,Spinning,RingFrame,2500,2478,99.13
2026-08-03,1,RF-09,Unit I,Spinning,RingFrame,2500,2159,86.37
2026-08-03,1,RF-10,Unit I,Spinning,RingFrame,2500,2354,94.2
2026-08-03,1,RF-11,Unit I,Spinning,RingFrame,2500,1914,76.6
2026-08-03,1,RF-12,Unit I,Spinning,RingFrame,2500,2339,93.6
2026-08-03,1,VTX-01,Unit I,Spinning,Vortex,4700,4320,91.92
2026-08-03,1,VTX-02,Unit I,Spinning,Vortex,4700,4383,93.27
2026-08-03,1,VTX-03,Unit I,Spinning,Vortex,4700,4664,99.25
2026-08-03,1,VTX-04,Unit I,Spinning,Vortex,4700,4015,85.44
2026-08-03,1,VTX-05,Unit I,Spinning,Vortex,4700,4700,100.0
2026-08-03,1,VTX-06,Unit I,Spinning,Vortex,4700,3779,80.42
2026-08-03,1,VTX-07,Unit I,Spinning,Vortex,4700,4455,94.79
2026-08-03,1,VTX-08,Unit I,Spinning,Vortex,4700,4678,99.53
2026-08-03,1,VTX-09,Unit I,Spinning,Vortex,4700,4123,87.74
2026-08-03,1,VTX-10,Unit I,Spinning,Vortex,4700,4308,91.68
2026-08-03,1,VTX-11,Unit I,Spinning,Vortex,4700,4436,94.39
2026-08-03,1,VTX-12,Unit I,Spinning,Vortex,4700,4700,100.0
2026-08-03,1,AJ-01,Unit I,Spinning,Airjet,3750,3553,94.77
2026-08-03,1,AJ-02,Unit I,Spinning,Airjet,3750,3646,97.25
2026-08-03,1,AJ-03,Unit I,Spinning,Airjet,3750,3451,92.05
2026-08-03,1,AJ-04,Unit I,Spinning,Airjet,3750,3653,97.43
2026-08-03,1,AJ-05,Unit I,Spinning,Airjet,3750,3750,100.0
2026-08-03,2,TOY-01,Unit I,Weaving,Toyota,21700,21695,99.98
2026-08-03,2,TOY-02,Unit I,Weaving,Toyota,21700,16837,77.59
2026-08-03,2,TOY-03,Unit I,Weaving,Toyota,21700,21347,98.38
2026-08-03,2,TOY-04,Unit I,Weaving,Toyota,21700,21241,97.89
2026-08-03,2,TOY-05,Unit I,Weaving,Toyota,21700,21164,97.53
2026-08-03,2,TOY-06,Unit I,Weaving,Toyota,21700,21700,100.0
2026-08-03,2,TOY-07,Unit I,Weaving,Toyota,21700,21700,100.0
2026-08-03,2,TOY-08,Unit I,Weaving,Toyota,21700,16788,77.36
2026-08-03,2,TOY-09,Unit I,Weaving,Toyota,21700,21311,98.21
2026-08-03,2,TOY-10,Unit I,Weaving,Toyota,21700,20199,93.08
2026-08-03,2,TOY-11,Unit I,Weaving,Toyota,21700,19613,90.38
2026-08-03,2,TOY-12,Unit I,Weaving,Toyota,21700,20322,93.65
2026-08-03,2,TOY-13,Unit I,Weaving,Toyota,21700,20532,94.62
2026-08-03,2,TOY-14,Unit I,Weaving,Toyota,21700,18812,86.69
2026-08-03,2,TOY-15,Unit I,Weaving,Toyota,21700,21548,99.3
2026-08-03,2,TSU-01,Unit I,Weaving,Tsudakoma,15000,12174,81.16
2026-08-03,2,TSU-02,Unit I,Weaving,Tsudakoma,15000,15000,100.0
2026-08-03,2,TSU-03,Unit I,Weaving,Tsudakoma,15000,15000,100.0
2026-08-03,2,TSU-04,Unit I,Weaving,Tsudakoma,15000,14054,93.69
2026-08-03,2,TSU-05,Unit I,Weaving,Tsudakoma,15000,14257,95.05
2026-08-03,2,TSU-06,Unit I,Weaving,Tsudakoma,15000,14477,96.51
2026-08-03,2,TSU-07,Unit I,Weaving,Tsudakoma,15000,13808,92.05
2026-08-03,2,TSU-08,Unit I,Weaving,Tsudakoma,15000,14394,95.96
2026-08-03,2,TSU-09,Unit I,Weaving,Tsudakoma,15000,14142,94.28
2026-08-03,2,TSU-10,Unit I,Weaving,Tsudakoma,15000,14179,94.53
2026-08-03,2,SUL-01,Unit I,Weaving,Sulzer,2700,2589,95.91
2026-08-03,2,SUL-02,Unit I,Weaving,Sulzer,2700,2387,88.43
2026-08-03,2,SUL-03,Unit I,Weaving,Sulzer,2700,2570,95.2
2026-08-03,2,SUL-04,Unit I,Weaving,Sulzer,2700,2587,95.82
2026-08-03,2,SUL-05,Unit I,Weaving,Sulzer,2700,2582,95.64
2026-08-03,2,RF-01,Unit I,Spinning,RingFrame,2500,2348,93.92
2026-08-03,2,RF-02,Unit I,Spinning,RingFrame,2500,2500,100.0
2026-08-03,2,RF-03,Unit I,Spinning,RingFrame,2500,2330,93.23
2026-08-03,2,RF-04,Unit I,Spinning,RingFrame,2500,2403,96.14
2026-08-03,2,RF-05,Unit I,Spinning,RingFrame,2500,2500,100.0
2026-08-03,2,RF-06,Unit I,Spinning,RingFrame,2500,2365,94.6
2026-08-03,2,RF-07,Unit I,Spinning,RingFrame,2500,2401,96.07
2026-08-03,2,RF-08,Unit I,Spinning,RingFrame,2500,2362,94.52
2026-08-03,2,RF-09,Unit I,Spinning,RingFrame,2500,2500,100.0
2026-08-03,2,RF-10,Unit I,Spinning,RingFrame,2500,2342,93.71
2026-08-03,2,RF-11,Unit I,Spinning,RingFrame,2500,2110,84.42
2026-08-03,2,RF-12,Unit I,Spinning,RingFrame,2500,2362,94.48
2026-08-03,2,VTX-01,Unit I,Spinning,Vortex,4700,4263,90.7
2026-08-03,2,VTX-02,Unit I,Spinning,Vortex,4700,4624,98.4
2026-08-03,2,VTX-03,Unit I,Spinning,Vortex,4700,4393,93.48
2026-08-03,2,VTX-04,Unit I,Spinning,Vortex,4700,4610,98.1
2026-08-03,2,VTX-05,Unit I,Spinning,Vortex,4700,3823,81.35
2026-08-03,2,VTX-06,Unit I,Spinning,Vortex,4700,3667,78.03
2026-08-03,2,VTX-07,Unit I,Spinning,Vortex,4700,4356,92.7
2026-08-03,2,VTX-08,Unit I,Spinning,Vortex,4700,4215,89.68
2026-08-03,2,VTX-09,Unit I,Spinning,Vortex,4700,4334,92.23
2026-08-03,2,VTX-10,Unit I,Spinning,Vortex,4700,4330,92.13
2026-08-03,2,VTX-11,Unit I,Spinning,Vortex,4700,4453,94.76
2026-08-03,2,VTX-12,Unit I,Spinning,Vortex,4700,4143,88.16
2026-08-03,2,AJ-01,Unit I,Spinning,Airjet,3750,3621,96.58
2026-08-03,2,AJ-02,Unit I,Spinning,Airjet,3750,3750,100.0
2026-08-03,2,AJ-03,Unit I,Spinning,Airjet,3750,3615,96.4
2026-08-03,2,AJ-04,Unit I,Spinning,Airjet,3750,3714,99.04
2026-08-03,2,AJ-05,Unit I,Spinning,Airjet,3750,3750,100.0
2026-08-03,3,TOY-01,Unit I,Weaving,Toyota,21700,21700,100.0
2026-08-03,3,TOY-02,Unit I,Weaving,Toyota,21700,18955,87.35
2026-08-03,3,TOY-03,Unit I,Weaving,Toyota,21700,20073,92.5
2026-08-03,3,TOY-04,Unit I,Weaving,Toyota,21700,19835,91.41
2026-08-03,3,TOY-05,Unit I,Weaving,Toyota,21700,21465,98.92
2026-08-03,3,TOY-06,Unit I,Weaving,Toyota,21700,21383,98.54
2026-08-03,3,TOY-07,Unit I,Weaving,Toyota,21700,21456,98.88
2026-08-03,3,TOY-08,Unit I,Weaving,Toyota,21700,18975,87.45
2026-08-03,3,TOY-09,Unit I,Weaving,Toyota,21700,20627,95.06
2026-08-03,3,TOY-10,Unit I,Weaving,Toyota,21700,21077,97.13
2026-08-03,3,TOY-11,Unit I,Weaving,Toyota,21700,19551,90.1
2026-08-03,3,TOY-12,Unit I,Weaving,Toyota,21700,21700,100.0
2026-08-03,3,TOY-13,Unit I,Weaving,Toyota,21700,20249,93.32
2026-08-03,3,TOY-14,Unit I,Weaving,Toyota,21700,20280,93.46
2026-08-03,3,TOY-15,Unit I,Weaving,Toyota,21700,20238,93.27
2026-08-03,3,TSU-01,Unit I,Weaving,Tsudakoma,15000,13766,91.78
2026-08-03,3,TSU-02,Unit I,Weaving,Tsudakoma,15000,13702,91.35
2026-08-03,3,TSU-03,Unit I,Weaving,Tsudakoma,15000,13857,92.38
2026-08-03,3,TSU-04,Unit I,Weaving,Tsudakoma,15000,13225,88.17
2026-08-03,3,TSU-05,Unit I,Weaving,Tsudakoma,15000,13661,91.07
2026-08-03,3,TSU-06,Unit I,Weaving,Tsudakoma,15000,15000,100.0
2026-08-03,3,TSU-07,Unit I,Weaving,Tsudakoma,15000,14801,98.68
2026-08-03,3,TSU-08,Unit I,Weaving,Tsudakoma,15000,14944,99.63
2026-08-03,3,TSU-09,Unit I,Weaving,Tsudakoma,15000,15000,100.0
2026-08-03,3,TSU-10,Unit I,Weaving,Tsudakoma,15000,15000,100.0
2026-08-03,3,SUL-01,Unit I,Weaving,Sulzer,2700,2325,86.14
2026-08-03,3,SUL-02,Unit I,Weaving,Sulzer,2700,2398,88.85
2026-08-03,3,SUL-03,Unit I,Weaving,Sulzer,2700,2456,90.98
2026-08-03,3,SUL-04,Unit I,Weaving,Sulzer,2700,2501,92.65
2026-08-03,3,SUL-05,Unit I,Weaving,Sulzer,2700,2524,93.5
2026-08-03,3,RF-01,Unit I,Spinning,RingFrame,2500,2319,92.77
2026-08-03,3,RF-02,Unit I,Spinning,RingFrame,2500,2402,96.1
2026-08-03,3,RF-03,Unit I,Spinning,RingFrame,2500,2379,95.18
2026-08-03,3,RF-04,Unit I,Spinning,RingFrame,2500,2284,91.39
2026-08-03,3,RF-05,Unit I,Spinning,RingFrame,2500,2103,84.12
2026-08-03,3,RF-06,Unit I,Spinning,RingFrame,2500,2250,90.04
2026-08-03,3,RF-07,Unit I,Spinning,RingFrame,2500,2306,92.25
2026-08-03,3,RF-08,Unit I,Spinning,RingFrame,2500,2344,93.76
2026-08-03,3,RF-09,Unit I,Spinning,RingFrame,2500,2233,89.35
2026-08-03,3,RF-10,Unit I,Spinning,RingFrame,2500,2313,92.55
2026-08-03,3,RF-11,Unit I,Spinning,RingFrame,2500,1808,72.35
2026-08-03,3,RF-12,Unit I,Spinning,RingFrame,2500,2359,94.37
2026-08-03,3,VTX-01,Unit I,Spinning,Vortex,4700,4212,89.63
2026-08-03,3,VTX-02,Unit I,Spinning,Vortex,4700,4265,90.76
2026-08-03,3,VTX-03,Unit I,Spinning,Vortex,4700,4157,88.46
2026-08-03,3,VTX-04,Unit I,Spinning,Vortex,4700,4428,94.23
2026-08-03,3,VTX-05,Unit I,Spinning,Vortex,4700,4261,90.67
2026-08-03,3,VTX-06,Unit I,Spinning,Vortex,4700,3879,82.53
2026-08-03,3,VTX-07,Unit I,Spinning,Vortex,4700,4560,97.03
2026-08-03,3,VTX-08,Unit I,Spinning,Vortex,4700,4448,94.65
2026-08-03,3,VTX-09,Unit I,Spinning,Vortex,4700,4277,91.01
2026-08-03,3,VTX-10,Unit I,Spinning,Vortex,4700,4554,96.9
2026-08-03,3,VTX-11,Unit I,Spinning,Vortex,4700,4627,98.45
2026-08-03,3,VTX-12,Unit I,Spinning,Vortex,4700,4498,95.71
2026-08-03,3,AJ-01,Unit I,Spinning,Airjet,3750,3750,100.0
2026-08-03,3,AJ-02,Unit I,Spinning,Airjet,3750,3648,97.3
2026-08-03,3,AJ-03,Unit I,Spinning,Airjet,3750,3733,99.57
2026-08-03,3,AJ-04,Unit I,Spinning,Airjet,3750,3587,95.67
2026-08-03,3,AJ-05,Unit I,Spinning,Airjet,3750,3689,98.38
2026-08-04,1,TOY-01,Unit I,Weaving,Toyota,21700,19750,91.02
2026-08-04,1,TOY-02,Unit I,Weaving,Toyota,21700,16428,75.71
2026-08-04,1,TOY-03,Unit I,Weaving,Toyota,21700,20994,96.75
2026-08-04,1,TOY-04,Unit I,Weaving,Toyota,21700,20986,96.71
2026-08-04,1,TOY-05,Unit I,Weaving,Toyota,21700,21165,97.54
2026-08-04,1,TOY-06,Unit I,Weaving,Toyota,21700,21700,100.0
2026-08-04,1,TOY-07,Unit I,Weaving,Toyota,21700,19068,87.88
2026-08-04,1,TOY-08,Unit I,Weaving,Toyota,21700,15868,73.13
2026-08-04,1,TOY-09,Unit I,Weaving,Toyota,21700,20864,96.15
2026-08-04,1,TOY-10,Unit I,Weaving,Toyota,21700,19829,91.38
2026-08-04,1,TOY-11,Unit I,Weaving,Toyota,21700,21700,100.0
2026-08-04,1,TOY-12,Unit I,Weaving,Toyota,21700,21174,97.58
2026-08-04,1,TOY-13,Unit I,Weaving,Toyota,21700,20530,94.61
2026-08-04,1,TOY-14,Unit I,Weaving,Toyota,21700,20055,92.42
2026-08-04,1,TOY-15,Unit I,Weaving,Toyota,21700,20094,92.6
2026-08-04,1,TSU-01,Unit I,Weaving,Tsudakoma,15000,14272,95.15
2026-08-04,1,TSU-02,Unit I,Weaving,Tsudakoma,15000,14333,95.56
2026-08-04,1,TSU-03,Unit I,Weaving,Tsudakoma,15000,13907,92.72
2026-08-04,1,TSU-04,Unit I,Weaving,Tsudakoma,15000,14045,93.63
2026-08-04,1,TSU-05,Unit I,Weaving,Tsudakoma,15000,15000,100.0
2026-08-04,1,TSU-06,Unit I,Weaving,Tsudakoma,15000,15000,100.0
2026-08-04,1,TSU-07,Unit I,Weaving,Tsudakoma,15000,14439,96.26
2026-08-04,1,TSU-08,Unit I,Weaving,Tsudakoma,15000,13244,88.29
2026-08-04,1,TSU-09,Unit I,Weaving,Tsudakoma,15000,14653,97.69
2026-08-04,1,TSU-10,Unit I,Weaving,Tsudakoma,15000,15000,100.0
2026-08-04,1,SUL-01,Unit I,Weaving,Sulzer,2700,2700,100.0
2026-08-04,1,SUL-02,Unit I,Weaving,Sulzer,2700,2664,98.67
2026-08-04,1,SUL-03,Unit I,Weaving,Sulzer,2700,2700,100.0
2026-08-04,1,SUL-04,Unit I,Weaving,Sulzer,2700,2572,95.27
2026-08-04,1,SUL-05,Unit I,Weaving,Sulzer,2700,2649,98.14
2026-08-04,1,RF-01,Unit I,Spinning,RingFrame,2500,2289,91.6
2026-08-04,1,RF-02,Unit I,Spinning,RingFrame,2500,2411,96.46
2026-08-04,1,RF-03,Unit I,Spinning,RingFrame,2500,2500,100.0
2026-08-04,1,RF-04,Unit I,Spinning,RingFrame,2500,2301,92.05
2026-08-04,1,RF-05,Unit I,Spinning,RingFrame,2500,2267,90.69
2026-08-04,1,RF-06,Unit I,Spinning,RingFrame,2500,2387,95.49
2026-08-04,1,RF-07,Unit I,Spinning,RingFrame,2500,2346,93.87
2026-08-04,1,RF-08,Unit I,Spinning,RingFrame,2500,2456,98.25
2026-08-04,1,RF-09,Unit I,Spinning,RingFrame,2500,2318,92.73
2026-08-04,1,RF-10,Unit I,Spinning,RingFrame,2500,2500,100.0
2026-08-04,1,RF-11,Unit I,Spinning,RingFrame,2500,1788,71.55
2026-08-04,1,RF-12,Unit I,Spinning,RingFrame,2500,2500,100.0
2026-08-04,1,VTX-01,Unit I,Spinning,Vortex,4700,4285,91.18
2026-08-04,1,VTX-02,Unit I,Spinning,Vortex,4700,4042,86.02
2026-08-04,1,VTX-03,Unit I,Spinning,Vortex,4700,4520,96.19
2026-08-04,1,VTX-04,Unit I,Spinning,Vortex,4700,4405,93.73
2026-08-04,1,VTX-05,Unit I,Spinning,Vortex,4700,4204,89.45
2026-08-04,1,VTX-06,Unit I,Spinning,Vortex,4700,3270,69.59
2026-08-04,1,VTX-07,Unit I,Spinning,Vortex,4700,4463,94.96
2026-08-04,1,VTX-08,Unit I,Spinning,Vortex,4700,4694,99.88
2026-08-04,1,VTX-09,Unit I,Spinning,Vortex,4700,4602,97.92
2026-08-04,1,VTX-10,Unit I,Spinning,Vortex,4700,4478,95.28
2026-08-04,1,VTX-11,Unit I,Spinning,Vortex,4700,4577,97.39
2026-08-04,1,VTX-12,Unit I,Spinning,Vortex,4700,4458,94.86
2026-08-04,1,AJ-01,Unit I,Spinning,Airjet,3750,3294,87.85
2026-08-04,1,AJ-02,Unit I,Spinning,Airjet,3750,3296,87.9
2026-08-04,1,AJ-03,Unit I,Spinning,Airjet,3750,3524,93.98
2026-08-04,1,AJ-04,Unit I,Spinning,Airjet,3750,3532,94.2
2026-08-04,1,AJ-05,Unit I,Spinning,Airjet,3750,3722,99.25
2026-08-04,2,TOY-01,Unit I,Weaving,Toyota,21700,21436,98.79
2026-08-04,2,TOY-02,Unit I,Weaving,Toyota,21700,17582,81.03
2026-08-04,2,TOY-03,Unit I,Weaving,Toyota,21700,20310,93.6
2026-08-04,2,TOY-04,Unit I,Weaving,Toyota,21700,19116,88.1
2026-08-04,2,TOY-05,Unit I,Weaving,Toyota,21700,21062,97.06
2026-08-04,2,TOY-06,Unit I,Weaving,Toyota,21700,21184,97.63
2026-08-04,2,TOY-07,Unit I,Weaving,Toyota,21700,18023,83.06
2026-08-04,2,TOY-08,Unit I,Weaving,Toyota,21700,16020,73.83
2026-08-04,2,TOY-09,Unit I,Weaving,Toyota,21700,19865,91.54
2026-08-04,2,TOY-10,Unit I,Weaving,Toyota,21700,20743,95.59
2026-08-04,2,TOY-11,Unit I,Weaving,Toyota,21700,19743,90.98
2026-08-04,2,TOY-12,Unit I,Weaving,Toyota,21700,20573,94.81
2026-08-04,2,TOY-13,Unit I,Weaving,Toyota,21700,20386,93.95
2026-08-04,2,TOY-14,Unit I,Weaving,Toyota,21700,20442,94.2
2026-08-04,2,TOY-15,Unit I,Weaving,Toyota,21700,19837,91.42
2026-08-04,2,TSU-01,Unit I,Weaving,Tsudakoma,15000,13770,91.81
2026-08-04,2,TSU-02,Unit I,Weaving,Tsudakoma,15000,13439,89.6
2026-08-04,2,TSU-03,Unit I,Weaving,Tsudakoma,15000,14535,96.9
2026-08-04,2,TSU-04,Unit I,Weaving,Tsudakoma,15000,14678,97.86
2026-08-04,2,TSU-05,Unit I,Weaving,Tsudakoma,15000,13672,91.15
2026-08-04,2,TSU-06,Unit I,Weaving,Tsudakoma,15000,15000,100.0
2026-08-04,2,TSU-07,Unit I,Weaving,Tsudakoma,15000,14014,93.43
2026-08-04,2,TSU-08,Unit I,Weaving,Tsudakoma,15000,15000,100.0
2026-08-04,2,TSU-09,Unit I,Weaving,Tsudakoma,15000,13768,91.79
2026-08-04,2,TSU-10,Unit I,Weaving,Tsudakoma,15000,12730,84.87
2026-08-04,2,SUL-01,Unit I,Weaving,Sulzer,2700,2619,97.01
2026-08-04,2,SUL-02,Unit I,Weaving,Sulzer,2700,2598,96.24
2026-08-04,2,SUL-03,Unit I,Weaving,Sulzer,2700,2569,95.17
2026-08-04,2,SUL-04,Unit I,Weaving,Sulzer,2700,2478,91.79
2026-08-04,2,SUL-05,Unit I,Weaving,Sulzer,2700,2560,94.83
2026-08-04,2,RF-01,Unit I,Spinning,RingFrame,2500,2311,92.44
2026-08-04,2,RF-02,Unit I,Spinning,RingFrame,2500,2337,93.49
2026-08-04,2,RF-03,Unit I,Spinning,RingFrame,2500,2480,99.21
2026-08-04,2,RF-04,Unit I,Spinning,RingFrame,2500,2398,95.92
2026-08-04,2,RF-05,Unit I,Spinning,RingFrame,2500,2451,98.05
2026-08-04,2,RF-06,Unit I,Spinning,RingFrame,2500,2346,93.84
2026-08-04,2,RF-07,Unit I,Spinning,RingFrame,2500,2332,93.29
2026-08-04,2,RF-08,Unit I,Spinning,RingFrame,2500,2230,89.23
2026-08-04,2,RF-09,Unit I,Spinning,RingFrame,2500,2328,93.15
2026-08-04,2,RF-10,Unit I,Spinning,RingFrame,2500,1959,78.39
2026-08-04,2,RF-11,Unit I,Spinning,RingFrame,2500,1876,75.05
2026-08-04,2,RF-12,Unit I,Spinning,RingFrame,2500,2364,94.59
2026-08-04,2,VTX-01,Unit I,Spinning,Vortex,4700,4597,97.82
2026-08-04,2,VTX-02,Unit I,Spinning,Vortex,4700,4401,93.66
2026-08-04,2,VTX-03,Unit I,Spinning,Vortex,4700,4546,96.74
2026-08-04,2,VTX-04,Unit I,Spinning,Vortex,4700,3952,84.1
2026-08-04,2,VTX-05,Unit I,Spinning,Vortex,4700,4451,94.72
2026-08-04,2,VTX-06,Unit I,Spinning,Vortex,4700,3271,69.6
2026-08-04,2,VTX-07,Unit I,Spinning,Vortex,4700,4181,88.96
2026-08-04,2,VTX-08,Unit I,Spinning,Vortex,4700,4421,94.06
2026-08-04,2,VTX-09,Unit I,Spinning,Vortex,4700,4700,100.0
2026-08-04,2,VTX-10,Unit I,Spinning,Vortex,4700,4552,96.86
2026-08-04,2,VTX-11,Unit I,Spinning,Vortex,4700,4469,95.09
2026-08-04,2,VTX-12,Unit I,Spinning,Vortex,4700,4460,94.9
2026-08-04,2,AJ-01,Unit I,Spinning,Airjet,3750,3428,91.43
2026-08-04,2,AJ-02,Unit I,Spinning,Airjet,3750,3460,92.28
2026-08-04,2,AJ-03,Unit I,Spinning,Airjet,3750,3642,97.14
2026-08-04,2,AJ-04,Unit I,Spinning,Airjet,3750,3302,88.07
2026-08-04,2,AJ-05,Unit I,Spinning,Airjet,3750,3673,97.97
2026-08-04,3,TOY-01,Unit I,Weaving,Toyota,21700,20193,93.06
2026-08-04,3,TOY-02,Unit I,Weaving,Toyota,21700,17821,82.13
2026-08-04,3,TOY-03,Unit I,Weaving,Toyota,21700,21657,99.81
2026-08-04,3,TOY-04,Unit I,Weaving,Toyota,21700,18799,86.63
2026-08-04,3,TOY-05,Unit I,Weaving,Toyota,21700,19983,92.09
2026-08-04,3,TOY-06,Unit I,Weaving,Toyota,21700,19686,90.72
2026-08-04,3,TOY-07,Unit I,Weaving,Toyota,21700,18648,85.94
2026-08-04,3,TOY-08,Unit I,Weaving,Toyota,21700,15805,72.84
2026-08-04,3,TOY-09,Unit I,Weaving,Toyota,21700,21700,100.0
2026-08-04,3,TOY-10,Unit I,Weaving,Toyota,21700,21276,98.05
2026-08-04,3,TOY-11,Unit I,Weaving,Toyota,21700,21700,100.0
2026-08-04,3,TOY-12,Unit I,Weaving,Toyota,21700,21514,99.15
2026-08-04,3,TOY-13,Unit I,Weaving,Toyota,21700,19810,91.29
2026-08-04,3,TOY-14,Unit I,Weaving,Toyota,21700,20200,93.09
2026-08-04,3,TOY-15,Unit I,Weaving,Toyota,21700,21253,97.94
2026-08-04,3,TSU-01,Unit I,Weaving,Tsudakoma,15000,14578,97.19
2026-08-04,3,TSU-02,Unit I,Weaving,Tsudakoma,15000,13816,92.11
2026-08-04,3,TSU-03,Unit I,Weaving,Tsudakoma,15000,13117,87.45
2026-08-04,3,TSU-04,Unit I,Weaving,Tsudakoma,15000,15000,100.0
2026-08-04,3,TSU-05,Unit I,Weaving,Tsudakoma,15000,14144,94.29
2026-08-04,3,TSU-06,Unit I,Weaving,Tsudakoma,15000,14005,93.37
2026-08-04,3,TSU-07,Unit I,Weaving,Tsudakoma,15000,14335,95.57
2026-08-04,3,TSU-08,Unit I,Weaving,Tsudakoma,15000,14067,93.79
2026-08-04,3,TSU-09,Unit I,Weaving,Tsudakoma,15000,14342,95.61
2026-08-04,3,TSU-10,Unit I,Weaving,Tsudakoma,15000,15000,100.0
2026-08-04,3,SUL-01,Unit I,Weaving,Sulzer,2700,2548,94.38
2026-08-04,3,SUL-02,Unit I,Weaving,Sulzer,2700,2408,89.19
2026-08-04,3,SUL-03,Unit I,Weaving,Sulzer,2700,2543,94.19
2026-08-04,3,SUL-04,Unit I,Weaving,Sulzer,2700,2502,92.68
2026-08-04,3,SUL-05,Unit I,Weaving,Sulzer,2700,2700,100.0
2026-08-04,3,RF-01,Unit I,Spinning,RingFrame,2500,2500,100.0
2026-08-04,3,RF-02,Unit I,Spinning,RingFrame,2500,2388,95.54
2026-08-04,3,RF-03,Unit I,Spinning,RingFrame,2500,2215,88.61
2026-08-04,3,RF-04,Unit I,Spinning,RingFrame,2500,2221,88.87
2026-08-04,3,RF-05,Unit I,Spinning,RingFrame,2500,2376,95.08
2026-08-04,3,RF-06,Unit I,Spinning,RingFrame,2500,2417,96.68
2026-08-04,3,RF-07,Unit I,Spinning,RingFrame,2500,2328,93.13
2026-08-04,3,RF-08,Unit I,Spinning,RingFrame,2500,2314,92.6
2026-08-04,3,RF-09,Unit I,Spinning,RingFrame,2500,2300,92.04
2026-08-04,3,RF-10,Unit I,Spinning,RingFrame,2500,2372,94.88
2026-08-04,3,RF-11,Unit I,Spinning,RingFrame,2500,1652,66.09
2026-08-04,3,RF-12,Unit I,Spinning,RingFrame,2500,2237,89.49
2026-08-04,3,VTX-01,Unit I,Spinning,Vortex,4700,4317,91.86
2026-08-04,3,VTX-02,Unit I,Spinning,Vortex,4700,4700,100.0
2026-08-04,3,VTX-03,Unit I,Spinning,Vortex,4700,4273,90.93
2026-08-04,3,VTX-04,Unit I,Spinning,Vortex,4700,4507,95.9
2026-08-04,3,VTX-05,Unit I,Spinning,Vortex,4700,4518,96.13
2026-08-04,3,VTX-06,Unit I,Spinning,Vortex,4700,3971,84.49
2026-08-04,3,VTX-07,Unit I,Spinning,Vortex,4700,4700,100.0
2026-08-04,3,VTX-08,Unit I,Spinning,Vortex,4700,4451,94.71
2026-08-04,3,VTX-09,Unit I,Spinning,Vortex,4700,4353,92.62
2026-08-04,3,VTX-10,Unit I,Spinning,Vortex,4700,4308,91.68
2026-08-04,3,VTX-11,Unit I,Spinning,Vortex,4700,4408,93.79
2026-08-04,3,VTX-12,Unit I,Spinning,Vortex,4700,4363,92.83
2026-08-04,3,AJ-01,Unit I,Spinning,Airjet,3750,3666,97.77
2026-08-04,3,AJ-02,Unit I,Spinning,Airjet,3750,3641,97.1
2026-08-04,3,AJ-03,Unit I,Spinning,Airjet,3750,3673,97.96
2026-08-04,3,AJ-04,Unit I,Spinning,Airjet,3750,3750,100.0
2026-08-04,3,AJ-05,Unit I,Spinning,Airjet,3750,3750,100.0
2026-08-05,1,TOY-01,Unit I,Weaving,Toyota,21700,20750,95.62
2026-08-05,1,TOY-02,Unit I,Weaving,Toyota,21700,18118,83.5
2026-08-05,1,TOY-03,Unit I,Weaving,Toyota,21700,20233,93.24
2026-08-05,1,TOY-04,Unit I,Weaving,Toyota,21700,21700,100.0
2026-08-05,1,TOY-05,Unit I,Weaving,Toyota,21700,21700,100.0
2026-08-05,1,TOY-06,Unit I,Weaving,Toyota,21700,21700,100.0
2026-08-05,1,TOY-07,Unit I,Weaving,Toyota,21700,20717,95.47
2026-08-05,1,TOY-08,Unit I,Weaving,Toyota,21700,16200,74.66
2026-08-05,1,TOY-09,Unit I,Weaving,Toyota,21700,19101,88.03
2026-08-05,1,TOY-10,Unit I,Weaving,Toyota,21700,20571,94.8
2026-08-05,1,TOY-11,Unit I,Weaving,Toyota,21700,21700,100.0
2026-08-05,1,TOY-12,Unit I,Weaving,Toyota,21700,20278,93.45
2026-08-05,1,TOY-13,Unit I,Weaving,Toyota,21700,21466,98.93
2026-08-05,1,TOY-14,Unit I,Weaving,Toyota,21700,21530,99.22
2026-08-05,1,TOY-15,Unit I,Weaving,Toyota,21700,20307,93.58
2026-08-05,1,TSU-01,Unit I,Weaving,Tsudakoma,15000,15000,100.0
2026-08-05,1,TSU-02,Unit I,Weaving,Tsudakoma,15000,12068,80.46
2026-08-05,1,TSU-03,Unit I,Weaving,Tsudakoma,15000,13332,88.89
2026-08-05,1,TSU-04,Unit I,Weaving,Tsudakoma,15000,13563,90.42
2026-08-05,1,TSU-05,Unit I,Weaving,Tsudakoma,15000,13635,90.9
2026-08-05,1,TSU-06,Unit I,Weaving,Tsudakoma,15000,14502,96.68
2026-08-05,1,TSU-07,Unit I,Weaving,Tsudakoma,15000,14467,96.45
2026-08-05,1,TSU-08,Unit I,Weaving,Tsudakoma,15000,14545,96.97
2026-08-05,1,TSU-09,Unit I,Weaving,Tsudakoma,15000,14697,97.98
2026-08-05,1,TSU-10,Unit I,Weaving,Tsudakoma,15000,13537,90.25
2026-08-05,1,SUL-01,Unit I,Weaving,Sulzer,2700,2400,88.91
2026-08-05,1,SUL-02,Unit I,Weaving,Sulzer,2700,2618,96.98
2026-08-05,1,SUL-03,Unit I,Weaving,Sulzer,2700,2479,91.85
2026-08-05,1,SUL-04,Unit I,Weaving,Sulzer,2700,2352,87.15
2026-08-05,1,SUL-05,Unit I,Weaving,Sulzer,2700,2696,99.86
2026-08-05,1,RF-01,Unit I,Spinning,RingFrame,2500,2500,100.0
2026-08-05,1,RF-02,Unit I,Spinning,RingFrame,2500,2500,100.0
2026-08-05,1,RF-03,Unit I,Spinning,RingFrame,2500,2398,95.94
2026-08-05,1,RF-04,Unit I,Spinning,RingFrame,2500,2453,98.13
2026-08-05,1,RF-05,Unit I,Spinning,RingFrame,2500,2500,100.0
2026-08-05,1,RF-06,Unit I,Spinning,RingFrame,2500,2294,91.79
2026-08-05,1,RF-07,Unit I,Spinning,RingFrame,2500,2500,100.0
2026-08-05,1,RF-08,Unit I,Spinning,RingFrame,2500,2409,96.38
2026-08-05,1,RF-09,Unit I,Spinning,RingFrame,2500,2489,99.57
2026-08-05,1,RF-10,Unit I,Spinning,RingFrame,2500,2398,95.93
2026-08-05,1,RF-11,Unit I,Spinning,RingFrame,2500,2112,84.48
2026-08-05,1,RF-12,Unit I,Spinning,RingFrame,2500,2402,96.12
2026-08-05,1,VTX-01,Unit I,Spinning,Vortex,4700,4116,87.58
2026-08-05,1,VTX-02,Unit I,Spinning,Vortex,4700,4700,100.0
2026-08-05,1,VTX-03,Unit I,Spinning,Vortex,4700,4242,90.26
2026-08-05,1,VTX-04,Unit I,Spinning,Vortex,4700,4700,100.0
2026-08-05,1,VTX-05,Unit I,Spinning,Vortex,4700,4443,94.55
2026-08-05,1,VTX-06,Unit I,Spinning,Vortex,4700,3942,83.88
2026-08-05,1,VTX-07,Unit I,Spinning,Vortex,4700,4700,100.0
2026-08-05,1,VTX-08,Unit I,Spinning,Vortex,4700,4566,97.15
2026-08-05,1,VTX-09,Unit I,Spinning,Vortex,4700,4584,97.54
2026-08-05,1,VTX-10,Unit I,Spinning,Vortex,4700,4564,97.11
2026-08-05,1,VTX-11,Unit I,Spinning,Vortex,4700,3991,84.93
2026-08-05,1,VTX-12,Unit I,Spinning,Vortex,4700,4492,95.59
2026-08-05,1,AJ-01,Unit I,Spinning,Airjet,3750,3353,89.42
2026-08-05,1,AJ-02,Unit I,Spinning,Airjet,3750,3594,95.86
2026-08-05,1,AJ-03,Unit I,Spinning,Airjet,3750,3348,89.29
2026-08-05,1,AJ-04,Unit I,Spinning,Airjet,3750,3340,89.08
2026-08-05,1,AJ-05,Unit I,Spinning,Airjet,3750,3750,100.0
2026-08-05,2,TOY-01,Unit I,Weaving,Toyota,21700,21700,100.0
2026-08-05,2,TOY-02,Unit I,Weaving,Toyota,21700,16921,77.98
2026-08-05,2,TOY-03,Unit I,Weaving,Toyota,21700,20815,95.92
2026-08-05,2,TOY-04,Unit I,Weaving,Toyota,21700,20346,93.76
2026-08-05,2,TOY-05,Unit I,Weaving,Toyota,21700,21233,97.85
2026-08-05,2,TOY-06,Unit I,Weaving,Toyota,21700,19881,91.62
2026-08-05,2,TOY-07,Unit I,Weaving,Toyota,21700,21693,99.97
2026-08-05,2,TOY-08,Unit I,Weaving,Toyota,21700,16651,76.73
2026-08-05,2,TOY-09,Unit I,Weaving,Toyota,21700,20159,92.9
2026-08-05,2,TOY-10,Unit I,Weaving,Toyota,21700,20638,95.11
2026-08-05,2,TOY-11,Unit I,Weaving,Toyota,21700,19973,92.04
2026-08-05,2,TOY-12,Unit I,Weaving,Toyota,21700,20971,96.64
2026-08-05,2,TOY-13,Unit I,Weaving,Toyota,21700,20031,92.31
2026-08-05,2,TOY-14,Unit I,Weaving,Toyota,21700,21123,97.34
2026-08-05,2,TOY-15,Unit I,Weaving,Toyota,21700,21700,100.0
2026-08-05,2,TSU-01,Unit I,Weaving,Tsudakoma,15000,13710,91.4
2026-08-05,2,TSU-02,Unit I,Weaving,Tsudakoma,15000,14152,94.35
2026-08-05,2,TSU-03,Unit I,Weaving,Tsudakoma,15000,14595,97.31
2026-08-05,2,TSU-04,Unit I,Weaving,Tsudakoma,15000,13923,92.82
2026-08-05,2,TSU-05,Unit I,Weaving,Tsudakoma,15000,14598,97.32
2026-08-05,2,TSU-06,Unit I,Weaving,Tsudakoma,15000,14666,97.78
2026-08-05,2,TSU-07,Unit I,Weaving,Tsudakoma,15000,15000,100.0
2026-08-05,2,TSU-08,Unit I,Weaving,Tsudakoma,15000,13795,91.97
2026-08-05,2,TSU-09,Unit I,Weaving,Tsudakoma,15000,13542,90.29
2026-08-05,2,TSU-10,Unit I,Weaving,Tsudakoma,15000,14019,93.46
2026-08-05,2,SUL-01,Unit I,Weaving,Sulzer,2700,2434,90.16
2026-08-05,2,SUL-02,Unit I,Weaving,Sulzer,2700,2641,97.82
2026-08-05,2,SUL-03,Unit I,Weaving,Sulzer,2700,2408,89.19
2026-08-05,2,SUL-04,Unit I,Weaving,Sulzer,2700,2700,100.0
2026-08-05,2,SUL-05,Unit I,Weaving,Sulzer,2700,2700,100.0
2026-08-05,2,RF-01,Unit I,Spinning,RingFrame,2500,2376,95.06
2026-08-05,2,RF-02,Unit I,Spinning,RingFrame,2500,2483,99.34
2026-08-05,2,RF-03,Unit I,Spinning,RingFrame,2500,2170,86.82
2026-08-05,2,RF-04,Unit I,Spinning,RingFrame,2500,2500,100.0
2026-08-05,2,RF-05,Unit I,Spinning,RingFrame,2500,2301,92.05
2026-08-05,2,RF-06,Unit I,Spinning,RingFrame,2500,2359,94.4
2026-08-05,2,RF-07,Unit I,Spinning,RingFrame,2500,2143,85.72
2026-08-05,2,RF-08,Unit I,Spinning,RingFrame,2500,2435,97.43
2026-08-05,2,RF-09,Unit I,Spinning,RingFrame,2500,2236,89.47
2026-08-05,2,RF-10,Unit I,Spinning,RingFrame,2500,2387,95.51
2026-08-05,2,RF-11,Unit I,Spinning,RingFrame,2500,1881,75.28
2026-08-05,2,RF-12,Unit I,Spinning,RingFrame,2500,2240,89.61
2026-08-05,2,VTX-01,Unit I,Spinning,Vortex,4700,4275,90.98
2026-08-05,2,VTX-02,Unit I,Spinning,Vortex,4700,4518,96.13
2026-08-05,2,VTX-03,Unit I,Spinning,Vortex,4700,4163,88.59
2026-08-05,2,VTX-04,Unit I,Spinning,Vortex,4700,4289,91.26
2026-08-05,2,VTX-05,Unit I,Spinning,Vortex,4700,4620,98.32
2026-08-05,2,VTX-06,Unit I,Spinning,Vortex,4700,4277,91.01
2026-08-05,2,VTX-07,Unit I,Spinning,Vortex,4700,4577,97.39
2026-08-05,2,VTX-08,Unit I,Spinning,Vortex,4700,4249,90.41
2026-08-05,2,VTX-09,Unit I,Spinning,Vortex,4700,4378,93.16
2026-08-05,2,VTX-10,Unit I,Spinning,Vortex,4700,4472,95.16
2026-08-05,2,VTX-11,Unit I,Spinning,Vortex,4700,4382,93.25
2026-08-05,2,VTX-12,Unit I,Spinning,Vortex,4700,4677,99.52
2026-08-05,2,AJ-01,Unit I,Spinning,Airjet,3750,3603,96.09
2026-08-05,2,AJ-02,Unit I,Spinning,Airjet,3750,3732,99.54
2026-08-05,2,AJ-03,Unit I,Spinning,Airjet,3750,3503,93.43
2026-08-05,2,AJ-04,Unit I,Spinning,Airjet,3750,3750,100.0
2026-08-05,2,AJ-05,Unit I,Spinning,Airjet,3750,3531,94.17
2026-08-05,3,TOY-01,Unit I,Weaving,Toyota,21700,19561,90.14
2026-08-05,3,TOY-02,Unit I,Weaving,Toyota,21700,19288,88.89
2026-08-05,3,TOY-03,Unit I,Weaving,Toyota,21700,18634,85.88
2026-08-05,3,TOY-04,Unit I,Weaving,Toyota,21700,19813,91.31
2026-08-05,3,TOY-05,Unit I,Weaving,Toyota,21700,19934,91.86
2026-08-05,3,TOY-06,Unit I,Weaving,Toyota,21700,21700,100.0
2026-08-05,3,TOY-07,Unit I,Weaving,Toyota,21700,21700,100.0
2026-08-05,3,TOY-08,Unit I,Weaving,Toyota,21700,18546,85.47
2026-08-05,3,TOY-09,Unit I,Weaving,Toyota,21700,20256,93.35
2026-08-05,3,TOY-10,Unit I,Weaving,Toyota,21700,21700,100.0
2026-08-05,3,TOY-11,Unit I,Weaving,Toyota,21700,21014,96.84
2026-08-05,3,TOY-12,Unit I,Weaving,Toyota,21700,21675,99.89
2026-08-05,3,TOY-13,Unit I,Weaving,Toyota,21700,20809,95.9
2026-08-05,3,TOY-14,Unit I,Weaving,Toyota,21700,20561,94.75
2026-08-05,3,TOY-15,Unit I,Weaving,Toyota,21700,20341,93.74
2026-08-05,3,TSU-01,Unit I,Weaving,Tsudakoma,15000,14092,93.95
2026-08-05,3,TSU-02,Unit I,Weaving,Tsudakoma,15000,14706,98.04
2026-08-05,3,TSU-03,Unit I,Weaving,Tsudakoma,15000,14525,96.84
2026-08-05,3,TSU-04,Unit I,Weaving,Tsudakoma,15000,14226,94.84
2026-08-05,3,TSU-05,Unit I,Weaving,Tsudakoma,15000,15000,100.0
2026-08-05,3,TSU-06,Unit I,Weaving,Tsudakoma,15000,12024,80.17
2026-08-05,3,TSU-07,Unit I,Weaving,Tsudakoma,15000,14632,97.55
2026-08-05,3,TSU-08,Unit I,Weaving,Tsudakoma,15000,14788,98.59
2026-08-05,3,TSU-09,Unit I,Weaving,Tsudakoma,15000,15000,100.0
2026-08-05,3,TSU-10,Unit I,Weaving,Tsudakoma,15000,14201,94.68
2026-08-05,3,SUL-01,Unit I,Weaving,Sulzer,2700,2593,96.04
2026-08-05,3,SUL-02,Unit I,Weaving,Sulzer,2700,2698,99.93
2026-08-05,3,SUL-03,Unit I,Weaving,Sulzer,2700,2700,100.0
2026-08-05,3,SUL-04,Unit I,Weaving,Sulzer,2700,2524,93.5
2026-08-05,3,SUL-05,Unit I,Weaving,Sulzer,2700,2601,96.33
2026-08-05,3,RF-01,Unit I,Spinning,RingFrame,2500,2500,100.0
2026-08-05,3,RF-02,Unit I,Spinning,RingFrame,2500,2109,84.38
2026-08-05,3,RF-03,Unit I,Spinning,RingFrame,2500,2288,91.55
2026-08-05,3,RF-04,Unit I,Spinning,RingFrame,2500,2500,100.0
2026-08-05,3,RF-05,Unit I,Spinning,RingFrame,2500,2500,100.0
2026-08-05,3,RF-06,Unit I,Spinning,RingFrame,2500,2440,97.61
2026-08-05,3,RF-07,Unit I,Spinning,RingFrame,2500,2318,92.76
2026-08-05,3,RF-08,Unit I,Spinning,RingFrame,2500,2264,90.59
2026-08-05,3,RF-09,Unit I,Spinning,RingFrame,2500,2301,92.04
2026-08-05,3,RF-10,Unit I,Spinning,RingFrame,2500,2500,100.0
2026-08-05,3,RF-11,Unit I,Spinning,RingFrame,2500,1871,74.86
2026-08-05,3,RF-12,Unit I,Spinning,RingFrame,2500,2387,95.51
2026-08-05,3,VTX-01,Unit I,Spinning,Vortex,4700,4287,91.23
2026-08-05,3,VTX-02,Unit I,Spinning,Vortex,4700,4663,99.21
2026-08-05,3,VTX-03,Unit I,Spinning,Vortex,4700,4338,92.31
2026-08-05,3,VTX-04,Unit I,Spinning,Vortex,4700,4442,94.51
2026-08-05,3,VTX-05,Unit I,Spinning,Vortex,4700,4069,86.58
2026-08-05,3,VTX-06,Unit I,Spinning,Vortex,4700,3286,69.93
2026-08-05,3,VTX-07,Unit I,Spinning,Vortex,4700,4466,95.04
2026-08-05,3,VTX-08,Unit I,Spinning,Vortex,4700,4153,88.37
2026-08-05,3,VTX-09,Unit I,Spinning,Vortex,4700,4700,100.0
2026-08-05,3,VTX-10,Unit I,Spinning,Vortex,4700,3980,84.69
2026-08-05,3,VTX-11,Unit I,Spinning,Vortex,4700,4276,91.0
2026-08-05,3,VTX-12,Unit I,Spinning,Vortex,4700,4468,95.08
2026-08-05,3,AJ-01,Unit I,Spinning,Airjet,3750,3494,93.17
2026-08-05,3,AJ-02,Unit I,Spinning,Airjet,3750,3355,89.48
2026-08-05,3,AJ-03,Unit I,Spinning,Airjet,3750,3382,90.21
2026-08-05,3,AJ-04,Unit I,Spinning,Airjet,3750,3376,90.05
2026-08-05,3,AJ-05,Unit I,Spinning,Airjet,3750,3508,93.57
2026-08-06,1,TOY-01,Unit I,Weaving,Toyota,21700,21700,100.0
2026-08-06,1,TOY-02,Unit I,Weaving,Toyota,21700,17010,78.39
2026-08-06,1,TOY-03,Unit I,Weaving,Toyota,21700,21700,100.0
2026-08-06,1,TOY-04,Unit I,Weaving,Toyota,21700,21165,97.53
2026-08-06,1,TOY-05,Unit I,Weaving,Toyota,21700,21700,100.0
2026-08-06,1,TOY-06,Unit I,Weaving,Toyota,21700,17577,81.0
2026-08-06,1,TOY-07,Unit I,Weaving,Toyota,21700,20284,93.48
2026-08-06,1,TOY-08,Unit I,Weaving,Toyota,21700,18344,84.54
2026-08-06,1,TOY-09,Unit I,Weaving,Toyota,21700,19994,92.14
2026-08-06,1,TOY-10,Unit I,Weaving,Toyota,21700,21700,100.0
2026-08-06,1,TOY-11,Unit I,Weaving,Toyota,21700,21700,100.0
2026-08-06,1,TOY-12,Unit I,Weaving,Toyota,21700,20105,92.65
2026-08-06,1,TOY-13,Unit I,Weaving,Toyota,21700,20069,92.48
2026-08-06,1,TOY-14,Unit I,Weaving,Toyota,21700,19515,89.93
2026-08-06,1,TOY-15,Unit I,Weaving,Toyota,21700,19931,91.85
2026-08-06,1,TSU-01,Unit I,Weaving,Tsudakoma,15000,13325,88.84
2026-08-06,1,TSU-02,Unit I,Weaving,Tsudakoma,15000,14571,97.14
2026-08-06,1,TSU-03,Unit I,Weaving,Tsudakoma,15000,13157,87.72
2026-08-06,1,TSU-04,Unit I,Weaving,Tsudakoma,15000,14702,98.02
2026-08-06,1,TSU-05,Unit I,Weaving,Tsudakoma,15000,14721,98.14
2026-08-06,1,TSU-06,Unit I,Weaving,Tsudakoma,15000,13004,86.69
2026-08-06,1,TSU-07,Unit I,Weaving,Tsudakoma,15000,15000,100.0
2026-08-06,1,TSU-08,Unit I,Weaving,Tsudakoma,15000,14635,97.57
2026-08-06,1,TSU-09,Unit I,Weaving,Tsudakoma,15000,14812,98.75
2026-08-06,1,TSU-10,Unit I,Weaving,Tsudakoma,15000,13681,91.21
2026-08-06,1,SUL-01,Unit I,Weaving,Sulzer,2700,2649,98.11
2026-08-06,1,SUL-02,Unit I,Weaving,Sulzer,2700,2700,100.0
2026-08-06,1,SUL-03,Unit I,Weaving,Sulzer,2700,2551,94.51
2026-08-06,1,SUL-04,Unit I,Weaving,Sulzer,2700,2700,100.0
2026-08-06,1,SUL-05,Unit I,Weaving,Sulzer,2700,2570,95.22
2026-08-06,1,RF-01,Unit I,Spinning,RingFrame,2500,2500,100.0
2026-08-06,1,RF-02,Unit I,Spinning,RingFrame,2500,2411,96.47
2026-08-06,1,RF-03,Unit I,Spinning,RingFrame,2500,2448,97.93
2026-08-06,1,RF-04,Unit I,Spinning,RingFrame,2500,2166,86.64
2026-08-06,1,RF-05,Unit I,Spinning,RingFrame,2500,2421,96.86
2026-08-06,1,RF-06,Unit I,Spinning,RingFrame,2500,2283,91.33
2026-08-06,1,RF-07,Unit I,Spinning,RingFrame,2500,2269,90.77
2026-08-06,1,RF-08,Unit I,Spinning,RingFrame,2500,2500,100.0
2026-08-06,1,RF-09,Unit I,Spinning,RingFrame,2500,2348,93.93
2026-08-06,1,RF-10,Unit I,Spinning,RingFrame,2500,2249,89.98
2026-08-06,1,RF-11,Unit I,Spinning,RingFrame,2500,1905,76.2
2026-08-06,1,RF-12,Unit I,Spinning,RingFrame,2500,2212,88.5
2026-08-06,1,VTX-01,Unit I,Spinning,Vortex,4700,4700,100.0
2026-08-06,1,VTX-02,Unit I,Spinning,Vortex,4700,4301,91.52
2026-08-06,1,VTX-03,Unit I,Spinning,Vortex,4700,4589,97.65
2026-08-06,1,VTX-04,Unit I,Spinning,Vortex,4700,4700,100.0
2026-08-06,1,VTX-05,Unit I,Spinning,Vortex,4700,4347,92.5
2026-08-06,1,VTX-06,Unit I,Spinning,Vortex,4700,3791,80.66
2026-08-06,1,VTX-07,Unit I,Spinning,Vortex,4700,4222,89.85
2026-08-06,1,VTX-08,Unit I,Spinning,Vortex,4700,4700,100.0
2026-08-06,1,VTX-09,Unit I,Spinning,Vortex,4700,4685,99.68
2026-08-06,1,VTX-10,Unit I,Spinning,Vortex,4700,4419,94.04
2026-08-06,1,VTX-11,Unit I,Spinning,Vortex,4700,4283,91.14
2026-08-06,1,VTX-12,Unit I,Spinning,Vortex,4700,4438,94.43
2026-08-06,1,AJ-01,Unit I,Spinning,Airjet,3750,3498,93.3
2026-08-06,1,AJ-02,Unit I,Spinning,Airjet,3750,3750,100.0
2026-08-06,1,AJ-03,Unit I,Spinning,Airjet,3750,3332,88.87
2026-08-06,1,AJ-04,Unit I,Spinning,Airjet,3750,3587,95.67
2026-08-06,1,AJ-05,Unit I,Spinning,Airjet,3750,3559,94.91
2026-08-06,2,TOY-01,Unit I,Weaving,Toyota,21700,20487,94.41
2026-08-06,2,TOY-02,Unit I,Weaving,Toyota,21700,16808,77.46
2026-08-06,2,TOY-03,Unit I,Weaving,Toyota,21700,20489,94.42
2026-08-06,2,TOY-04,Unit I,Weaving,Toyota,21700,21562,99.37
2026-08-06,2,TOY-05,Unit I,Weaving,Toyota,21700,21275,98.04
2026-08-06,2,TOY-06,Unit I,Weaving,Toyota,21700,21069,97.09
2026-08-06,2,TOY-07,Unit I,Weaving,Toyota,21700,17323,79.83
2026-08-06,2,TOY-08,Unit I,Weaving,Toyota,21700,17251,79.5
2026-08-06,2,TOY-09,Unit I,Weaving,Toyota,21700,18818,86.72
2026-08-06,2,TOY-10,Unit I,Weaving,Toyota,21700,21316,98.23
2026-08-06,2,TOY-11,Unit I,Weaving,Toyota,21700,21700,100.0
2026-08-06,2,TOY-12,Unit I,Weaving,Toyota,21700,19610,90.37
2026-08-06,2,TOY-13,Unit I,Weaving,Toyota,21700,20330,93.69
2026-08-06,2,TOY-14,Unit I,Weaving,Toyota,21700,19964,92.0
2026-08-06,2,TOY-15,Unit I,Weaving,Toyota,21700,21700,100.0
2026-08-06,2,TSU-01,Unit I,Weaving,Tsudakoma,15000,14321,95.48
2026-08-06,2,TSU-02,Unit I,Weaving,Tsudakoma,15000,15000,100.0
2026-08-06,2,TSU-03,Unit I,Weaving,Tsudakoma,15000,14560,97.07
2026-08-06,2,TSU-04,Unit I,Weaving,Tsudakoma,15000,14431,96.21
2026-08-06,2,TSU-05,Unit I,Weaving,Tsudakoma,15000,14301,95.34
2026-08-06,2,TSU-06,Unit I,Weaving,Tsudakoma,15000,14863,99.09
2026-08-06,2,TSU-07,Unit I,Weaving,Tsudakoma,15000,12946,86.31
2026-08-06,2,TSU-08,Unit I,Weaving,Tsudakoma,15000,14314,95.43
2026-08-06,2,TSU-09,Unit I,Weaving,Tsudakoma,15000,14197,94.65
2026-08-06,2,TSU-10,Unit I,Weaving,Tsudakoma,15000,14794,98.63
2026-08-06,2,SUL-01,Unit I,Weaving,Sulzer,2700,2539,94.06
2026-08-06,2,SUL-02,Unit I,Weaving,Sulzer,2700,2424,89.81
2026-08-06,2,SUL-03,Unit I,Weaving,Sulzer,2700,2565,95.04
2026-08-06,2,SUL-04,Unit I,Weaving,Sulzer,2700,2418,89.59
2026-08-06,2,SUL-05,Unit I,Weaving,Sulzer,2700,2305,85.37
2026-08-06,2,RF-01,Unit I,Spinning,RingFrame,2500,2465,98.64
2026-08-06,2,RF-02,Unit I,Spinning,RingFrame,2500,2447,97.9
2026-08-06,2,RF-03,Unit I,Spinning,RingFrame,2500,2433,97.34
2026-08-06,2,RF-04,Unit I,Spinning,RingFrame,2500,2500,100.0
2026-08-06,2,RF-05,Unit I,Spinning,RingFrame,2500,2291,91.67
2026-08-06,2,RF-06,Unit I,Spinning,RingFrame,2500,2196,87.84
2026-08-06,2,RF-07,Unit I,Spinning,RingFrame,2500,2366,94.65
2026-08-06,2,RF-08,Unit I,Spinning,RingFrame,2500,2331,93.26
2026-08-06,2,RF-09,Unit I,Spinning,RingFrame,2500,2269,90.79
2026-08-06,2,RF-10,Unit I,Spinning,RingFrame,2500,2365,94.6
2026-08-06,2,RF-11,Unit I,Spinning,RingFrame,2500,1873,74.94
2026-08-06,2,RF-12,Unit I,Spinning,RingFrame,2500,2145,85.82
2026-08-06,2,VTX-01,Unit I,Spinning,Vortex,4700,4361,92.79
2026-08-06,2,VTX-02,Unit I,Spinning,Vortex,4700,4197,89.32
2026-08-06,2,VTX-03,Unit I,Spinning,Vortex,4700,4519,96.16
2026-08-06,2,VTX-04,Unit I,Spinning,Vortex,4700,4310,91.72
2026-08-06,2,VTX-05,Unit I,Spinning,Vortex,4700,4700,100.0
2026-08-06,2,VTX-06,Unit I,Spinning,Vortex,4700,4042,86.02
2026-08-06,2,VTX-07,Unit I,Spinning,Vortex,4700,4624,98.4
2026-08-06,2,VTX-08,Unit I,Spinning,Vortex,4700,4100,87.24
2026-08-06,2,VTX-09,Unit I,Spinning,Vortex,4700,4700,100.0
2026-08-06,2,VTX-10,Unit I,Spinning,Vortex,4700,4700,100.0
2026-08-06,2,VTX-11,Unit I,Spinning,Vortex,4700,4469,95.09
2026-08-06,2,VTX-12,Unit I,Spinning,Vortex,4700,4700,100.0
2026-08-06,2,AJ-01,Unit I,Spinning,Airjet,3750,3459,92.24
2026-08-06,2,AJ-02,Unit I,Spinning,Airjet,3750,3212,85.67
2026-08-06,2,AJ-03,Unit I,Spinning,Airjet,3750,3419,91.2
2026-08-06,2,AJ-04,Unit I,Spinning,Airjet,3750,3750,100.0
2026-08-06,2,AJ-05,Unit I,Spinning,Airjet,3750,3282,87.54
2026-08-06,3,TOY-01,Unit I,Weaving,Toyota,21700,20614,95.0
2026-08-06,3,TOY-02,Unit I,Weaving,Toyota,21700,16963,78.17
2026-08-06,3,TOY-03,Unit I,Weaving,Toyota,21700,20058,92.44
2026-08-06,3,TOY-04,Unit I,Weaving,Toyota,21700,20133,92.78
2026-08-06,3,TOY-05,Unit I,Weaving,Toyota,21700,20693,95.36
2026-08-06,3,TOY-06,Unit I,Weaving,Toyota,21700,20005,92.19
2026-08-06,3,TOY-07,Unit I,Weaving,Toyota,21700,19072,87.89
2026-08-06,3,TOY-08,Unit I,Weaving,Toyota,21700,17159,79.08
2026-08-06,3,TOY-09,Unit I,Weaving,Toyota,21700,21700,100.0
2026-08-06,3,TOY-10,Unit I,Weaving,Toyota,21700,21558,99.35
2026-08-06,3,TOY-11,Unit I,Weaving,Toyota,21700,19736,90.95
2026-08-06,3,TOY-12,Unit I,Weaving,Toyota,21700,19257,88.74
2026-08-06,3,TOY-13,Unit I,Weaving,Toyota,21700,20306,93.58
2026-08-06,3,TOY-14,Unit I,Weaving,Toyota,21700,21700,100.0
2026-08-06,3,TOY-15,Unit I,Weaving,Toyota,21700,21315,98.23
2026-08-06,3,TSU-01,Unit I,Weaving,Tsudakoma,15000,14777,98.52
2026-08-06,3,TSU-02,Unit I,Weaving,Tsudakoma,15000,14917,99.45
2026-08-06,3,TSU-03,Unit I,Weaving,Tsudakoma,15000,14565,97.1
2026-08-06,3,TSU-04,Unit I,Weaving,Tsudakoma,15000,14340,95.6
2026-08-06,3,TSU-05,Unit I,Weaving,Tsudakoma,15000,14746,98.31
2026-08-06,3,TSU-06,Unit I,Weaving,Tsudakoma,15000,13840,92.27
2026-08-06,3,TSU-07,Unit I,Weaving,Tsudakoma,15000,13189,87.93
2026-08-06,3,TSU-08,Unit I,Weaving,Tsudakoma,15000,14792,98.61
2026-08-06,3,TSU-09,Unit I,Weaving,Tsudakoma,15000,15000,100.0
2026-08-06,3,TSU-10,Unit I,Weaving,Tsudakoma,15000,13411,89.41
2026-08-06,3,SUL-01,Unit I,Weaving,Sulzer,2700,2675,99.11
2026-08-06,3,SUL-02,Unit I,Weaving,Sulzer,2700,2700,100.0
2026-08-06,3,SUL-03,Unit I,Weaving,Sulzer,2700,2564,94.99
2026-08-06,3,SUL-04,Unit I,Weaving,Sulzer,2700,2454,90.91
2026-08-06,3,SUL-05,Unit I,Weaving,Sulzer,2700,2581,95.62
2026-08-06,3,RF-01,Unit I,Spinning,RingFrame,2500,2306,92.25
2026-08-06,3,RF-02,Unit I,Spinning,RingFrame,2500,2297,91.92
2026-08-06,3,RF-03,Unit I,Spinning,RingFrame,2500,2429,97.17
2026-08-06,3,RF-04,Unit I,Spinning,RingFrame,2500,2174,86.98
2026-08-06,3,RF-05,Unit I,Spinning,RingFrame,2500,2194,87.78
2026-08-06,3,RF-06,Unit I,Spinning,RingFrame,2500,2377,95.1
2026-08-06,3,RF-07,Unit I,Spinning,RingFrame,2500,2372,94.89
2026-08-06,3,RF-08,Unit I,Spinning,RingFrame,2500,2417,96.72
2026-08-06,3,RF-09,Unit I,Spinning,RingFrame,2500,2500,100.0
2026-08-06,3,RF-10,Unit I,Spinning,RingFrame,2500,2388,95.52
2026-08-06,3,RF-11,Unit I,Spinning,RingFrame,2500,2024,80.99
2026-08-06,3,RF-12,Unit I,Spinning,RingFrame,2500,2253,90.12
2026-08-06,3,VTX-01,Unit I,Spinning,Vortex,4700,4645,98.84
2026-08-06,3,VTX-02,Unit I,Spinning,Vortex,4700,4341,92.37
2026-08-06,3,VTX-03,Unit I,Spinning,Vortex,4700,4481,95.36
2026-08-06,3,VTX-04,Unit I,Spinning,Vortex,4700,4439,94.46
2026-08-06,3,VTX-05,Unit I,Spinning,Vortex,4700,4700,100.0
2026-08-06,3,VTX-06,Unit I,Spinning,Vortex,4700,3358,71.45
2026-08-06,3,VTX-07,Unit I,Spinning,Vortex,4700,3928,83.58
2026-08-06,3,VTX-08,Unit I,Spinning,Vortex,4700,4414,93.93
2026-08-06,3,VTX-09,Unit I,Spinning,Vortex,4700,4575,97.34
2026-08-06,3,VTX-10,Unit I,Spinning,Vortex,4700,4500,95.76
2026-08-06,3,VTX-11,Unit I,Spinning,Vortex,4700,4700,100.0
2026-08-06,3,VTX-12,Unit I,Spinning,Vortex,4700,4567,97.19
2026-08-06,3,AJ-01,Unit I,Spinning,Airjet,3750,3456,92.18
2026-08-06,3,AJ-02,Unit I,Spinning,Airjet,3750,3126,83.37
2026-08-06,3,AJ-03,Unit I,Spinning,Airjet,3750,3518,93.81
2026-08-06,3,AJ-04,Unit I,Spinning,Airjet,3750,3750,100.0
2026-08-06,3,AJ-05,Unit I,Spinning,Airjet,3750,3488,93.04
2026-08-07,1,TOY-01,Unit I,Weaving,Toyota,21700,20645,95.14
2026-08-07,1,TOY-02,Unit I,Weaving,Toyota,21700,17383,80.11
2026-08-07,1,TOY-03,Unit I,Weaving,Toyota,21700,19513,89.92
2026-08-07,1,TOY-04,Unit I,Weaving,Toyota,21700,21291,98.12
2026-08-07,1,TOY-05,Unit I,Weaving,Toyota,21700,21700,100.0
2026-08-07,1,TOY-06,Unit I,Weaving,Toyota,21700,20427,94.14
2026-08-07,1,TOY-07,Unit I,Weaving,Toyota,21700,19389,89.35
2026-08-07,1,TOY-08,Unit I,Weaving,Toyota,21700,16853,77.67
2026-08-07,1,TOY-09,Unit I,Weaving,Toyota,21700,18201,83.88
2026-08-07,1,TOY-10,Unit I,Weaving,Toyota,21700,20980,96.68
2026-08-07,1,TOY-11,Unit I,Weaving,Toyota,21700,21105,97.26
2026-08-07,1,TOY-12,Unit I,Weaving,Toyota,21700,21700,100.0
2026-08-07,1,TOY-13,Unit I,Weaving,Toyota,21700,20404,94.03
2026-08-07,1,TOY-14,Unit I,Weaving,Toyota,21700,21058,97.04
2026-08-07,1,TOY-15,Unit I,Weaving,Toyota,21700,19680,90.69
2026-08-07,1,TSU-01,Unit I,Weaving,Tsudakoma,15000,13982,93.22
2026-08-07,1,TSU-02,Unit I,Weaving,Tsudakoma,15000,13106,87.37
2026-08-07,1,TSU-03,Unit I,Weaving,Tsudakoma,15000,14103,94.03
2026-08-07,1,TSU-04,Unit I,Weaving,Tsudakoma,15000,14021,93.47
2026-08-07,1,TSU-05,Unit I,Weaving,Tsudakoma,15000,14474,96.5
2026-08-07,1,TSU-06,Unit I,Weaving,Tsudakoma,15000,13782,91.88
2026-08-07,1,TSU-07,Unit I,Weaving,Tsudakoma,15000,14312,95.42
2026-08-07,1,TSU-08,Unit I,Weaving,Tsudakoma,15000,13999,93.33
2026-08-07,1,TSU-09,Unit I,Weaving,Tsudakoma,15000,14001,93.34
2026-08-07,1,TSU-10,Unit I,Weaving,Tsudakoma,15000,14310,95.4
2026-08-07,1,SUL-01,Unit I,Weaving,Sulzer,2700,2570,95.2
2026-08-07,1,SUL-02,Unit I,Weaving,Sulzer,2700,2667,98.81
2026-08-07,1,SUL-03,Unit I,Weaving,Sulzer,2700,2548,94.4
2026-08-07,1,SUL-04,Unit I,Weaving,Sulzer,2700,2517,93.25
2026-08-07,1,SUL-05,Unit I,Weaving,Sulzer,2700,2540,94.1
2026-08-07,1,RF-01,Unit I,Spinning,RingFrame,2500,2285,91.43
2026-08-07,1,RF-02,Unit I,Spinning,RingFrame,2500,2330,93.2
2026-08-07,1,RF-03,Unit I,Spinning,RingFrame,2500,2500,100.0
2026-08-07,1,RF-04,Unit I,Spinning,RingFrame,2500,2260,90.44
2026-08-07,1,RF-05,Unit I,Spinning,RingFrame,2500,2340,93.61
2026-08-07,1,RF-06,Unit I,Spinning,RingFrame,2500,2326,93.06
2026-08-07,1,RF-07,Unit I,Spinning,RingFrame,2500,2344,93.76
2026-08-07,1,RF-08,Unit I,Spinning,RingFrame,2500,2333,93.34
2026-08-07,1,RF-09,Unit I,Spinning,RingFrame,2500,2409,96.4
2026-08-07,1,RF-10,Unit I,Spinning,RingFrame,2500,2161,86.45
2026-08-07,1,RF-11,Unit I,Spinning,RingFrame,2500,2079,83.19
2026-08-07,1,RF-12,Unit I,Spinning,RingFrame,2500,2454,98.16
2026-08-07,1,VTX-01,Unit I,Spinning,Vortex,4700,4172,88.79
2026-08-07,1,VTX-02,Unit I,Spinning,Vortex,4700,3931,83.65
2026-08-07,1,VTX-03,Unit I,Spinning,Vortex,4700,4235,90.11
2026-08-07,1,VTX-04,Unit I,Spinning,Vortex,4700,4407,93.79
2026-08-07,1,VTX-05,Unit I,Spinning,Vortex,4700,4700,100.0
2026-08-07,1,VTX-06,Unit I,Spinning,Vortex,4700,3793,80.72
2026-08-07,1,VTX-07,Unit I,Spinning,Vortex,4700,4040,85.96
2026-08-07,1,VTX-08,Unit I,Spinning,Vortex,4700,4302,91.55
2026-08-07,1,VTX-09,Unit I,Spinning,Vortex,4700,4452,94.73
2026-08-07,1,VTX-10,Unit I,Spinning,Vortex,4700,4524,96.27
2026-08-07,1,VTX-11,Unit I,Spinning,Vortex,4700,4156,88.43
2026-08-07,1,VTX-12,Unit I,Spinning,Vortex,4700,4433,94.33
2026-08-07,1,AJ-01,Unit I,Spinning,Airjet,3750,3427,91.41
2026-08-07,1,AJ-02,Unit I,Spinning,Airjet,3750,3355,89.48
2026-08-07,1,AJ-03,Unit I,Spinning,Airjet,3750,3611,96.3
2026-08-07,1,AJ-04,Unit I,Spinning,Airjet,3750,3707,98.87
2026-08-07,1,AJ-05,Unit I,Spinning,Airjet,3750,3720,99.21
2026-08-07,2,TOY-01,Unit I,Weaving,Toyota,21700,21238,97.87
2026-08-07,2,TOY-02,Unit I,Weaving,Toyota,21700,16386,75.51
2026-08-07,2,TOY-03,Unit I,Weaving,Toyota,21700,21390,98.57
2026-08-07,2,TOY-04,Unit I,Weaving,Toyota,21700,20950,96.55
2026-08-07,2,TOY-05,Unit I,Weaving,Toyota,21700,20760,95.67
2026-08-07,2,TOY-06,Unit I,Weaving,Toyota,21700,19951,91.94
2026-08-07,2,TOY-07,Unit I,Weaving,Toyota,21700,20075,92.52
2026-08-07,2,TOY-08,Unit I,Weaving,Toyota,21700,17006,78.37
2026-08-07,2,TOY-09,Unit I,Weaving,Toyota,21700,21700,100.0
2026-08-07,2,TOY-10,Unit I,Weaving,Toyota,21700,20941,96.51
2026-08-07,2,TOY-11,Unit I,Weaving,Toyota,21700,19951,91.94
2026-08-07,2,TOY-12,Unit I,Weaving,Toyota,21700,19711,90.84
2026-08-07,2,TOY-13,Unit I,Weaving,Toyota,21700,20081,92.54
2026-08-07,2,TOY-14,Unit I,Weaving,Toyota,21700,21700,100.0
2026-08-07,2,TOY-15,Unit I,Weaving,Toyota,21700,20181,93.0
2026-08-07,2,TSU-01,Unit I,Weaving,Tsudakoma,15000,14930,99.53
2026-08-07,2,TSU-02,Unit I,Weaving,Tsudakoma,15000,13968,93.12
2026-08-07,2,TSU-03,Unit I,Weaving,Tsudakoma,15000,14445,96.31
2026-08-07,2,TSU-04,Unit I,Weaving,Tsudakoma,15000,14843,98.96
2026-08-07,2,TSU-05,Unit I,Weaving,Tsudakoma,15000,13821,92.14
2026-08-07,2,TSU-06,Unit I,Weaving,Tsudakoma,15000,13769,91.79
2026-08-07,2,TSU-07,Unit I,Weaving,Tsudakoma,15000,15000,100.0
2026-08-07,2,TSU-08,Unit I,Weaving,Tsudakoma,15000,14988,99.92
2026-08-07,2,TSU-09,Unit I,Weaving,Tsudakoma,15000,14843,98.95
2026-08-07,2,TSU-10,Unit I,Weaving,Tsudakoma,15000,14840,98.94
2026-08-07,2,SUL-01,Unit I,Weaving,Sulzer,2700,2627,97.3
2026-08-07,2,SUL-02,Unit I,Weaving,Sulzer,2700,2700,100.0
2026-08-07,2,SUL-03,Unit I,Weaving,Sulzer,2700,2570,95.22
2026-08-07,2,SUL-04,Unit I,Weaving,Sulzer,2700,2642,97.89
2026-08-07,2,SUL-05,Unit I,Weaving,Sulzer,2700,2369,87.75
2026-08-07,2,RF-01,Unit I,Spinning,RingFrame,2500,2271,90.88
2026-08-07,2,RF-02,Unit I,Spinning,RingFrame,2500,2224,89.0
2026-08-07,2,RF-03,Unit I,Spinning,RingFrame,2500,2500,100.0
2026-08-07,2,RF-04,Unit I,Spinning,RingFrame,2500,2055,82.24
2026-08-07,2,RF-05,Unit I,Spinning,RingFrame,2500,2324,92.99
2026-08-07,2,RF-06,Unit I,Spinning,RingFrame,2500,2000,80.03
2026-08-07,2,RF-07,Unit I,Spinning,RingFrame,2500,2271,90.84
2026-08-07,2,RF-08,Unit I,Spinning,RingFrame,2500,2313,92.55
2026-08-07,2,RF-09,Unit I,Spinning,RingFrame,2500,2500,100.0
2026-08-07,2,RF-10,Unit I,Spinning,RingFrame,2500,2424,96.98
2026-08-07,2,RF-11,Unit I,Spinning,RingFrame,2500,1845,73.83
2026-08-07,2,RF-12,Unit I,Spinning,RingFrame,2500,2500,100.0
2026-08-07,2,VTX-01,Unit I,Spinning,Vortex,4700,4469,95.09
2026-08-07,2,VTX-02,Unit I,Spinning,Vortex,4700,4473,95.19
2026-08-07,2,VTX-03,Unit I,Spinning,Vortex,4700,4182,88.99
2026-08-07,2,VTX-04,Unit I,Spinning,Vortex,4700,4232,90.05
2026-08-07,2,VTX-05,Unit I,Spinning,Vortex,4700,4271,90.87
2026-08-07,2,VTX-06,Unit I,Spinning,Vortex,4700,3676,78.23
2026-08-07,2,VTX-07,Unit I,Spinning,Vortex,4700,4483,95.39
2026-08-07,2,VTX-08,Unit I,Spinning,Vortex,4700,4700,100.0
2026-08-07,2,VTX-09,Unit I,Spinning,Vortex,4700,4555,96.93
2026-08-07,2,VTX-10,Unit I,Spinning,Vortex,4700,3828,81.46
2026-08-07,2,VTX-11,Unit I,Spinning,Vortex,4700,4526,96.31
2026-08-07,2,VTX-12,Unit I,Spinning,Vortex,4700,4124,87.75
2026-08-07,2,AJ-01,Unit I,Spinning,Airjet,3750,3381,90.17
2026-08-07,2,AJ-02,Unit I,Spinning,Airjet,3750,3410,90.94
2026-08-07,2,AJ-03,Unit I,Spinning,Airjet,3750,3438,91.68
2026-08-07,2,AJ-04,Unit I,Spinning,Airjet,3750,3304,88.12
2026-08-07,2,AJ-05,Unit I,Spinning,Airjet,3750,3600,96.02
2026-08-07,3,TOY-01,Unit I,Weaving,Toyota,21700,19084,87.95
2026-08-07,3,TOY-02,Unit I,Weaving,Toyota,21700,17312,79.78
2026-08-07,3,TOY-03,Unit I,Weaving,Toyota,21700,21700,100.0
2026-08-07,3,TOY-04,Unit I,Weaving,Toyota,21700,19172,88.35
2026-08-07,3,TOY-05,Unit I,Weaving,Toyota,21700,20306,93.58
2026-08-07,3,TOY-06,Unit I,Weaving,Toyota,21700,17877,82.38
2026-08-07,3,TOY-07,Unit I,Weaving,Toyota,21700,20288,93.5
2026-08-07,3,TOY-08,Unit I,Weaving,Toyota,21700,17623,81.21
2026-08-07,3,TOY-09,Unit I,Weaving,Toyota,21700,21396,98.6
2026-08-07,3,TOY-10,Unit I,Weaving,Toyota,21700,20698,95.39
2026-08-07,3,TOY-11,Unit I,Weaving,Toyota,21700,21579,99.45
2026-08-07,3,TOY-12,Unit I,Weaving,Toyota,21700,21700,100.0
2026-08-07,3,TOY-13,Unit I,Weaving,Toyota,21700,21700,100.0
2026-08-07,3,TOY-14,Unit I,Weaving,Toyota,21700,20048,92.39
2026-08-07,3,TOY-15,Unit I,Weaving,Toyota,21700,19040,87.74
2026-08-07,3,TSU-01,Unit I,Weaving,Tsudakoma,15000,13945,92.97
2026-08-07,3,TSU-02,Unit I,Weaving,Tsudakoma,15000,13539,90.27
2026-08-07,3,TSU-03,Unit I,Weaving,Tsudakoma,15000,14588,97.26
2026-08-07,3,TSU-04,Unit I,Weaving,Tsudakoma,15000,13364,89.09
2026-08-07,3,TSU-05,Unit I,Weaving,Tsudakoma,15000,14195,94.64
2026-08-07,3,TSU-06,Unit I,Weaving,Tsudakoma,15000,14878,99.19
2026-08-07,3,TSU-07,Unit I,Weaving,Tsudakoma,15000,14174,94.5
2026-08-07,3,TSU-08,Unit I,Weaving,Tsudakoma,15000,13540,90.27
2026-08-07,3,TSU-09,Unit I,Weaving,Tsudakoma,15000,15000,100.0
2026-08-07,3,TSU-10,Unit I,Weaving,Tsudakoma,15000,12840,85.61
2026-08-07,3,SUL-01,Unit I,Weaving,Sulzer,2700,2520,93.36
2026-08-07,3,SUL-02,Unit I,Weaving,Sulzer,2700,2559,94.79
2026-08-07,3,SUL-03,Unit I,Weaving,Sulzer,2700,2567,95.08
2026-08-07,3,SUL-04,Unit I,Weaving,Sulzer,2700,2589,95.9
2026-08-07,3,SUL-05,Unit I,Weaving,Sulzer,2700,2647,98.05
2026-08-07,3,RF-01,Unit I,Spinning,RingFrame,2500,2370,94.82
2026-08-07,3,RF-02,Unit I,Spinning,RingFrame,2500,2328,93.16
2026-08-07,3,RF-03,Unit I,Spinning,RingFrame,2500,2324,92.96
2026-08-07,3,RF-04,Unit I,Spinning,RingFrame,2500,2298,91.94
2026-08-07,3,RF-05,Unit I,Spinning,RingFrame,2500,2473,98.94
2026-08-07,3,RF-06,Unit I,Spinning,RingFrame,2500,2294,91.77
2026-08-07,3,RF-07,Unit I,Spinning,RingFrame,2500,2480,99.23
2026-08-07,3,RF-08,Unit I,Spinning,RingFrame,2500,2377,95.09
2026-08-07,3,RF-09,Unit I,Spinning,RingFrame,2500,2309,92.39
2026-08-07,3,RF-10,Unit I,Spinning,RingFrame,2500,2452,98.09
2026-08-07,3,RF-11,Unit I,Spinning,RingFrame,2500,1859,74.36
2026-08-07,3,RF-12,Unit I,Spinning,RingFrame,2500,2454,98.19
2026-08-07,3,VTX-01,Unit I,Spinning,Vortex,4700,4514,96.06
2026-08-07,3,VTX-02,Unit I,Spinning,Vortex,4700,4324,92.02
2026-08-07,3,VTX-03,Unit I,Spinning,Vortex,4700,4589,97.64
2026-08-07,3,VTX-04,Unit I,Spinning,Vortex,4700,4593,97.73
2026-08-07,3,VTX-05,Unit I,Spinning,Vortex,4700,4700,100.0
2026-08-07,3,VTX-06,Unit I,Spinning,Vortex,4700,3893,82.83
2026-08-07,3,VTX-07,Unit I,Spinning,Vortex,4700,4580,97.46
2026-08-07,3,VTX-08,Unit I,Spinning,Vortex,4700,4200,89.36
2026-08-07,3,VTX-09,Unit I,Spinning,Vortex,4700,4700,100.0
2026-08-07,3,VTX-10,Unit I,Spinning,Vortex,4700,4135,87.98
2026-08-07,3,VTX-11,Unit I,Spinning,Vortex,4700,4688,99.75
2026-08-07,3,VTX-12,Unit I,Spinning,Vortex,4700,4566,97.16
2026-08-07,3,AJ-01,Unit I,Spinning,Airjet,3750,3342,89.13
2026-08-07,3,AJ-02,Unit I,Spinning,Airjet,3750,3539,94.38
2026-08-07,3,AJ-03,Unit I,Spinning,Airjet,3750,3547,94.61
2026-08-07,3,AJ-04,Unit I,Spinning,Airjet,3750,3750,100.0
2026-08-07,3,AJ-05,Unit I,Spinning,Airjet,3750,3428,91.43
2026-08-08,1,TOY-01,Unit I,Weaving,Toyota,21700,20330,93.69
2026-08-08,1,TOY-02,Unit I,Weaving,Toyota,21700,14391,66.32
2026-08-08,1,TOY-03,Unit I,Weaving,Toyota,21700,21700,100.0
2026-08-08,1,TOY-04,Unit I,Weaving,Toyota,21700,19453,89.65
2026-08-08,1,TOY-05,Unit I,Weaving,Toyota,21700,20969,96.63
2026-08-08,1,TOY-06,Unit I,Weaving,Toyota,21700,20504,94.49
2026-08-08,1,TOY-07,Unit I,Weaving,Toyota,21700,20508,94.51
2026-08-08,1,TOY-08,Unit I,Weaving,Toyota,21700,17804,82.05
2026-08-08,1,TOY-09,Unit I,Weaving,Toyota,21700,21700,100.0
2026-08-08,1,TOY-10,Unit I,Weaving,Toyota,21700,20887,96.26
2026-08-08,1,TOY-11,Unit I,Weaving,Toyota,21700,21325,98.28
2026-08-08,1,TOY-12,Unit I,Weaving,Toyota,21700,20971,96.64
2026-08-08,1,TOY-13,Unit I,Weaving,Toyota,21700,21700,100.0
2026-08-08,1,TOY-14,Unit I,Weaving,Toyota,21700,20112,92.69
2026-08-08,1,TOY-15,Unit I,Weaving,Toyota,21700,21700,100.0
2026-08-08,1,TSU-01,Unit I,Weaving,Tsudakoma,15000,15000,100.0
2026-08-08,1,TSU-02,Unit I,Weaving,Tsudakoma,15000,15000,100.0
2026-08-08,1,TSU-03,Unit I,Weaving,Tsudakoma,15000,13754,91.7
2026-08-08,1,TSU-04,Unit I,Weaving,Tsudakoma,15000,14123,94.16
2026-08-08,1,TSU-05,Unit I,Weaving,Tsudakoma,15000,14429,96.2
2026-08-08,1,TSU-06,Unit I,Weaving,Tsudakoma,15000,13221,88.15
2026-08-08,1,TSU-07,Unit I,Weaving,Tsudakoma,15000,15000,100.0
2026-08-08,1,TSU-08,Unit I,Weaving,Tsudakoma,15000,14240,94.94
2026-08-08,1,TSU-09,Unit I,Weaving,Tsudakoma,15000,14462,96.42
2026-08-08,1,TSU-10,Unit I,Weaving,Tsudakoma,15000,13817,92.11
2026-08-08,1,SUL-01,Unit I,Weaving,Sulzer,2700,2385,88.37
2026-08-08,1,SUL-02,Unit I,Weaving,Sulzer,2700,2483,91.98
2026-08-08,1,SUL-03,Unit I,Weaving,Sulzer,2700,2594,96.1
2026-08-08,1,SUL-04,Unit I,Weaving,Sulzer,2700,2655,98.37
2026-08-08,1,SUL-05,Unit I,Weaving,Sulzer,2700,2586,95.81
2026-08-08,1,RF-01,Unit I,Spinning,RingFrame,2500,2418,96.73
2026-08-08,1,RF-02,Unit I,Spinning,RingFrame,2500,2332,93.31
2026-08-08,1,RF-03,Unit I,Spinning,RingFrame,2500,2437,97.48
2026-08-08,1,RF-04,Unit I,Spinning,RingFrame,2500,2500,100.0
2026-08-08,1,RF-05,Unit I,Spinning,RingFrame,2500,2463,98.52
2026-08-08,1,RF-06,Unit I,Spinning,RingFrame,2500,2476,99.05
2026-08-08,1,RF-07,Unit I,Spinning,RingFrame,2500,2411,96.47
2026-08-08,1,RF-08,Unit I,Spinning,RingFrame,2500,2187,87.48
2026-08-08,1,RF-09,Unit I,Spinning,RingFrame,2500,2244,89.78
2026-08-08,1,RF-10,Unit I,Spinning,RingFrame,2500,2431,97.27
2026-08-08,1,RF-11,Unit I,Spinning,RingFrame,2500,1948,77.95
2026-08-08,1,RF-12,Unit I,Spinning,RingFrame,2500,2429,97.2
2026-08-08,1,VTX-01,Unit I,Spinning,Vortex,4700,4700,100.0
2026-08-08,1,VTX-02,Unit I,Spinning,Vortex,4700,4635,98.63
2026-08-08,1,VTX-03,Unit I,Spinning,Vortex,4700,4700,100.0
2026-08-08,1,VTX-04,Unit I,Spinning,Vortex,4700,4487,95.47
2026-08-08,1,VTX-05,Unit I,Spinning,Vortex,4700,4275,90.96
2026-08-08,1,VTX-06,Unit I,Spinning,Vortex,4700,3652,77.71
2026-08-08,1,VTX-07,Unit I,Spinning,Vortex,4700,4275,90.98
2026-08-08,1,VTX-08,Unit I,Spinning,Vortex,4700,4700,100.0
2026-08-08,1,VTX-09,Unit I,Spinning,Vortex,4700,4650,98.95
2026-08-08,1,VTX-10,Unit I,Spinning,Vortex,4700,4587,97.6
2026-08-08,1,VTX-11,Unit I,Spinning,Vortex,4700,4700,100.0
2026-08-08,1,VTX-12,Unit I,Spinning,Vortex,4700,3990,84.9
2026-08-08,1,AJ-01,Unit I,Spinning,Airjet,3750,3672,97.94
2026-08-08,1,AJ-02,Unit I,Spinning,Airjet,3750,3316,88.45
2026-08-08,1,AJ-03,Unit I,Spinning,Airjet,3750,3561,94.96
2026-08-08,1,AJ-04,Unit I,Spinning,Airjet,3750,3504,93.44
2026-08-08,1,AJ-05,Unit I,Spinning,Airjet,3750,3686,98.31
2026-08-08,2,TOY-01,Unit I,Weaving,Toyota,21700,20862,96.14
2026-08-08,2,TOY-02,Unit I,Weaving,Toyota,21700,18385,84.73
2026-08-08,2,TOY-03,Unit I,Weaving,Toyota,21700,19961,91.99
2026-08-08,2,TOY-04,Unit I,Weaving,Toyota,21700,21384,98.55
2026-08-08,2,TOY-05,Unit I,Weaving,Toyota,21700,20791,95.81
2026-08-08,2,TOY-06,Unit I,Weaving,Toyota,21700,18840,86.82
2026-08-08,2,TOY-07,Unit I,Weaving,Toyota,21700,19618,90.41
2026-08-08,2,TOY-08,Unit I,Weaving,Toyota,21700,16763,77.25
2026-08-08,2,TOY-09,Unit I,Weaving,Toyota,21700,21700,100.0
2026-08-08,2,TOY-10,Unit I,Weaving,Toyota,21700,21118,97.32
2026-08-08,2,TOY-11,Unit I,Weaving,Toyota,21700,19348,89.16
2026-08-08,2,TOY-12,Unit I,Weaving,Toyota,21700,20462,94.3
2026-08-08,2,TOY-13,Unit I,Weaving,Toyota,21700,21700,100.0
2026-08-08,2,TOY-14,Unit I,Weaving,Toyota,21700,20735,95.56
2026-08-08,2,TOY-15,Unit I,Weaving,Toyota,21700,20259,93.36
2026-08-08,2,TSU-01,Unit I,Weaving,Tsudakoma,15000,14618,97.46
2026-08-08,2,TSU-02,Unit I,Weaving,Tsudakoma,15000,14822,98.82
2026-08-08,2,TSU-03,Unit I,Weaving,Tsudakoma,15000,13907,92.72
2026-08-08,2,TSU-04,Unit I,Weaving,Tsudakoma,15000,14626,97.51
2026-08-08,2,TSU-05,Unit I,Weaving,Tsudakoma,15000,14003,93.36
2026-08-08,2,TSU-06,Unit I,Weaving,Tsudakoma,15000,14789,98.6
2026-08-08,2,TSU-07,Unit I,Weaving,Tsudakoma,15000,14377,95.85
2026-08-08,2,TSU-08,Unit I,Weaving,Tsudakoma,15000,14611,97.41
2026-08-08,2,TSU-09,Unit I,Weaving,Tsudakoma,15000,13680,91.2
2026-08-08,2,TSU-10,Unit I,Weaving,Tsudakoma,15000,13634,90.89
2026-08-08,2,SUL-01,Unit I,Weaving,Sulzer,2700,2692,99.73
2026-08-08,2,SUL-02,Unit I,Weaving,Sulzer,2700,2554,94.6
2026-08-08,2,SUL-03,Unit I,Weaving,Sulzer,2700,2603,96.43
2026-08-08,2,SUL-04,Unit I,Weaving,Sulzer,2700,2523,93.47
2026-08-08,2,SUL-05,Unit I,Weaving,Sulzer,2700,2686,99.49
2026-08-08,2,RF-01,Unit I,Spinning,RingFrame,2500,2299,91.96
2026-08-08,2,RF-02,Unit I,Spinning,RingFrame,2500,2358,94.32
2026-08-08,2,RF-03,Unit I,Spinning,RingFrame,2500,2473,98.93
2026-08-08,2,RF-04,Unit I,Spinning,RingFrame,2500,2500,100.0
2026-08-08,2,RF-05,Unit I,Spinning,RingFrame,2500,2309,92.38
2026-08-08,2,RF-06,Unit I,Spinning,RingFrame,2500,2500,100.0
2026-08-08,2,RF-07,Unit I,Spinning,RingFrame,2500,2414,96.57
2026-08-08,2,RF-08,Unit I,Spinning,RingFrame,2500,2244,89.79
2026-08-08,2,RF-09,Unit I,Spinning,RingFrame,2500,2421,96.85
2026-08-08,2,RF-10,Unit I,Spinning,RingFrame,2500,2327,93.09
2026-08-08,2,RF-11,Unit I,Spinning,RingFrame,2500,2004,80.17
2026-08-08,2,RF-12,Unit I,Spinning,RingFrame,2500,2369,94.79
2026-08-08,2,VTX-01,Unit I,Spinning,Vortex,4700,4482,95.37
2026-08-08,2,VTX-02,Unit I,Spinning,Vortex,4700,4250,90.44
2026-08-08,2,VTX-03,Unit I,Spinning,Vortex,4700,4697,99.95
2026-08-08,2,VTX-04,Unit I,Spinning,Vortex,4700,4193,89.22
2026-08-08,2,VTX-05,Unit I,Spinning,Vortex,4700,4204,89.46
2026-08-08,2,VTX-06,Unit I,Spinning,Vortex,4700,3752,79.84
2026-08-08,2,VTX-07,Unit I,Spinning,Vortex,4700,4700,100.0
2026-08-08,2,VTX-08,Unit I,Spinning,Vortex,4700,4382,93.24
2026-08-08,2,VTX-09,Unit I,Spinning,Vortex,4700,4629,98.5
2026-08-08,2,VTX-10,Unit I,Spinning,Vortex,4700,4700,100.0
2026-08-08,2,VTX-11,Unit I,Spinning,Vortex,4700,4656,99.07
2026-08-08,2,VTX-12,Unit I,Spinning,Vortex,4700,4391,93.44
2026-08-08,2,AJ-01,Unit I,Spinning,Airjet,3750,3357,89.54
2026-08-08,2,AJ-02,Unit I,Spinning,Airjet,3750,3148,83.96
2026-08-08,2,AJ-03,Unit I,Spinning,Airjet,3750,3513,93.69
2026-08-08,2,AJ-04,Unit I,Spinning,Airjet,3750,3750,100.0
2026-08-08,2,AJ-05,Unit I,Spinning,Airjet,3750,3351,89.38
2026-08-08,3,TOY-01,Unit I,Weaving,Toyota,21700,21374,98.5
2026-08-08,3,TOY-02,Unit I,Weaving,Toyota,21700,15895,73.25
2026-08-08,3,TOY-03,Unit I,Weaving,Toyota,21700,20730,95.53
2026-08-08,3,TOY-04,Unit I,Weaving,Toyota,21700,21382,98.54
2026-08-08,3,TOY-05,Unit I,Weaving,Toyota,21700,19899,91.7
2026-08-08,3,TOY-06,Unit I,Weaving,Toyota,21700,20799,95.85
2026-08-08,3,TOY-07,Unit I,Weaving,Toyota,21700,20164,92.92
2026-08-08,3,TOY-08,Unit I,Weaving,Toyota,21700,17691,81.53
2026-08-08,3,TOY-09,Unit I,Weaving,Toyota,21700,20870,96.18
2026-08-08,3,TOY-10,Unit I,Weaving,Toyota,21700,20676,95.28
2026-08-08,3,TOY-11,Unit I,Weaving,Toyota,21700,21700,100.0
2026-08-08,3,TOY-12,Unit I,Weaving,Toyota,21700,21333,98.31
2026-08-08,3,TOY-13,Unit I,Weaving,Toyota,21700,19865,91.55
2026-08-08,3,TOY-14,Unit I,Weaving,Toyota,21700,20521,94.57
2026-08-08,3,TOY-15,Unit I,Weaving,Toyota,21700,20532,94.62
2026-08-08,3,TSU-01,Unit I,Weaving,Tsudakoma,15000,14310,95.4
2026-08-08,3,TSU-02,Unit I,Weaving,Tsudakoma,15000,15000,100.0
2026-08-08,3,TSU-03,Unit I,Weaving,Tsudakoma,15000,14528,96.85
2026-08-08,3,TSU-04,Unit I,Weaving,Tsudakoma,15000,12723,84.82
2026-08-08,3,TSU-05,Unit I,Weaving,Tsudakoma,15000,13842,92.29
2026-08-08,3,TSU-06,Unit I,Weaving,Tsudakoma,15000,12800,85.34
2026-08-08,3,TSU-07,Unit I,Weaving,Tsudakoma,15000,14002,93.35
2026-08-08,3,TSU-08,Unit I,Weaving,Tsudakoma,15000,12759,85.06
2026-08-08,3,TSU-09,Unit I,Weaving,Tsudakoma,15000,13596,90.64
2026-08-08,3,TSU-10,Unit I,Weaving,Tsudakoma,15000,13109,87.4
2026-08-08,3,SUL-01,Unit I,Weaving,Sulzer,2700,2616,96.92
2026-08-08,3,SUL-02,Unit I,Weaving,Sulzer,2700,2565,95.0
2026-08-08,3,SUL-03,Unit I,Weaving,Sulzer,2700,2605,96.51
2026-08-08,3,SUL-04,Unit I,Weaving,Sulzer,2700,2550,94.48
2026-08-08,3,SUL-05,Unit I,Weaving,Sulzer,2700,2376,88.03
2026-08-08,3,RF-01,Unit I,Spinning,RingFrame,2500,2439,97.57
2026-08-08,3,RF-02,Unit I,Spinning,RingFrame,2500,2500,100.0
2026-08-08,3,RF-03,Unit I,Spinning,RingFrame,2500,2426,97.05
2026-08-08,3,RF-04,Unit I,Spinning,RingFrame,2500,2321,92.87
2026-08-08,3,RF-05,Unit I,Spinning,RingFrame,2500,2196,87.86
2026-08-08,3,RF-06,Unit I,Spinning,RingFrame,2500,2261,90.46
2026-08-08,3,RF-07,Unit I,Spinning,RingFrame,2500,2431,97.27
2026-08-08,3,RF-08,Unit I,Spinning,RingFrame,2500,2500,100.0
2026-08-08,3,RF-09,Unit I,Spinning,RingFrame,2500,2407,96.3
2026-08-08,3,RF-10,Unit I,Spinning,RingFrame,2500,2474,99.0
2026-08-08,3,RF-11,Unit I,Spinning,RingFrame,2500,2038,81.54
2026-08-08,3,RF-12,Unit I,Spinning,RingFrame,2500,2438,97.53
2026-08-08,3,VTX-01,Unit I,Spinning,Vortex,4700,4310,91.71
2026-08-08,3,VTX-02,Unit I,Spinning,Vortex,4700,4505,95.87
2026-08-08,3,VTX-03,Unit I,Spinning,Vortex,4700,4265,90.76
2026-08-08,3,VTX-04,Unit I,Spinning,Vortex,4700,4469,95.09
2026-08-08,3,VTX-05,Unit I,Spinning,Vortex,4700,4542,96.65
2026-08-08,3,VTX-06,Unit I,Spinning,Vortex,4700,4060,86.39
2026-08-08,3,VTX-07,Unit I,Spinning,Vortex,4700,4157,88.45
2026-08-08,3,VTX-08,Unit I,Spinning,Vortex,4700,4578,97.41
2026-08-08,3,VTX-09,Unit I,Spinning,Vortex,4700,4700,100.0
2026-08-08,3,VTX-10,Unit I,Spinning,Vortex,4700,4643,98.79
2026-08-08,3,VTX-11,Unit I,Spinning,Vortex,4700,4660,99.16
2026-08-08,3,VTX-12,Unit I,Spinning,Vortex,4700,4603,97.94
2026-08-08,3,AJ-01,Unit I,Spinning,Airjet,3750,3750,100.0
2026-08-08,3,AJ-02,Unit I,Spinning,Airjet,3750,3358,89.56
2026-08-08,3,AJ-03,Unit I,Spinning,Airjet,3750,3302,88.07
2026-08-08,3,AJ-04,Unit I,Spinning,Airjet,3750,3561,94.97
2026-08-08,3,AJ-05,Unit I,Spinning,Airjet,3750,3157,84.19
2026-08-09,1,TOY-01,Unit I,Weaving,Toyota,21700,21700,100.0
2026-08-09,1,TOY-02,Unit I,Weaving,Toyota,21700,18250,84.1
2026-08-09,1,TOY-03,Unit I,Weaving,Toyota,21700,20144,92.83
2026-08-09,1,TOY-04,Unit I,Weaving,Toyota,21700,20212,93.15
2026-08-09,1,TOY-05,Unit I,Weaving,Toyota,21700,20536,94.64
2026-08-09,1,TOY-06,Unit I,Weaving,Toyota,21700,20671,95.26
2026-08-09,1,TOY-07,Unit I,Weaving,Toyota,21700,20752,95.64
2026-08-09,1,TOY-08,Unit I,Weaving,Toyota,21700,17531,80.79
2026-08-09,1,TOY-09,Unit I,Weaving,Toyota,21700,20427,94.14
2026-08-09,1,TOY-10,Unit I,Weaving,Toyota,21700,21638,99.72
2026-08-09,1,TOY-11,Unit I,Weaving,Toyota,21700,21098,97.23
2026-08-09,1,TOY-12,Unit I,Weaving,Toyota,21700,19956,91.97
2026-08-09,1,TOY-13,Unit I,Weaving,Toyota,21700,21700,100.0
2026-08-09,1,TOY-14,Unit I,Weaving,Toyota,21700,19141,88.21
2026-08-09,1,TOY-15,Unit I,Weaving,Toyota,21700,20515,94.54
2026-08-09,1,TSU-01,Unit I,Weaving,Tsudakoma,15000,14975,99.83
2026-08-09,1,TSU-02,Unit I,Weaving,Tsudakoma,15000,13707,91.38
2026-08-09,1,TSU-03,Unit I,Weaving,Tsudakoma,15000,14482,96.55
2026-08-09,1,TSU-04,Unit I,Weaving,Tsudakoma,15000,14657,97.72
2026-08-09,1,TSU-05,Unit I,Weaving,Tsudakoma,15000,13604,90.7
2026-08-09,1,TSU-06,Unit I,Weaving,Tsudakoma,15000,14195,94.64
2026-08-09,1,TSU-07,Unit I,Weaving,Tsudakoma,15000,14132,94.22
2026-08-09,1,TSU-08,Unit I,Weaving,Tsudakoma,15000,13836,92.24
2026-08-09,1,TSU-09,Unit I,Weaving,Tsudakoma,15000,15000,100.0
2026-08-09,1,TSU-10,Unit I,Weaving,Tsudakoma,15000,13677,91.18
2026-08-09,1,SUL-01,Unit I,Weaving,Sulzer,2700,2700,100.0
2026-08-09,1,SUL-02,Unit I,Weaving,Sulzer,2700,2511,93.04
2026-08-09,1,SUL-03,Unit I,Weaving,Sulzer,2700,2418,89.57
2026-08-09,1,SUL-04,Unit I,Weaving,Sulzer,2700,2578,95.51
2026-08-09,1,SUL-05,Unit I,Weaving,Sulzer,2700,2652,98.25
2026-08-09,1,RF-01,Unit I,Spinning,RingFrame,2500,2490,99.6
2026-08-09,1,RF-02,Unit I,Spinning,RingFrame,2500,2500,100.0
2026-08-09,1,RF-03,Unit I,Spinning,RingFrame,2500,2500,100.0
2026-08-09,1,RF-04,Unit I,Spinning,RingFrame,2500,2406,96.25
2026-08-09,1,RF-05,Unit I,Spinning,RingFrame,2500,2292,91.68
2026-08-09,1,RF-06,Unit I,Spinning,RingFrame,2500,2431,97.26
2026-08-09,1,RF-07,Unit I,Spinning,RingFrame,2500,2341,93.67
2026-08-09,1,RF-08,Unit I,Spinning,RingFrame,2500,2490,99.63
2026-08-09,1,RF-09,Unit I,Spinning,RingFrame,2500,2212,88.51
2026-08-09,1,RF-10,Unit I,Spinning,RingFrame,2500,2500,100.0
2026-08-09,1,RF-11,Unit I,Spinning,RingFrame,2500,2057,82.28
2026-08-09,1,RF-12,Unit I,Spinning,RingFrame,2500,2164,86.58
2026-08-09,1,VTX-01,Unit I,Spinning,Vortex,4700,4298,91.45
2026-08-09,1,VTX-02,Unit I,Spinning,Vortex,4700,4656,99.08
2026-08-09,1,VTX-03,Unit I,Spinning,Vortex,4700,4700,100.0
2026-08-09,1,VTX-04,Unit I,Spinning,Vortex,4700,4166,88.64
2026-08-09,1,VTX-05,Unit I,Spinning,Vortex,4700,4632,98.57
2026-08-09,1,VTX-06,Unit I,Spinning,Vortex,4700,3208,68.26
2026-08-09,1,VTX-07,Unit I,Spinning,Vortex,4700,4444,94.55
2026-08-09,1,VTX-08,Unit I,Spinning,Vortex,4700,4700,100.0
2026-08-09,1,VTX-09,Unit I,Spinning,Vortex,4700,4335,92.24
2026-08-09,1,VTX-10,Unit I,Spinning,Vortex,4700,4110,87.47
2026-08-09,1,VTX-11,Unit I,Spinning,Vortex,4700,4499,95.73
2026-08-09,1,VTX-12,Unit I,Spinning,Vortex,4700,4322,91.98
2026-08-09,1,AJ-01,Unit I,Spinning,Airjet,3750,3680,98.15
2026-08-09,1,AJ-02,Unit I,Spinning,Airjet,3750,3396,90.57
2026-08-09,1,AJ-03,Unit I,Spinning,Airjet,3750,3417,91.14
2026-08-09,1,AJ-04,Unit I,Spinning,Airjet,3750,3183,84.89
2026-08-09,1,AJ-05,Unit I,Spinning,Airjet,3750,3594,95.85
2026-08-09,2,TOY-01,Unit I,Weaving,Toyota,21700,20440,94.2
2026-08-09,2,TOY-02,Unit I,Weaving,Toyota,21700,15636,72.06
2026-08-09,2,TOY-03,Unit I,Weaving,Toyota,21700,20825,95.97
2026-08-09,2,TOY-04,Unit I,Weaving,Toyota,21700,21700,100.0
2026-08-09,2,TOY-05,Unit I,Weaving,Toyota,21700,20381,93.92
2026-08-09,2,TOY-06,Unit I,Weaving,Toyota,21700,20905,96.34
2026-08-09,2,TOY-07,Unit I,Weaving,Toyota,21700,20911,96.37
2026-08-09,2,TOY-08,Unit I,Weaving,Toyota,21700,15619,71.98
2026-08-09,2,TOY-09,Unit I,Weaving,Toyota,21700,21700,100.0
2026-08-09,2,TOY-10,Unit I,Weaving,Toyota,21700,20104,92.65
2026-08-09,2,TOY-11,Unit I,Weaving,Toyota,21700,21326,98.28
2026-08-09,2,TOY-12,Unit I,Weaving,Toyota,21700,21449,98.85
2026-08-09,2,TOY-13,Unit I,Weaving,Toyota,21700,20463,94.3
2026-08-09,2,TOY-14,Unit I,Weaving,Toyota,21700,21273,98.03
2026-08-09,2,TOY-15,Unit I,Weaving,Toyota,21700,20881,96.23
2026-08-09,2,TSU-01,Unit I,Weaving,Tsudakoma,15000,13186,87.91
2026-08-09,2,TSU-02,Unit I,Weaving,Tsudakoma,15000,14000,93.34
2026-08-09,2,TSU-03,Unit I,Weaving,Tsudakoma,15000,13790,91.94
2026-08-09,2,TSU-04,Unit I,Weaving,Tsudakoma,15000,13903,92.69
2026-08-09,2,TSU-05,Unit I,Weaving,Tsudakoma,15000,13271,88.48
2026-08-09,2,TSU-06,Unit I,Weaving,Tsudakoma,15000,15000,100.0
2026-08-09,2,TSU-07,Unit I,Weaving,Tsudakoma,15000,15000,100.0
2026-08-09,2,TSU-08,Unit I,Weaving,Tsudakoma,15000,14983,99.89
2026-08-09,2,TSU-09,Unit I,Weaving,Tsudakoma,15000,15000,100.0
2026-08-09,2,TSU-10,Unit I,Weaving,Tsudakoma,15000,13991,93.28
2026-08-09,2,SUL-01,Unit I,Weaving,Sulzer,2700,2479,91.82
2026-08-09,2,SUL-02,Unit I,Weaving,Sulzer,2700,2459,91.11
2026-08-09,2,SUL-03,Unit I,Weaving,Sulzer,2700,2651,98.22
2026-08-09,2,SUL-04,Unit I,Weaving,Sulzer,2700,2595,96.14
2026-08-09,2,SUL-05,Unit I,Weaving,Sulzer,2700,2554,94.61
2026-08-09,2,RF-01,Unit I,Spinning,RingFrame,2500,2500,100.0
2026-08-09,2,RF-02,Unit I,Spinning,RingFrame,2500,2425,97.02
2026-08-09,2,RF-03,Unit I,Spinning,RingFrame,2500,2270,90.81
2026-08-09,2,RF-04,Unit I,Spinning,RingFrame,2500,2289,91.6
2026-08-09,2,RF-05,Unit I,Spinning,RingFrame,2500,2460,98.41
2026-08-09,2,RF-06,Unit I,Spinning,RingFrame,2500,2500,100.0
2026-08-09,2,RF-07,Unit I,Spinning,RingFrame,2500,2443,97.76
2026-08-09,2,RF-08,Unit I,Spinning,RingFrame,2500,2500,100.0
2026-08-09,2,RF-09,Unit I,Spinning,RingFrame,2500,2500,100.0
2026-08-09,2,RF-10,Unit I,Spinning,RingFrame,2500,2430,97.21
2026-08-09,2,RF-11,Unit I,Spinning,RingFrame,2500,1845,73.81
2026-08-09,2,RF-12,Unit I,Spinning,RingFrame,2500,2211,88.45
2026-08-09,2,VTX-01,Unit I,Spinning,Vortex,4700,4373,93.06
2026-08-09,2,VTX-02,Unit I,Spinning,Vortex,4700,4642,98.77
2026-08-09,2,VTX-03,Unit I,Spinning,Vortex,4700,4700,100.0
2026-08-09,2,VTX-04,Unit I,Spinning,Vortex,4700,4563,97.09
2026-08-09,2,VTX-05,Unit I,Spinning,Vortex,4700,4700,100.0
2026-08-09,2,VTX-06,Unit I,Spinning,Vortex,4700,3608,76.77
2026-08-09,2,VTX-07,Unit I,Spinning,Vortex,4700,4611,98.11
2026-08-09,2,VTX-08,Unit I,Spinning,Vortex,4700,4658,99.12
2026-08-09,2,VTX-09,Unit I,Spinning,Vortex,4700,3999,85.1
2026-08-09,2,VTX-10,Unit I,Spinning,Vortex,4700,4367,92.93
2026-08-09,2,VTX-11,Unit I,Spinning,Vortex,4700,4688,99.75
2026-08-09,2,VTX-12,Unit I,Spinning,Vortex,4700,4529,96.37
2026-08-09,2,AJ-01,Unit I,Spinning,Airjet,3750,3338,89.02
2026-08-09,2,AJ-02,Unit I,Spinning,Airjet,3750,3106,82.85
2026-08-09,2,AJ-03,Unit I,Spinning,Airjet,3750,3493,93.17
2026-08-09,2,AJ-04,Unit I,Spinning,Airjet,3750,3549,94.64
2026-08-09,2,AJ-05,Unit I,Spinning,Airjet,3750,3396,90.58
2026-08-09,3,TOY-01,Unit I,Weaving,Toyota,21700,20770,95.72
2026-08-09,3,TOY-02,Unit I,Weaving,Toyota,21700,17475,80.53
2026-08-09,3,TOY-03,Unit I,Weaving,Toyota,21700,21342,98.35
2026-08-09,3,TOY-04,Unit I,Weaving,Toyota,21700,18058,83.22
2026-08-09,3,TOY-05,Unit I,Weaving,Toyota,21700,19189,88.43
2026-08-09,3,TOY-06,Unit I,Weaving,Toyota,21700,20284,93.48
2026-08-09,3,TOY-07,Unit I,Weaving,Toyota,21700,21235,97.86
2026-08-09,3,TOY-08,Unit I,Weaving,Toyota,21700,17456,80.45
2026-08-09,3,TOY-09,Unit I,Weaving,Toyota,21700,21126,97.36
2026-08-09,3,TOY-10,Unit I,Weaving,Toyota,21700,20198,93.08
2026-08-09,3,TOY-11,Unit I,Weaving,Toyota,21700,20259,93.36
2026-08-09,3,TOY-12,Unit I,Weaving,Toyota,21700,19824,91.36
2026-08-09,3,TOY-13,Unit I,Weaving,Toyota,21700,21448,98.84
2026-08-09,3,TOY-14,Unit I,Weaving,Toyota,21700,19616,90.4
2026-08-09,3,TOY-15,Unit I,Weaving,Toyota,21700,21537,99.25
2026-08-09,3,TSU-01,Unit I,Weaving,Tsudakoma,15000,14405,96.04
2026-08-09,3,TSU-02,Unit I,Weaving,Tsudakoma,15000,14216,94.77
2026-08-09,3,TSU-03,Unit I,Weaving,Tsudakoma,15000,13757,91.72
2026-08-09,3,TSU-04,Unit I,Weaving,Tsudakoma,15000,13233,88.22
2026-08-09,3,TSU-05,Unit I,Weaving,Tsudakoma,15000,13764,91.76
2026-08-09,3,TSU-06,Unit I,Weaving,Tsudakoma,15000,14002,93.35
2026-08-09,3,TSU-07,Unit I,Weaving,Tsudakoma,15000,12473,83.15
2026-08-09,3,TSU-08,Unit I,Weaving,Tsudakoma,15000,14101,94.01
2026-08-09,3,TSU-09,Unit I,Weaving,Tsudakoma,15000,14943,99.62
2026-08-09,3,TSU-10,Unit I,Weaving,Tsudakoma,15000,14675,97.84
2026-08-09,3,SUL-01,Unit I,Weaving,Sulzer,2700,2498,92.52
2026-08-09,3,SUL-02,Unit I,Weaving,Sulzer,2700,2571,95.23
2026-08-09,3,SUL-03,Unit I,Weaving,Sulzer,2700,2489,92.22
2026-08-09,3,SUL-04,Unit I,Weaving,Sulzer,2700,2585,95.74
2026-08-09,3,SUL-05,Unit I,Weaving,Sulzer,2700,2700,100.0
2026-08-09,3,RF-01,Unit I,Spinning,RingFrame,2500,2496,99.84
2026-08-09,3,RF-02,Unit I,Spinning,RingFrame,2500,2440,97.6
2026-08-09,3,RF-03,Unit I,Spinning,RingFrame,2500,2313,92.54
2026-08-09,3,RF-04,Unit I,Spinning,RingFrame,2500,2468,98.75
2026-08-09,3,RF-05,Unit I,Spinning,RingFrame,2500,2164,86.57
2026-08-09,3,RF-06,Unit I,Spinning,RingFrame,2500,2343,93.74
2026-08-09,3,RF-07,Unit I,Spinning,RingFrame,2500,2447,97.92
2026-08-09,3,RF-08,Unit I,Spinning,RingFrame,2500,2467,98.7
2026-08-09,3,RF-09,Unit I,Spinning,RingFrame,2500,2458,98.35
2026-08-09,3,RF-10,Unit I,Spinning,RingFrame,2500,2411,96.47
2026-08-09,3,RF-11,Unit I,Spinning,RingFrame,2500,1925,77.02
2026-08-09,3,RF-12,Unit I,Spinning,RingFrame,2500,2442,97.69
2026-08-09,3,VTX-01,Unit I,Spinning,Vortex,4700,4241,90.24
2026-08-09,3,VTX-02,Unit I,Spinning,Vortex,4700,4266,90.78
2026-08-09,3,VTX-03,Unit I,Spinning,Vortex,4700,4479,95.31
2026-08-09,3,VTX-04,Unit I,Spinning,Vortex,4700,4505,95.87
2026-08-09,3,VTX-05,Unit I,Spinning,Vortex,4700,4035,85.87
2026-08-09,3,VTX-06,Unit I,Spinning,Vortex,4700,3772,80.28
2026-08-09,3,VTX-07,Unit I,Spinning,Vortex,4700,4646,98.86
2026-08-09,3,VTX-08,Unit I,Spinning,Vortex,4700,4446,94.61
2026-08-09,3,VTX-09,Unit I,Spinning,Vortex,4700,4700,100.0
2026-08-09,3,VTX-10,Unit I,Spinning,Vortex,4700,4304,91.59
2026-08-09,3,VTX-11,Unit I,Spinning,Vortex,4700,4380,93.19
2026-08-09,3,VTX-12,Unit I,Spinning,Vortex,4700,4372,93.02
2026-08-09,3,AJ-01,Unit I,Spinning,Airjet,3750,3548,94.62
2026-08-09,3,AJ-02,Unit I,Spinning,Airjet,3750,3500,93.36
2026-08-09,3,AJ-03,Unit I,Spinning,Airjet,3750,3298,87.97
2026-08-09,3,AJ-04,Unit I,Spinning,Airjet,3750,3460,92.27
2026-08-09,3,AJ-05,Unit I,Spinning,Airjet,3750,3544,94.51
2026-08-10,1,TOY-01,Unit I,Weaving,Toyota,21700,21700,100.0
2026-08-10,1,TOY-02,Unit I,Weaving,Toyota,21700,19315,89.01
2026-08-10,1,TOY-03,Unit I,Weaving,Toyota,21700,21700,100.0
2026-08-10,1,TOY-04,Unit I,Weaving,Toyota,21700,19773,91.12
2026-08-10,1,TOY-05,Unit I,Weaving,Toyota,21700,19860,91.52
2026-08-10,1,TOY-06,Unit I,Weaving,Toyota,21700,20442,94.2
2026-08-10,1,TOY-07,Unit I,Weaving,Toyota,21700,21700,100.0
2026-08-10,1,TOY-08,Unit I,Weaving,Toyota,21700,16746,77.17
2026-08-10,1,TOY-09,Unit I,Weaving,Toyota,21700,19174,88.36
2026-08-10,1,TOY-10,Unit I,Weaving,Toyota,21700,20071,92.49
2026-08-10,1,TOY-11,Unit I,Weaving,Toyota,21700,21436,98.79
2026-08-10,1,TOY-12,Unit I,Weaving,Toyota,21700,21363,98.45
2026-08-10,1,TOY-13,Unit I,Weaving,Toyota,21700,20397,94.0
2026-08-10,1,TOY-14,Unit I,Weaving,Toyota,21700,21356,98.42
2026-08-10,1,TOY-15,Unit I,Weaving,Toyota,21700,18148,83.63
2026-08-10,1,TSU-01,Unit I,Weaving,Tsudakoma,15000,14327,95.52
2026-08-10,1,TSU-02,Unit I,Weaving,Tsudakoma,15000,14895,99.3
2026-08-10,1,TSU-03,Unit I,Weaving,Tsudakoma,15000,13625,90.84
2026-08-10,1,TSU-04,Unit I,Weaving,Tsudakoma,15000,13622,90.82
2026-08-10,1,TSU-05,Unit I,Weaving,Tsudakoma,15000,12850,85.67
2026-08-10,1,TSU-06,Unit I,Weaving,Tsudakoma,15000,15000,100.0
2026-08-10,1,TSU-07,Unit I,Weaving,Tsudakoma,15000,13709,91.4
2026-08-10,1,TSU-08,Unit I,Weaving,Tsudakoma,15000,14430,96.21
2026-08-10,1,TSU-09,Unit I,Weaving,Tsudakoma,15000,14702,98.02
2026-08-10,1,TSU-10,Unit I,Weaving,Tsudakoma,15000,15000,100.0
2026-08-10,1,SUL-01,Unit I,Weaving,Sulzer,2700,2544,94.23
2026-08-10,1,SUL-02,Unit I,Weaving,Sulzer,2700,2492,92.3
2026-08-10,1,SUL-03,Unit I,Weaving,Sulzer,2700,2588,95.87
2026-08-10,1,SUL-04,Unit I,Weaving,Sulzer,2700,2700,100.0
2026-08-10,1,SUL-05,Unit I,Weaving,Sulzer,2700,2542,94.15
2026-08-10,1,RF-01,Unit I,Spinning,RingFrame,2500,2255,90.23
2026-08-10,1,RF-02,Unit I,Spinning,RingFrame,2500,2182,87.3
2026-08-10,1,RF-03,Unit I,Spinning,RingFrame,2500,2222,88.89
2026-08-10,1,RF-04,Unit I,Spinning,RingFrame,2500,2483,99.32
2026-08-10,1,RF-05,Unit I,Spinning,RingFrame,2500,2334,93.4
2026-08-10,1,RF-06,Unit I,Spinning,RingFrame,2500,2299,91.96
2026-08-10,1,RF-07,Unit I,Spinning,RingFrame,2500,2285,91.42
2026-08-10,1,RF-08,Unit I,Spinning,RingFrame,2500,2385,95.43
2026-08-10,1,RF-09,Unit I,Spinning,RingFrame,2500,2345,93.8
2026-08-10,1,RF-10,Unit I,Spinning,RingFrame,2500,2340,93.63
2026-08-10,1,RF-11,Unit I,Spinning,RingFrame,2500,2118,84.75
2026-08-10,1,RF-12,Unit I,Spinning,RingFrame,2500,2500,100.0
2026-08-10,1,VTX-01,Unit I,Spinning,Vortex,4700,4086,86.95
2026-08-10,1,VTX-02,Unit I,Spinning,Vortex,4700,4541,96.64
2026-08-10,1,VTX-03,Unit I,Spinning,Vortex,4700,4282,91.12
2026-08-10,1,VTX-04,Unit I,Spinning,Vortex,4700,4406,93.76
2026-08-10,1,VTX-05,Unit I,Spinning,Vortex,4700,4537,96.55
2026-08-10,1,VTX-06,Unit I,Spinning,Vortex,4700,3616,76.94
2026-08-10,1,VTX-07,Unit I,Spinning,Vortex,4700,4519,96.15
2026-08-10,1,VTX-08,Unit I,Spinning,Vortex,4700,4623,98.36
2026-08-10,1,VTX-09,Unit I,Spinning,Vortex,4700,4534,96.47
2026-08-10,1,VTX-10,Unit I,Spinning,Vortex,4700,4312,91.77
2026-08-10,1,VTX-11,Unit I,Spinning,Vortex,4700,4317,91.85
2026-08-10,1,VTX-12,Unit I,Spinning,Vortex,4700,4126,87.8
2026-08-10,1,AJ-01,Unit I,Spinning,Airjet,3750,3402,90.73
2026-08-10,1,AJ-02,Unit I,Spinning,Airjet,3750,3750,100.0
2026-08-10,1,AJ-03,Unit I,Spinning,Airjet,3750,3413,91.04
2026-08-10,1,AJ-04,Unit I,Spinning,Airjet,3750,3338,89.03
2026-08-10,1,AJ-05,Unit I,Spinning,Airjet,3750,3622,96.6
2026-08-10,2,TOY-01,Unit I,Weaving,Toyota,21700,20495,94.45
2026-08-10,2,TOY-02,Unit I,Weaving,Toyota,21700,16713,77.02
2026-08-10,2,TOY-03,Unit I,Weaving,Toyota,21700,21700,100.0
2026-08-10,2,TOY-04,Unit I,Weaving,Toyota,21700,21210,97.75
2026-08-10,2,TOY-05,Unit I,Weaving,Toyota,21700,20039,92.35
2026-08-10,2,TOY-06,Unit I,Weaving,Toyota,21700,20154,92.88
2026-08-10,2,TOY-07,Unit I,Weaving,Toyota,21700,20069,92.49
2026-08-10,2,TOY-08,Unit I,Weaving,Toyota,21700,17875,82.37
2026-08-10,2,TOY-09,Unit I,Weaving,Toyota,21700,20280,93.46
2026-08-10,2,TOY-10,Unit I,Weaving,Toyota,21700,18669,86.03
2026-08-10,2,TOY-11,Unit I,Weaving,Toyota,21700,20562,94.76
2026-08-10,2,TOY-12,Unit I,Weaving,Toyota,21700,18947,87.31
2026-08-10,2,TOY-13,Unit I,Weaving,Toyota,21700,21700,100.0
2026-08-10,2,TOY-14,Unit I,Weaving,Toyota,21700,19567,90.17
2026-08-10,2,TOY-15,Unit I,Weaving,Toyota,21700,20439,94.19
2026-08-10,2,TSU-01,Unit I,Weaving,Tsudakoma,15000,14443,96.29
2026-08-10,2,TSU-02,Unit I,Weaving,Tsudakoma,15000,14033,93.56
2026-08-10,2,TSU-03,Unit I,Weaving,Tsudakoma,15000,14032,93.55
2026-08-10,2,TSU-04,Unit I,Weaving,Tsudakoma,15000,14566,97.11
2026-08-10,2,TSU-05,Unit I,Weaving,Tsudakoma,15000,15000,100.0
2026-08-10,2,TSU-06,Unit I,Weaving,Tsudakoma,15000,14825,98.84
2026-08-10,2,TSU-07,Unit I,Weaving,Tsudakoma,15000,15000,100.0
2026-08-10,2,TSU-08,Unit I,Weaving,Tsudakoma,15000,13465,89.77
2026-08-10,2,TSU-09,Unit I,Weaving,Tsudakoma,15000,14488,96.59
2026-08-10,2,TSU-10,Unit I,Weaving,Tsudakoma,15000,14366,95.78
2026-08-10,2,SUL-01,Unit I,Weaving,Sulzer,2700,2612,96.76
2026-08-10,2,SUL-02,Unit I,Weaving,Sulzer,2700,2700,100.0
2026-08-10,2,SUL-03,Unit I,Weaving,Sulzer,2700,2535,93.9
2026-08-10,2,SUL-04,Unit I,Weaving,Sulzer,2700,2510,92.97
2026-08-10,2,SUL-05,Unit I,Weaving,Sulzer,2700,2637,97.67
2026-08-10,2,RF-01,Unit I,Spinning,RingFrame,2500,2152,86.11
2026-08-10,2,RF-02,Unit I,Spinning,RingFrame,2500,2345,93.82
2026-08-10,2,RF-03,Unit I,Spinning,RingFrame,2500,2358,94.33
2026-08-10,2,RF-04,Unit I,Spinning,RingFrame,2500,2259,90.4
2026-08-10,2,RF-05,Unit I,Spinning,RingFrame,2500,2500,100.0
2026-08-10,2,RF-06,Unit I,Spinning,RingFrame,2500,2242,89.69
2026-08-10,2,RF-07,Unit I,Spinning,RingFrame,2500,2358,94.32
2026-08-10,2,RF-08,Unit I,Spinning,RingFrame,2500,2411,96.47
2026-08-10,2,RF-09,Unit I,Spinning,RingFrame,2500,2500,100.0
2026-08-10,2,RF-10,Unit I,Spinning,RingFrame,2500,2373,94.95
2026-08-10,2,RF-11,Unit I,Spinning,RingFrame,2500,2067,82.68
2026-08-10,2,RF-12,Unit I,Spinning,RingFrame,2500,2462,98.5
2026-08-10,2,VTX-01,Unit I,Spinning,Vortex,4700,4494,95.62
2026-08-10,2,VTX-02,Unit I,Spinning,Vortex,4700,4208,89.55
2026-08-10,2,VTX-03,Unit I,Spinning,Vortex,4700,4127,87.83
2026-08-10,2,VTX-04,Unit I,Spinning,Vortex,4700,4490,95.53
2026-08-10,2,VTX-05,Unit I,Spinning,Vortex,4700,4337,92.29
2026-08-10,2,VTX-06,Unit I,Spinning,Vortex,4700,3882,82.6
2026-08-10,2,VTX-07,Unit I,Spinning,Vortex,4700,4640,98.73
2026-08-10,2,VTX-08,Unit I,Spinning,Vortex,4700,4421,94.08
2026-08-10,2,VTX-09,Unit I,Spinning,Vortex,4700,4192,89.21
2026-08-10,2,VTX-10,Unit I,Spinning,Vortex,4700,4585,97.55
2026-08-10,2,VTX-11,Unit I,Spinning,Vortex,4700,4225,89.91
2026-08-10,2,VTX-12,Unit I,Spinning,Vortex,4700,4286,91.21
2026-08-10,2,AJ-01,Unit I,Spinning,Airjet,3750,3378,90.1
2026-08-10,2,AJ-02,Unit I,Spinning,Airjet,3750,3536,94.31
2026-08-10,2,AJ-03,Unit I,Spinning,Airjet,3750,3750,100.0
2026-08-10,2,AJ-04,Unit I,Spinning,Airjet,3750,3561,94.97
2026-08-10,2,AJ-05,Unit I,Spinning,Airjet,3750,3479,92.78
2026-08-10,3,TOY-01,Unit I,Weaving,Toyota,21700,18959,87.37
2026-08-10,3,TOY-02,Unit I,Weaving,Toyota,21700,17525,80.76
2026-08-10,3,TOY-03,Unit I,Weaving,Toyota,21700,19768,91.1
2026-08-10,3,TOY-04,Unit I,Weaving,Toyota,21700,20742,95.59
2026-08-10,3,TOY-05,Unit I,Weaving,Toyota,21700,20230,93.23
2026-08-10,3,TOY-06,Unit I,Weaving,Toyota,21700,21524,99.19
2026-08-10,3,TOY-07,Unit I,Weaving,Toyota,21700,20444,94.21
2026-08-10,3,TOY-08,Unit I,Weaving,Toyota,21700,16862,77.71
2026-08-10,3,TOY-09,Unit I,Weaving,Toyota,21700,21142,97.43
2026-08-10,3,TOY-10,Unit I,Weaving,Toyota,21700,21700,100.0
2026-08-10,3,TOY-11,Unit I,Weaving,Toyota,21700,21578,99.44
2026-08-10,3,TOY-12,Unit I,Weaving,Toyota,21700,20518,94.56
2026-08-10,3,TOY-13,Unit I,Weaving,Toyota,21700,20618,95.02
2026-08-10,3,TOY-14,Unit I,Weaving,Toyota,21700,20045,92.38
2026-08-10,3,TOY-15,Unit I,Weaving,Toyota,21700,19584,90.25
2026-08-10,3,TSU-01,Unit I,Weaving,Tsudakoma,15000,13835,92.24
2026-08-10,3,TSU-02,Unit I,Weaving,Tsudakoma,15000,13670,91.14
2026-08-10,3,TSU-03,Unit I,Weaving,Tsudakoma,15000,14740,98.27
2026-08-10,3,TSU-04,Unit I,Weaving,Tsudakoma,15000,13446,89.64
2026-08-10,3,TSU-05,Unit I,Weaving,Tsudakoma,15000,15000,100.0
2026-08-10,3,TSU-06,Unit I,Weaving,Tsudakoma,15000,14814,98.76
2026-08-10,3,TSU-07,Unit I,Weaving,Tsudakoma,15000,14265,95.1
2026-08-10,3,TSU-08,Unit I,Weaving,Tsudakoma,15000,14250,95.0
2026-08-10,3,TSU-09,Unit I,Weaving,Tsudakoma,15000,13832,92.21
2026-08-10,3,TSU-10,Unit I,Weaving,Tsudakoma,15000,14452,96.35
2026-08-10,3,SUL-01,Unit I,Weaving,Sulzer,2700,2700,100.0
2026-08-10,3,SUL-02,Unit I,Weaving,Sulzer,2700,2470,91.48
2026-08-10,3,SUL-03,Unit I,Weaving,Sulzer,2700,2357,87.33
2026-08-10,3,SUL-04,Unit I,Weaving,Sulzer,2700,2659,98.52
2026-08-10,3,SUL-05,Unit I,Weaving,Sulzer,2700,2608,96.62
2026-08-10,3,RF-01,Unit I,Spinning,RingFrame,2500,2234,89.4
2026-08-10,3,RF-02,Unit I,Spinning,RingFrame,2500,2283,91.33
2026-08-10,3,RF-03,Unit I,Spinning,RingFrame,2500,2267,90.7
2026-08-10,3,RF-04,Unit I,Spinning,RingFrame,2500,2284,91.38
2026-08-10,3,RF-05,Unit I,Spinning,RingFrame,2500,2334,93.38
2026-08-10,3,RF-06,Unit I,Spinning,RingFrame,2500,2341,93.67
2026-08-10,3,RF-07,Unit I,Spinning,RingFrame,2500,2293,91.75
2026-08-10,3,RF-08,Unit I,Spinning,RingFrame,2500,2280,91.21
2026-08-10,3,RF-09,Unit I,Spinning,RingFrame,2500,2346,93.86
2026-08-10,3,RF-10,Unit I,Spinning,RingFrame,2500,2395,95.84
2026-08-10,3,RF-11,Unit I,Spinning,RingFrame,2500,1910,76.42
2026-08-10,3,RF-12,Unit I,Spinning,RingFrame,2500,2500,100.0
2026-08-10,3,VTX-01,Unit I,Spinning,Vortex,4700,4584,97.54
2026-08-10,3,VTX-02,Unit I,Spinning,Vortex,4700,4091,87.05
2026-08-10,3,VTX-03,Unit I,Spinning,Vortex,4700,4588,97.62
2026-08-10,3,VTX-04,Unit I,Spinning,Vortex,4700,4607,98.03
2026-08-10,3,VTX-05,Unit I,Spinning,Vortex,4700,4362,92.83
2026-08-10,3,VTX-06,Unit I,Spinning,Vortex,4700,3314,70.52
2026-08-10,3,VTX-07,Unit I,Spinning,Vortex,4700,4466,95.04
2026-08-10,3,VTX-08,Unit I,Spinning,Vortex,4700,4463,94.96
2026-08-10,3,VTX-09,Unit I,Spinning,Vortex,4700,4201,89.39
2026-08-10,3,VTX-10,Unit I,Spinning,Vortex,4700,4123,87.74
2026-08-10,3,VTX-11,Unit I,Spinning,Vortex,4700,4444,94.56
2026-08-10,3,VTX-12,Unit I,Spinning,Vortex,4700,4410,93.83
2026-08-10,3,AJ-01,Unit I,Spinning,Airjet,3750,3484,92.91
2026-08-10,3,AJ-02,Unit I,Spinning,Airjet,3750,3546,94.58
2026-08-10,3,AJ-03,Unit I,Spinning,Airjet,3750,3355,89.49
2026-08-10,3,AJ-04,Unit I,Spinning,Airjet,3750,3480,92.83
2026-08-10,3,AJ-05,Unit I,Spinning,Airjet,3750,3662,97.67
2026-08-11,1,TOY-01,Unit I,Weaving,Toyota,21700,20235,93.25
2026-08-11,1,TOY-02,Unit I,Weaving,Toyota,21700,15111,69.64
2026-08-11,1,TOY-03,Unit I,Weaving,Toyota,21700,20102,92.64
2026-08-11,1,TOY-04,Unit I,Weaving,Toyota,21700,19453,89.65
2026-08-11,1,TOY-05,Unit I,Weaving,Toyota,21700,20904,96.34
2026-08-11,1,TOY-06,Unit I,Weaving,Toyota,21700,20960,96.59
2026-08-11,1,TOY-07,Unit I,Weaving,Toyota,21700,18815,86.71
2026-08-11,1,TOY-08,Unit I,Weaving,Toyota,21700,17749,81.8
2026-08-11,1,TOY-09,Unit I,Weaving,Toyota,21700,19408,89.44
2026-08-11,1,TOY-10,Unit I,Weaving,Toyota,21700,21700,100.0
2026-08-11,1,TOY-11,Unit I,Weaving,Toyota,21700,20562,94.76
2026-08-11,1,TOY-12,Unit I,Weaving,Toyota,21700,19262,88.77
2026-08-11,1,TOY-13,Unit I,Weaving,Toyota,21700,19375,89.29
2026-08-11,1,TOY-14,Unit I,Weaving,Toyota,21700,20992,96.74
2026-08-11,1,TOY-15,Unit I,Weaving,Toyota,21700,20190,93.04
2026-08-11,1,TSU-01,Unit I,Weaving,Tsudakoma,15000,14177,94.52
2026-08-11,1,TSU-02,Unit I,Weaving,Tsudakoma,15000,15000,100.0
2026-08-11,1,TSU-03,Unit I,Weaving,Tsudakoma,15000,13725,91.5
2026-08-11,1,TSU-04,Unit I,Weaving,Tsudakoma,15000,14294,95.3
2026-08-11,1,TSU-05,Unit I,Weaving,Tsudakoma,15000,15000,100.0
2026-08-11,1,TSU-06,Unit I,Weaving,Tsudakoma,15000,14452,96.35
2026-08-11,1,TSU-07,Unit I,Weaving,Tsudakoma,15000,13045,86.97
2026-08-11,1,TSU-08,Unit I,Weaving,Tsudakoma,15000,14629,97.53
2026-08-11,1,TSU-09,Unit I,Weaving,Tsudakoma,15000,13377,89.18
2026-08-11,1,TSU-10,Unit I,Weaving,Tsudakoma,15000,15000,100.0
2026-08-11,1,SUL-01,Unit I,Weaving,Sulzer,2700,2453,90.89
2026-08-11,1,SUL-02,Unit I,Weaving,Sulzer,2700,2700,100.0
2026-08-11,1,SUL-03,Unit I,Weaving,Sulzer,2700,2700,100.0
2026-08-11,1,SUL-04,Unit I,Weaving,Sulzer,2700,2457,91.02
2026-08-11,1,SUL-05,Unit I,Weaving,Sulzer,2700,2567,95.1
2026-08-11,1,RF-01,Unit I,Spinning,RingFrame,2500,2469,98.77
2026-08-11,1,RF-02,Unit I,Spinning,RingFrame,2500,2472,98.92
2026-08-11,1,RF-03,Unit I,Spinning,RingFrame,2500,2430,97.21
2026-08-11,1,RF-04,Unit I,Spinning,RingFrame,2500,2500,100.0
2026-08-11,1,RF-05,Unit I,Spinning,RingFrame,2500,2359,94.39
2026-08-11,1,RF-06,Unit I,Spinning,RingFrame,2500,2329,93.17
2026-08-11,1,RF-07,Unit I,Spinning,RingFrame,2500,2331,93.27
2026-08-11,1,RF-08,Unit I,Spinning,RingFrame,2500,2482,99.29
2026-08-11,1,RF-09,Unit I,Spinning,RingFrame,2500,2420,96.83
2026-08-11,1,RF-10,Unit I,Spinning,RingFrame,2500,2411,96.46
2026-08-11,1,RF-11,Unit I,Spinning,RingFrame,2500,2049,81.98
2026-08-11,1,RF-12,Unit I,Spinning,RingFrame,2500,2118,84.74
2026-08-11,1,VTX-01,Unit I,Spinning,Vortex,4700,4537,96.55
2026-08-11,1,VTX-02,Unit I,Spinning,Vortex,4700,4516,96.09
2026-08-11,1,VTX-03,Unit I,Spinning,Vortex,4700,4700,100.0
2026-08-11,1,VTX-04,Unit I,Spinning,Vortex,4700,4105,87.36
2026-08-11,1,VTX-05,Unit I,Spinning,Vortex,4700,4700,100.0
2026-08-11,1,VTX-06,Unit I,Spinning,Vortex,4700,3683,78.38
2026-08-11,1,VTX-07,Unit I,Spinning,Vortex,4700,4579,97.44
2026-08-11,1,VTX-08,Unit I,Spinning,Vortex,4700,4700,100.0
2026-08-11,1,VTX-09,Unit I,Spinning,Vortex,4700,4596,97.8
2026-08-11,1,VTX-10,Unit I,Spinning,Vortex,4700,4559,97.0
2026-08-11,1,VTX-11,Unit I,Spinning,Vortex,4700,4521,96.21
2026-08-11,1,VTX-12,Unit I,Spinning,Vortex,4700,4351,92.58
2026-08-11,1,AJ-01,Unit I,Spinning,Airjet,3750,3557,94.86
2026-08-11,1,AJ-02,Unit I,Spinning,Airjet,3750,3428,91.42
2026-08-11,1,AJ-03,Unit I,Spinning,Airjet,3750,3554,94.78
2026-08-11,1,AJ-04,Unit I,Spinning,Airjet,3750,3124,83.32
2026-08-11,1,AJ-05,Unit I,Spinning,Airjet,3750,3642,97.15
2026-08-11,2,TOY-01,Unit I,Weaving,Toyota,21700,20482,94.39
2026-08-11,2,TOY-02,Unit I,Weaving,Toyota,21700,16561,76.32
2026-08-11,2,TOY-03,Unit I,Weaving,Toyota,21700,20853,96.1
2026-08-11,2,TOY-04,Unit I,Weaving,Toyota,21700,19059,87.83
2026-08-11,2,TOY-05,Unit I,Weaving,Toyota,21700,21700,100.0
2026-08-11,2,TOY-06,Unit I,Weaving,Toyota,21700,20503,94.49
2026-08-11,2,TOY-07,Unit I,Weaving,Toyota,21700,20456,94.27
2026-08-11,2,TOY-08,Unit I,Weaving,Toyota,21700,15878,73.17
2026-08-11,2,TOY-09,Unit I,Weaving,Toyota,21700,20640,95.12
2026-08-11,2,TOY-10,Unit I,Weaving,Toyota,21700,21700,100.0
2026-08-11,2,TOY-11,Unit I,Weaving,Toyota,21700,21700,100.0
2026-08-11,2,TOY-12,Unit I,Weaving,Toyota,21700,21542,99.27
2026-08-11,2,TOY-13,Unit I,Weaving,Toyota,21700,21207,97.73
2026-08-11,2,TOY-14,Unit I,Weaving,Toyota,21700,20225,93.21
2026-08-11,2,TOY-15,Unit I,Weaving,Toyota,21700,19041,87.75
2026-08-11,2,TSU-01,Unit I,Weaving,Tsudakoma,15000,14099,93.99
2026-08-11,2,TSU-02,Unit I,Weaving,Tsudakoma,15000,14073,93.82
2026-08-11,2,TSU-03,Unit I,Weaving,Tsudakoma,15000,15000,100.0
2026-08-11,2,TSU-04,Unit I,Weaving,Tsudakoma,15000,14482,96.55
2026-08-11,2,TSU-05,Unit I,Weaving,Tsudakoma,15000,15000,100.0
2026-08-11,2,TSU-06,Unit I,Weaving,Tsudakoma,15000,15000,100.0
2026-08-11,2,TSU-07,Unit I,Weaving,Tsudakoma,15000,13907,92.72
2026-08-11,2,TSU-08,Unit I,Weaving,Tsudakoma,15000,12903,86.02
2026-08-11,2,TSU-09,Unit I,Weaving,Tsudakoma,15000,15000,100.0
2026-08-11,2,TSU-10,Unit I,Weaving,Tsudakoma,15000,15000,100.0
2026-08-11,2,SUL-01,Unit I,Weaving,Sulzer,2700,2380,88.17
2026-08-11,2,SUL-02,Unit I,Weaving,Sulzer,2700,2700,100.0
2026-08-11,2,SUL-03,Unit I,Weaving,Sulzer,2700,2616,96.91
2026-08-11,2,SUL-04,Unit I,Weaving,Sulzer,2700,2586,95.8
2026-08-11,2,SUL-05,Unit I,Weaving,Sulzer,2700,2700,100.0
2026-08-11,2,RF-01,Unit I,Spinning,RingFrame,2500,2500,100.0
2026-08-11,2,RF-02,Unit I,Spinning,RingFrame,2500,2456,98.26
2026-08-11,2,RF-03,Unit I,Spinning,RingFrame,2500,2434,97.37
2026-08-11,2,RF-04,Unit I,Spinning,RingFrame,2500,2452,98.08
2026-08-11,2,RF-05,Unit I,Spinning,RingFrame,2500,2324,93.0
2026-08-11,2,RF-06,Unit I,Spinning,RingFrame,2500,2368,94.72
2026-08-11,2,RF-07,Unit I,Spinning,RingFrame,2500,2262,90.49
2026-08-11,2,RF-08,Unit I,Spinning,RingFrame,2500,2333,93.33
2026-08-11,2,RF-09,Unit I,Spinning,RingFrame,2500,2329,93.17
2026-08-11,2,RF-10,Unit I,Spinning,RingFrame,2500,2295,91.82
2026-08-11,2,RF-11,Unit I,Spinning,RingFrame,2500,1967,78.68
2026-08-11,2,RF-12,Unit I,Spinning,RingFrame,2500,2334,93.38
2026-08-11,2,VTX-01,Unit I,Spinning,Vortex,4700,4583,97.51
2026-08-11,2,VTX-02,Unit I,Spinning,Vortex,4700,4083,86.89
2026-08-11,2,VTX-03,Unit I,Spinning,Vortex,4700,4438,94.43
2026-08-11,2,VTX-04,Unit I,Spinning,Vortex,4700,4495,95.66
2026-08-11,2,VTX-05,Unit I,Spinning,Vortex,4700,4392,93.45
2026-08-11,2,VTX-06,Unit I,Spinning,Vortex,4700,3625,77.14
2026-08-11,2,VTX-07,Unit I,Spinning,Vortex,4700,4092,87.07
2026-08-11,2,VTX-08,Unit I,Spinning,Vortex,4700,4548,96.78
2026-08-11,2,VTX-09,Unit I,Spinning,Vortex,4700,4617,98.24
2026-08-11,2,VTX-10,Unit I,Spinning,Vortex,4700,4580,97.47
2026-08-11,2,VTX-11,Unit I,Spinning,Vortex,4700,4700,100.0
2026-08-11,2,VTX-12,Unit I,Spinning,Vortex,4700,4512,96.01
2026-08-11,2,AJ-01,Unit I,Spinning,Airjet,3750,3652,97.39
2026-08-11,2,AJ-02,Unit I,Spinning,Airjet,3750,3591,95.78
2026-08-11,2,AJ-03,Unit I,Spinning,Airjet,3750,3691,98.44
2026-08-11,2,AJ-04,Unit I,Spinning,Airjet,3750,3266,87.11
2026-08-11,2,AJ-05,Unit I,Spinning,Airjet,3750,3394,90.53
2026-08-11,3,TOY-01,Unit I,Weaving,Toyota,21700,21700,100.0
2026-08-11,3,TOY-02,Unit I,Weaving,Toyota,21700,14256,65.7
2026-08-11,3,TOY-03,Unit I,Weaving,Toyota,21700,20462,94.3
2026-08-11,3,TOY-04,Unit I,Weaving,Toyota,21700,21700,100.0
2026-08-11,3,TOY-05,Unit I,Weaving,Toyota,21700,20513,94.53
2026-08-11,3,TOY-06,Unit I,Weaving,Toyota,21700,20175,92.97
2026-08-11,3,TOY-07,Unit I,Weaving,Toyota,21700,20755,95.65
2026-08-11,3,TOY-08,Unit I,Weaving,Toyota,21700,16542,76.23
2026-08-11,3,TOY-09,Unit I,Weaving,Toyota,21700,20648,95.15
2026-08-11,3,TOY-10,Unit I,Weaving,Toyota,21700,19873,91.58
2026-08-11,3,TOY-11,Unit I,Weaving,Toyota,21700,21700,100.0
2026-08-11,3,TOY-12,Unit I,Weaving,Toyota,21700,21700,100.0
2026-08-11,3,TOY-13,Unit I,Weaving,Toyota,21700,20470,94.33
2026-08-11,3,TOY-14,Unit I,Weaving,Toyota,21700,19110,88.07
2026-08-11,3,TOY-15,Unit I,Weaving,Toyota,21700,20046,92.38
2026-08-11,3,TSU-01,Unit I,Weaving,Tsudakoma,15000,14112,94.08
2026-08-11,3,TSU-02,Unit I,Weaving,Tsudakoma,15000,14629,97.53
2026-08-11,3,TSU-03,Unit I,Weaving,Tsudakoma,15000,13493,89.96
2026-08-11,3,TSU-04,Unit I,Weaving,Tsudakoma,15000,13673,91.15
2026-08-11,3,TSU-05,Unit I,Weaving,Tsudakoma,15000,14633,97.55
2026-08-11,3,TSU-06,Unit I,Weaving,Tsudakoma,15000,14954,99.69
2026-08-11,3,TSU-07,Unit I,Weaving,Tsudakoma,15000,13783,91.89
2026-08-11,3,TSU-08,Unit I,Weaving,Tsudakoma,15000,13250,88.33
2026-08-11,3,TSU-09,Unit I,Weaving,Tsudakoma,15000,15000,100.0
2026-08-11,3,TSU-10,Unit I,Weaving,Tsudakoma,15000,14837,98.92
2026-08-11,3,SUL-01,Unit I,Weaving,Sulzer,2700,2528,93.66
2026-08-11,3,SUL-02,Unit I,Weaving,Sulzer,2700,2682,99.35
2026-08-11,3,SUL-03,Unit I,Weaving,Sulzer,2700,2548,94.38
2026-08-11,3,SUL-04,Unit I,Weaving,Sulzer,2700,2682,99.34
2026-08-11,3,SUL-05,Unit I,Weaving,Sulzer,2700,2586,95.8
2026-08-11,3,RF-01,Unit I,Spinning,RingFrame,2500,2386,95.46
2026-08-11,3,RF-02,Unit I,Spinning,RingFrame,2500,2360,94.43
2026-08-11,3,RF-03,Unit I,Spinning,RingFrame,2500,2194,87.76
2026-08-11,3,RF-04,Unit I,Spinning,RingFrame,2500,2500,100.0
2026-08-11,3,RF-05,Unit I,Spinning,RingFrame,2500,2257,90.29
2026-08-11,3,RF-06,Unit I,Spinning,RingFrame,2500,2204,88.2
2026-08-11,3,RF-07,Unit I,Spinning,RingFrame,2500,2348,93.94
2026-08-11,3,RF-08,Unit I,Spinning,RingFrame,2500,2254,90.19
2026-08-11,3,RF-09,Unit I,Spinning,RingFrame,2500,2368,94.74
2026-08-11,3,RF-10,Unit I,Spinning,RingFrame,2500,2460,98.44
2026-08-11,3,RF-11,Unit I,Spinning,RingFrame,2500,2074,82.98
2026-08-11,3,RF-12,Unit I,Spinning,RingFrame,2500,2476,99.07
2026-08-11,3,VTX-01,Unit I,Spinning,Vortex,4700,4393,93.47
2026-08-11,3,VTX-02,Unit I,Spinning,Vortex,4700,4476,95.25
2026-08-11,3,VTX-03,Unit I,Spinning,Vortex,4700,4560,97.04
2026-08-11,3,VTX-04,Unit I,Spinning,Vortex,4700,4051,86.21
2026-08-11,3,VTX-05,Unit I,Spinning,Vortex,4700,4599,97.85
2026-08-11,3,VTX-06,Unit I,Spinning,Vortex,4700,3323,70.71
2026-08-11,3,VTX-07,Unit I,Spinning,Vortex,4700,4700,100.0
2026-08-11,3,VTX-08,Unit I,Spinning,Vortex,4700,4369,92.98
2026-08-11,3,VTX-09,Unit I,Spinning,Vortex,4700,4421,94.08
2026-08-11,3,VTX-10,Unit I,Spinning,Vortex,4700,4284,91.15
2026-08-11,3,VTX-11,Unit I,Spinning,Vortex,4700,4316,91.85
2026-08-11,3,VTX-12,Unit I,Spinning,Vortex,4700,4700,100.0
2026-08-11,3,AJ-01,Unit I,Spinning,Airjet,3750,3738,99.7
2026-08-11,3,AJ-02,Unit I,Spinning,Airjet,3750,3272,87.25
2026-08-11,3,AJ-03,Unit I,Spinning,Airjet,3750,3750,100.0
2026-08-11,3,AJ-04,Unit I,Spinning,Airjet,3750,3750,100.0
2026-08-11,3,AJ-05,Unit I,Spinning,Airjet,3750,3509,93.59
2026-08-12,1,TOY-01,Unit I,Weaving,Toyota,21700,20947,96.53
2026-08-12,1,TOY-02,Unit I,Weaving,Toyota,21700,16909,77.93
2026-08-12,1,TOY-03,Unit I,Weaving,Toyota,21700,21700,100.0
2026-08-12,1,TOY-04,Unit I,Weaving,Toyota,21700,19751,91.02
2026-08-12,1,TOY-05,Unit I,Weaving,Toyota,21700,20773,95.73
2026-08-12,1,TOY-06,Unit I,Weaving,Toyota,21700,20150,92.86
2026-08-12,1,TOY-07,Unit I,Weaving,Toyota,21700,19060,87.83
2026-08-12,1,TOY-08,Unit I,Weaving,Toyota,21700,19303,88.96
2026-08-12,1,TOY-09,Unit I,Weaving,Toyota,21700,19333,89.09
2026-08-12,1,TOY-10,Unit I,Weaving,Toyota,21700,20853,96.1
2026-08-12,1,TOY-11,Unit I,Weaving,Toyota,21700,18726,86.3
2026-08-12,1,TOY-12,Unit I,Weaving,Toyota,21700,20182,93.0
2026-08-12,1,TOY-13,Unit I,Weaving,Toyota,21700,21072,97.11
2026-08-12,1,TOY-14,Unit I,Weaving,Toyota,21700,19720,90.88
2026-08-12,1,TOY-15,Unit I,Weaving,Toyota,21700,21251,97.93
2026-08-12,1,TSU-01,Unit I,Weaving,Tsudakoma,15000,14048,93.65
2026-08-12,1,TSU-02,Unit I,Weaving,Tsudakoma,15000,15000,100.0
2026-08-12,1,TSU-03,Unit I,Weaving,Tsudakoma,15000,15000,100.0
2026-08-12,1,TSU-04,Unit I,Weaving,Tsudakoma,15000,13809,92.07
2026-08-12,1,TSU-05,Unit I,Weaving,Tsudakoma,15000,14307,95.38
2026-08-12,1,TSU-06,Unit I,Weaving,Tsudakoma,15000,14387,95.92
2026-08-12,1,TSU-07,Unit I,Weaving,Tsudakoma,15000,14714,98.1
2026-08-12,1,TSU-08,Unit I,Weaving,Tsudakoma,15000,14260,95.07
2026-08-12,1,TSU-09,Unit I,Weaving,Tsudakoma,15000,14392,95.95
2026-08-12,1,TSU-10,Unit I,Weaving,Tsudakoma,15000,14067,93.78
2026-08-12,1,SUL-01,Unit I,Weaving,Sulzer,2700,2580,95.58
2026-08-12,1,SUL-02,Unit I,Weaving,Sulzer,2700,2700,100.0
2026-08-12,1,SUL-03,Unit I,Weaving,Sulzer,2700,2652,98.23
2026-08-12,1,SUL-04,Unit I,Weaving,Sulzer,2700,2659,98.51
2026-08-12,1,SUL-05,Unit I,Weaving,Sulzer,2700,2662,98.62
2026-08-12,1,RF-01,Unit I,Spinning,RingFrame,2500,2355,94.23
2026-08-12,1,RF-02,Unit I,Spinning,RingFrame,2500,2414,96.59
2026-08-12,1,RF-03,Unit I,Spinning,RingFrame,2500,2239,89.57
2026-08-12,1,RF-04,Unit I,Spinning,RingFrame,2500,2500,100.0
2026-08-12,1,RF-05,Unit I,Spinning,RingFrame,2500,2027,81.09
2026-08-12,1,RF-06,Unit I,Spinning,RingFrame,2500,2364,94.56
2026-08-12,1,RF-07,Unit I,Spinning,RingFrame,2500,2500,100.0
2026-08-12,1,RF-08,Unit I,Spinning,RingFrame,2500,2204,88.18
2026-08-12,1,RF-09,Unit I,Spinning,RingFrame,2500,2424,97.0
2026-08-12,1,RF-10,Unit I,Spinning,RingFrame,2500,2289,91.6
2026-08-12,1,RF-11,Unit I,Spinning,RingFrame,2500,1903,76.16
2026-08-12,1,RF-12,Unit I,Spinning,RingFrame,2500,2493,99.73
2026-08-12,1,VTX-01,Unit I,Spinning,Vortex,4700,4511,95.99
2026-08-12,1,VTX-02,Unit I,Spinning,Vortex,4700,3986,84.83
2026-08-12,1,VTX-03,Unit I,Spinning,Vortex,4700,4235,90.12
2026-08-12,1,VTX-04,Unit I,Spinning,Vortex,4700,4694,99.88
2026-08-12,1,VTX-05,Unit I,Spinning,Vortex,4700,4570,97.24
2026-08-12,1,VTX-06,Unit I,Spinning,Vortex,4700,4076,86.74
2026-08-12,1,VTX-07,Unit I,Spinning,Vortex,4700,4700,100.0
2026-08-12,1,VTX-08,Unit I,Spinning,Vortex,4700,4384,93.29
2026-08-12,1,VTX-09,Unit I,Spinning,Vortex,4700,4700,100.0
2026-08-12,1,VTX-10,Unit I,Spinning,Vortex,4700,4470,95.12
2026-08-12,1,VTX-11,Unit I,Spinning,Vortex,4700,4238,90.19
2026-08-12,1,VTX-12,Unit I,Spinning,Vortex,4700,4316,91.83
2026-08-12,1,AJ-01,Unit I,Spinning,Airjet,3750,3139,83.72
2026-08-12,1,AJ-02,Unit I,Spinning,Airjet,3750,3750,100.0
2026-08-12,1,AJ-03,Unit I,Spinning,Airjet,3750,3750,100.0
2026-08-12,1,AJ-04,Unit I,Spinning,Airjet,3750,3372,89.92
2026-08-12,1,AJ-05,Unit I,Spinning,Airjet,3750,3519,93.86
2026-08-12,2,TOY-01,Unit I,Weaving,Toyota,21700,20718,95.48
2026-08-12,2,TOY-02,Unit I,Weaving,Toyota,21700,15884,73.2
2026-08-12,2,TOY-03,Unit I,Weaving,Toyota,21700,18710,86.22
2026-08-12,2,TOY-04,Unit I,Weaving,Toyota,21700,20386,93.95
2026-08-12,2,TOY-05,Unit I,Weaving,Toyota,21700,20266,93.39
2026-08-12,2,TOY-06,Unit I,Weaving,Toyota,21700,20193,93.06
2026-08-12,2,TOY-07,Unit I,Weaving,Toyota,21700,20856,96.11
2026-08-12,2,TOY-08,Unit I,Weaving,Toyota,21700,18477,85.15
2026-08-12,2,TOY-09,Unit I,Weaving,Toyota,21700,20286,93.48
2026-08-12,2,TOY-10,Unit I,Weaving,Toyota,21700,20799,95.85
2026-08-12,2,TOY-11,Unit I,Weaving,Toyota,21700,21403,98.63
2026-08-12,2,TOY-12,Unit I,Weaving,Toyota,21700,21216,97.77
2026-08-12,2,TOY-13,Unit I,Weaving,Toyota,21700,19948,91.93
2026-08-12,2,TOY-14,Unit I,Weaving,Toyota,21700,20719,95.48
2026-08-12,2,TOY-15,Unit I,Weaving,Toyota,21700,21209,97.74
2026-08-12,2,TSU-01,Unit I,Weaving,Tsudakoma,15000,13403,89.36
2026-08-12,2,TSU-02,Unit I,Weaving,Tsudakoma,15000,15000,100.0
2026-08-12,2,TSU-03,Unit I,Weaving,Tsudakoma,15000,15000,100.0
2026-08-12,2,TSU-04,Unit I,Weaving,Tsudakoma,15000,13707,91.39
2026-08-12,2,TSU-05,Unit I,Weaving,Tsudakoma,15000,14395,95.97
2026-08-12,2,TSU-06,Unit I,Weaving,Tsudakoma,15000,14731,98.21
2026-08-12,2,TSU-07,Unit I,Weaving,Tsudakoma,15000,13840,92.27
2026-08-12,2,TSU-08,Unit I,Weaving,Tsudakoma,15000,14611,97.41
2026-08-12,2,TSU-09,Unit I,Weaving,Tsudakoma,15000,14372,95.82
2026-08-12,2,TSU-10,Unit I,Weaving,Tsudakoma,15000,13149,87.66
2026-08-12,2,SUL-01,Unit I,Weaving,Sulzer,2700,2626,97.3
2026-08-12,2,SUL-02,Unit I,Weaving,Sulzer,2700,2416,89.5
2026-08-12,2,SUL-03,Unit I,Weaving,Sulzer,2700,2691,99.7
2026-08-12,2,SUL-04,Unit I,Weaving,Sulzer,2700,2474,91.64
2026-08-12,2,SUL-05,Unit I,Weaving,Sulzer,2700,2543,94.19
2026-08-12,2,RF-01,Unit I,Spinning,RingFrame,2500,2500,100.0
2026-08-12,2,RF-02,Unit I,Spinning,RingFrame,2500,2437,97.48
2026-08-12,2,RF-03,Unit I,Spinning,RingFrame,2500,2240,89.6
2026-08-12,2,RF-04,Unit I,Spinning,RingFrame,2500,2248,89.93
2026-08-12,2,RF-05,Unit I,Spinning,RingFrame,2500,2300,92.0
2026-08-12,2,RF-06,Unit I,Spinning,RingFrame,2500,2424,96.97
2026-08-12,2,RF-07,Unit I,Spinning,RingFrame,2500,2419,96.79
2026-08-12,2,RF-08,Unit I,Spinning,RingFrame,2500,2269,90.78
2026-08-12,2,RF-09,Unit I,Spinning,RingFrame,2500,2229,89.16
2026-08-12,2,RF-10,Unit I,Spinning,RingFrame,2500,2410,96.41
2026-08-12,2,RF-11,Unit I,Spinning,RingFrame,2500,1927,77.09
2026-08-12,2,RF-12,Unit I,Spinning,RingFrame,2500,2500,100.0
2026-08-12,2,VTX-01,Unit I,Spinning,Vortex,4700,4473,95.18
2026-08-12,2,VTX-02,Unit I,Spinning,Vortex,4700,4700,100.0
2026-08-12,2,VTX-03,Unit I,Spinning,Vortex,4700,4189,89.15
2026-08-12,2,VTX-04,Unit I,Spinning,Vortex,4700,4095,87.13
2026-08-12,2,VTX-05,Unit I,Spinning,Vortex,4700,4201,89.4
2026-08-12,2,VTX-06,Unit I,Spinning,Vortex,4700,3945,83.95
2026-08-12,2,VTX-07,Unit I,Spinning,Vortex,4700,4700,100.0
2026-08-12,2,VTX-08,Unit I,Spinning,Vortex,4700,4281,91.09
2026-08-12,2,VTX-09,Unit I,Spinning,Vortex,4700,4356,92.7
2026-08-12,2,VTX-10,Unit I,Spinning,Vortex,4700,4190,89.16
2026-08-12,2,VTX-11,Unit I,Spinning,Vortex,4700,4039,85.94
2026-08-12,2,VTX-12,Unit I,Spinning,Vortex,4700,4633,98.59
2026-08-12,2,AJ-01,Unit I,Spinning,Airjet,3750,3604,96.12
2026-08-12,2,AJ-02,Unit I,Spinning,Airjet,3750,3564,95.05
2026-08-12,2,AJ-03,Unit I,Spinning,Airjet,3750,3299,88.0
2026-08-12,2,AJ-04,Unit I,Spinning,Airjet,3750,3750,100.0
2026-08-12,2,AJ-05,Unit I,Spinning,Airjet,3750,3468,92.48
2026-08-12,3,TOY-01,Unit I,Weaving,Toyota,21700,21193,97.67
2026-08-12,3,TOY-02,Unit I,Weaving,Toyota,21700,15347,70.73
2026-08-12,3,TOY-03,Unit I,Weaving,Toyota,21700,20408,94.05
2026-08-12,3,TOY-04,Unit I,Weaving,Toyota,21700,20931,96.46
2026-08-12,3,TOY-05,Unit I,Weaving,Toyota,21700,20969,96.64
2026-08-12,3,TOY-06,Unit I,Weaving,Toyota,21700,20782,95.77
2026-08-12,3,TOY-07,Unit I,Weaving,Toyota,21700,21151,97.47
2026-08-12,3,TOY-08,Unit I,Weaving,Toyota,21700,15699,72.35
2026-08-12,3,TOY-09,Unit I,Weaving,Toyota,21700,20829,95.99
2026-08-12,3,TOY-10,Unit I,Weaving,Toyota,21700,20738,95.57
2026-08-12,3,TOY-11,Unit I,Weaving,Toyota,21700,20866,96.16
2026-08-12,3,TOY-12,Unit I,Weaving,Toyota,21700,20693,95.36
2026-08-12,3,TOY-13,Unit I,Weaving,Toyota,21700,19233,88.63
2026-08-12,3,TOY-14,Unit I,Weaving,Toyota,21700,19185,88.41
2026-08-12,3,TOY-15,Unit I,Weaving,Toyota,21700,18212,83.93
2026-08-12,3,TSU-01,Unit I,Weaving,Tsudakoma,15000,14863,99.09
2026-08-12,3,TSU-02,Unit I,Weaving,Tsudakoma,15000,14870,99.14
2026-08-12,3,TSU-03,Unit I,Weaving,Tsudakoma,15000,14882,99.22
2026-08-12,3,TSU-04,Unit I,Weaving,Tsudakoma,15000,14480,96.53
2026-08-12,3,TSU-05,Unit I,Weaving,Tsudakoma,15000,12650,84.33
2026-08-12,3,TSU-06,Unit I,Weaving,Tsudakoma,15000,13479,89.87
2026-08-12,3,TSU-07,Unit I,Weaving,Tsudakoma,15000,14377,95.85
2026-08-12,3,TSU-08,Unit I,Weaving,Tsudakoma,15000,14351,95.68
2026-08-12,3,TSU-09,Unit I,Weaving,Tsudakoma,15000,14082,93.89
2026-08-12,3,TSU-10,Unit I,Weaving,Tsudakoma,15000,14526,96.84
2026-08-12,3,SUL-01,Unit I,Weaving,Sulzer,2700,2566,95.06
2026-08-12,3,SUL-02,Unit I,Weaving,Sulzer,2700,2581,95.6
2026-08-12,3,SUL-03,Unit I,Weaving,Sulzer,2700,2478,91.8
2026-08-12,3,SUL-04,Unit I,Weaving,Sulzer,2700,2697,99.91
2026-08-12,3,SUL-05,Unit I,Weaving,Sulzer,2700,2506,92.85
2026-08-12,3,RF-01,Unit I,Spinning,RingFrame,2500,2208,88.35
2026-08-12,3,RF-02,Unit I,Spinning,RingFrame,2500,2278,91.15
2026-08-12,3,RF-03,Unit I,Spinning,RingFrame,2500,2331,93.26
2026-08-12,3,RF-04,Unit I,Spinning,RingFrame,2500,2499,99.97
2026-08-12,3,RF-05,Unit I,Spinning,RingFrame,2500,2369,94.79
2026-08-12,3,RF-06,Unit I,Spinning,RingFrame,2500,2351,94.07
2026-08-12,3,RF-07,Unit I,Spinning,RingFrame,2500,2218,88.76
2026-08-12,3,RF-08,Unit I,Spinning,RingFrame,2500,2473,98.93
2026-08-12,3,RF-09,Unit I,Spinning,RingFrame,2500,2293,91.74
2026-08-12,3,RF-10,Unit I,Spinning,RingFrame,2500,2362,94.5
2026-08-12,3,RF-11,Unit I,Spinning,RingFrame,2500,2135,85.4
2026-08-12,3,RF-12,Unit I,Spinning,RingFrame,2500,2438,97.54
2026-08-12,3,VTX-01,Unit I,Spinning,Vortex,4700,4082,86.86
2026-08-12,3,VTX-02,Unit I,Spinning,Vortex,4700,4049,86.15
2026-08-12,3,VTX-03,Unit I,Spinning,Vortex,4700,4449,94.68
2026-08-12,3,VTX-04,Unit I,Spinning,Vortex,4700,4180,88.94
2026-08-12,3,VTX-05,Unit I,Spinning,Vortex,4700,4617,98.24
2026-08-12,3,VTX-06,Unit I,Spinning,Vortex,4700,3675,78.21
2026-08-12,3,VTX-07,Unit I,Spinning,Vortex,4700,4503,95.83
2026-08-12,3,VTX-08,Unit I,Spinning,Vortex,4700,4298,91.47
2026-08-12,3,VTX-09,Unit I,Spinning,Vortex,4700,4700,100.0
2026-08-12,3,VTX-10,Unit I,Spinning,Vortex,4700,4700,100.0
2026-08-12,3,VTX-11,Unit I,Spinning,Vortex,4700,4399,93.61
2026-08-12,3,VTX-12,Unit I,Spinning,Vortex,4700,4547,96.77
2026-08-12,3,AJ-01,Unit I,Spinning,Airjet,3750,3580,95.49
2026-08-12,3,AJ-02,Unit I,Spinning,Airjet,3750,3513,93.7
2026-08-12,3,AJ-03,Unit I,Spinning,Airjet,3750,3406,90.84
2026-08-12,3,AJ-04,Unit I,Spinning,Airjet,3750,3359,89.58
2026-08-12,3,AJ-05,Unit I,Spinning,Airjet,3750,3349,89.32
2026-08-13,1,TOY-01,Unit I,Weaving,Toyota,21700,21054,97.03
2026-08-13,1,TOY-02,Unit I,Weaving,Toyota,21700,16362,75.4
2026-08-13,1,TOY-03,Unit I,Weaving,Toyota,21700,17817,82.11
2026-08-13,1,TOY-04,Unit I,Weaving,Toyota,21700,21097,97.22
2026-08-13,1,TOY-05,Unit I,Weaving,Toyota,21700,20573,94.81
2026-08-13,1,TOY-06,Unit I,Weaving,Toyota,21700,21700,100.0
2026-08-13,1,TOY-07,Unit I,Weaving,Toyota,21700,21019,96.87
2026-08-13,1,TOY-08,Unit I,Weaving,Toyota,21700,15321,70.61
2026-08-13,1,TOY-09,Unit I,Weaving,Toyota,21700,18195,83.85
2026-08-13,1,TOY-10,Unit I,Weaving,Toyota,21700,19834,91.4
2026-08-13,1,TOY-11,Unit I,Weaving,Toyota,21700,19936,91.87
2026-08-13,1,TOY-12,Unit I,Weaving,Toyota,21700,21638,99.72
2026-08-13,1,TOY-13,Unit I,Weaving,Toyota,21700,20605,94.96
2026-08-13,1,TOY-14,Unit I,Weaving,Toyota,21700,21700,100.0
2026-08-13,1,TOY-15,Unit I,Weaving,Toyota,21700,19177,88.38
2026-08-13,1,TSU-01,Unit I,Weaving,Tsudakoma,15000,14973,99.83
2026-08-13,1,TSU-02,Unit I,Weaving,Tsudakoma,15000,14790,98.6
2026-08-13,1,TSU-03,Unit I,Weaving,Tsudakoma,15000,12736,84.91
2026-08-13,1,TSU-04,Unit I,Weaving,Tsudakoma,15000,15000,100.0
2026-08-13,1,TSU-05,Unit I,Weaving,Tsudakoma,15000,14320,95.47
2026-08-13,1,TSU-06,Unit I,Weaving,Tsudakoma,15000,14544,96.96
2026-08-13,1,TSU-07,Unit I,Weaving,Tsudakoma,15000,13601,90.68
2026-08-13,1,TSU-08,Unit I,Weaving,Tsudakoma,15000,15000,100.0
2026-08-13,1,TSU-09,Unit I,Weaving,Tsudakoma,15000,13360,89.07
2026-08-13,1,TSU-10,Unit I,Weaving,Tsudakoma,15000,14874,99.16
2026-08-13,1,SUL-01,Unit I,Weaving,Sulzer,2700,2675,99.1
2026-08-13,1,SUL-02,Unit I,Weaving,Sulzer,2700,2433,90.13
2026-08-13,1,SUL-03,Unit I,Weaving,Sulzer,2700,2700,100.0
2026-08-13,1,SUL-04,Unit I,Weaving,Sulzer,2700,2596,96.16
2026-08-13,1,SUL-05,Unit I,Weaving,Sulzer,2700,2653,98.27
2026-08-13,1,RF-01,Unit I,Spinning,RingFrame,2500,2184,87.36
2026-08-13,1,RF-02,Unit I,Spinning,RingFrame,2500,2500,100.0
2026-08-13,1,RF-03,Unit I,Spinning,RingFrame,2500,2221,88.88
2026-08-13,1,RF-04,Unit I,Spinning,RingFrame,2500,2500,100.0
2026-08-13,1,RF-05,Unit I,Spinning,RingFrame,2500,2250,90.03
2026-08-13,1,RF-06,Unit I,Spinning,RingFrame,2500,2297,91.91
2026-08-13,1,RF-07,Unit I,Spinning,RingFrame,2500,2473,98.94
2026-08-13,1,RF-08,Unit I,Spinning,RingFrame,2500,2500,100.0
2026-08-13,1,RF-09,Unit I,Spinning,RingFrame,2500,2216,88.64
2026-08-13,1,RF-10,Unit I,Spinning,RingFrame,2500,2500,100.0
2026-08-13,1,RF-11,Unit I,Spinning,RingFrame,2500,2080,83.22
2026-08-13,1,RF-12,Unit I,Spinning,RingFrame,2500,2257,90.31
2026-08-13,1,VTX-01,Unit I,Spinning,Vortex,4700,4700,100.0
2026-08-13,1,VTX-02,Unit I,Spinning,Vortex,4700,4122,87.72
2026-08-13,1,VTX-03,Unit I,Spinning,Vortex,4700,4318,91.88
2026-08-13,1,VTX-04,Unit I,Spinning,Vortex,4700,4577,97.4
2026-08-13,1,VTX-05,Unit I,Spinning,Vortex,4700,4264,90.73
2026-08-13,1,VTX-06,Unit I,Spinning,Vortex,4700,3727,79.32
2026-08-13,1,VTX-07,Unit I,Spinning,Vortex,4700,4521,96.21
2026-08-13,1,VTX-08,Unit I,Spinning,Vortex,4700,4421,94.06
2026-08-13,1,VTX-09,Unit I,Spinning,Vortex,4700,4660,99.16
2026-08-13,1,VTX-10,Unit I,Spinning,Vortex,4700,4411,93.86
2026-08-13,1,VTX-11,Unit I,Spinning,Vortex,4700,4519,96.16
2026-08-13,1,VTX-12,Unit I,Spinning,Vortex,4700,4700,100.0
2026-08-13,1,AJ-01,Unit I,Spinning,Airjet,3750,3710,98.95
2026-08-13,1,AJ-02,Unit I,Spinning,Airjet,3750,3709,98.93
2026-08-13,1,AJ-03,Unit I,Spinning,Airjet,3750,3347,89.25
2026-08-13,1,AJ-04,Unit I,Spinning,Airjet,3750,3660,97.62
2026-08-13,1,AJ-05,Unit I,Spinning,Airjet,3750,3397,90.61
2026-08-13,2,TOY-01,Unit I,Weaving,Toyota,21700,19224,88.59
2026-08-13,2,TOY-02,Unit I,Weaving,Toyota,21700,16848,77.64
2026-08-13,2,TOY-03,Unit I,Weaving,Toyota,21700,19633,90.48
2026-08-13,2,TOY-04,Unit I,Weaving,Toyota,21700,21472,98.95
2026-08-13,2,TOY-05,Unit I,Weaving,Toyota,21700,21498,99.07
2026-08-13,2,TOY-06,Unit I,Weaving,Toyota,21700,18550,85.49
2026-08-13,2,TOY-07,Unit I,Weaving,Toyota,21700,19716,90.86
2026-08-13,2,TOY-08,Unit I,Weaving,Toyota,21700,15342,70.7
2026-08-13,2,TOY-09,Unit I,Weaving,Toyota,21700,20113,92.69
2026-08-13,2,TOY-10,Unit I,Weaving,Toyota,21700,21108,97.28
2026-08-13,2,TOY-11,Unit I,Weaving,Toyota,21700,20352,93.79
2026-08-13,2,TOY-12,Unit I,Weaving,Toyota,21700,19975,92.05
2026-08-13,2,TOY-13,Unit I,Weaving,Toyota,21700,21700,100.0
2026-08-13,2,TOY-14,Unit I,Weaving,Toyota,21700,18114,83.48
2026-08-13,2,TOY-15,Unit I,Weaving,Toyota,21700,21700,100.0
2026-08-13,2,TSU-01,Unit I,Weaving,Tsudakoma,15000,13841,92.28
2026-08-13,2,TSU-02,Unit I,Weaving,Tsudakoma,15000,14191,94.61
2026-08-13,2,TSU-03,Unit I,Weaving,Tsudakoma,15000,13854,92.36
2026-08-13,2,TSU-04,Unit I,Weaving,Tsudakoma,15000,15000,100.0
2026-08-13,2,TSU-05,Unit I,Weaving,Tsudakoma,15000,13326,88.85
2026-08-13,2,TSU-06,Unit I,Weaving,Tsudakoma,15000,14258,95.06
2026-08-13,2,TSU-07,Unit I,Weaving,Tsudakoma,15000,14645,97.64
2026-08-13,2,TSU-08,Unit I,Weaving,Tsudakoma,15000,13041,86.94
2026-08-13,2,TSU-09,Unit I,Weaving,Tsudakoma,15000,13560,90.4
2026-08-13,2,TSU-10,Unit I,Weaving,Tsudakoma,15000,14138,94.26
2026-08-13,2,SUL-01,Unit I,Weaving,Sulzer,2700,2445,90.57
2026-08-13,2,SUL-02,Unit I,Weaving,Sulzer,2700,2454,90.92
2026-08-13,2,SUL-03,Unit I,Weaving,Sulzer,2700,2517,93.25
2026-08-13,2,SUL-04,Unit I,Weaving,Sulzer,2700,2652,98.25
2026-08-13,2,SUL-05,Unit I,Weaving,Sulzer,2700,2518,93.29
2026-08-13,2,RF-01,Unit I,Spinning,RingFrame,2500,2500,100.0
2026-08-13,2,RF-02,Unit I,Spinning,RingFrame,2500,2250,90.01
2026-08-13,2,RF-03,Unit I,Spinning,RingFrame,2500,2218,88.74
2026-08-13,2,RF-04,Unit I,Spinning,RingFrame,2500,2500,100.0
2026-08-13,2,RF-05,Unit I,Spinning,RingFrame,2500,2292,91.71
2026-08-13,2,RF-06,Unit I,Spinning,RingFrame,2500,2211,88.45
2026-08-13,2,RF-07,Unit I,Spinning,RingFrame,2500,2157,86.29
2026-08-13,2,RF-08,Unit I,Spinning,RingFrame,2500,2500,100.0
2026-08-13,2,RF-09,Unit I,Spinning,RingFrame,2500,2332,93.29
2026-08-13,2,RF-10,Unit I,Spinning,RingFrame,2500,2343,93.73
2026-08-13,2,RF-11,Unit I,Spinning,RingFrame,2500,1930,77.2
2026-08-13,2,RF-12,Unit I,Spinning,RingFrame,2500,2500,100.0
2026-08-13,2,VTX-01,Unit I,Spinning,Vortex,4700,4422,94.1
2026-08-13,2,VTX-02,Unit I,Spinning,Vortex,4700,4700,100.0
2026-08-13,2,VTX-03,Unit I,Spinning,Vortex,4700,4496,95.67
2026-08-13,2,VTX-04,Unit I,Spinning,Vortex,4700,4700,100.0
2026-08-13,2,VTX-05,Unit I,Spinning,Vortex,4700,4654,99.03
2026-08-13,2,VTX-06,Unit I,Spinning,Vortex,4700,3657,77.82
2026-08-13,2,VTX-07,Unit I,Spinning,Vortex,4700,4327,92.07
2026-08-13,2,VTX-08,Unit I,Spinning,Vortex,4700,4543,96.66
2026-08-13,2,VTX-09,Unit I,Spinning,Vortex,4700,4584,97.55
2026-08-13,2,VTX-10,Unit I,Spinning,Vortex,4700,4330,92.14
2026-08-13,2,VTX-11,Unit I,Spinning,Vortex,4700,4504,95.83
2026-08-13,2,VTX-12,Unit I,Spinning,Vortex,4700,4700,100.0
2026-08-13,2,AJ-01,Unit I,Spinning,Airjet,3750,3750,100.0
2026-08-13,2,AJ-02,Unit I,Spinning,Airjet,3750,3722,99.27
2026-08-13,2,AJ-03,Unit I,Spinning,Airjet,3750,3750,100.0
2026-08-13,2,AJ-04,Unit I,Spinning,Airjet,3750,3444,91.85
2026-08-13,2,AJ-05,Unit I,Spinning,Airjet,3750,3694,98.51
2026-08-13,3,TOY-01,Unit I,Weaving,Toyota,21700,21700,100.0
2026-08-13,3,TOY-02,Unit I,Weaving,Toyota,21700,15953,73.52
2026-08-13,3,TOY-03,Unit I,Weaving,Toyota,21700,20088,92.57
2026-08-13,3,TOY-04,Unit I,Weaving,Toyota,21700,21700,100.0
2026-08-13,3,TOY-05,Unit I,Weaving,Toyota,21700,19557,90.12
2026-08-13,3,TOY-06,Unit I,Weaving,Toyota,21700,19159,88.29
2026-08-13,3,TOY-07,Unit I,Weaving,Toyota,21700,21700,100.0
2026-08-13,3,TOY-08,Unit I,Weaving,Toyota,21700,18224,83.98
2026-08-13,3,TOY-09,Unit I,Weaving,Toyota,21700,21083,97.16
2026-08-13,3,TOY-10,Unit I,Weaving,Toyota,21700,20565,94.77
2026-08-13,3,TOY-11,Unit I,Weaving,Toyota,21700,20139,92.81
2026-08-13,3,TOY-12,Unit I,Weaving,Toyota,21700,20920,96.41
2026-08-13,3,TOY-13,Unit I,Weaving,Toyota,21700,21700,100.0
2026-08-13,3,TOY-14,Unit I,Weaving,Toyota,21700,20873,96.19
2026-08-13,3,TOY-15,Unit I,Weaving,Toyota,21700,21700,100.0
2026-08-13,3,TSU-01,Unit I,Weaving,Tsudakoma,15000,13576,90.51
2026-08-13,3,TSU-02,Unit I,Weaving,Tsudakoma,15000,14235,94.9
2026-08-13,3,TSU-03,Unit I,Weaving,Tsudakoma,15000,13970,93.13
2026-08-13,3,TSU-04,Unit I,Weaving,Tsudakoma,15000,13436,89.57
2026-08-13,3,TSU-05,Unit I,Weaving,Tsudakoma,15000,14135,94.23
2026-08-13,3,TSU-06,Unit I,Weaving,Tsudakoma,15000,14562,97.09
2026-08-13,3,TSU-07,Unit I,Weaving,Tsudakoma,15000,14643,97.62
2026-08-13,3,TSU-08,Unit I,Weaving,Tsudakoma,15000,15000,100.0
2026-08-13,3,TSU-09,Unit I,Weaving,Tsudakoma,15000,14598,97.32
2026-08-13,3,TSU-10,Unit I,Weaving,Tsudakoma,15000,15000,100.0
2026-08-13,3,SUL-01,Unit I,Weaving,Sulzer,2700,2573,95.33
2026-08-13,3,SUL-02,Unit I,Weaving,Sulzer,2700,2700,100.0
2026-08-13,3,SUL-03,Unit I,Weaving,Sulzer,2700,2700,100.0
2026-08-13,3,SUL-04,Unit I,Weaving,Sulzer,2700,2636,97.66
2026-08-13,3,SUL-05,Unit I,Weaving,Sulzer,2700,2430,90.04
2026-08-13,3,RF-01,Unit I,Spinning,RingFrame,2500,2306,92.26
2026-08-13,3,RF-02,Unit I,Spinning,RingFrame,2500,2410,96.41
2026-08-13,3,RF-03,Unit I,Spinning,RingFrame,2500,2432,97.28
2026-08-13,3,RF-04,Unit I,Spinning,RingFrame,2500,2462,98.49
2026-08-13,3,RF-05,Unit I,Spinning,RingFrame,2500,2432,97.3
2026-08-13,3,RF-06,Unit I,Spinning,RingFrame,2500,2375,95.03
2026-08-13,3,RF-07,Unit I,Spinning,RingFrame,2500,2295,91.82
2026-08-13,3,RF-08,Unit I,Spinning,RingFrame,2500,2425,97.01
2026-08-13,3,RF-09,Unit I,Spinning,RingFrame,2500,2500,100.0
2026-08-13,3,RF-10,Unit I,Spinning,RingFrame,2500,2500,100.0
2026-08-13,3,RF-11,Unit I,Spinning,RingFrame,2500,2016,80.67
2026-08-13,3,RF-12,Unit I,Spinning,RingFrame,2500,2500,100.0
2026-08-13,3,VTX-01,Unit I,Spinning,Vortex,4700,4377,93.14
2026-08-13,3,VTX-02,Unit I,Spinning,Vortex,4700,4345,92.46
2026-08-13,3,VTX-03,Unit I,Spinning,Vortex,4700,4289,91.26
2026-08-13,3,VTX-04,Unit I,Spinning,Vortex,4700,4435,94.37
2026-08-13,3,VTX-05,Unit I,Spinning,Vortex,4700,4365,92.89
2026-08-13,3,VTX-06,Unit I,Spinning,Vortex,4700,3949,84.04
2026-08-13,3,VTX-07,Unit I,Spinning,Vortex,4700,4353,92.62
2026-08-13,3,VTX-08,Unit I,Spinning,Vortex,4700,4276,90.99
2026-08-13,3,VTX-09,Unit I,Spinning,Vortex,4700,4700,100.0
2026-08-13,3,VTX-10,Unit I,Spinning,Vortex,4700,4358,92.74
2026-08-13,3,VTX-11,Unit I,Spinning,Vortex,4700,4501,95.77
2026-08-13,3,VTX-12,Unit I,Spinning,Vortex,4700,4571,97.26
2026-08-13,3,AJ-01,Unit I,Spinning,Airjet,3750,3349,89.32
2026-08-13,3,AJ-02,Unit I,Spinning,Airjet,3750,3750,100.0
2026-08-13,3,AJ-03,Unit I,Spinning,Airjet,3750,3681,98.19
2026-08-13,3,AJ-04,Unit I,Spinning,Airjet,3750,3750,100.0
2026-08-13,3,AJ-05,Unit I,Spinning,Airjet,3750,3435,91.6
2026-08-14,1,TOY-01,Unit I,Weaving,Toyota,21700,20722,95.5
2026-08-14,1,TOY-02,Unit I,Weaving,Toyota,21700,16968,78.2
2026-08-14,1,TOY-03,Unit I,Weaving,Toyota,21700,20901,96.32
2026-08-14,1,TOY-04,Unit I,Weaving,Toyota,21700,19036,87.73
2026-08-14,1,TOY-05,Unit I,Weaving,Toyota,21700,20735,95.55
2026-08-14,1,TOY-06,Unit I,Weaving,Toyota,21700,19067,87.87
2026-08-14,1,TOY-07,Unit I,Weaving,Toyota,21700,21003,96.79
2026-08-14,1,TOY-08,Unit I,Weaving,Toyota,21700,14616,67.36
2026-08-14,1,TOY-09,Unit I,Weaving,Toyota,21700,18606,85.74
2026-08-14,1,TOY-10,Unit I,Weaving,Toyota,21700,21503,99.09
2026-08-14,1,TOY-11,Unit I,Weaving,Toyota,21700,20021,92.27
2026-08-14,1,TOY-12,Unit I,Weaving,Toyota,21700,19543,90.06
2026-08-14,1,TOY-13,Unit I,Weaving,Toyota,21700,21700,100.0
2026-08-14,1,TOY-14,Unit I,Weaving,Toyota,21700,20970,96.64
2026-08-14,1,TOY-15,Unit I,Weaving,Toyota,21700,21561,99.36
2026-08-14,1,TSU-01,Unit I,Weaving,Tsudakoma,15000,14125,94.17
2026-08-14,1,TSU-02,Unit I,Weaving,Tsudakoma,15000,15000,100.0
2026-08-14,1,TSU-03,Unit I,Weaving,Tsudakoma,15000,13796,91.98
2026-08-14,1,TSU-04,Unit I,Weaving,Tsudakoma,15000,15000,100.0
2026-08-14,1,TSU-05,Unit I,Weaving,Tsudakoma,15000,14203,94.69
2026-08-14,1,TSU-06,Unit I,Weaving,Tsudakoma,15000,13009,86.73
2026-08-14,1,TSU-07,Unit I,Weaving,Tsudakoma,15000,14612,97.41
2026-08-14,1,TSU-08,Unit I,Weaving,Tsudakoma,15000,14486,96.57
2026-08-14,1,TSU-09,Unit I,Weaving,Tsudakoma,15000,13461,89.74
2026-08-14,1,TSU-10,Unit I,Weaving,Tsudakoma,15000,13558,90.39
2026-08-14,1,SUL-01,Unit I,Weaving,Sulzer,2700,2561,94.88
2026-08-14,1,SUL-02,Unit I,Weaving,Sulzer,2700,2612,96.75
2026-08-14,1,SUL-03,Unit I,Weaving,Sulzer,2700,2231,82.65
2026-08-14,1,SUL-04,Unit I,Weaving,Sulzer,2700,2700,100.0
2026-08-14,1,SUL-05,Unit I,Weaving,Sulzer,2700,2498,92.53
2026-08-14,1,RF-01,Unit I,Spinning,RingFrame,2500,2208,88.34
2026-08-14,1,RF-02,Unit I,Spinning,RingFrame,2500,2492,99.71
2026-08-14,1,RF-03,Unit I,Spinning,RingFrame,2500,2372,94.88
2026-08-14,1,RF-04,Unit I,Spinning,RingFrame,2500,2500,100.0
2026-08-14,1,RF-05,Unit I,Spinning,RingFrame,2500,2429,97.19
2026-08-14,1,RF-06,Unit I,Spinning,RingFrame,2500,2374,94.99
2026-08-14,1,RF-07,Unit I,Spinning,RingFrame,2500,2355,94.24
2026-08-14,1,RF-08,Unit I,Spinning,RingFrame,2500,2435,97.41
2026-08-14,1,RF-09,Unit I,Spinning,RingFrame,2500,2323,92.93
2026-08-14,1,RF-10,Unit I,Spinning,RingFrame,2500,2268,90.74
2026-08-14,1,RF-11,Unit I,Spinning,RingFrame,2500,2026,81.05
2026-08-14,1,RF-12,Unit I,Spinning,RingFrame,2500,2356,94.28
2026-08-14,1,VTX-01,Unit I,Spinning,Vortex,4700,4472,95.17
2026-08-14,1,VTX-02,Unit I,Spinning,Vortex,4700,4700,100.0
2026-08-14,1,VTX-03,Unit I,Spinning,Vortex,4700,4438,94.43
2026-08-14,1,VTX-04,Unit I,Spinning,Vortex,4700,4468,95.08
2026-08-14,1,VTX-05,Unit I,Spinning,Vortex,4700,4324,92.0
2026-08-14,1,VTX-06,Unit I,Spinning,Vortex,4700,3767,80.15
2026-08-14,1,VTX-07,Unit I,Spinning,Vortex,4700,4547,96.75
2026-08-14,1,VTX-08,Unit I,Spinning,Vortex,4700,4676,99.5
2026-08-14,1,VTX-09,Unit I,Spinning,Vortex,4700,4328,92.1
2026-08-14,1,VTX-10,Unit I,Spinning,Vortex,4700,4357,92.71
2026-08-14,1,VTX-11,Unit I,Spinning,Vortex,4700,4651,98.96
2026-08-14,1,VTX-12,Unit I,Spinning,Vortex,4700,4524,96.26
2026-08-14,1,AJ-01,Unit I,Spinning,Airjet,3750,3392,90.47
2026-08-14,1,AJ-02,Unit I,Spinning,Airjet,3750,3750,100.0
2026-08-14,1,AJ-03,Unit I,Spinning,Airjet,3750,3244,86.51
2026-08-14,1,AJ-04,Unit I,Spinning,Airjet,3750,3709,98.92
2026-08-14,1,AJ-05,Unit I,Spinning,Airjet,3750,3325,88.67
2026-08-14,2,TOY-01,Unit I,Weaving,Toyota,21700,21700,100.0
2026-08-14,2,TOY-02,Unit I,Weaving,Toyota,21700,15250,70.28
2026-08-14,2,TOY-03,Unit I,Weaving,Toyota,21700,21700,100.0
2026-08-14,2,TOY-04,Unit I,Weaving,Toyota,21700,20526,94.59
2026-08-14,2,TOY-05,Unit I,Weaving,Toyota,21700,20217,93.17
2026-08-14,2,TOY-06,Unit I,Weaving,Toyota,21700,20816,95.93
2026-08-14,2,TOY-07,Unit I,Weaving,Toyota,21700,21300,98.16
2026-08-14,2,TOY-08,Unit I,Weaving,Toyota,21700,15944,73.48
2026-08-14,2,TOY-09,Unit I,Weaving,Toyota,21700,19729,90.92
2026-08-14,2,TOY-10,Unit I,Weaving,Toyota,21700,21319,98.25
2026-08-14,2,TOY-11,Unit I,Weaving,Toyota,21700,18762,86.46
2026-08-14,2,TOY-12,Unit I,Weaving,Toyota,21700,19981,92.08
2026-08-14,2,TOY-13,Unit I,Weaving,Toyota,21700,21700,100.0
2026-08-14,2,TOY-14,Unit I,Weaving,Toyota,21700,19564,90.16
2026-08-14,2,TOY-15,Unit I,Weaving,Toyota,21700,21700,100.0
2026-08-14,2,TSU-01,Unit I,Weaving,Tsudakoma,15000,13810,92.07
2026-08-14,2,TSU-02,Unit I,Weaving,Tsudakoma,15000,14631,97.55
2026-08-14,2,TSU-03,Unit I,Weaving,Tsudakoma,15000,14740,98.27
2026-08-14,2,TSU-04,Unit I,Weaving,Tsudakoma,15000,15000,100.0
2026-08-14,2,TSU-05,Unit I,Weaving,Tsudakoma,15000,14099,94.0
2026-08-14,2,TSU-06,Unit I,Weaving,Tsudakoma,15000,15000,100.0
2026-08-14,2,TSU-07,Unit I,Weaving,Tsudakoma,15000,13807,92.05
2026-08-14,2,TSU-08,Unit I,Weaving,Tsudakoma,15000,14425,96.17
2026-08-14,2,TSU-09,Unit I,Weaving,Tsudakoma,15000,14433,96.23
2026-08-14,2,TSU-10,Unit I,Weaving,Tsudakoma,15000,13408,89.39
2026-08-14,2,SUL-01,Unit I,Weaving,Sulzer,2700,2526,93.57
2026-08-14,2,SUL-02,Unit I,Weaving,Sulzer,2700,2586,95.81
2026-08-14,2,SUL-03,Unit I,Weaving,Sulzer,2700,2506,92.84
2026-08-14,2,SUL-04,Unit I,Weaving,Sulzer,2700,2700,100.0
2026-08-14,2,SUL-05,Unit I,Weaving,Sulzer,2700,2451,90.81
2026-08-14,2,RF-01,Unit I,Spinning,RingFrame,2500,2500,100.0
2026-08-14,2,RF-02,Unit I,Spinning,RingFrame,2500,2482,99.28
2026-08-14,2,RF-03,Unit I,Spinning,RingFrame,2500,2373,94.93
2026-08-14,2,RF-04,Unit I,Spinning,RingFrame,2500,2266,90.67
2026-08-14,2,RF-05,Unit I,Spinning,RingFrame,2500,2278,91.16
2026-08-14,2,RF-06,Unit I,Spinning,RingFrame,2500,2310,92.41
2026-08-14,2,RF-07,Unit I,Spinning,RingFrame,2500,2151,86.07
2026-08-14,2,RF-08,Unit I,Spinning,RingFrame,2500,2249,89.98
2026-08-14,2,RF-09,Unit I,Spinning,RingFrame,2500,2189,87.59
2026-08-14,2,RF-10,Unit I,Spinning,RingFrame,2500,2500,100.0
2026-08-14,2,RF-11,Unit I,Spinning,RingFrame,2500,2027,81.09
2026-08-14,2,RF-12,Unit I,Spinning,RingFrame,2500,2473,98.93
2026-08-14,2,VTX-01,Unit I,Spinning,Vortex,4700,4603,97.94
2026-08-14,2,VTX-02,Unit I,Spinning,Vortex,4700,4504,95.83
2026-08-14,2,VTX-03,Unit I,Spinning,Vortex,4700,4700,100.0
2026-08-14,2,VTX-04,Unit I,Spinning,Vortex,4700,4321,91.95
2026-08-14,2,VTX-05,Unit I,Spinning,Vortex,4700,4490,95.53
2026-08-14,2,VTX-06,Unit I,Spinning,Vortex,4700,3841,81.74
2026-08-14,2,VTX-07,Unit I,Spinning,Vortex,4700,4154,88.39
2026-08-14,2,VTX-08,Unit I,Spinning,Vortex,4700,4700,100.0
2026-08-14,2,VTX-09,Unit I,Spinning,Vortex,4700,4471,95.14
2026-08-14,2,VTX-10,Unit I,Spinning,Vortex,4700,4498,95.71
2026-08-14,2,VTX-11,Unit I,Spinning,Vortex,4700,4700,100.0
2026-08-14,2,VTX-12,Unit I,Spinning,Vortex,4700,4680,99.57
2026-08-14,2,AJ-01,Unit I,Spinning,Airjet,3750,3569,95.19
2026-08-14,2,AJ-02,Unit I,Spinning,Airjet,3750,3586,95.65
2026-08-14,2,AJ-03,Unit I,Spinning,Airjet,3750,3280,87.48
2026-08-14,2,AJ-04,Unit I,Spinning,Airjet,3750,3458,92.22
2026-08-14,2,AJ-05,Unit I,Spinning,Airjet,3750,3659,97.59
2026-08-14,3,TOY-01,Unit I,Weaving,Toyota,21700,21096,97.22
2026-08-14,3,TOY-02,Unit I,Weaving,Toyota,21700,18250,84.11
2026-08-14,3,TOY-03,Unit I,Weaving,Toyota,21700,20484,94.4
2026-08-14,3,TOY-04,Unit I,Weaving,Toyota,21700,19109,88.06
2026-08-14,3,TOY-05,Unit I,Weaving,Toyota,21700,21700,100.0
2026-08-14,3,TOY-06,Unit I,Weaving,Toyota,21700,21700,100.0
2026-08-14,3,TOY-07,Unit I,Weaving,Toyota,21700,21589,99.49
2026-08-14,3,TOY-08,Unit I,Weaving,Toyota,21700,16748,77.18
2026-08-14,3,TOY-09,Unit I,Weaving,Toyota,21700,21700,100.0
2026-08-14,3,TOY-10,Unit I,Weaving,Toyota,21700,21700,100.0
2026-08-14,3,TOY-11,Unit I,Weaving,Toyota,21700,20739,95.58
2026-08-14,3,TOY-12,Unit I,Weaving,Toyota,21700,19191,88.44
2026-08-14,3,TOY-13,Unit I,Weaving,Toyota,21700,19978,92.07
2026-08-14,3,TOY-14,Unit I,Weaving,Toyota,21700,21293,98.13
2026-08-14,3,TOY-15,Unit I,Weaving,Toyota,21700,18873,86.98
2026-08-14,3,TSU-01,Unit I,Weaving,Tsudakoma,15000,14377,95.85
2026-08-14,3,TSU-02,Unit I,Weaving,Tsudakoma,15000,14535,96.9
2026-08-14,3,TSU-03,Unit I,Weaving,Tsudakoma,15000,15000,100.0
2026-08-14,3,TSU-04,Unit I,Weaving,Tsudakoma,15000,15000,100.0
2026-08-14,3,TSU-05,Unit I,Weaving,Tsudakoma,15000,14898,99.32
2026-08-14,3,TSU-06,Unit I,Weaving,Tsudakoma,15000,12627,84.19
2026-08-14,3,TSU-07,Unit I,Weaving,Tsudakoma,15000,14940,99.61
2026-08-14,3,TSU-08,Unit I,Weaving,Tsudakoma,15000,14779,98.53
2026-08-14,3,TSU-09,Unit I,Weaving,Tsudakoma,15000,14441,96.28
2026-08-14,3,TSU-10,Unit I,Weaving,Tsudakoma,15000,12952,86.35
2026-08-14,3,SUL-01,Unit I,Weaving,Sulzer,2700,2460,91.12
2026-08-14,3,SUL-02,Unit I,Weaving,Sulzer,2700,2407,89.17
2026-08-14,3,SUL-03,Unit I,Weaving,Sulzer,2700,2292,84.92
2026-08-14,3,SUL-04,Unit I,Weaving,Sulzer,2700,2564,94.99
2026-08-14,3,SUL-05,Unit I,Weaving,Sulzer,2700,2457,91.01
2026-08-14,3,RF-01,Unit I,Spinning,RingFrame,2500,2500,100.0
2026-08-14,3,RF-02,Unit I,Spinning,RingFrame,2500,2353,94.16
2026-08-14,3,RF-03,Unit I,Spinning,RingFrame,2500,2500,100.0
2026-08-14,3,RF-04,Unit I,Spinning,RingFrame,2500,2178,87.15
2026-08-14,3,RF-05,Unit I,Spinning,RingFrame,2500,2308,92.35
2026-08-14,3,RF-06,Unit I,Spinning,RingFrame,2500,2387,95.48
2026-08-14,3,RF-07,Unit I,Spinning,RingFrame,2500,2261,90.46
2026-08-14,3,RF-08,Unit I,Spinning,RingFrame,2500,2322,92.89
2026-08-14,3,RF-09,Unit I,Spinning,RingFrame,2500,2347,93.91
2026-08-14,3,RF-10,Unit I,Spinning,RingFrame,2500,2345,93.83
2026-08-14,3,RF-11,Unit I,Spinning,RingFrame,2500,2181,87.28
2026-08-14,3,RF-12,Unit I,Spinning,RingFrame,2500,2422,96.89
2026-08-14,3,VTX-01,Unit I,Spinning,Vortex,4700,4577,97.4
2026-08-14,3,VTX-02,Unit I,Spinning,Vortex,4700,4591,97.7
2026-08-14,3,VTX-03,Unit I,Spinning,Vortex,4700,4608,98.06
2026-08-14,3,VTX-04,Unit I,Spinning,Vortex,4700,4445,94.59
2026-08-14,3,VTX-05,Unit I,Spinning,Vortex,4700,4389,93.4
2026-08-14,3,VTX-06,Unit I,Spinning,Vortex,4700,3705,78.83
2026-08-14,3,VTX-07,Unit I,Spinning,Vortex,4700,4700,100.0
2026-08-14,3,VTX-08,Unit I,Spinning,Vortex,4700,4700,100.0
2026-08-14,3,VTX-09,Unit I,Spinning,Vortex,4700,4408,93.8
2026-08-14,3,VTX-10,Unit I,Spinning,Vortex,4700,4645,98.84
2026-08-14,3,VTX-11,Unit I,Spinning,Vortex,4700,4419,94.03
2026-08-14,3,VTX-12,Unit I,Spinning,Vortex,4700,4472,95.17
2026-08-14,3,AJ-01,Unit I,Spinning,Airjet,3750,3473,92.63
2026-08-14,3,AJ-02,Unit I,Spinning,Airjet,3750,3528,94.09
2026-08-14,3,AJ-03,Unit I,Spinning,Airjet,3750,3750,100.0
2026-08-14,3,AJ-04,Unit I,Spinning,Airjet,3750,3579,95.46
2026-08-14,3,AJ-05,Unit I,Spinning,Airjet,3750,3587,95.68
2026-08-15,1,TOY-01,Unit I,Weaving,Toyota,21700,19044,87.76
2026-08-15,1,TOY-02,Unit I,Weaving,Toyota,21700,16590,76.45
2026-08-15,1,TOY-03,Unit I,Weaving,Toyota,21700,20353,93.79
2026-08-15,1,TOY-04,Unit I,Weaving,Toyota,21700,19715,90.85
2026-08-15,1,TOY-05,Unit I,Weaving,Toyota,21700,20638,95.11
2026-08-15,1,TOY-06,Unit I,Weaving,Toyota,21700,20149,92.85
2026-08-15,1,TOY-07,Unit I,Weaving,Toyota,21700,20701,95.4
2026-08-15,1,TOY-08,Unit I,Weaving,Toyota,21700,17057,78.61
2026-08-15,1,TOY-09,Unit I,Weaving,Toyota,21700,19578,90.22
2026-08-15,1,TOY-10,Unit I,Weaving,Toyota,21700,20182,93.01
2026-08-15,1,TOY-11,Unit I,Weaving,Toyota,21700,20698,95.39
2026-08-15,1,TOY-12,Unit I,Weaving,Toyota,21700,21700,100.0
2026-08-15,1,TOY-13,Unit I,Weaving,Toyota,21700,20893,96.28
2026-08-15,1,TOY-14,Unit I,Weaving,Toyota,21700,19896,91.69
2026-08-15,1,TOY-15,Unit I,Weaving,Toyota,21700,21047,97.0
2026-08-15,1,TSU-01,Unit I,Weaving,Tsudakoma,15000,15000,100.0
2026-08-15,1,TSU-02,Unit I,Weaving,Tsudakoma,15000,14937,99.58
2026-08-15,1,TSU-03,Unit I,Weaving,Tsudakoma,15000,14660,97.74
2026-08-15,1,TSU-04,Unit I,Weaving,Tsudakoma,15000,14794,98.63
2026-08-15,1,TSU-05,Unit I,Weaving,Tsudakoma,15000,15000,100.0
2026-08-15,1,TSU-06,Unit I,Weaving,Tsudakoma,15000,15000,100.0
2026-08-15,1,TSU-07,Unit I,Weaving,Tsudakoma,15000,14675,97.83
2026-08-15,1,TSU-08,Unit I,Weaving,Tsudakoma,15000,15000,100.0
2026-08-15,1,TSU-09,Unit I,Weaving,Tsudakoma,15000,13438,89.59
2026-08-15,1,TSU-10,Unit I,Weaving,Tsudakoma,15000,13123,87.49
2026-08-15,1,SUL-01,Unit I,Weaving,Sulzer,2700,2586,95.79
2026-08-15,1,SUL-02,Unit I,Weaving,Sulzer,2700,2574,95.34
2026-08-15,1,SUL-03,Unit I,Weaving,Sulzer,2700,2491,92.28
2026-08-15,1,SUL-04,Unit I,Weaving,Sulzer,2700,2676,99.13
2026-08-15,1,SUL-05,Unit I,Weaving,Sulzer,2700,2313,85.69
2026-08-15,1,RF-01,Unit I,Spinning,RingFrame,2500,2308,92.33
2026-08-15,1,RF-02,Unit I,Spinning,RingFrame,2500,2314,92.58
2026-08-15,1,RF-03,Unit I,Spinning,RingFrame,2500,2170,86.82
2026-08-15,1,RF-04,Unit I,Spinning,RingFrame,2500,2500,100.0
2026-08-15,1,RF-05,Unit I,Spinning,RingFrame,2500,2205,88.2
2026-08-15,1,RF-06,Unit I,Spinning,RingFrame,2500,2301,92.06
2026-08-15,1,RF-07,Unit I,Spinning,RingFrame,2500,2488,99.54
2026-08-15,1,RF-08,Unit I,Spinning,RingFrame,2500,2455,98.23
2026-08-15,1,RF-09,Unit I,Spinning,RingFrame,2500,2236,89.46
2026-08-15,1,RF-10,Unit I,Spinning,RingFrame,2500,2460,98.41
2026-08-15,1,RF-11,Unit I,Spinning,RingFrame,2500,1986,79.45
2026-08-15,1,RF-12,Unit I,Spinning,RingFrame,2500,2500,100.0
2026-08-15,1,VTX-01,Unit I,Spinning,Vortex,4700,4559,97.02
2026-08-15,1,VTX-02,Unit I,Spinning,Vortex,4700,4431,94.29
2026-08-15,1,VTX-03,Unit I,Spinning,Vortex,4700,4263,90.72
2026-08-15,1,VTX-04,Unit I,Spinning,Vortex,4700,4290,91.28
2026-08-15,1,VTX-05,Unit I,Spinning,Vortex,4700,4270,90.87
2026-08-15,1,VTX-06,Unit I,Spinning,Vortex,4700,3988,84.86
2026-08-15,1,VTX-07,Unit I,Spinning,Vortex,4700,4469,95.09
2026-08-15,1,VTX-08,Unit I,Spinning,Vortex,4700,4597,97.83
2026-08-15,1,VTX-09,Unit I,Spinning,Vortex,4700,4700,100.0
2026-08-15,1,VTX-10,Unit I,Spinning,Vortex,4700,3910,83.21
2026-08-15,1,VTX-11,Unit I,Spinning,Vortex,4700,4700,100.0
2026-08-15,1,VTX-12,Unit I,Spinning,Vortex,4700,4478,95.28
2026-08-15,1,AJ-01,Unit I,Spinning,Airjet,3750,3644,97.18
2026-08-15,1,AJ-02,Unit I,Spinning,Airjet,3750,3407,90.86
2026-08-15,1,AJ-03,Unit I,Spinning,Airjet,3750,3420,91.22
2026-08-15,1,AJ-04,Unit I,Spinning,Airjet,3750,3654,97.44
2026-08-15,1,AJ-05,Unit I,Spinning,Airjet,3750,3750,100.0
2026-08-15,2,TOY-01,Unit I,Weaving,Toyota,21700,21700,100.0
2026-08-15,2,TOY-02,Unit I,Weaving,Toyota,21700,18299,84.33
2026-08-15,2,TOY-03,Unit I,Weaving,Toyota,21700,20406,94.04
2026-08-15,2,TOY-04,Unit I,Weaving,Toyota,21700,19963,92.0
2026-08-15,2,TOY-05,Unit I,Weaving,Toyota,21700,19767,91.1
2026-08-15,2,TOY-06,Unit I,Weaving,Toyota,21700,20085,92.56
2026-08-15,2,TOY-07,Unit I,Weaving,Toyota,21700,18387,84.74
2026-08-15,2,TOY-08,Unit I,Weaving,Toyota,21700,16139,74.38
2026-08-15,2,TOY-09,Unit I,Weaving,Toyota,21700,20007,92.2
2026-08-15,2,TOY-10,Unit I,Weaving,Toyota,21700,20424,94.12
2026-08-15,2,TOY-11,Unit I,Weaving,Toyota,21700,20757,95.66
2026-08-15,2,TOY-12,Unit I,Weaving,Toyota,21700,21008,96.81
2026-08-15,2,TOY-13,Unit I,Weaving,Toyota,21700,20598,94.93
2026-08-15,2,TOY-14,Unit I,Weaving,Toyota,21700,19984,92.09
2026-08-15,2,TOY-15,Unit I,Weaving,Toyota,21700,18484,85.18
2026-08-15,2,TSU-01,Unit I,Weaving,Tsudakoma,15000,13818,92.12
2026-08-15,2,TSU-02,Unit I,Weaving,Tsudakoma,15000,13520,90.14
2026-08-15,2,TSU-03,Unit I,Weaving,Tsudakoma,15000,14599,97.33
2026-08-15,2,TSU-04,Unit I,Weaving,Tsudakoma,15000,14931,99.55
2026-08-15,2,TSU-05,Unit I,Weaving,Tsudakoma,15000,14953,99.69
2026-08-15,2,TSU-06,Unit I,Weaving,Tsudakoma,15000,14817,98.78
2026-08-15,2,TSU-07,Unit I,Weaving,Tsudakoma,15000,14149,94.33
2026-08-15,2,TSU-08,Unit I,Weaving,Tsudakoma,15000,13858,92.39
2026-08-15,2,TSU-09,Unit I,Weaving,Tsudakoma,15000,13689,91.26
2026-08-15,2,TSU-10,Unit I,Weaving,Tsudakoma,15000,13119,87.46
2026-08-15,2,SUL-01,Unit I,Weaving,Sulzer,2700,2698,99.96
2026-08-15,2,SUL-02,Unit I,Weaving,Sulzer,2700,2541,94.13
2026-08-15,2,SUL-03,Unit I,Weaving,Sulzer,2700,2396,88.77
2026-08-15,2,SUL-04,Unit I,Weaving,Sulzer,2700,2453,90.87
2026-08-15,2,SUL-05,Unit I,Weaving,Sulzer,2700,2447,90.67
2026-08-15,2,RF-01,Unit I,Spinning,RingFrame,2500,2380,95.22
2026-08-15,2,RF-02,Unit I,Spinning,RingFrame,2500,2500,100.0
2026-08-15,2,RF-03,Unit I,Spinning,RingFrame,2500,2331,93.26
2026-08-15,2,RF-04,Unit I,Spinning,RingFrame,2500,2093,83.74
2026-08-15,2,RF-05,Unit I,Spinning,RingFrame,2500,2351,94.05
2026-08-15,2,RF-06,Unit I,Spinning,RingFrame,2500,2355,94.22
2026-08-15,2,RF-07,Unit I,Spinning,RingFrame,2500,2346,93.88
2026-08-15,2,RF-08,Unit I,Spinning,RingFrame,2500,2296,91.86
2026-08-15,2,RF-09,Unit I,Spinning,RingFrame,2500,2402,96.09
2026-08-15,2,RF-10,Unit I,Spinning,RingFrame,2500,2383,95.33
2026-08-15,2,RF-11,Unit I,Spinning,RingFrame,2500,1946,77.88
2026-08-15,2,RF-12,Unit I,Spinning,RingFrame,2500,2426,97.06
2026-08-15,2,VTX-01,Unit I,Spinning,Vortex,4700,4363,92.85
2026-08-15,2,VTX-02,Unit I,Spinning,Vortex,4700,4350,92.57
2026-08-15,2,VTX-03,Unit I,Spinning,Vortex,4700,4700,100.0
2026-08-15,2,VTX-04,Unit I,Spinning,Vortex,4700,4596,97.8
2026-08-15,2,VTX-05,Unit I,Spinning,Vortex,4700,4659,99.13
2026-08-15,2,VTX-06,Unit I,Spinning,Vortex,4700,3954,84.13
2026-08-15,2,VTX-07,Unit I,Spinning,Vortex,4700,4588,97.63
2026-08-15,2,VTX-08,Unit I,Spinning,Vortex,4700,4683,99.64
2026-08-15,2,VTX-09,Unit I,Spinning,Vortex,4700,4093,87.1
2026-08-15,2,VTX-10,Unit I,Spinning,Vortex,4700,4512,96.02
2026-08-15,2,VTX-11,Unit I,Spinning,Vortex,4700,4422,94.09
2026-08-15,2,VTX-12,Unit I,Spinning,Vortex,4700,4700,100.0
2026-08-15,2,AJ-01,Unit I,Spinning,Airjet,3750,3736,99.64
2026-08-15,2,AJ-02,Unit I,Spinning,Airjet,3750,3444,91.85
2026-08-15,2,AJ-03,Unit I,Spinning,Airjet,3750,3632,96.86
2026-08-15,2,AJ-04,Unit I,Spinning,Airjet,3750,3593,95.84
2026-08-15,2,AJ-05,Unit I,Spinning,Airjet,3750,3647,97.27
2026-08-15,3,TOY-01,Unit I,Weaving,Toyota,21700,19509,89.91
2026-08-15,3,TOY-02,Unit I,Weaving,Toyota,21700,17316,79.8
2026-08-15,3,TOY-03,Unit I,Weaving,Toyota,21700,20367,93.86
2026-08-15,3,TOY-04,Unit I,Weaving,Toyota,21700,20921,96.41
2026-08-15,3,TOY-05,Unit I,Weaving,Toyota,21700,19829,91.38
2026-08-15,3,TOY-06,Unit I,Weaving,Toyota,21700,19980,92.07
2026-08-15,3,TOY-07,Unit I,Weaving,Toyota,21700,21700,100.0
2026-08-15,3,TOY-08,Unit I,Weaving,Toyota,21700,15785,72.74
2026-08-15,3,TOY-09,Unit I,Weaving,Toyota,21700,19554,90.11
2026-08-15,3,TOY-10,Unit I,Weaving,Toyota,21700,20559,94.74
2026-08-15,3,TOY-11,Unit I,Weaving,Toyota,21700,19777,91.14
2026-08-15,3,TOY-12,Unit I,Weaving,Toyota,21700,19654,90.57
2026-08-15,3,TOY-13,Unit I,Weaving,Toyota,21700,20729,95.53
2026-08-15,3,TOY-14,Unit I,Weaving,Toyota,21700,18982,87.47
2026-08-15,3,TOY-15,Unit I,Weaving,Toyota,21700,19521,89.96
2026-08-15,3,TSU-01,Unit I,Weaving,Tsudakoma,15000,15000,100.0
2026-08-15,3,TSU-02,Unit I,Weaving,Tsudakoma,15000,14594,97.3
2026-08-15,3,TSU-03,Unit I,Weaving,Tsudakoma,15000,13690,91.27
2026-08-15,3,TSU-04,Unit I,Weaving,Tsudakoma,15000,14563,97.09
2026-08-15,3,TSU-05,Unit I,Weaving,Tsudakoma,15000,14675,97.84
2026-08-15,3,TSU-06,Unit I,Weaving,Tsudakoma,15000,14995,99.97
2026-08-15,3,TSU-07,Unit I,Weaving,Tsudakoma,15000,14154,94.36
2026-08-15,3,TSU-08,Unit I,Weaving,Tsudakoma,15000,14982,99.88
2026-08-15,3,TSU-09,Unit I,Weaving,Tsudakoma,15000,12721,84.81
2026-08-15,3,TSU-10,Unit I,Weaving,Tsudakoma,15000,13457,89.72
2026-08-15,3,SUL-01,Unit I,Weaving,Sulzer,2700,2587,95.82
2026-08-15,3,SUL-02,Unit I,Weaving,Sulzer,2700,2609,96.65
2026-08-15,3,SUL-03,Unit I,Weaving,Sulzer,2700,2441,90.44
2026-08-15,3,SUL-04,Unit I,Weaving,Sulzer,2700,2600,96.3
2026-08-15,3,SUL-05,Unit I,Weaving,Sulzer,2700,2480,91.88
2026-08-15,3,RF-01,Unit I,Spinning,RingFrame,2500,2340,93.62
2026-08-15,3,RF-02,Unit I,Spinning,RingFrame,2500,2500,100.0
2026-08-15,3,RF-03,Unit I,Spinning,RingFrame,2500,2488,99.54
2026-08-15,3,RF-04,Unit I,Spinning,RingFrame,2500,2250,90.01
2026-08-15,3,RF-05,Unit I,Spinning,RingFrame,2500,2242,89.71
2026-08-15,3,RF-06,Unit I,Spinning,RingFrame,2500,2323,92.94
2026-08-15,3,RF-07,Unit I,Spinning,RingFrame,2500,2371,94.87
2026-08-15,3,RF-08,Unit I,Spinning,RingFrame,2500,2292,91.71
2026-08-15,3,RF-09,Unit I,Spinning,RingFrame,2500,2500,100.0
2026-08-15,3,RF-10,Unit I,Spinning,RingFrame,2500,2418,96.74
2026-08-15,3,RF-11,Unit I,Spinning,RingFrame,2500,2000,80.03
2026-08-15,3,RF-12,Unit I,Spinning,RingFrame,2500,2216,88.67
2026-08-15,3,VTX-01,Unit I,Spinning,Vortex,4700,4700,100.0
2026-08-15,3,VTX-02,Unit I,Spinning,Vortex,4700,3802,80.9
2026-08-15,3,VTX-03,Unit I,Spinning,Vortex,4700,4661,99.17
2026-08-15,3,VTX-04,Unit I,Spinning,Vortex,4700,4684,99.67
2026-08-15,3,VTX-05,Unit I,Spinning,Vortex,4700,4363,92.84
2026-08-15,3,VTX-06,Unit I,Spinning,Vortex,4700,3965,84.36
2026-08-15,3,VTX-07,Unit I,Spinning,Vortex,4700,4450,94.68
2026-08-15,3,VTX-08,Unit I,Spinning,Vortex,4700,4479,95.31
2026-08-15,3,VTX-09,Unit I,Spinning,Vortex,4700,4544,96.7
2026-08-15,3,VTX-10,Unit I,Spinning,Vortex,4700,4700,100.0
2026-08-15,3,VTX-11,Unit I,Spinning,Vortex,4700,4700,100.0
2026-08-15,3,VTX-12,Unit I,Spinning,Vortex,4700,4629,98.51
2026-08-15,3,AJ-01,Unit I,Spinning,Airjet,3750,3391,90.44
2026-08-15,3,AJ-02,Unit I,Spinning,Airjet,3750,3589,95.72
2026-08-15,3,AJ-03,Unit I,Spinning,Airjet,3750,3410,90.93
2026-08-15,3,AJ-04,Unit I,Spinning,Airjet,3750,3716,99.11
2026-08-15,3,AJ-05,Unit I,Spinning,Airjet,3750,3588,95.7
2026-08-16,1,TOY-01,Unit I,Weaving,Toyota,21700,19394,89.38
2026-08-16,1,TOY-02,Unit I,Weaving,Toyota,21700,17014,78.41
2026-08-16,1,TOY-03,Unit I,Weaving,Toyota,21700,19693,90.75
2026-08-16,1,TOY-04,Unit I,Weaving,Toyota,21700,20779,95.76
2026-08-16,1,TOY-05,Unit I,Weaving,Toyota,21700,19682,90.7
2026-08-16,1,TOY-06,Unit I,Weaving,Toyota,21700,20644,95.14
2026-08-16,1,TOY-07,Unit I,Weaving,Toyota,21700,21429,98.75
2026-08-16,1,TOY-08,Unit I,Weaving,Toyota,21700,16868,77.73
2026-08-16,1,TOY-09,Unit I,Weaving,Toyota,21700,20190,93.05
2026-08-16,1,TOY-10,Unit I,Weaving,Toyota,21700,20835,96.02
2026-08-16,1,TOY-11,Unit I,Weaving,Toyota,21700,21371,98.49
2026-08-16,1,TOY-12,Unit I,Weaving,Toyota,21700,19413,89.46
2026-08-16,1,TOY-13,Unit I,Weaving,Toyota,21700,20897,96.3
2026-08-16,1,TOY-14,Unit I,Weaving,Toyota,21700,21700,100.0
2026-08-16,1,TOY-15,Unit I,Weaving,Toyota,21700,21237,97.87
2026-08-16,1,TSU-01,Unit I,Weaving,Tsudakoma,15000,14293,95.29
2026-08-16,1,TSU-02,Unit I,Weaving,Tsudakoma,15000,14729,98.2
2026-08-16,1,TSU-03,Unit I,Weaving,Tsudakoma,15000,14589,97.26
2026-08-16,1,TSU-04,Unit I,Weaving,Tsudakoma,15000,14815,98.77
2026-08-16,1,TSU-05,Unit I,Weaving,Tsudakoma,15000,12732,84.88
2026-08-16,1,TSU-06,Unit I,Weaving,Tsudakoma,15000,13084,87.23
2026-08-16,1,TSU-07,Unit I,Weaving,Tsudakoma,15000,15000,100.0
2026-08-16,1,TSU-08,Unit I,Weaving,Tsudakoma,15000,13121,87.47
2026-08-16,1,TSU-09,Unit I,Weaving,Tsudakoma,15000,14551,97.01
2026-08-16,1,TSU-10,Unit I,Weaving,Tsudakoma,15000,13985,93.24
2026-08-16,1,SUL-01,Unit I,Weaving,Sulzer,2700,2430,90.02
2026-08-16,1,SUL-02,Unit I,Weaving,Sulzer,2700,2612,96.75
2026-08-16,1,SUL-03,Unit I,Weaving,Sulzer,2700,2592,96.01
2026-08-16,1,SUL-04,Unit I,Weaving,Sulzer,2700,2700,100.0
2026-08-16,1,SUL-05,Unit I,Weaving,Sulzer,2700,2480,91.88
2026-08-16,1,RF-01,Unit I,Spinning,RingFrame,2500,2500,100.0
2026-08-16,1,RF-02,Unit I,Spinning,RingFrame,2500,2419,96.76
2026-08-16,1,RF-03,Unit I,Spinning,RingFrame,2500,2292,91.69
2026-08-16,1,RF-04,Unit I,Spinning,RingFrame,2500,2474,99.0
2026-08-16,1,RF-05,Unit I,Spinning,RingFrame,2500,2445,97.83
2026-08-16,1,RF-06,Unit I,Spinning,RingFrame,2500,2379,95.18
2026-08-16,1,RF-07,Unit I,Spinning,RingFrame,2500,2408,96.33
2026-08-16,1,RF-08,Unit I,Spinning,RingFrame,2500,2300,92.02
2026-08-16,1,RF-09,Unit I,Spinning,RingFrame,2500,2271,90.87
2026-08-16,1,RF-10,Unit I,Spinning,RingFrame,2500,2469,98.8
2026-08-16,1,RF-11,Unit I,Spinning,RingFrame,2500,1922,76.88
2026-08-16,1,RF-12,Unit I,Spinning,RingFrame,2500,2364,94.6
2026-08-16,1,VTX-01,Unit I,Spinning,Vortex,4700,4530,96.4
2026-08-16,1,VTX-02,Unit I,Spinning,Vortex,4700,4527,96.33
2026-08-16,1,VTX-03,Unit I,Spinning,Vortex,4700,4129,87.85
2026-08-16,1,VTX-04,Unit I,Spinning,Vortex,4700,4700,100.0
2026-08-16,1,VTX-05,Unit I,Spinning,Vortex,4700,4493,95.61
2026-08-16,1,VTX-06,Unit I,Spinning,Vortex,4700,3618,76.99
2026-08-16,1,VTX-07,Unit I,Spinning,Vortex,4700,4566,97.15
2026-08-16,1,VTX-08,Unit I,Spinning,Vortex,4700,4520,96.18
2026-08-16,1,VTX-09,Unit I,Spinning,Vortex,4700,4645,98.84
2026-08-16,1,VTX-10,Unit I,Spinning,Vortex,4700,4591,97.69
2026-08-16,1,VTX-11,Unit I,Spinning,Vortex,4700,4633,98.59
2026-08-16,1,VTX-12,Unit I,Spinning,Vortex,4700,4700,100.0
2026-08-16,1,AJ-01,Unit I,Spinning,Airjet,3750,3728,99.42
2026-08-16,1,AJ-02,Unit I,Spinning,Airjet,3750,3532,94.2
2026-08-16,1,AJ-03,Unit I,Spinning,Airjet,3750,3351,89.39
2026-08-16,1,AJ-04,Unit I,Spinning,Airjet,3750,3750,100.0
2026-08-16,1,AJ-05,Unit I,Spinning,Airjet,3750,3517,93.81
2026-08-16,2,TOY-01,Unit I,Weaving,Toyota,21700,20101,92.63
2026-08-16,2,TOY-02,Unit I,Weaving,Toyota,21700,15041,69.32
2026-08-16,2,TOY-03,Unit I,Weaving,Toyota,21700,20982,96.69
2026-08-16,2,TOY-04,Unit I,Weaving,Toyota,21700,20776,95.74
2026-08-16,2,TOY-05,Unit I,Weaving,Toyota,21700,18971,87.42
2026-08-16,2,TOY-06,Unit I,Weaving,Toyota,21700,21106,97.27
2026-08-16,2,TOY-07,Unit I,Weaving,Toyota,21700,20074,92.51
2026-08-16,2,TOY-08,Unit I,Weaving,Toyota,21700,19844,91.45
2026-08-16,2,TOY-09,Unit I,Weaving,Toyota,21700,19997,92.15
2026-08-16,2,TOY-10,Unit I,Weaving,Toyota,21700,20142,92.82
2026-08-16,2,TOY-11,Unit I,Weaving,Toyota,21700,19665,90.63
2026-08-16,2,TOY-12,Unit I,Weaving,Toyota,21700,21700,100.0
2026-08-16,2,TOY-13,Unit I,Weaving,Toyota,21700,20210,93.14
2026-08-16,2,TOY-14,Unit I,Weaving,Toyota,21700,19828,91.38
2026-08-16,2,TOY-15,Unit I,Weaving,Toyota,21700,21382,98.53
2026-08-16,2,TSU-01,Unit I,Weaving,Tsudakoma,15000,13214,88.1
2026-08-16,2,TSU-02,Unit I,Weaving,Tsudakoma,15000,14718,98.13
2026-08-16,2,TSU-03,Unit I,Weaving,Tsudakoma,15000,15000,100.0
2026-08-16,2,TSU-04,Unit I,Weaving,Tsudakoma,15000,14674,97.83
2026-08-16,2,TSU-05,Unit I,Weaving,Tsudakoma,15000,14728,98.19
2026-08-16,2,TSU-06,Unit I,Weaving,Tsudakoma,15000,14902,99.35
2026-08-16,2,TSU-07,Unit I,Weaving,Tsudakoma,15000,15000,100.0
2026-08-16,2,TSU-08,Unit I,Weaving,Tsudakoma,15000,15000,100.0
2026-08-16,2,TSU-09,Unit I,Weaving,Tsudakoma,15000,14579,97.2
2026-08-16,2,TSU-10,Unit I,Weaving,Tsudakoma,15000,14927,99.52
2026-08-16,2,SUL-01,Unit I,Weaving,Sulzer,2700,2445,90.57
2026-08-16,2,SUL-02,Unit I,Weaving,Sulzer,2700,2669,98.88
2026-08-16,2,SUL-03,Unit I,Weaving,Sulzer,2700,2429,89.97
2026-08-16,2,SUL-04,Unit I,Weaving,Sulzer,2700,2515,93.16
2026-08-16,2,SUL-05,Unit I,Weaving,Sulzer,2700,2148,79.59
2026-08-16,2,RF-01,Unit I,Spinning,RingFrame,2500,2425,97.01
2026-08-16,2,RF-02,Unit I,Spinning,RingFrame,2500,2294,91.78
2026-08-16,2,RF-03,Unit I,Spinning,RingFrame,2500,2500,100.0
2026-08-16,2,RF-04,Unit I,Spinning,RingFrame,2500,2423,96.95
2026-08-16,2,RF-05,Unit I,Spinning,RingFrame,2500,2500,100.0
2026-08-16,2,RF-06,Unit I,Spinning,RingFrame,2500,2239,89.58
2026-08-16,2,RF-07,Unit I,Spinning,RingFrame,2500,2500,100.0
2026-08-16,2,RF-08,Unit I,Spinning,RingFrame,2500,2500,100.0
2026-08-16,2,RF-09,Unit I,Spinning,RingFrame,2500,2470,98.82
2026-08-16,2,RF-10,Unit I,Spinning,RingFrame,2500,2473,98.95
2026-08-16,2,RF-11,Unit I,Spinning,RingFrame,2500,1971,78.85
2026-08-16,2,RF-12,Unit I,Spinning,RingFrame,2500,2309,92.38
2026-08-16,2,VTX-01,Unit I,Spinning,Vortex,4700,4643,98.81
2026-08-16,2,VTX-02,Unit I,Spinning,Vortex,4700,4111,87.47
2026-08-16,2,VTX-03,Unit I,Spinning,Vortex,4700,4366,92.91
2026-08-16,2,VTX-04,Unit I,Spinning,Vortex,4700,4048,86.14
2026-08-16,2,VTX-05,Unit I,Spinning,Vortex,4700,4299,91.48
2026-08-16,2,VTX-06,Unit I,Spinning,Vortex,4700,3816,81.21
2026-08-16,2,VTX-07,Unit I,Spinning,Vortex,4700,4583,97.53
2026-08-16,2,VTX-08,Unit I,Spinning,Vortex,4700,4476,95.25
2026-08-16,2,VTX-09,Unit I,Spinning,Vortex,4700,4505,95.85
2026-08-16,2,VTX-10,Unit I,Spinning,Vortex,4700,4021,85.57
2026-08-16,2,VTX-11,Unit I,Spinning,Vortex,4700,4377,93.14
2026-08-16,2,VTX-12,Unit I,Spinning,Vortex,4700,4304,91.59
2026-08-16,2,AJ-01,Unit I,Spinning,Airjet,3750,3438,91.7
2026-08-16,2,AJ-02,Unit I,Spinning,Airjet,3750,3674,98.0
2026-08-16,2,AJ-03,Unit I,Spinning,Airjet,3750,3401,90.7
2026-08-16,2,AJ-04,Unit I,Spinning,Airjet,3750,3449,91.98
2026-08-16,2,AJ-05,Unit I,Spinning,Airjet,3750,3171,84.56
2026-08-16,3,TOY-01,Unit I,Weaving,Toyota,21700,20295,93.53
2026-08-16,3,TOY-02,Unit I,Weaving,Toyota,21700,15745,72.56
2026-08-16,3,TOY-03,Unit I,Weaving,Toyota,21700,20700,95.4
2026-08-16,3,TOY-04,Unit I,Weaving,Toyota,21700,19583,90.24
2026-08-16,3,TOY-05,Unit I,Weaving,Toyota,21700,20728,95.52
2026-08-16,3,TOY-06,Unit I,Weaving,Toyota,21700,20458,94.28
2026-08-16,3,TOY-07,Unit I,Weaving,Toyota,21700,21700,100.0
2026-08-16,3,TOY-08,Unit I,Weaving,Toyota,21700,17465,80.49
2026-08-16,3,TOY-09,Unit I,Weaving,Toyota,21700,18618,85.8
2026-08-16,3,TOY-10,Unit I,Weaving,Toyota,21700,19242,88.68
2026-08-16,3,TOY-11,Unit I,Weaving,Toyota,21700,20674,95.28
2026-08-16,3,TOY-12,Unit I,Weaving,Toyota,21700,19606,90.35
2026-08-16,3,TOY-13,Unit I,Weaving,Toyota,21700,17394,80.16
2026-08-16,3,TOY-14,Unit I,Weaving,Toyota,21700,21700,100.0
2026-08-16,3,TOY-15,Unit I,Weaving,Toyota,21700,21396,98.6
2026-08-16,3,TSU-01,Unit I,Weaving,Tsudakoma,15000,14640,97.6
2026-08-16,3,TSU-02,Unit I,Weaving,Tsudakoma,15000,13794,91.96
2026-08-16,3,TSU-03,Unit I,Weaving,Tsudakoma,15000,14570,97.14
2026-08-16,3,TSU-04,Unit I,Weaving,Tsudakoma,15000,13721,91.48
2026-08-16,3,TSU-05,Unit I,Weaving,Tsudakoma,15000,14403,96.02
2026-08-16,3,TSU-06,Unit I,Weaving,Tsudakoma,15000,13559,90.4
2026-08-16,3,TSU-07,Unit I,Weaving,Tsudakoma,15000,15000,100.0
2026-08-16,3,TSU-08,Unit I,Weaving,Tsudakoma,15000,13072,87.15
2026-08-16,3,TSU-09,Unit I,Weaving,Tsudakoma,15000,15000,100.0
2026-08-16,3,TSU-10,Unit I,Weaving,Tsudakoma,15000,14279,95.19
2026-08-16,3,SUL-01,Unit I,Weaving,Sulzer,2700,2498,92.55
2026-08-16,3,SUL-02,Unit I,Weaving,Sulzer,2700,2587,95.84
2026-08-16,3,SUL-03,Unit I,Weaving,Sulzer,2700,2664,98.67
2026-08-16,3,SUL-04,Unit I,Weaving,Sulzer,2700,2700,100.0
2026-08-16,3,SUL-05,Unit I,Weaving,Sulzer,2700,2607,96.57
2026-08-16,3,RF-01,Unit I,Spinning,RingFrame,2500,2263,90.55
2026-08-16,3,RF-02,Unit I,Spinning,RingFrame,2500,2381,95.28
2026-08-16,3,RF-03,Unit I,Spinning,RingFrame,2500,2500,100.0
2026-08-16,3,RF-04,Unit I,Spinning,RingFrame,2500,2500,100.0
2026-08-16,3,RF-05,Unit I,Spinning,RingFrame,2500,2488,99.54
2026-08-16,3,RF-06,Unit I,Spinning,RingFrame,2500,2474,98.98
2026-08-16,3,RF-07,Unit I,Spinning,RingFrame,2500,2462,98.5
2026-08-16,3,RF-08,Unit I,Spinning,RingFrame,2500,2500,100.0
2026-08-16,3,RF-09,Unit I,Spinning,RingFrame,2500,2317,92.72
2026-08-16,3,RF-10,Unit I,Spinning,RingFrame,2500,2205,88.22
2026-08-16,3,RF-11,Unit I,Spinning,RingFrame,2500,1958,78.35
2026-08-16,3,RF-12,Unit I,Spinning,RingFrame,2500,2272,90.91
2026-08-16,3,VTX-01,Unit I,Spinning,Vortex,4700,4217,89.72
2026-08-16,3,VTX-02,Unit I,Spinning,Vortex,4700,4295,91.4
2026-08-16,3,VTX-03,Unit I,Spinning,Vortex,4700,4700,100.0
2026-08-16,3,VTX-04,Unit I,Spinning,Vortex,4700,4496,95.68
2026-08-16,3,VTX-05,Unit I,Spinning,Vortex,4700,4550,96.81
2026-08-16,3,VTX-06,Unit I,Spinning,Vortex,4700,3378,71.89
2026-08-16,3,VTX-07,Unit I,Spinning,Vortex,4700,4031,85.78
2026-08-16,3,VTX-08,Unit I,Spinning,Vortex,4700,4272,90.9
2026-08-16,3,VTX-09,Unit I,Spinning,Vortex,4700,4700,100.0
2026-08-16,3,VTX-10,Unit I,Spinning,Vortex,4700,4543,96.67
2026-08-16,3,VTX-11,Unit I,Spinning,Vortex,4700,4605,97.99
2026-08-16,3,VTX-12,Unit I,Spinning,Vortex,4700,4638,98.69
2026-08-16,3,AJ-01,Unit I,Spinning,Airjet,3750,3451,92.04
2026-08-16,3,AJ-02,Unit I,Spinning,Airjet,3750,3750,100.0
2026-08-16,3,AJ-03,Unit I,Spinning,Airjet,3750,3443,91.84
2026-08-16,3,AJ-04,Unit I,Spinning,Airjet,3750,3750,100.0
2026-08-16,3,AJ-05,Unit I,Spinning,Airjet,3750,3645,97.21
2026-08-17,1,TOY-01,Unit I,Weaving,Toyota,21700,18673,86.05
2026-08-17,1,TOY-02,Unit I,Weaving,Toyota,21700,16114,74.26
2026-08-17,1,TOY-03,Unit I,Weaving,Toyota,21700,18678,86.08
2026-08-17,1,TOY-04,Unit I,Weaving,Toyota,21700,21700,100.0
2026-08-17,1,TOY-05,Unit I,Weaving,Toyota,21700,20588,94.88
2026-08-17,1,TOY-06,Unit I,Weaving,Toyota,21700,18197,83.86
2026-08-17,1,TOY-07,Unit I,Weaving,Toyota,21700,21022,96.88
2026-08-17,1,TOY-08,Unit I,Weaving,Toyota,21700,16343,75.31
2026-08-17,1,TOY-09,Unit I,Weaving,Toyota,21700,19005,87.58
2026-08-17,1,TOY-10,Unit I,Weaving,Toyota,21700,21700,100.0
2026-08-17,1,TOY-11,Unit I,Weaving,Toyota,21700,20731,95.54
2026-08-17,1,TOY-12,Unit I,Weaving,Toyota,21700,20296,93.53
2026-08-17,1,TOY-13,Unit I,Weaving,Toyota,21700,20181,93.0
2026-08-17,1,TOY-14,Unit I,Weaving,Toyota,21700,18973,87.43
2026-08-17,1,TOY-15,Unit I,Weaving,Toyota,21700,19199,88.48
2026-08-17,1,TSU-01,Unit I,Weaving,Tsudakoma,15000,15000,100.0
2026-08-17,1,TSU-02,Unit I,Weaving,Tsudakoma,15000,13894,92.63
2026-08-17,1,TSU-03,Unit I,Weaving,Tsudakoma,15000,14266,95.11
2026-08-17,1,TSU-04,Unit I,Weaving,Tsudakoma,15000,12716,84.78
2026-08-17,1,TSU-05,Unit I,Weaving,Tsudakoma,15000,13261,88.41
2026-08-17,1,TSU-06,Unit I,Weaving,Tsudakoma,15000,14707,98.05
2026-08-17,1,TSU-07,Unit I,Weaving,Tsudakoma,15000,14533,96.89
2026-08-17,1,TSU-08,Unit I,Weaving,Tsudakoma,15000,15000,100.0
2026-08-17,1,TSU-09,Unit I,Weaving,Tsudakoma,15000,15000,100.0
2026-08-17,1,TSU-10,Unit I,Weaving,Tsudakoma,15000,14076,93.85
2026-08-17,1,SUL-01,Unit I,Weaving,Sulzer,2700,2628,97.36
2026-08-17,1,SUL-02,Unit I,Weaving,Sulzer,2700,2522,93.42
2026-08-17,1,SUL-03,Unit I,Weaving,Sulzer,2700,2700,100.0
2026-08-17,1,SUL-04,Unit I,Weaving,Sulzer,2700,2700,100.0
2026-08-17,1,SUL-05,Unit I,Weaving,Sulzer,2700,2587,95.85
2026-08-17,1,RF-01,Unit I,Spinning,RingFrame,2500,2400,96.0
2026-08-17,1,RF-02,Unit I,Spinning,RingFrame,2500,2500,100.0
2026-08-17,1,RF-03,Unit I,Spinning,RingFrame,2500,2447,97.9
2026-08-17,1,RF-04,Unit I,Spinning,RingFrame,2500,2500,100.0
2026-08-17,1,RF-05,Unit I,Spinning,RingFrame,2500,2100,84.03
2026-08-17,1,RF-06,Unit I,Spinning,RingFrame,2500,2432,97.31
2026-08-17,1,RF-07,Unit I,Spinning,RingFrame,2500,2310,92.42
2026-08-17,1,RF-08,Unit I,Spinning,RingFrame,2500,2500,100.0
2026-08-17,1,RF-09,Unit I,Spinning,RingFrame,2500,2500,100.0
2026-08-17,1,RF-10,Unit I,Spinning,RingFrame,2500,2379,95.16
2026-08-17,1,RF-11,Unit I,Spinning,RingFrame,2500,2141,85.68
2026-08-17,1,RF-12,Unit I,Spinning,RingFrame,2500,2500,100.0
2026-08-17,1,VTX-01,Unit I,Spinning,Vortex,4700,4482,95.37
2026-08-17,1,VTX-02,Unit I,Spinning,Vortex,4700,4700,100.0
2026-08-17,1,VTX-03,Unit I,Spinning,Vortex,4700,4457,94.84
2026-08-17,1,VTX-04,Unit I,Spinning,Vortex,4700,4414,93.93
2026-08-17,1,VTX-05,Unit I,Spinning,Vortex,4700,4668,99.33
2026-08-17,1,VTX-06,Unit I,Spinning,Vortex,4700,3582,76.23
2026-08-17,1,VTX-07,Unit I,Spinning,Vortex,4700,4485,95.43
2026-08-17,1,VTX-08,Unit I,Spinning,Vortex,4700,4700,100.0
2026-08-17,1,VTX-09,Unit I,Spinning,Vortex,4700,4469,95.1
2026-08-17,1,VTX-10,Unit I,Spinning,Vortex,4700,4066,86.52
2026-08-17,1,VTX-11,Unit I,Spinning,Vortex,4700,4551,96.84
2026-08-17,1,VTX-12,Unit I,Spinning,Vortex,4700,4301,91.52
2026-08-17,1,AJ-01,Unit I,Spinning,Airjet,3750,3724,99.33
2026-08-17,1,AJ-02,Unit I,Spinning,Airjet,3750,3693,98.48
2026-08-17,1,AJ-03,Unit I,Spinning,Airjet,3750,3750,100.0
2026-08-17,1,AJ-04,Unit I,Spinning,Airjet,3750,3732,99.54
2026-08-17,1,AJ-05,Unit I,Spinning,Airjet,3750,3750,100.0
2026-08-17,2,TOY-01,Unit I,Weaving,Toyota,21700,19889,91.65
2026-08-17,2,TOY-02,Unit I,Weaving,Toyota,21700,17798,82.02
2026-08-17,2,TOY-03,Unit I,Weaving,Toyota,21700,21700,100.0
2026-08-17,2,TOY-04,Unit I,Weaving,Toyota,21700,19867,91.56
2026-08-17,2,TOY-05,Unit I,Weaving,Toyota,21700,21700,100.0
2026-08-17,2,TOY-06,Unit I,Weaving,Toyota,21700,20018,92.25
2026-08-17,2,TOY-07,Unit I,Weaving,Toyota,21700,19690,90.74
2026-08-17,2,TOY-08,Unit I,Weaving,Toyota,21700,17247,79.48
2026-08-17,2,TOY-09,Unit I,Weaving,Toyota,21700,21391,98.58
2026-08-17,2,TOY-10,Unit I,Weaving,Toyota,21700,21604,99.56
2026-08-17,2,TOY-11,Unit I,Weaving,Toyota,21700,19571,90.19
2026-08-17,2,TOY-12,Unit I,Weaving,Toyota,21700,21086,97.17
2026-08-17,2,TOY-13,Unit I,Weaving,Toyota,21700,19871,91.57
2026-08-17,2,TOY-14,Unit I,Weaving,Toyota,21700,18999,87.56
2026-08-17,2,TOY-15,Unit I,Weaving,Toyota,21700,19607,90.36
2026-08-17,2,TSU-01,Unit I,Weaving,Tsudakoma,15000,13686,91.25
2026-08-17,2,TSU-02,Unit I,Weaving,Tsudakoma,15000,14641,97.61
2026-08-17,2,TSU-03,Unit I,Weaving,Tsudakoma,15000,15000,100.0
2026-08-17,2,TSU-04,Unit I,Weaving,Tsudakoma,15000,13145,87.63
2026-08-17,2,TSU-05,Unit I,Weaving,Tsudakoma,15000,14513,96.76
2026-08-17,2,TSU-06,Unit I,Weaving,Tsudakoma,15000,13367,89.12
2026-08-17,2,TSU-07,Unit I,Weaving,Tsudakoma,15000,14721,98.15
2026-08-17,2,TSU-08,Unit I,Weaving,Tsudakoma,15000,13782,91.89
2026-08-17,2,TSU-09,Unit I,Weaving,Tsudakoma,15000,13461,89.74
2026-08-17,2,TSU-10,Unit I,Weaving,Tsudakoma,15000,14849,99.0
2026-08-17,2,SUL-01,Unit I,Weaving,Sulzer,2700,2485,92.07
2026-08-17,2,SUL-02,Unit I,Weaving,Sulzer,2700,2522,93.42
2026-08-17,2,SUL-03,Unit I,Weaving,Sulzer,2700,2265,83.9
2026-08-17,2,SUL-04,Unit I,Weaving,Sulzer,2700,2692,99.73
2026-08-17,2,SUL-05,Unit I,Weaving,Sulzer,2700,2675,99.1
2026-08-17,2,RF-01,Unit I,Spinning,RingFrame,2500,2375,95.03
2026-08-17,2,RF-02,Unit I,Spinning,RingFrame,2500,2184,87.36
2026-08-17,2,RF-03,Unit I,Spinning,RingFrame,2500,2500,100.0
2026-08-17,2,RF-04,Unit I,Spinning,RingFrame,2500,2291,91.67
2026-08-17,2,RF-05,Unit I,Spinning,RingFrame,2500,2318,92.73
2026-08-17,2,RF-06,Unit I,Spinning,RingFrame,2500,2500,100.0
2026-08-17,2,RF-07,Unit I,Spinning,RingFrame,2500,2287,91.48
2026-08-17,2,RF-08,Unit I,Spinning,RingFrame,2500,2467,98.71
2026-08-17,2,RF-09,Unit I,Spinning,RingFrame,2500,2445,97.81
2026-08-17,2,RF-10,Unit I,Spinning,RingFrame,2500,2423,96.95
2026-08-17,2,RF-11,Unit I,Spinning,RingFrame,2500,1985,79.41
2026-08-17,2,RF-12,Unit I,Spinning,RingFrame,2500,2422,96.88
2026-08-17,2,VTX-01,Unit I,Spinning,Vortex,4700,4528,96.36
2026-08-17,2,VTX-02,Unit I,Spinning,Vortex,4700,4452,94.74
2026-08-17,2,VTX-03,Unit I,Spinning,Vortex,4700,4700,100.0
2026-08-17,2,VTX-04,Unit I,Spinning,Vortex,4700,4156,88.44
2026-08-17,2,VTX-05,Unit I,Spinning,Vortex,4700,4700,100.0
2026-08-17,2,VTX-06,Unit I,Spinning,Vortex,4700,3859,82.11
2026-08-17,2,VTX-07,Unit I,Spinning,Vortex,4700,4629,98.49
2026-08-17,2,VTX-08,Unit I,Spinning,Vortex,4700,4700,100.0
2026-08-17,2,VTX-09,Unit I,Spinning,Vortex,4700,4443,94.54
2026-08-17,2,VTX-10,Unit I,Spinning,Vortex,4700,4025,85.66
2026-08-17,2,VTX-11,Unit I,Spinning,Vortex,4700,4448,94.64
2026-08-17,2,VTX-12,Unit I,Spinning,Vortex,4700,4232,90.04
2026-08-17,2,AJ-01,Unit I,Spinning,Airjet,3750,3425,91.34
2026-08-17,2,AJ-02,Unit I,Spinning,Airjet,3750,3329,88.79
2026-08-17,2,AJ-03,Unit I,Spinning,Airjet,3750,3472,92.61
2026-08-17,2,AJ-04,Unit I,Spinning,Airjet,3750,3450,92.02
2026-08-17,2,AJ-05,Unit I,Spinning,Airjet,3750,3116,83.11
2026-08-17,3,TOY-01,Unit I,Weaving,Toyota,21700,21374,98.5
2026-08-17,3,TOY-02,Unit I,Weaving,Toyota,21700,19335,89.1
2026-08-17,3,TOY-03,Unit I,Weaving,Toyota,21700,21272,98.03
2026-08-17,3,TOY-04,Unit I,Weaving,Toyota,21700,20394,93.99
2026-08-17,3,TOY-05,Unit I,Weaving,Toyota,21700,20555,94.73
2026-08-17,3,TOY-06,Unit I,Weaving,Toyota,21700,20158,92.9
2026-08-17,3,TOY-07,Unit I,Weaving,Toyota,21700,20712,95.45
2026-08-17,3,TOY-08,Unit I,Weaving,Toyota,21700,16885,77.81
2026-08-17,3,TOY-09,Unit I,Weaving,Toyota,21700,19702,90.79
2026-08-17,3,TOY-10,Unit I,Weaving,Toyota,21700,21700,100.0
2026-08-17,3,TOY-11,Unit I,Weaving,Toyota,21700,19001,87.56
2026-08-17,3,TOY-12,Unit I,Weaving,Toyota,21700,21394,98.59
2026-08-17,3,TOY-13,Unit I,Weaving,Toyota,21700,20505,94.49
2026-08-17,3,TOY-14,Unit I,Weaving,Toyota,21700,21700,100.0
2026-08-17,3,TOY-15,Unit I,Weaving,Toyota,21700,20984,96.7
2026-08-17,3,TSU-01,Unit I,Weaving,Tsudakoma,15000,13980,93.2
2026-08-17,3,TSU-02,Unit I,Weaving,Tsudakoma,15000,14064,93.76
2026-08-17,3,TSU-03,Unit I,Weaving,Tsudakoma,15000,14279,95.2
2026-08-17,3,TSU-04,Unit I,Weaving,Tsudakoma,15000,13392,89.29
2026-08-17,3,TSU-05,Unit I,Weaving,Tsudakoma,15000,13674,91.17
2026-08-17,3,TSU-06,Unit I,Weaving,Tsudakoma,15000,12911,86.08
2026-08-17,3,TSU-07,Unit I,Weaving,Tsudakoma,15000,13557,90.39
2026-08-17,3,TSU-08,Unit I,Weaving,Tsudakoma,15000,14320,95.47
2026-08-17,3,TSU-09,Unit I,Weaving,Tsudakoma,15000,14475,96.5
2026-08-17,3,TSU-10,Unit I,Weaving,Tsudakoma,15000,12765,85.1
2026-08-17,3,SUL-01,Unit I,Weaving,Sulzer,2700,2546,94.31
2026-08-17,3,SUL-02,Unit I,Weaving,Sulzer,2700,2641,97.82
2026-08-17,3,SUL-03,Unit I,Weaving,Sulzer,2700,2543,94.19
2026-08-17,3,SUL-04,Unit I,Weaving,Sulzer,2700,2479,91.83
2026-08-17,3,SUL-05,Unit I,Weaving,Sulzer,2700,2509,92.94
2026-08-17,3,RF-01,Unit I,Spinning,RingFrame,2500,2307,92.3
2026-08-17,3,RF-02,Unit I,Spinning,RingFrame,2500,2295,91.82
2026-08-17,3,RF-03,Unit I,Spinning,RingFrame,2500,2396,95.87
2026-08-17,3,RF-04,Unit I,Spinning,RingFrame,2500,2500,100.0
2026-08-17,3,RF-05,Unit I,Spinning,RingFrame,2500,2282,91.28
2026-08-17,3,RF-06,Unit I,Spinning,RingFrame,2500,2335,93.41
2026-08-17,3,RF-07,Unit I,Spinning,RingFrame,2500,2368,94.74
2026-08-17,3,RF-08,Unit I,Spinning,RingFrame,2500,2289,91.56
2026-08-17,3,RF-09,Unit I,Spinning,RingFrame,2500,2500,100.0
2026-08-17,3,RF-10,Unit I,Spinning,RingFrame,2500,2078,83.15
2026-08-17,3,RF-11,Unit I,Spinning,RingFrame,2500,1883,75.34
2026-08-17,3,RF-12,Unit I,Spinning,RingFrame,2500,2477,99.09
2026-08-17,3,VTX-01,Unit I,Spinning,Vortex,4700,4395,93.53
2026-08-17,3,VTX-02,Unit I,Spinning,Vortex,4700,4272,90.9
2026-08-17,3,VTX-03,Unit I,Spinning,Vortex,4700,4568,97.2
2026-08-17,3,VTX-04,Unit I,Spinning,Vortex,4700,4677,99.53
2026-08-17,3,VTX-05,Unit I,Spinning,Vortex,4700,4514,96.05
2026-08-17,3,VTX-06,Unit I,Spinning,Vortex,4700,3477,73.99
2026-08-17,3,VTX-07,Unit I,Spinning,Vortex,4700,4572,97.28
2026-08-17,3,VTX-08,Unit I,Spinning,Vortex,4700,4370,92.99
2026-08-17,3,VTX-09,Unit I,Spinning,Vortex,4700,4640,98.73
2026-08-17,3,VTX-10,Unit I,Spinning,Vortex,4700,4700,100.0
2026-08-17,3,VTX-11,Unit I,Spinning,Vortex,4700,3852,81.97
2026-08-17,3,VTX-12,Unit I,Spinning,Vortex,4700,4491,95.56
2026-08-17,3,AJ-01,Unit I,Spinning,Airjet,3750,3237,86.32
2026-08-17,3,AJ-02,Unit I,Spinning,Airjet,3750,3750,100.0
2026-08-17,3,AJ-03,Unit I,Spinning,Airjet,3750,3474,92.66
2026-08-17,3,AJ-04,Unit I,Spinning,Airjet,3750,3702,98.73
2026-08-17,3,AJ-05,Unit I,Spinning,Airjet,3750,3555,94.82
2026-08-18,1,TOY-01,Unit I,Weaving,Toyota,21700,19743,90.98
2026-08-18,1,TOY-02,Unit I,Weaving,Toyota,21700,15925,73.39
2026-08-18,1,TOY-03,Unit I,Weaving,Toyota,21700,21700,100.0
2026-08-18,1,TOY-04,Unit I,Weaving,Toyota,21700,21652,99.78
2026-08-18,1,TOY-05,Unit I,Weaving,Toyota,21700,21700,100.0
2026-08-18,1,TOY-06,Unit I,Weaving,Toyota,21700,20675,95.28
2026-08-18,1,TOY-07,Unit I,Weaving,Toyota,21700,20927,96.44
2026-08-18,1,TOY-08,Unit I,Weaving,Toyota,21700,16636,76.66
2026-08-18,1,TOY-09,Unit I,Weaving,Toyota,21700,20303,93.56
2026-08-18,1,TOY-10,Unit I,Weaving,Toyota,21700,19484,89.79
2026-08-18,1,TOY-11,Unit I,Weaving,Toyota,21700,20706,95.42
2026-08-18,1,TOY-12,Unit I,Weaving,Toyota,21700,19758,91.05
2026-08-18,1,TOY-13,Unit I,Weaving,Toyota,21700,21094,97.21
2026-08-18,1,TOY-14,Unit I,Weaving,Toyota,21700,20799,95.85
2026-08-18,1,TOY-15,Unit I,Weaving,Toyota,21700,20927,96.44
2026-08-18,1,TSU-01,Unit I,Weaving,Tsudakoma,15000,15000,100.0
2026-08-18,1,TSU-02,Unit I,Weaving,Tsudakoma,15000,14221,94.81
2026-08-18,1,TSU-03,Unit I,Weaving,Tsudakoma,15000,14817,98.78
2026-08-18,1,TSU-04,Unit I,Weaving,Tsudakoma,15000,15000,100.0
2026-08-18,1,TSU-05,Unit I,Weaving,Tsudakoma,15000,15000,100.0
2026-08-18,1,TSU-06,Unit I,Weaving,Tsudakoma,15000,15000,100.0
2026-08-18,1,TSU-07,Unit I,Weaving,Tsudakoma,15000,14019,93.47
2026-08-18,1,TSU-08,Unit I,Weaving,Tsudakoma,15000,14422,96.15
2026-08-18,1,TSU-09,Unit I,Weaving,Tsudakoma,15000,13261,88.41
2026-08-18,1,TSU-10,Unit I,Weaving,Tsudakoma,15000,14624,97.49
2026-08-18,1,SUL-01,Unit I,Weaving,Sulzer,2700,2602,96.37
2026-08-18,1,SUL-02,Unit I,Weaving,Sulzer,2700,2568,95.12
2026-08-18,1,SUL-03,Unit I,Weaving,Sulzer,2700,2700,100.0
2026-08-18,1,SUL-04,Unit I,Weaving,Sulzer,2700,2401,88.96
2026-08-18,1,SUL-05,Unit I,Weaving,Sulzer,2700,2700,100.0
2026-08-18,1,RF-01,Unit I,Spinning,RingFrame,2500,2487,99.51
2026-08-18,1,RF-02,Unit I,Spinning,RingFrame,2500,2366,94.65
2026-08-18,1,RF-03,Unit I,Spinning,RingFrame,2500,2356,94.26
2026-08-18,1,RF-04,Unit I,Spinning,RingFrame,2500,2435,97.4
2026-08-18,1,RF-05,Unit I,Spinning,RingFrame,2500,2500,100.0
2026-08-18,1,RF-06,Unit I,Spinning,RingFrame,2500,2387,95.51
2026-08-18,1,RF-07,Unit I,Spinning,RingFrame,2500,2393,95.72
2026-08-18,1,RF-08,Unit I,Spinning,RingFrame,2500,2377,95.09
2026-08-18,1,RF-09,Unit I,Spinning,RingFrame,2500,2500,100.0
2026-08-18,1,RF-10,Unit I,Spinning,RingFrame,2500,2328,93.16
2026-08-18,1,RF-11,Unit I,Spinning,RingFrame,2500,1946,77.85
2026-08-18,1,RF-12,Unit I,Spinning,RingFrame,2500,2500,100.0
2026-08-18,1,VTX-01,Unit I,Spinning,Vortex,4700,4499,95.74
2026-08-18,1,VTX-02,Unit I,Spinning,Vortex,4700,4700,100.0
2026-08-18,1,VTX-03,Unit I,Spinning,Vortex,4700,4250,90.44
2026-08-18,1,VTX-04,Unit I,Spinning,Vortex,4700,4416,93.97
2026-08-18,1,VTX-05,Unit I,Spinning,Vortex,4700,4700,100.0
2026-08-18,1,VTX-06,Unit I,Spinning,Vortex,4700,3507,74.62
2026-08-18,1,VTX-07,Unit I,Spinning,Vortex,4700,4429,94.24
2026-08-18,1,VTX-08,Unit I,Spinning,Vortex,4700,4525,96.28
2026-08-18,1,VTX-09,Unit I,Spinning,Vortex,4700,4232,90.05
2026-08-18,1,VTX-10,Unit I,Spinning,Vortex,4700,4367,92.93
2026-08-18,1,VTX-11,Unit I,Spinning,Vortex,4700,4491,95.56
2026-08-18,1,VTX-12,Unit I,Spinning,Vortex,4700,4475,95.23
2026-08-18,1,AJ-01,Unit I,Spinning,Airjet,3750,3750,100.0
2026-08-18,1,AJ-02,Unit I,Spinning,Airjet,3750,3750,100.0
2026-08-18,1,AJ-03,Unit I,Spinning,Airjet,3750,3401,90.72
2026-08-18,1,AJ-04,Unit I,Spinning,Airjet,3750,3583,95.56
2026-08-18,1,AJ-05,Unit I,Spinning,Airjet,3750,3688,98.37
2026-08-18,2,TOY-01,Unit I,Weaving,Toyota,21700,21700,100.0
2026-08-18,2,TOY-02,Unit I,Weaving,Toyota,21700,17705,81.59
2026-08-18,2,TOY-03,Unit I,Weaving,Toyota,21700,20930,96.45
2026-08-18,2,TOY-04,Unit I,Weaving,Toyota,21700,21338,98.33
2026-08-18,2,TOY-05,Unit I,Weaving,Toyota,21700,21346,98.37
2026-08-18,2,TOY-06,Unit I,Weaving,Toyota,21700,19608,90.36
2026-08-18,2,TOY-07,Unit I,Weaving,Toyota,21700,20824,95.96
2026-08-18,2,TOY-08,Unit I,Weaving,Toyota,21700,18509,85.3
2026-08-18,2,TOY-09,Unit I,Weaving,Toyota,21700,20390,93.96
2026-08-18,2,TOY-10,Unit I,Weaving,Toyota,21700,20755,95.65
2026-08-18,2,TOY-11,Unit I,Weaving,Toyota,21700,20351,93.79
2026-08-18,2,TOY-12,Unit I,Weaving,Toyota,21700,18104,83.43
2026-08-18,2,TOY-13,Unit I,Weaving,Toyota,21700,20637,95.1
2026-08-18,2,TOY-14,Unit I,Weaving,Toyota,21700,20942,96.51
2026-08-18,2,TOY-15,Unit I,Weaving,Toyota,21700,20058,92.44
2026-08-18,2,TSU-01,Unit I,Weaving,Tsudakoma,15000,13384,89.23
2026-08-18,2,TSU-02,Unit I,Weaving,Tsudakoma,15000,13589,90.6
2026-08-18,2,TSU-03,Unit I,Weaving,Tsudakoma,15000,14823,98.82
2026-08-18,2,TSU-04,Unit I,Weaving,Tsudakoma,15000,15000,100.0
2026-08-18,2,TSU-05,Unit I,Weaving,Tsudakoma,15000,15000,100.0
2026-08-18,2,TSU-06,Unit I,Weaving,Tsudakoma,15000,13241,88.28
2026-08-18,2,TSU-07,Unit I,Weaving,Tsudakoma,15000,14890,99.27
2026-08-18,2,TSU-08,Unit I,Weaving,Tsudakoma,15000,13752,91.68
2026-08-18,2,TSU-09,Unit I,Weaving,Tsudakoma,15000,13813,92.09
2026-08-18,2,TSU-10,Unit I,Weaving,Tsudakoma,15000,13903,92.69
2026-08-18,2,SUL-01,Unit I,Weaving,Sulzer,2700,2660,98.53
2026-08-18,2,SUL-02,Unit I,Weaving,Sulzer,2700,2694,99.8
2026-08-18,2,SUL-03,Unit I,Weaving,Sulzer,2700,2551,94.51
2026-08-18,2,SUL-04,Unit I,Weaving,Sulzer,2700,2554,94.59
2026-08-18,2,SUL-05,Unit I,Weaving,Sulzer,2700,2627,97.32
2026-08-18,2,RF-01,Unit I,Spinning,RingFrame,2500,2445,97.84
2026-08-18,2,RF-02,Unit I,Spinning,RingFrame,2500,2500,100.0
2026-08-18,2,RF-03,Unit I,Spinning,RingFrame,2500,2214,88.58
2026-08-18,2,RF-04,Unit I,Spinning,RingFrame,2500,2377,95.1
2026-08-18,2,RF-05,Unit I,Spinning,RingFrame,2500,2241,89.66
2026-08-18,2,RF-06,Unit I,Spinning,RingFrame,2500,2368,94.75
2026-08-18,2,RF-07,Unit I,Spinning,RingFrame,2500,2346,93.87
2026-08-18,2,RF-08,Unit I,Spinning,RingFrame,2500,2369,94.77
2026-08-18,2,RF-09,Unit I,Spinning,RingFrame,2500,2275,91.0
2026-08-18,2,RF-10,Unit I,Spinning,RingFrame,2500,2189,87.56
2026-08-18,2,RF-11,Unit I,Spinning,RingFrame,2500,1688,67.53
2026-08-18,2,RF-12,Unit I,Spinning,RingFrame,2500,2358,94.34
2026-08-18,2,VTX-01,Unit I,Spinning,Vortex,4700,4363,92.84
2026-08-18,2,VTX-02,Unit I,Spinning,Vortex,4700,4306,91.62
2026-08-18,2,VTX-03,Unit I,Spinning,Vortex,4700,4700,100.0
2026-08-18,2,VTX-04,Unit I,Spinning,Vortex,4700,4263,90.7
2026-08-18,2,VTX-05,Unit I,Spinning,Vortex,4700,4700,100.0
2026-08-18,2,VTX-06,Unit I,Spinning,Vortex,4700,4047,86.12
2026-08-18,2,VTX-07,Unit I,Spinning,Vortex,4700,4006,85.25
2026-08-18,2,VTX-08,Unit I,Spinning,Vortex,4700,4486,95.46
2026-08-18,2,VTX-09,Unit I,Spinning,Vortex,4700,4371,93.0
2026-08-18,2,VTX-10,Unit I,Spinning,Vortex,4700,3780,80.44
2026-08-18,2,VTX-11,Unit I,Spinning,Vortex,4700,4125,87.78
2026-08-18,2,VTX-12,Unit I,Spinning,Vortex,4700,4647,98.87
2026-08-18,2,AJ-01,Unit I,Spinning,Airjet,3750,3750,100.0
2026-08-18,2,AJ-02,Unit I,Spinning,Airjet,3750,3731,99.51
2026-08-18,2,AJ-03,Unit I,Spinning,Airjet,3750,3623,96.62
2026-08-18,2,AJ-04,Unit I,Spinning,Airjet,3750,3558,94.89
2026-08-18,2,AJ-05,Unit I,Spinning,Airjet,3750,3750,100.0
2026-08-18,3,TOY-01,Unit I,Weaving,Toyota,21700,21700,100.0
2026-08-18,3,TOY-02,Unit I,Weaving,Toyota,21700,16289,75.07
2026-08-18,3,TOY-03,Unit I,Weaving,Toyota,21700,18445,85.0
2026-08-18,3,TOY-04,Unit I,Weaving,Toyota,21700,18338,84.51
2026-08-18,3,TOY-05,Unit I,Weaving,Toyota,21700,21700,100.0
2026-08-18,3,TOY-06,Unit I,Weaving,Toyota,21700,20563,94.76
2026-08-18,3,TOY-07,Unit I,Weaving,Toyota,21700,20813,95.92
2026-08-18,3,TOY-08,Unit I,Weaving,Toyota,21700,14983,69.05
2026-08-18,3,TOY-09,Unit I,Weaving,Toyota,21700,19797,91.23
2026-08-18,3,TOY-10,Unit I,Weaving,Toyota,21700,20294,93.52
2026-08-18,3,TOY-11,Unit I,Weaving,Toyota,21700,20840,96.04
2026-08-18,3,TOY-12,Unit I,Weaving,Toyota,21700,20182,93.01
2026-08-18,3,TOY-13,Unit I,Weaving,Toyota,21700,19489,89.81
2026-08-18,3,TOY-14,Unit I,Weaving,Toyota,21700,19763,91.08
2026-08-18,3,TOY-15,Unit I,Weaving,Toyota,21700,21700,100.0
2026-08-18,3,TSU-01,Unit I,Weaving,Tsudakoma,15000,14433,96.22
2026-08-18,3,TSU-02,Unit I,Weaving,Tsudakoma,15000,14709,98.06
2026-08-18,3,TSU-03,Unit I,Weaving,Tsudakoma,15000,13575,90.51
2026-08-18,3,TSU-04,Unit I,Weaving,Tsudakoma,15000,12034,80.23
2026-08-18,3,TSU-05,Unit I,Weaving,Tsudakoma,15000,13857,92.38
2026-08-18,3,TSU-06,Unit I,Weaving,Tsudakoma,15000,13600,90.67
2026-08-18,3,TSU-07,Unit I,Weaving,Tsudakoma,15000,14511,96.75
2026-08-18,3,TSU-08,Unit I,Weaving,Tsudakoma,15000,15000,100.0
2026-08-18,3,TSU-09,Unit I,Weaving,Tsudakoma,15000,14771,98.48
2026-08-18,3,TSU-10,Unit I,Weaving,Tsudakoma,15000,15000,100.0
2026-08-18,3,SUL-01,Unit I,Weaving,Sulzer,2700,2641,97.84
2026-08-18,3,SUL-02,Unit I,Weaving,Sulzer,2700,2479,91.85
2026-08-18,3,SUL-03,Unit I,Weaving,Sulzer,2700,2611,96.74
2026-08-18,3,SUL-04,Unit I,Weaving,Sulzer,2700,2700,100.0
2026-08-18,3,SUL-05,Unit I,Weaving,Sulzer,2700,2700,100.0
2026-08-18,3,RF-01,Unit I,Spinning,RingFrame,2500,2303,92.12
2026-08-18,3,RF-02,Unit I,Spinning,RingFrame,2500,2406,96.27
2026-08-18,3,RF-03,Unit I,Spinning,RingFrame,2500,2196,87.85
2026-08-18,3,RF-04,Unit I,Spinning,RingFrame,2500,2478,99.12
2026-08-18,3,RF-05,Unit I,Spinning,RingFrame,2500,2500,100.0
2026-08-18,3,RF-06,Unit I,Spinning,RingFrame,2500,2379,95.2
2026-08-18,3,RF-07,Unit I,Spinning,RingFrame,2500,2291,91.66
2026-08-18,3,RF-08,Unit I,Spinning,RingFrame,2500,2420,96.8
2026-08-18,3,RF-09,Unit I,Spinning,RingFrame,2500,2427,97.09
2026-08-18,3,RF-10,Unit I,Spinning,RingFrame,2500,2385,95.41
2026-08-18,3,RF-11,Unit I,Spinning,RingFrame,2500,1972,78.89
2026-08-18,3,RF-12,Unit I,Spinning,RingFrame,2500,2353,94.13
2026-08-18,3,VTX-01,Unit I,Spinning,Vortex,4700,4699,99.98
2026-08-18,3,VTX-02,Unit I,Spinning,Vortex,4700,4638,98.68
2026-08-18,3,VTX-03,Unit I,Spinning,Vortex,4700,4233,90.08
2026-08-18,3,VTX-04,Unit I,Spinning,Vortex,4700,4227,89.95
2026-08-18,3,VTX-05,Unit I,Spinning,Vortex,4700,4405,93.73
2026-08-18,3,VTX-06,Unit I,Spinning,Vortex,4700,3839,81.68
2026-08-18,3,VTX-07,Unit I,Spinning,Vortex,4700,4499,95.74
2026-08-18,3,VTX-08,Unit I,Spinning,Vortex,4700,4313,91.78
2026-08-18,3,VTX-09,Unit I,Spinning,Vortex,4700,4526,96.31
2026-08-18,3,VTX-10,Unit I,Spinning,Vortex,4700,4387,93.35
2026-08-18,3,VTX-11,Unit I,Spinning,Vortex,4700,4671,99.4
2026-08-18,3,VTX-12,Unit I,Spinning,Vortex,4700,4543,96.67
2026-08-18,3,AJ-01,Unit I,Spinning,Airjet,3750,3503,93.42
2026-08-18,3,AJ-02,Unit I,Spinning,Airjet,3750,3605,96.16
2026-08-18,3,AJ-03,Unit I,Spinning,Airjet,3750,3750,100.0
2026-08-18,3,AJ-04,Unit I,Spinning,Airjet,3750,3455,92.15
2026-08-18,3,AJ-05,Unit I,Spinning,Airjet,3750,3637,97.01
2026-08-19,1,TOY-01,Unit I,Weaving,Toyota,21700,20538,94.65
2026-08-19,1,TOY-02,Unit I,Weaving,Toyota,21700,17389,80.13
2026-08-19,1,TOY-03,Unit I,Weaving,Toyota,21700,19904,91.73
2026-08-19,1,TOY-04,Unit I,Weaving,Toyota,21700,20734,95.55
2026-08-19,1,TOY-05,Unit I,Weaving,Toyota,21700,21700,100.0
2026-08-19,1,TOY-06,Unit I,Weaving,Toyota,21700,19598,90.31
2026-08-19,1,TOY-07,Unit I,Weaving,Toyota,21700,19172,88.35
2026-08-19,1,TOY-08,Unit I,Weaving,Toyota,21700,15524,71.54
2026-08-19,1,TOY-09,Unit I,Weaving,Toyota,21700,19344,89.15
2026-08-19,1,TOY-10,Unit I,Weaving,Toyota,21700,21260,97.98
2026-08-19,1,TOY-11,Unit I,Weaving,Toyota,21700,19089,87.97
2026-08-19,1,TOY-12,Unit I,Weaving,Toyota,21700,20291,93.51
2026-08-19,1,TOY-13,Unit I,Weaving,Toyota,21700,21285,98.09
2026-08-19,1,TOY-14,Unit I,Weaving,Toyota,21700,21067,97.08
2026-08-19,1,TOY-15,Unit I,Weaving,Toyota,21700,20196,93.07
2026-08-19,1,TSU-01,Unit I,Weaving,Tsudakoma,15000,14393,95.95
2026-08-19,1,TSU-02,Unit I,Weaving,Tsudakoma,15000,14330,95.54
2026-08-19,1,TSU-03,Unit I,Weaving,Tsudakoma,15000,14081,93.88
2026-08-19,1,TSU-04,Unit I,Weaving,Tsudakoma,15000,14091,93.95
2026-08-19,1,TSU-05,Unit I,Weaving,Tsudakoma,15000,15000,100.0
2026-08-19,1,TSU-06,Unit I,Weaving,Tsudakoma,15000,14856,99.05
2026-08-19,1,TSU-07,Unit I,Weaving,Tsudakoma,15000,15000,100.0
2026-08-19,1,TSU-08,Unit I,Weaving,Tsudakoma,15000,13877,92.52
2026-08-19,1,TSU-09,Unit I,Weaving,Tsudakoma,15000,14186,94.58
2026-08-19,1,TSU-10,Unit I,Weaving,Tsudakoma,15000,13250,88.34
2026-08-19,1,SUL-01,Unit I,Weaving,Sulzer,2700,2455,90.95
2026-08-19,1,SUL-02,Unit I,Weaving,Sulzer,2700,2700,100.0
2026-08-19,1,SUL-03,Unit I,Weaving,Sulzer,2700,2494,92.39
2026-08-19,1,SUL-04,Unit I,Weaving,Sulzer,2700,2700,100.0
2026-08-19,1,SUL-05,Unit I,Weaving,Sulzer,2700,2397,88.78
2026-08-19,1,RF-01,Unit I,Spinning,RingFrame,2500,2243,89.73
2026-08-19,1,RF-02,Unit I,Spinning,RingFrame,2500,2332,93.29
2026-08-19,1,RF-03,Unit I,Spinning,RingFrame,2500,2367,94.68
2026-08-19,1,RF-04,Unit I,Spinning,RingFrame,2500,2490,99.62
2026-08-19,1,RF-05,Unit I,Spinning,RingFrame,2500,2431,97.25
2026-08-19,1,RF-06,Unit I,Spinning,RingFrame,2500,2322,92.92
2026-08-19,1,RF-07,Unit I,Spinning,RingFrame,2500,2358,94.33
2026-08-19,1,RF-08,Unit I,Spinning,RingFrame,2500,2335,93.4
2026-08-19,1,RF-09,Unit I,Spinning,RingFrame,2500,2260,90.43
2026-08-19,1,RF-10,Unit I,Spinning,RingFrame,2500,2264,90.56
2026-08-19,1,RF-11,Unit I,Spinning,RingFrame,2500,2078,83.14
2026-08-19,1,RF-12,Unit I,Spinning,RingFrame,2500,2146,85.86
2026-08-19,1,VTX-01,Unit I,Spinning,Vortex,4700,4700,100.0
2026-08-19,1,VTX-02,Unit I,Spinning,Vortex,4700,4384,93.29
2026-08-19,1,VTX-03,Unit I,Spinning,Vortex,4700,4283,91.14
2026-08-19,1,VTX-04,Unit I,Spinning,Vortex,4700,4638,98.7
2026-08-19,1,VTX-05,Unit I,Spinning,Vortex,4700,4700,100.0
2026-08-19,1,VTX-06,Unit I,Spinning,Vortex,4700,3928,83.59
2026-08-19,1,VTX-07,Unit I,Spinning,Vortex,4700,4582,97.51
2026-08-19,1,VTX-08,Unit I,Spinning,Vortex,4700,4700,100.0
2026-08-19,1,VTX-09,Unit I,Spinning,Vortex,4700,4061,86.42
2026-08-19,1,VTX-10,Unit I,Spinning,Vortex,4700,4342,92.39
2026-08-19,1,VTX-11,Unit I,Spinning,Vortex,4700,4250,90.44
2026-08-19,1,VTX-12,Unit I,Spinning,Vortex,4700,4700,100.0
2026-08-19,1,AJ-01,Unit I,Spinning,Airjet,3750,3490,93.08
2026-08-19,1,AJ-02,Unit I,Spinning,Airjet,3750,3721,99.23
2026-08-19,1,AJ-03,Unit I,Spinning,Airjet,3750,3662,97.68
2026-08-19,1,AJ-04,Unit I,Spinning,Airjet,3750,3400,90.69
2026-08-19,1,AJ-05,Unit I,Spinning,Airjet,3750,3452,92.07
2026-08-19,2,TOY-01,Unit I,Weaving,Toyota,21700,21700,100.0
2026-08-19,2,TOY-02,Unit I,Weaving,Toyota,21700,16084,74.12
2026-08-19,2,TOY-03,Unit I,Weaving,Toyota,21700,20750,95.62
2026-08-19,2,TOY-04,Unit I,Weaving,Toyota,21700,19765,91.09
2026-08-19,2,TOY-05,Unit I,Weaving,Toyota,21700,20274,93.43
2026-08-19,2,TOY-06,Unit I,Weaving,Toyota,21700,20564,94.77
2026-08-19,2,TOY-07,Unit I,Weaving,Toyota,21700,19765,91.09
2026-08-19,2,TOY-08,Unit I,Weaving,Toyota,21700,15883,73.2
2026-08-19,2,TOY-09,Unit I,Weaving,Toyota,21700,20925,96.43
2026-08-19,2,TOY-10,Unit I,Weaving,Toyota,21700,19698,90.78
2026-08-19,2,TOY-11,Unit I,Weaving,Toyota,21700,19735,90.95
2026-08-19,2,TOY-12,Unit I,Weaving,Toyota,21700,19596,90.3
2026-08-19,2,TOY-13,Unit I,Weaving,Toyota,21700,20530,94.61
2026-08-19,2,TOY-14,Unit I,Weaving,Toyota,21700,21638,99.72
2026-08-19,2,TOY-15,Unit I,Weaving,Toyota,21700,21700,100.0
2026-08-19,2,TSU-01,Unit I,Weaving,Tsudakoma,15000,13705,91.37
2026-08-19,2,TSU-02,Unit I,Weaving,Tsudakoma,15000,15000,100.0
2026-08-19,2,TSU-03,Unit I,Weaving,Tsudakoma,15000,13496,89.98
2026-08-19,2,TSU-04,Unit I,Weaving,Tsudakoma,15000,15000,100.0
2026-08-19,2,TSU-05,Unit I,Weaving,Tsudakoma,15000,13708,91.39
2026-08-19,2,TSU-06,Unit I,Weaving,Tsudakoma,15000,13596,90.65
2026-08-19,2,TSU-07,Unit I,Weaving,Tsudakoma,15000,13691,91.28
2026-08-19,2,TSU-08,Unit I,Weaving,Tsudakoma,15000,14210,94.74
2026-08-19,2,TSU-09,Unit I,Weaving,Tsudakoma,15000,14684,97.9
2026-08-19,2,TSU-10,Unit I,Weaving,Tsudakoma,15000,14752,98.35
2026-08-19,2,SUL-01,Unit I,Weaving,Sulzer,2700,2437,90.28
2026-08-19,2,SUL-02,Unit I,Weaving,Sulzer,2700,2431,90.05
2026-08-19,2,SUL-03,Unit I,Weaving,Sulzer,2700,2441,90.42
2026-08-19,2,SUL-04,Unit I,Weaving,Sulzer,2700,2549,94.44
2026-08-19,2,SUL-05,Unit I,Weaving,Sulzer,2700,2536,93.95
2026-08-19,2,RF-01,Unit I,Spinning,RingFrame,2500,2256,90.25
2026-08-19,2,RF-02,Unit I,Spinning,RingFrame,2500,2408,96.35
2026-08-19,2,RF-03,Unit I,Spinning,RingFrame,2500,2500,100.0
2026-08-19,2,RF-04,Unit I,Spinning,RingFrame,2500,2311,92.48
2026-08-19,2,RF-05,Unit I,Spinning,RingFrame,2500,2320,92.83
2026-08-19,2,RF-06,Unit I,Spinning,RingFrame,2500,2444,97.8
2026-08-19,2,RF-07,Unit I,Spinning,RingFrame,2500,2305,92.21
2026-08-19,2,RF-08,Unit I,Spinning,RingFrame,2500,2458,98.34
2026-08-19,2,RF-09,Unit I,Spinning,RingFrame,2500,2285,91.41
2026-08-19,2,RF-10,Unit I,Spinning,RingFrame,2500,2500,100.0
2026-08-19,2,RF-11,Unit I,Spinning,RingFrame,2500,1993,79.72
2026-08-19,2,RF-12,Unit I,Spinning,RingFrame,2500,2297,91.9
2026-08-19,2,VTX-01,Unit I,Spinning,Vortex,4700,4326,92.06
2026-08-19,2,VTX-02,Unit I,Spinning,Vortex,4700,4344,92.43
2026-08-19,2,VTX-03,Unit I,Spinning,Vortex,4700,4700,100.0
2026-08-19,2,VTX-04,Unit I,Spinning,Vortex,4700,4166,88.66
2026-08-19,2,VTX-05,Unit I,Spinning,Vortex,4700,4308,91.66
2026-08-19,2,VTX-06,Unit I,Spinning,Vortex,4700,3534,75.19
2026-08-19,2,VTX-07,Unit I,Spinning,Vortex,4700,4461,94.92
2026-08-19,2,VTX-08,Unit I,Spinning,Vortex,4700,4401,93.64
2026-08-19,2,VTX-09,Unit I,Spinning,Vortex,4700,4114,87.54
2026-08-19,2,VTX-10,Unit I,Spinning,Vortex,4700,4371,93.0
2026-08-19,2,VTX-11,Unit I,Spinning,Vortex,4700,4441,94.5
2026-08-19,2,VTX-12,Unit I,Spinning,Vortex,4700,4317,91.86
2026-08-19,2,AJ-01,Unit I,Spinning,Airjet,3750,3691,98.43
2026-08-19,2,AJ-02,Unit I,Spinning,Airjet,3750,3734,99.6
2026-08-19,2,AJ-03,Unit I,Spinning,Airjet,3750,3547,94.61
2026-08-19,2,AJ-04,Unit I,Spinning,Airjet,3750,3605,96.15
2026-08-19,2,AJ-05,Unit I,Spinning,Airjet,3750,3157,84.19
2026-08-19,3,TOY-01,Unit I,Weaving,Toyota,21700,20158,92.89
2026-08-19,3,TOY-02,Unit I,Weaving,Toyota,21700,18016,83.02
2026-08-19,3,TOY-03,Unit I,Weaving,Toyota,21700,20155,92.88
2026-08-19,3,TOY-04,Unit I,Weaving,Toyota,21700,19815,91.31
2026-08-19,3,TOY-05,Unit I,Weaving,Toyota,21700,21700,100.0
2026-08-19,3,TOY-06,Unit I,Weaving,Toyota,21700,21700,100.0
2026-08-19,3,TOY-07,Unit I,Weaving,Toyota,21700,21122,97.34
2026-08-19,3,TOY-08,Unit I,Weaving,Toyota,21700,18161,83.69
2026-08-19,3,TOY-09,Unit I,Weaving,Toyota,21700,18199,83.87
2026-08-19,3,TOY-10,Unit I,Weaving,Toyota,21700,19760,91.06
2026-08-19,3,TOY-11,Unit I,Weaving,Toyota,21700,20105,92.65
2026-08-19,3,TOY-12,Unit I,Weaving,Toyota,21700,20358,93.82
2026-08-19,3,TOY-13,Unit I,Weaving,Toyota,21700,20083,92.55
2026-08-19,3,TOY-14,Unit I,Weaving,Toyota,21700,17848,82.25
2026-08-19,3,TOY-15,Unit I,Weaving,Toyota,21700,21033,96.93
2026-08-19,3,TSU-01,Unit I,Weaving,Tsudakoma,15000,14657,97.72
2026-08-19,3,TSU-02,Unit I,Weaving,Tsudakoma,15000,15000,100.0
2026-08-19,3,TSU-03,Unit I,Weaving,Tsudakoma,15000,13658,91.06
2026-08-19,3,TSU-04,Unit I,Weaving,Tsudakoma,15000,13597,90.65
2026-08-19,3,TSU-05,Unit I,Weaving,Tsudakoma,15000,12240,81.6
2026-08-19,3,TSU-06,Unit I,Weaving,Tsudakoma,15000,14029,93.53
2026-08-19,3,TSU-07,Unit I,Weaving,Tsudakoma,15000,14925,99.51
2026-08-19,3,TSU-08,Unit I,Weaving,Tsudakoma,15000,13791,91.94
2026-08-19,3,TSU-09,Unit I,Weaving,Tsudakoma,15000,15000,100.0
2026-08-19,3,TSU-10,Unit I,Weaving,Tsudakoma,15000,14057,93.72
2026-08-19,3,SUL-01,Unit I,Weaving,Sulzer,2700,2584,95.73
2026-08-19,3,SUL-02,Unit I,Weaving,Sulzer,2700,2380,88.18
2026-08-19,3,SUL-03,Unit I,Weaving,Sulzer,2700,2603,96.44
2026-08-19,3,SUL-04,Unit I,Weaving,Sulzer,2700,2297,85.1
2026-08-19,3,SUL-05,Unit I,Weaving,Sulzer,2700,2658,98.47
2026-08-19,3,RF-01,Unit I,Spinning,RingFrame,2500,2465,98.62
2026-08-19,3,RF-02,Unit I,Spinning,RingFrame,2500,2500,100.0
2026-08-19,3,RF-03,Unit I,Spinning,RingFrame,2500,2247,89.9
2026-08-19,3,RF-04,Unit I,Spinning,RingFrame,2500,2395,95.8
2026-08-19,3,RF-05,Unit I,Spinning,RingFrame,2500,2445,97.82
2026-08-19,3,RF-06,Unit I,Spinning,RingFrame,2500,2430,97.21
2026-08-19,3,RF-07,Unit I,Spinning,RingFrame,2500,2266,90.67
2026-08-19,3,RF-08,Unit I,Spinning,RingFrame,2500,2076,83.04
2026-08-19,3,RF-09,Unit I,Spinning,RingFrame,2500,2418,96.73
2026-08-19,3,RF-10,Unit I,Spinning,RingFrame,2500,2355,94.24
2026-08-19,3,RF-11,Unit I,Spinning,RingFrame,2500,1879,75.17
2026-08-19,3,RF-12,Unit I,Spinning,RingFrame,2500,2470,98.82
2026-08-19,3,VTX-01,Unit I,Spinning,Vortex,4700,4454,94.78
2026-08-19,3,VTX-02,Unit I,Spinning,Vortex,4700,4154,88.4
2026-08-19,3,VTX-03,Unit I,Spinning,Vortex,4700,4011,85.34
2026-08-19,3,VTX-04,Unit I,Spinning,Vortex,4700,4199,89.36
2026-08-19,3,VTX-05,Unit I,Spinning,Vortex,4700,4700,100.0
2026-08-19,3,VTX-06,Unit I,Spinning,Vortex,4700,3835,81.61
2026-08-19,3,VTX-07,Unit I,Spinning,Vortex,4700,4509,95.94
2026-08-19,3,VTX-08,Unit I,Spinning,Vortex,4700,4422,94.09
2026-08-19,3,VTX-09,Unit I,Spinning,Vortex,4700,4406,93.76
2026-08-19,3,VTX-10,Unit I,Spinning,Vortex,4700,4700,100.0
2026-08-19,3,VTX-11,Unit I,Spinning,Vortex,4700,4349,92.55
2026-08-19,3,VTX-12,Unit I,Spinning,Vortex,4700,4600,97.88
2026-08-19,3,AJ-01,Unit I,Spinning,Airjet,3750,3497,93.26
2026-08-19,3,AJ-02,Unit I,Spinning,Airjet,3750,3750,100.0
2026-08-19,3,AJ-03,Unit I,Spinning,Airjet,3750,3701,98.71
2026-08-19,3,AJ-04,Unit I,Spinning,Airjet,3750,3750,100.0
2026-08-19,3,AJ-05,Unit I,Spinning,Airjet,3750,3452,92.08
2026-08-20,1,TOY-01,Unit I,Weaving,Toyota,21700,21700,100.0
2026-08-20,1,TOY-02,Unit I,Weaving,Toyota,21700,16586,76.44
2026-08-20,1,TOY-03,Unit I,Weaving,Toyota,21700,20734,95.55
2026-08-20,1,TOY-04,Unit I,Weaving,Toyota,21700,21700,100.0
2026-08-20,1,TOY-05,Unit I,Weaving,Toyota,21700,19483,89.79
2026-08-20,1,TOY-06,Unit I,Weaving,Toyota,21700,20835,96.02
2026-08-20,1,TOY-07,Unit I,Weaving,Toyota,21700,21090,97.19
2026-08-20,1,TOY-08,Unit I,Weaving,Toyota,21700,17490,80.6
2026-08-20,1,TOY-09,Unit I,Weaving,Toyota,21700,20125,92.75
2026-08-20,1,TOY-10,Unit I,Weaving,Toyota,21700,21700,100.0
2026-08-20,1,TOY-11,Unit I,Weaving,Toyota,21700,19209,88.53
2026-08-20,1,TOY-12,Unit I,Weaving,Toyota,21700,21700,100.0
2026-08-20,1,TOY-13,Unit I,Weaving,Toyota,21700,21700,100.0
2026-08-20,1,TOY-14,Unit I,Weaving,Toyota,21700,21700,100.0
2026-08-20,1,TOY-15,Unit I,Weaving,Toyota,21700,18891,87.06
2026-08-20,1,TSU-01,Unit I,Weaving,Tsudakoma,15000,13598,90.66
2026-08-20,1,TSU-02,Unit I,Weaving,Tsudakoma,15000,15000,100.0
2026-08-20,1,TSU-03,Unit I,Weaving,Tsudakoma,15000,12842,85.61
2026-08-20,1,TSU-04,Unit I,Weaving,Tsudakoma,15000,13045,86.97
2026-08-20,1,TSU-05,Unit I,Weaving,Tsudakoma,15000,13883,92.56
2026-08-20,1,TSU-06,Unit I,Weaving,Tsudakoma,15000,14393,95.96
2026-08-20,1,TSU-07,Unit I,Weaving,Tsudakoma,15000,15000,100.0
2026-08-20,1,TSU-08,Unit I,Weaving,Tsudakoma,15000,14111,94.07
2026-08-20,1,TSU-09,Unit I,Weaving,Tsudakoma,15000,13793,91.96
2026-08-20,1,TSU-10,Unit I,Weaving,Tsudakoma,15000,14483,96.56
2026-08-20,1,SUL-01,Unit I,Weaving,Sulzer,2700,2628,97.35
2026-08-20,1,SUL-02,Unit I,Weaving,Sulzer,2700,2624,97.21
2026-08-20,1,SUL-03,Unit I,Weaving,Sulzer,2700,2540,94.11
2026-08-20,1,SUL-04,Unit I,Weaving,Sulzer,2700,2301,85.22
2026-08-20,1,SUL-05,Unit I,Weaving,Sulzer,2700,2441,90.41
2026-08-20,1,RF-01,Unit I,Spinning,RingFrame,2500,2500,100.0
2026-08-20,1,RF-02,Unit I,Spinning,RingFrame,2500,2398,95.94
2026-08-20,1,RF-03,Unit I,Spinning,RingFrame,2500,2334,93.39
2026-08-20,1,RF-04,Unit I,Spinning,RingFrame,2500,2500,100.0
2026-08-20,1,RF-05,Unit I,Spinning,RingFrame,2500,2233,89.35
2026-08-20,1,RF-06,Unit I,Spinning,RingFrame,2500,2346,93.87
2026-08-20,1,RF-07,Unit I,Spinning,RingFrame,2500,2392,95.69
2026-08-20,1,RF-08,Unit I,Spinning,RingFrame,2500,2319,92.79
2026-08-20,1,RF-09,Unit I,Spinning,RingFrame,2500,2387,95.5
2026-08-20,1,RF-10,Unit I,Spinning,RingFrame,2500,2351,94.06
2026-08-20,1,RF-11,Unit I,Spinning,RingFrame,2500,1775,71.0
2026-08-20,1,RF-12,Unit I,Spinning,RingFrame,2500,2397,95.91
2026-08-20,1,VTX-01,Unit I,Spinning,Vortex,4700,4152,88.36
2026-08-20,1,VTX-02,Unit I,Spinning,Vortex,4700,4503,95.83
2026-08-20,1,VTX-03,Unit I,Spinning,Vortex,4700,4700,100.0
2026-08-20,1,VTX-04,Unit I,Spinning,Vortex,4700,4398,93.59
2026-08-20,1,VTX-05,Unit I,Spinning,Vortex,4700,4189,89.14
2026-08-20,1,VTX-06,Unit I,Spinning,Vortex,4700,3636,77.37
2026-08-20,1,VTX-07,Unit I,Spinning,Vortex,4700,4269,90.84
2026-08-20,1,VTX-08,Unit I,Spinning,Vortex,4700,4604,97.97
2026-08-20,1,VTX-09,Unit I,Spinning,Vortex,4700,4430,94.26
2026-08-20,1,VTX-10,Unit I,Spinning,Vortex,4700,4700,100.0
2026-08-20,1,VTX-11,Unit I,Spinning,Vortex,4700,4700,100.0
2026-08-20,1,VTX-12,Unit I,Spinning,Vortex,4700,4429,94.23
2026-08-20,1,AJ-01,Unit I,Spinning,Airjet,3750,3696,98.58
2026-08-20,1,AJ-02,Unit I,Spinning,Airjet,3750,3488,93.03
2026-08-20,1,AJ-03,Unit I,Spinning,Airjet,3750,3568,95.17
2026-08-20,1,AJ-04,Unit I,Spinning,Airjet,3750,3494,93.19
2026-08-20,1,AJ-05,Unit I,Spinning,Airjet,3750,3706,98.83
2026-08-20,2,TOY-01,Unit I,Weaving,Toyota,21700,21700,100.0
2026-08-20,2,TOY-02,Unit I,Weaving,Toyota,21700,17792,81.99
2026-08-20,2,TOY-03,Unit I,Weaving,Toyota,21700,21615,99.61
2026-08-20,2,TOY-04,Unit I,Weaving,Toyota,21700,21616,99.62
2026-08-20,2,TOY-05,Unit I,Weaving,Toyota,21700,21213,97.76
2026-08-20,2,TOY-06,Unit I,Weaving,Toyota,21700,19378,89.3
2026-08-20,2,TOY-07,Unit I,Weaving,Toyota,21700,21700,100.0
2026-08-20,2,TOY-08,Unit I,Weaving,Toyota,21700,18883,87.02
2026-08-20,2,TOY-09,Unit I,Weaving,Toyota,21700,20361,93.83
2026-08-20,2,TOY-10,Unit I,Weaving,Toyota,21700,20212,93.15
2026-08-20,2,TOY-11,Unit I,Weaving,Toyota,21700,21279,98.06
2026-08-20,2,TOY-12,Unit I,Weaving,Toyota,21700,21212,97.75
2026-08-20,2,TOY-13,Unit I,Weaving,Toyota,21700,20395,93.99
2026-08-20,2,TOY-14,Unit I,Weaving,Toyota,21700,19258,88.75
2026-08-20,2,TOY-15,Unit I,Weaving,Toyota,21700,20946,96.53
2026-08-20,2,TSU-01,Unit I,Weaving,Tsudakoma,15000,14663,97.76
2026-08-20,2,TSU-02,Unit I,Weaving,Tsudakoma,15000,14794,98.63
2026-08-20,2,TSU-03,Unit I,Weaving,Tsudakoma,15000,14511,96.75
2026-08-20,2,TSU-04,Unit I,Weaving,Tsudakoma,15000,14046,93.64
2026-08-20,2,TSU-05,Unit I,Weaving,Tsudakoma,15000,14995,99.97
2026-08-20,2,TSU-06,Unit I,Weaving,Tsudakoma,15000,14299,95.33
2026-08-20,2,TSU-07,Unit I,Weaving,Tsudakoma,15000,13901,92.68
2026-08-20,2,TSU-08,Unit I,Weaving,Tsudakoma,15000,14114,94.1
2026-08-20,2,TSU-09,Unit I,Weaving,Tsudakoma,15000,12940,86.27
2026-08-20,2,TSU-10,Unit I,Weaving,Tsudakoma,15000,14113,94.09
2026-08-20,2,SUL-01,Unit I,Weaving,Sulzer,2700,2657,98.44
2026-08-20,2,SUL-02,Unit I,Weaving,Sulzer,2700,2610,96.7
2026-08-20,2,SUL-03,Unit I,Weaving,Sulzer,2700,2700,100.0
2026-08-20,2,SUL-04,Unit I,Weaving,Sulzer,2700,2529,93.69
2026-08-20,2,SUL-05,Unit I,Weaving,Sulzer,2700,2630,97.44
2026-08-20,2,RF-01,Unit I,Spinning,RingFrame,2500,2474,98.96
2026-08-20,2,RF-02,Unit I,Spinning,RingFrame,2500,2500,100.0
2026-08-20,2,RF-03,Unit I,Spinning,RingFrame,2500,2393,95.72
2026-08-20,2,RF-04,Unit I,Spinning,RingFrame,2500,2244,89.78
2026-08-20,2,RF-05,Unit I,Spinning,RingFrame,2500,2480,99.24
2026-08-20,2,RF-06,Unit I,Spinning,RingFrame,2500,2500,100.0
2026-08-20,2,RF-07,Unit I,Spinning,RingFrame,2500,2334,93.39
2026-08-20,2,RF-08,Unit I,Spinning,RingFrame,2500,2480,99.21
2026-08-20,2,RF-09,Unit I,Spinning,RingFrame,2500,2500,100.0
2026-08-20,2,RF-10,Unit I,Spinning,RingFrame,2500,2500,100.0
2026-08-20,2,RF-11,Unit I,Spinning,RingFrame,2500,1965,78.63
2026-08-20,2,RF-12,Unit I,Spinning,RingFrame,2500,2287,91.51
2026-08-20,2,VTX-01,Unit I,Spinning,Vortex,4700,4445,94.59
2026-08-20,2,VTX-02,Unit I,Spinning,Vortex,4700,4572,97.29
2026-08-20,2,VTX-03,Unit I,Spinning,Vortex,4700,4678,99.54
2026-08-20,2,VTX-04,Unit I,Spinning,Vortex,4700,4543,96.67
2026-08-20,2,VTX-05,Unit I,Spinning,Vortex,4700,4375,93.1
2026-08-20,2,VTX-06,Unit I,Spinning,Vortex,4700,3796,80.78
2026-08-20,2,VTX-07,Unit I,Spinning,Vortex,4700,4667,99.3
2026-08-20,2,VTX-08,Unit I,Spinning,Vortex,4700,4554,96.9
2026-08-20,2,VTX-09,Unit I,Spinning,Vortex,4700,4268,90.82
2026-08-20,2,VTX-10,Unit I,Spinning,Vortex,4700,4422,94.09
2026-08-20,2,VTX-11,Unit I,Spinning,Vortex,4700,4687,99.74
2026-08-20,2,VTX-12,Unit I,Spinning,Vortex,4700,4139,88.08
2026-08-20,2,AJ-01,Unit I,Spinning,Airjet,3750,3170,84.53
2026-08-20,2,AJ-02,Unit I,Spinning,Airjet,3750,3750,100.0
2026-08-20,2,AJ-03,Unit I,Spinning,Airjet,3750,3658,97.56
2026-08-20,2,AJ-04,Unit I,Spinning,Airjet,3750,3676,98.03
2026-08-20,2,AJ-05,Unit I,Spinning,Airjet,3750,3360,89.62
2026-08-20,3,TOY-01,Unit I,Weaving,Toyota,21700,21415,98.69
2026-08-20,3,TOY-02,Unit I,Weaving,Toyota,21700,17224,79.38
2026-08-20,3,TOY-03,Unit I,Weaving,Toyota,21700,18896,87.08
2026-08-20,3,TOY-04,Unit I,Weaving,Toyota,21700,21700,100.0
2026-08-20,3,TOY-05,Unit I,Weaving,Toyota,21700,20787,95.79
2026-08-20,3,TOY-06,Unit I,Weaving,Toyota,21700,20185,93.02
2026-08-20,3,TOY-07,Unit I,Weaving,Toyota,21700,20204,93.11
2026-08-20,3,TOY-08,Unit I,Weaving,Toyota,21700,14739,67.92
2026-08-20,3,TOY-09,Unit I,Weaving,Toyota,21700,21258,97.97
2026-08-20,3,TOY-10,Unit I,Weaving,Toyota,21700,20899,96.31
2026-08-20,3,TOY-11,Unit I,Weaving,Toyota,21700,20404,94.03
2026-08-20,3,TOY-12,Unit I,Weaving,Toyota,21700,21700,100.0
2026-08-20,3,TOY-13,Unit I,Weaving,Toyota,21700,19113,88.08
2026-08-20,3,TOY-14,Unit I,Weaving,Toyota,21700,19967,92.02
2026-08-20,3,TOY-15,Unit I,Weaving,Toyota,21700,19692,90.75
2026-08-20,3,TSU-01,Unit I,Weaving,Tsudakoma,15000,14040,93.61
2026-08-20,3,TSU-02,Unit I,Weaving,Tsudakoma,15000,14300,95.34
2026-08-20,3,TSU-03,Unit I,Weaving,Tsudakoma,15000,14572,97.15
2026-08-20,3,TSU-04,Unit I,Weaving,Tsudakoma,15000,13989,93.27
2026-08-20,3,TSU-05,Unit I,Weaving,Tsudakoma,15000,13591,90.61
2026-08-20,3,TSU-06,Unit I,Weaving,Tsudakoma,15000,15000,100.0
2026-08-20,3,TSU-07,Unit I,Weaving,Tsudakoma,15000,15000,100.0
2026-08-20,3,TSU-08,Unit I,Weaving,Tsudakoma,15000,14357,95.72
2026-08-20,3,TSU-09,Unit I,Weaving,Tsudakoma,15000,13682,91.22
2026-08-20,3,TSU-10,Unit I,Weaving,Tsudakoma,15000,15000,100.0
2026-08-20,3,SUL-01,Unit I,Weaving,Sulzer,2700,2369,87.77
2026-08-20,3,SUL-02,Unit I,Weaving,Sulzer,2700,2519,93.33
2026-08-20,3,SUL-03,Unit I,Weaving,Sulzer,2700,2471,91.52
2026-08-20,3,SUL-04,Unit I,Weaving,Sulzer,2700,2408,89.2
2026-08-20,3,SUL-05,Unit I,Weaving,Sulzer,2700,2527,93.6
2026-08-20,3,RF-01,Unit I,Spinning,RingFrame,2500,2266,90.68
2026-08-20,3,RF-02,Unit I,Spinning,RingFrame,2500,2376,95.06
2026-08-20,3,RF-03,Unit I,Spinning,RingFrame,2500,2378,95.14
2026-08-20,3,RF-04,Unit I,Spinning,RingFrame,2500,2297,91.89
2026-08-20,3,RF-05,Unit I,Spinning,RingFrame,2500,2328,93.15
2026-08-20,3,RF-06,Unit I,Spinning,RingFrame,2500,2346,93.85
2026-08-20,3,RF-07,Unit I,Spinning,RingFrame,2500,2476,99.05
2026-08-20,3,RF-08,Unit I,Spinning,RingFrame,2500,2356,94.26
2026-08-20,3,RF-09,Unit I,Spinning,RingFrame,2500,2478,99.12
2026-08-20,3,RF-10,Unit I,Spinning,RingFrame,2500,2448,97.93
2026-08-20,3,RF-11,Unit I,Spinning,RingFrame,2500,2021,80.86
2026-08-20,3,RF-12,Unit I,Spinning,RingFrame,2500,2500,100.0
2026-08-20,3,VTX-01,Unit I,Spinning,Vortex,4700,4201,89.4
2026-08-20,3,VTX-02,Unit I,Spinning,Vortex,4700,4353,92.63
2026-08-20,3,VTX-03,Unit I,Spinning,Vortex,4700,4700,100.0
2026-08-20,3,VTX-04,Unit I,Spinning,Vortex,4700,4404,93.71
2026-08-20,3,VTX-05,Unit I,Spinning,Vortex,4700,3803,80.92
2026-08-20,3,VTX-06,Unit I,Spinning,Vortex,4700,3618,76.99
2026-08-20,3,VTX-07,Unit I,Spinning,Vortex,4700,4496,95.67
2026-08-20,3,VTX-08,Unit I,Spinning,Vortex,4700,3849,81.91
2026-08-20,3,VTX-09,Unit I,Spinning,Vortex,4700,4700,100.0
2026-08-20,3,VTX-10,Unit I,Spinning,Vortex,4700,4297,91.43
2026-08-20,3,VTX-11,Unit I,Spinning,Vortex,4700,4542,96.64
2026-08-20,3,VTX-12,Unit I,Spinning,Vortex,4700,4411,93.87
2026-08-20,3,AJ-01,Unit I,Spinning,Airjet,3750,3320,88.56
2026-08-20,3,AJ-02,Unit I,Spinning,Airjet,3750,3361,89.65
2026-08-20,3,AJ-03,Unit I,Spinning,Airjet,3750,3387,90.32
2026-08-20,3,AJ-04,Unit I,Spinning,Airjet,3750,3750,100.0
2026-08-20,3,AJ-05,Unit I,Spinning,Airjet,3750,3534,94.26
2026-08-21,1,TOY-01,Unit I,Weaving,Toyota,21700,20048,92.39
2026-08-21,1,TOY-02,Unit I,Weaving,Toyota,21700,15911,73.33
2026-08-21,1,TOY-03,Unit I,Weaving,Toyota,21700,21700,100.0
2026-08-21,1,TOY-04,Unit I,Weaving,Toyota,21700,21700,100.0
2026-08-21,1,TOY-05,Unit I,Weaving,Toyota,21700,21700,100.0
2026-08-21,1,TOY-06,Unit I,Weaving,Toyota,21700,21149,97.46
2026-08-21,1,TOY-07,Unit I,Weaving,Toyota,21700,20929,96.45
2026-08-21,1,TOY-08,Unit I,Weaving,Toyota,21700,15606,71.92
2026-08-21,1,TOY-09,Unit I,Weaving,Toyota,21700,20348,93.77
2026-08-21,1,TOY-10,Unit I,Weaving,Toyota,21700,19873,91.58
2026-08-21,1,TOY-11,Unit I,Weaving,Toyota,21700,18634,85.87
2026-08-21,1,TOY-12,Unit I,Weaving,Toyota,21700,21700,100.0
2026-08-21,1,TOY-13,Unit I,Weaving,Toyota,21700,19860,91.52
2026-08-21,1,TOY-14,Unit I,Weaving,Toyota,21700,21700,100.0
2026-08-21,1,TOY-15,Unit I,Weaving,Toyota,21700,21571,99.41
2026-08-21,1,TSU-01,Unit I,Weaving,Tsudakoma,15000,14667,97.78
2026-08-21,1,TSU-02,Unit I,Weaving,Tsudakoma,15000,14709,98.06
2026-08-21,1,TSU-03,Unit I,Weaving,Tsudakoma,15000,13788,91.92
2026-08-21,1,TSU-04,Unit I,Weaving,Tsudakoma,15000,15000,100.0
2026-08-21,1,TSU-05,Unit I,Weaving,Tsudakoma,15000,14282,95.22
2026-08-21,1,TSU-06,Unit I,Weaving,Tsudakoma,15000,14476,96.51
2026-08-21,1,TSU-07,Unit I,Weaving,Tsudakoma,15000,13763,91.75
2026-08-21,1,TSU-08,Unit I,Weaving,Tsudakoma,15000,13551,90.34
2026-08-21,1,TSU-09,Unit I,Weaving,Tsudakoma,15000,14607,97.39
2026-08-21,1,TSU-10,Unit I,Weaving,Tsudakoma,15000,14413,96.09
2026-08-21,1,SUL-01,Unit I,Weaving,Sulzer,2700,2458,91.05
2026-08-21,1,SUL-02,Unit I,Weaving,Sulzer,2700,2370,87.81
2026-08-21,1,SUL-03,Unit I,Weaving,Sulzer,2700,2393,88.65
2026-08-21,1,SUL-04,Unit I,Weaving,Sulzer,2700,2700,100.0
2026-08-21,1,SUL-05,Unit I,Weaving,Sulzer,2700,2482,91.93
2026-08-21,1,RF-01,Unit I,Spinning,RingFrame,2500,2332,93.31
2026-08-21,1,RF-02,Unit I,Spinning,RingFrame,2500,2500,100.0
2026-08-21,1,RF-03,Unit I,Spinning,RingFrame,2500,2234,89.39
2026-08-21,1,RF-04,Unit I,Spinning,RingFrame,2500,2284,91.37
2026-08-21,1,RF-05,Unit I,Spinning,RingFrame,2500,2278,91.16
2026-08-21,1,RF-06,Unit I,Spinning,RingFrame,2500,2500,100.0
2026-08-21,1,RF-07,Unit I,Spinning,RingFrame,2500,2500,100.0
2026-08-21,1,RF-08,Unit I,Spinning,RingFrame,2500,2468,98.76
2026-08-21,1,RF-09,Unit I,Spinning,RingFrame,2500,2472,98.92
2026-08-21,1,RF-10,Unit I,Spinning,RingFrame,2500,2302,92.1
2026-08-21,1,RF-11,Unit I,Spinning,RingFrame,2500,2193,87.74
2026-08-21,1,RF-12,Unit I,Spinning,RingFrame,2500,2408,96.34
2026-08-21,1,VTX-01,Unit I,Spinning,Vortex,4700,4665,99.27
2026-08-21,1,VTX-02,Unit I,Spinning,Vortex,4700,4440,94.47
2026-08-21,1,VTX-03,Unit I,Spinning,Vortex,4700,4402,93.66
2026-08-21,1,VTX-04,Unit I,Spinning,Vortex,4700,4700,100.0
2026-08-21,1,VTX-05,Unit I,Spinning,Vortex,4700,4591,97.7
2026-08-21,1,VTX-06,Unit I,Spinning,Vortex,4700,4007,85.26
2026-08-21,1,VTX-07,Unit I,Spinning,Vortex,4700,4525,96.28
2026-08-21,1,VTX-08,Unit I,Spinning,Vortex,4700,4265,90.76
2026-08-21,1,VTX-09,Unit I,Spinning,Vortex,4700,4327,92.08
2026-08-21,1,VTX-10,Unit I,Spinning,Vortex,4700,4489,95.51
2026-08-21,1,VTX-11,Unit I,Spinning,Vortex,4700,4317,91.87
2026-08-21,1,VTX-12,Unit I,Spinning,Vortex,4700,4204,89.46
2026-08-21,1,AJ-01,Unit I,Spinning,Airjet,3750,3750,100.0
2026-08-21,1,AJ-02,Unit I,Spinning,Airjet,3750,3460,92.28
2026-08-21,1,AJ-03,Unit I,Spinning,Airjet,3750,3588,95.69
2026-08-21,1,AJ-04,Unit I,Spinning,Airjet,3750,3618,96.48
2026-08-21,1,AJ-05,Unit I,Spinning,Airjet,3750,3452,92.06
2026-08-21,2,TOY-01,Unit I,Weaving,Toyota,21700,21700,100.0
2026-08-21,2,TOY-02,Unit I,Weaving,Toyota,21700,15713,72.41
2026-08-21,2,TOY-03,Unit I,Weaving,Toyota,21700,20898,96.31
2026-08-21,2,TOY-04,Unit I,Weaving,Toyota,21700,20882,96.23
2026-08-21,2,TOY-05,Unit I,Weaving,Toyota,21700,20556,94.73
2026-08-21,2,TOY-06,Unit I,Weaving,Toyota,21700,19207,88.52
2026-08-21,2,TOY-07,Unit I,Weaving,Toyota,21700,21559,99.35
2026-08-21,2,TOY-08,Unit I,Weaving,Toyota,21700,17732,81.72
2026-08-21,2,TOY-09,Unit I,Weaving,Toyota,21700,19882,91.62
2026-08-21,2,TOY-10,Unit I,Weaving,Toyota,21700,21382,98.54
2026-08-21,2,TOY-11,Unit I,Weaving,Toyota,21700,21021,96.87
2026-08-21,2,TOY-12,Unit I,Weaving,Toyota,21700,19225,88.6
2026-08-21,2,TOY-13,Unit I,Weaving,Toyota,21700,19688,90.73
2026-08-21,2,TOY-14,Unit I,Weaving,Toyota,21700,21700,100.0
2026-08-21,2,TOY-15,Unit I,Weaving,Toyota,21700,20950,96.55
2026-08-21,2,TSU-01,Unit I,Weaving,Tsudakoma,15000,13826,92.18
2026-08-21,2,TSU-02,Unit I,Weaving,Tsudakoma,15000,13606,90.71
2026-08-21,2,TSU-03,Unit I,Weaving,Tsudakoma,15000,13863,92.42
2026-08-21,2,TSU-04,Unit I,Weaving,Tsudakoma,15000,13916,92.78
2026-08-21,2,TSU-05,Unit I,Weaving,Tsudakoma,15000,13615,90.77
2026-08-21,2,TSU-06,Unit I,Weaving,Tsudakoma,15000,12943,86.29
2026-08-21,2,TSU-07,Unit I,Weaving,Tsudakoma,15000,15000,100.0
2026-08-21,2,TSU-08,Unit I,Weaving,Tsudakoma,15000,14977,99.85
2026-08-21,2,TSU-09,Unit I,Weaving,Tsudakoma,15000,13295,88.63
2026-08-21,2,TSU-10,Unit I,Weaving,Tsudakoma,15000,14352,95.68
2026-08-21,2,SUL-01,Unit I,Weaving,Sulzer,2700,2443,90.49
2026-08-21,2,SUL-02,Unit I,Weaving,Sulzer,2700,2529,93.69
2026-08-21,2,SUL-03,Unit I,Weaving,Sulzer,2700,2518,93.28
2026-08-21,2,SUL-04,Unit I,Weaving,Sulzer,2700,2507,92.86
2026-08-21,2,SUL-05,Unit I,Weaving,Sulzer,2700,2700,100.0
2026-08-21,2,RF-01,Unit I,Spinning,RingFrame,2500,2319,92.8
2026-08-21,2,RF-02,Unit I,Spinning,RingFrame,2500,2273,90.96
2026-08-21,2,RF-03,Unit I,Spinning,RingFrame,2500,2279,91.19
2026-08-21,2,RF-04,Unit I,Spinning,RingFrame,2500,2500,100.0
2026-08-21,2,RF-05,Unit I,Spinning,RingFrame,2500,2168,86.74
2026-08-21,2,RF-06,Unit I,Spinning,RingFrame,2500,2279,91.19
2026-08-21,2,RF-07,Unit I,Spinning,RingFrame,2500,2500,100.0
2026-08-21,2,RF-08,Unit I,Spinning,RingFrame,2500,2405,96.22
2026-08-21,2,RF-09,Unit I,Spinning,RingFrame,2500,2398,95.96
2026-08-21,2,RF-10,Unit I,Spinning,RingFrame,2500,2500,100.0
2026-08-21,2,RF-11,Unit I,Spinning,RingFrame,2500,1980,79.23
2026-08-21,2,RF-12,Unit I,Spinning,RingFrame,2500,2286,91.46
2026-08-21,2,VTX-01,Unit I,Spinning,Vortex,4700,4398,93.59
2026-08-21,2,VTX-02,Unit I,Spinning,Vortex,4700,4198,89.32
2026-08-21,2,VTX-03,Unit I,Spinning,Vortex,4700,4700,100.0
2026-08-21,2,VTX-04,Unit I,Spinning,Vortex,4700,4600,97.87
2026-08-21,2,VTX-05,Unit I,Spinning,Vortex,4700,4700,100.0
2026-08-21,2,VTX-06,Unit I,Spinning,Vortex,4700,3951,84.06
2026-08-21,2,VTX-07,Unit I,Spinning,Vortex,4700,4367,92.93
2026-08-21,2,VTX-08,Unit I,Spinning,Vortex,4700,4242,90.28
2026-08-21,2,VTX-09,Unit I,Spinning,Vortex,4700,4452,94.74
2026-08-21,2,VTX-10,Unit I,Spinning,Vortex,4700,4259,90.64
2026-08-21,2,VTX-11,Unit I,Spinning,Vortex,4700,4503,95.82
2026-08-21,2,VTX-12,Unit I,Spinning,Vortex,4700,4700,100.0
2026-08-21,2,AJ-01,Unit I,Spinning,Airjet,3750,3530,94.16
2026-08-21,2,AJ-02,Unit I,Spinning,Airjet,3750,3590,95.75
2026-08-21,2,AJ-03,Unit I,Spinning,Airjet,3750,3544,94.53
2026-08-21,2,AJ-04,Unit I,Spinning,Airjet,3750,3713,99.01
2026-08-21,2,AJ-05,Unit I,Spinning,Airjet,3750,3437,91.66
2026-08-21,3,TOY-01,Unit I,Weaving,Toyota,21700,18231,84.02
2026-08-21,3,TOY-02,Unit I,Weaving,Toyota,21700,17436,80.35
2026-08-21,3,TOY-03,Unit I,Weaving,Toyota,21700,21686,99.94
2026-08-21,3,TOY-04,Unit I,Weaving,Toyota,21700,21099,97.23
2026-08-21,3,TOY-05,Unit I,Weaving,Toyota,21700,19920,91.8
2026-08-21,3,TOY-06,Unit I,Weaving,Toyota,21700,19383,89.32
2026-08-21,3,TOY-07,Unit I,Weaving,Toyota,21700,21151,97.47
2026-08-21,3,TOY-08,Unit I,Weaving,Toyota,21700,17079,78.71
2026-08-21,3,TOY-09,Unit I,Weaving,Toyota,21700,20478,94.37
2026-08-21,3,TOY-10,Unit I,Weaving,Toyota,21700,21700,100.0
2026-08-21,3,TOY-11,Unit I,Weaving,Toyota,21700,19587,90.27
2026-08-21,3,TOY-12,Unit I,Weaving,Toyota,21700,21700,100.0
2026-08-21,3,TOY-13,Unit I,Weaving,Toyota,21700,20649,95.16
2026-08-21,3,TOY-14,Unit I,Weaving,Toyota,21700,18623,85.82
2026-08-21,3,TOY-15,Unit I,Weaving,Toyota,21700,20420,94.1
2026-08-21,3,TSU-01,Unit I,Weaving,Tsudakoma,15000,14969,99.8
2026-08-21,3,TSU-02,Unit I,Weaving,Tsudakoma,15000,13976,93.17
2026-08-21,3,TSU-03,Unit I,Weaving,Tsudakoma,15000,13143,87.63
2026-08-21,3,TSU-04,Unit I,Weaving,Tsudakoma,15000,14126,94.18
2026-08-21,3,TSU-05,Unit I,Weaving,Tsudakoma,15000,13607,90.71
2026-08-21,3,TSU-06,Unit I,Weaving,Tsudakoma,15000,14618,97.46
2026-08-21,3,TSU-07,Unit I,Weaving,Tsudakoma,15000,14830,98.87
2026-08-21,3,TSU-08,Unit I,Weaving,Tsudakoma,15000,13457,89.72
2026-08-21,3,TSU-09,Unit I,Weaving,Tsudakoma,15000,13720,91.47
2026-08-21,3,TSU-10,Unit I,Weaving,Tsudakoma,15000,14817,98.78
2026-08-21,3,SUL-01,Unit I,Weaving,Sulzer,2700,2449,90.71
2026-08-21,3,SUL-02,Unit I,Weaving,Sulzer,2700,2418,89.59
2026-08-21,3,SUL-03,Unit I,Weaving,Sulzer,2700,2405,89.11
2026-08-21,3,SUL-04,Unit I,Weaving,Sulzer,2700,2612,96.76
2026-08-21,3,SUL-05,Unit I,Weaving,Sulzer,2700,2606,96.55
2026-08-21,3,RF-01,Unit I,Spinning,RingFrame,2500,2289,91.58
2026-08-21,3,RF-02,Unit I,Spinning,RingFrame,2500,2375,95.03
2026-08-21,3,RF-03,Unit I,Spinning,RingFrame,2500,2500,100.0
2026-08-21,3,RF-04,Unit I,Spinning,RingFrame,2500,2253,90.13
2026-08-21,3,RF-05,Unit I,Spinning,RingFrame,2500,2131,85.24
2026-08-21,3,RF-06,Unit I,Spinning,RingFrame,2500,2431,97.28
2026-08-21,3,RF-07,Unit I,Spinning,RingFrame,2500,2361,94.45
2026-08-21,3,RF-08,Unit I,Spinning,RingFrame,2500,2286,91.45
2026-08-21,3,RF-09,Unit I,Spinning,RingFrame,2500,2456,98.26
2026-08-21,3,RF-10,Unit I,Spinning,RingFrame,2500,2479,99.2
2026-08-21,3,RF-11,Unit I,Spinning,RingFrame,2500,1673,66.96
2026-08-21,3,RF-12,Unit I,Spinning,RingFrame,2500,2293,91.74
2026-08-21,3,VTX-01,Unit I,Spinning,Vortex,4700,4700,100.0
2026-08-21,3,VTX-02,Unit I,Spinning,Vortex,4700,4602,97.92
2026-08-21,3,VTX-03,Unit I,Spinning,Vortex,4700,4623,98.38
2026-08-21,3,VTX-04,Unit I,Spinning,Vortex,4700,4700,100.0
2026-08-21,3,VTX-05,Unit I,Spinning,Vortex,4700,4469,95.09
2026-08-21,3,VTX-06,Unit I,Spinning,Vortex,4700,3853,81.98
2026-08-21,3,VTX-07,Unit I,Spinning,Vortex,4700,4633,98.59
2026-08-21,3,VTX-08,Unit I,Spinning,Vortex,4700,4591,97.7
2026-08-21,3,VTX-09,Unit I,Spinning,Vortex,4700,4389,93.39
2026-08-21,3,VTX-10,Unit I,Spinning,Vortex,4700,4505,95.86
2026-08-21,3,VTX-11,Unit I,Spinning,Vortex,4700,4326,92.06
2026-08-21,3,VTX-12,Unit I,Spinning,Vortex,4700,4468,95.06
2026-08-21,3,AJ-01,Unit I,Spinning,Airjet,3750,3343,89.16
2026-08-21,3,AJ-02,Unit I,Spinning,Airjet,3750,3414,91.05
2026-08-21,3,AJ-03,Unit I,Spinning,Airjet,3750,3509,93.59
2026-08-21,3,AJ-04,Unit I,Spinning,Airjet,3750,3385,90.28
2026-08-21,3,AJ-05,Unit I,Spinning,Airjet,3750,3467,92.47
2026-08-22,1,TOY-01,Unit I,Weaving,Toyota,21700,20437,94.18
2026-08-22,1,TOY-02,Unit I,Weaving,Toyota,21700,17362,80.01
2026-08-22,1,TOY-03,Unit I,Weaving,Toyota,21700,21644,99.75
2026-08-22,1,TOY-04,Unit I,Weaving,Toyota,21700,20111,92.68
2026-08-22,1,TOY-05,Unit I,Weaving,Toyota,21700,21700,100.0
2026-08-22,1,TOY-06,Unit I,Weaving,Toyota,21700,21633,99.69
2026-08-22,1,TOY-07,Unit I,Weaving,Toyota,21700,21161,97.52
2026-08-22,1,TOY-08,Unit I,Weaving,Toyota,21700,17092,78.77
2026-08-22,1,TOY-09,Unit I,Weaving,Toyota,21700,20961,96.6
2026-08-22,1,TOY-10,Unit I,Weaving,Toyota,21700,21700,100.0
2026-08-22,1,TOY-11,Unit I,Weaving,Toyota,21700,21700,100.0
2026-08-22,1,TOY-12,Unit I,Weaving,Toyota,21700,21700,100.0
2026-08-22,1,TOY-13,Unit I,Weaving,Toyota,21700,20659,95.21
2026-08-22,1,TOY-14,Unit I,Weaving,Toyota,21700,21217,97.77
2026-08-22,1,TOY-15,Unit I,Weaving,Toyota,21700,21700,100.0
2026-08-22,1,TSU-01,Unit I,Weaving,Tsudakoma,15000,13782,91.88
2026-08-22,1,TSU-02,Unit I,Weaving,Tsudakoma,15000,14011,93.41
2026-08-22,1,TSU-03,Unit I,Weaving,Tsudakoma,15000,14262,95.08
2026-08-22,1,TSU-04,Unit I,Weaving,Tsudakoma,15000,14924,99.5
2026-08-22,1,TSU-05,Unit I,Weaving,Tsudakoma,15000,14936,99.58
2026-08-22,1,TSU-06,Unit I,Weaving,Tsudakoma,15000,14076,93.85
2026-08-22,1,TSU-07,Unit I,Weaving,Tsudakoma,15000,13118,87.46
2026-08-22,1,TSU-08,Unit I,Weaving,Tsudakoma,15000,14434,96.23
2026-08-22,1,TSU-09,Unit I,Weaving,Tsudakoma,15000,13561,90.41
2026-08-22,1,TSU-10,Unit I,Weaving,Tsudakoma,15000,13132,87.55
2026-08-22,1,SUL-01,Unit I,Weaving,Sulzer,2700,2394,88.68
2026-08-22,1,SUL-02,Unit I,Weaving,Sulzer,2700,2609,96.63
2026-08-22,1,SUL-03,Unit I,Weaving,Sulzer,2700,2700,100.0
2026-08-22,1,SUL-04,Unit I,Weaving,Sulzer,2700,2570,95.19
2026-08-22,1,SUL-05,Unit I,Weaving,Sulzer,2700,2593,96.06
2026-08-22,1,RF-01,Unit I,Spinning,RingFrame,2500,2500,100.0
2026-08-22,1,RF-02,Unit I,Spinning,RingFrame,2500,2181,87.28
2026-08-22,1,RF-03,Unit I,Spinning,RingFrame,2500,2440,97.6
2026-08-22,1,RF-04,Unit I,Spinning,RingFrame,2500,2373,94.94
2026-08-22,1,RF-05,Unit I,Spinning,RingFrame,2500,2445,97.83
2026-08-22,1,RF-06,Unit I,Spinning,RingFrame,2500,2314,92.58
2026-08-22,1,RF-07,Unit I,Spinning,RingFrame,2500,2272,90.91
2026-08-22,1,RF-08,Unit I,Spinning,RingFrame,2500,2392,95.7
2026-08-22,1,RF-09,Unit I,Spinning,RingFrame,2500,2500,100.0
2026-08-22,1,RF-10,Unit I,Spinning,RingFrame,2500,2482,99.3
2026-08-22,1,RF-11,Unit I,Spinning,RingFrame,2500,1886,75.46
2026-08-22,1,RF-12,Unit I,Spinning,RingFrame,2500,2207,88.3
2026-08-22,1,VTX-01,Unit I,Spinning,Vortex,4700,4069,86.59
2026-08-22,1,VTX-02,Unit I,Spinning,Vortex,4700,4700,100.0
2026-08-22,1,VTX-03,Unit I,Spinning,Vortex,4700,4240,90.22
2026-08-22,1,VTX-04,Unit I,Spinning,Vortex,4700,4388,93.37
2026-08-22,1,VTX-05,Unit I,Spinning,Vortex,4700,4700,100.0
2026-08-22,1,VTX-06,Unit I,Spinning,Vortex,4700,3286,69.93
2026-08-22,1,VTX-07,Unit I,Spinning,Vortex,4700,4700,100.0
2026-08-22,1,VTX-08,Unit I,Spinning,Vortex,4700,4405,93.73
2026-08-22,1,VTX-09,Unit I,Spinning,Vortex,4700,4195,89.26
2026-08-22,1,VTX-10,Unit I,Spinning,Vortex,4700,4406,93.76
2026-08-22,1,VTX-11,Unit I,Spinning,Vortex,4700,4295,91.39
2026-08-22,1,VTX-12,Unit I,Spinning,Vortex,4700,4568,97.2
2026-08-22,1,AJ-01,Unit I,Spinning,Airjet,3750,3440,91.76
2026-08-22,1,AJ-02,Unit I,Spinning,Airjet,3750,3204,85.44
2026-08-22,1,AJ-03,Unit I,Spinning,Airjet,3750,3521,93.9
2026-08-22,1,AJ-04,Unit I,Spinning,Airjet,3750,3308,88.22
2026-08-22,1,AJ-05,Unit I,Spinning,Airjet,3750,3600,96.02
2026-08-22,2,TOY-01,Unit I,Weaving,Toyota,21700,19326,89.06
2026-08-22,2,TOY-02,Unit I,Weaving,Toyota,21700,16396,75.56
2026-08-22,2,TOY-03,Unit I,Weaving,Toyota,21700,20813,95.91
2026-08-22,2,TOY-04,Unit I,Weaving,Toyota,21700,20384,93.94
2026-08-22,2,TOY-05,Unit I,Weaving,Toyota,21700,20886,96.25
2026-08-22,2,TOY-06,Unit I,Weaving,Toyota,21700,21353,98.4
2026-08-22,2,TOY-07,Unit I,Weaving,Toyota,21700,19358,89.21
2026-08-22,2,TOY-08,Unit I,Weaving,Toyota,21700,16856,77.68
2026-08-22,2,TOY-09,Unit I,Weaving,Toyota,21700,17002,78.35
2026-08-22,2,TOY-10,Unit I,Weaving,Toyota,21700,20883,96.24
2026-08-22,2,TOY-11,Unit I,Weaving,Toyota,21700,20288,93.5
2026-08-22,2,TOY-12,Unit I,Weaving,Toyota,21700,19547,90.08
2026-08-22,2,TOY-13,Unit I,Weaving,Toyota,21700,20957,96.58
2026-08-22,2,TOY-14,Unit I,Weaving,Toyota,21700,21700,100.0
2026-08-22,2,TOY-15,Unit I,Weaving,Toyota,21700,20098,92.62
2026-08-22,2,TSU-01,Unit I,Weaving,Tsudakoma,15000,13541,90.28
2026-08-22,2,TSU-02,Unit I,Weaving,Tsudakoma,15000,14373,95.83
2026-08-22,2,TSU-03,Unit I,Weaving,Tsudakoma,15000,13248,88.32
2026-08-22,2,TSU-04,Unit I,Weaving,Tsudakoma,15000,13754,91.7
2026-08-22,2,TSU-05,Unit I,Weaving,Tsudakoma,15000,15000,100.0
2026-08-22,2,TSU-06,Unit I,Weaving,Tsudakoma,15000,14296,95.31
2026-08-22,2,TSU-07,Unit I,Weaving,Tsudakoma,15000,12840,85.6
2026-08-22,2,TSU-08,Unit I,Weaving,Tsudakoma,15000,12902,86.02
2026-08-22,2,TSU-09,Unit I,Weaving,Tsudakoma,15000,14371,95.81
2026-08-22,2,TSU-10,Unit I,Weaving,Tsudakoma,15000,14896,99.31
2026-08-22,2,SUL-01,Unit I,Weaving,Sulzer,2700,2346,86.91
2026-08-22,2,SUL-02,Unit I,Weaving,Sulzer,2700,2625,97.25
2026-08-22,2,SUL-03,Unit I,Weaving,Sulzer,2700,2700,100.0
2026-08-22,2,SUL-04,Unit I,Weaving,Sulzer,2700,2700,100.0
2026-08-22,2,SUL-05,Unit I,Weaving,Sulzer,2700,2609,96.66
2026-08-22,2,RF-01,Unit I,Spinning,RingFrame,2500,2438,97.53
2026-08-22,2,RF-02,Unit I,Spinning,RingFrame,2500,2108,84.33
2026-08-22,2,RF-03,Unit I,Spinning,RingFrame,2500,2500,100.0
2026-08-22,2,RF-04,Unit I,Spinning,RingFrame,2500,2303,92.12
2026-08-22,2,RF-05,Unit I,Spinning,RingFrame,2500,2258,90.33
2026-08-22,2,RF-06,Unit I,Spinning,RingFrame,2500,2343,93.72
2026-08-22,2,RF-07,Unit I,Spinning,RingFrame,2500,2500,100.0
2026-08-22,2,RF-08,Unit I,Spinning,RingFrame,2500,2500,100.0
2026-08-22,2,RF-09,Unit I,Spinning,RingFrame,2500,2390,95.63
2026-08-22,2,RF-10,Unit I,Spinning,RingFrame,2500,2499,99.99
2026-08-22,2,RF-11,Unit I,Spinning,RingFrame,2500,1955,78.22
2026-08-22,2,RF-12,Unit I,Spinning,RingFrame,2500,2245,89.81
2026-08-22,2,VTX-01,Unit I,Spinning,Vortex,4700,4700,100.0
2026-08-22,2,VTX-02,Unit I,Spinning,Vortex,4700,4318,91.89
2026-08-22,2,VTX-03,Unit I,Spinning,Vortex,4700,4700,100.0
2026-08-22,2,VTX-04,Unit I,Spinning,Vortex,4700,4700,100.0
2026-08-22,2,VTX-05,Unit I,Spinning,Vortex,4700,4609,98.07
2026-08-22,2,VTX-06,Unit I,Spinning,Vortex,4700,4095,87.14
2026-08-22,2,VTX-07,Unit I,Spinning,Vortex,4700,4700,100.0
2026-08-22,2,VTX-08,Unit I,Spinning,Vortex,4700,4423,94.12
2026-08-22,2,VTX-09,Unit I,Spinning,Vortex,4700,4274,90.96
2026-08-22,2,VTX-10,Unit I,Spinning,Vortex,4700,4026,85.68
2026-08-22,2,VTX-11,Unit I,Spinning,Vortex,4700,4700,100.0
2026-08-22,2,VTX-12,Unit I,Spinning,Vortex,4700,4361,92.8
2026-08-22,2,AJ-01,Unit I,Spinning,Airjet,3750,3750,100.0
2026-08-22,2,AJ-02,Unit I,Spinning,Airjet,3750,3423,91.29
2026-08-22,2,AJ-03,Unit I,Spinning,Airjet,3750,3750,100.0
2026-08-22,2,AJ-04,Unit I,Spinning,Airjet,3750,3431,91.5
2026-08-22,2,AJ-05,Unit I,Spinning,Airjet,3750,3339,89.04
2026-08-22,3,TOY-01,Unit I,Weaving,Toyota,21700,20388,93.96
2026-08-22,3,TOY-02,Unit I,Weaving,Toyota,21700,16349,75.34
2026-08-22,3,TOY-03,Unit I,Weaving,Toyota,21700,21261,97.98
2026-08-22,3,TOY-04,Unit I,Weaving,Toyota,21700,20559,94.74
2026-08-22,3,TOY-05,Unit I,Weaving,Toyota,21700,21296,98.14
2026-08-22,3,TOY-06,Unit I,Weaving,Toyota,21700,20299,93.54
2026-08-22,3,TOY-07,Unit I,Weaving,Toyota,21700,19893,91.67
2026-08-22,3,TOY-08,Unit I,Weaving,Toyota,21700,16292,75.08
2026-08-22,3,TOY-09,Unit I,Weaving,Toyota,21700,21700,100.0
2026-08-22,3,TOY-10,Unit I,Weaving,Toyota,21700,20859,96.13
2026-08-22,3,TOY-11,Unit I,Weaving,Toyota,21700,18462,85.08
2026-08-22,3,TOY-12,Unit I,Weaving,Toyota,21700,20050,92.4
2026-08-22,3,TOY-13,Unit I,Weaving,Toyota,21700,20720,95.48
2026-08-22,3,TOY-14,Unit I,Weaving,Toyota,21700,21700,100.0
2026-08-22,3,TOY-15,Unit I,Weaving,Toyota,21700,21700,100.0
2026-08-22,3,TSU-01,Unit I,Weaving,Tsudakoma,15000,13558,90.39
2026-08-22,3,TSU-02,Unit I,Weaving,Tsudakoma,15000,15000,100.0
2026-08-22,3,TSU-03,Unit I,Weaving,Tsudakoma,15000,14226,94.84
2026-08-22,3,TSU-04,Unit I,Weaving,Tsudakoma,15000,15000,100.0
2026-08-22,3,TSU-05,Unit I,Weaving,Tsudakoma,15000,13383,89.22
2026-08-22,3,TSU-06,Unit I,Weaving,Tsudakoma,15000,12451,83.01
2026-08-22,3,TSU-07,Unit I,Weaving,Tsudakoma,15000,13193,87.96
2026-08-22,3,TSU-08,Unit I,Weaving,Tsudakoma,15000,11812,78.75
2026-08-22,3,TSU-09,Unit I,Weaving,Tsudakoma,15000,15000,100.0
2026-08-22,3,TSU-10,Unit I,Weaving,Tsudakoma,15000,14410,96.07
2026-08-22,3,SUL-01,Unit I,Weaving,Sulzer,2700,2440,90.38
2026-08-22,3,SUL-02,Unit I,Weaving,Sulzer,2700,2626,97.26
2026-08-22,3,SUL-03,Unit I,Weaving,Sulzer,2700,2590,95.95
2026-08-22,3,SUL-04,Unit I,Weaving,Sulzer,2700,2648,98.1
2026-08-22,3,SUL-05,Unit I,Weaving,Sulzer,2700,2700,100.0
2026-08-22,3,RF-01,Unit I,Spinning,RingFrame,2500,2338,93.55
2026-08-22,3,RF-02,Unit I,Spinning,RingFrame,2500,2265,90.6
2026-08-22,3,RF-03,Unit I,Spinning,RingFrame,2500,2478,99.14
2026-08-22,3,RF-04,Unit I,Spinning,RingFrame,2500,2475,99.01
2026-08-22,3,RF-05,Unit I,Spinning,RingFrame,2500,2387,95.5
2026-08-22,3,RF-06,Unit I,Spinning,RingFrame,2500,2500,100.0
2026-08-22,3,RF-07,Unit I,Spinning,RingFrame,2500,2320,92.81
2026-08-22,3,RF-08,Unit I,Spinning,RingFrame,2500,2262,90.5
2026-08-22,3,RF-09,Unit I,Spinning,RingFrame,2500,2427,97.09
2026-08-22,3,RF-10,Unit I,Spinning,RingFrame,2500,2290,91.63
2026-08-22,3,RF-11,Unit I,Spinning,RingFrame,2500,2011,80.48
2026-08-22,3,RF-12,Unit I,Spinning,RingFrame,2500,2270,90.83
2026-08-22,3,VTX-01,Unit I,Spinning,Vortex,4700,4370,93.0
2026-08-22,3,VTX-02,Unit I,Spinning,Vortex,4700,4700,100.0
2026-08-22,3,VTX-03,Unit I,Spinning,Vortex,4700,4369,92.97
2026-08-22,3,VTX-04,Unit I,Spinning,Vortex,4700,4277,91.01
2026-08-22,3,VTX-05,Unit I,Spinning,Vortex,4700,4700,100.0
2026-08-22,3,VTX-06,Unit I,Spinning,Vortex,4700,3419,72.74
2026-08-22,3,VTX-07,Unit I,Spinning,Vortex,4700,4302,91.54
2026-08-22,3,VTX-08,Unit I,Spinning,Vortex,4700,4600,97.88
2026-08-22,3,VTX-09,Unit I,Spinning,Vortex,4700,4685,99.69
2026-08-22,3,VTX-10,Unit I,Spinning,Vortex,4700,4700,100.0
2026-08-22,3,VTX-11,Unit I,Spinning,Vortex,4700,4289,91.26
2026-08-22,3,VTX-12,Unit I,Spinning,Vortex,4700,4605,97.98
2026-08-22,3,AJ-01,Unit I,Spinning,Airjet,3750,3475,92.67
2026-08-22,3,AJ-02,Unit I,Spinning,Airjet,3750,3448,91.97
2026-08-22,3,AJ-03,Unit I,Spinning,Airjet,3750,3750,100.0
2026-08-22,3,AJ-04,Unit I,Spinning,Airjet,3750,3459,92.25
2026-08-22,3,AJ-05,Unit I,Spinning,Airjet,3750,3614,96.39
2026-08-23,1,TOY-01,Unit I,Weaving,Toyota,21700,20783,95.78
2026-08-23,1,TOY-02,Unit I,Weaving,Toyota,21700,15764,72.65
2026-08-23,1,TOY-03,Unit I,Weaving,Toyota,21700,21663,99.83
2026-08-23,1,TOY-04,Unit I,Weaving,Toyota,21700,21222,97.8
2026-08-23,1,TOY-05,Unit I,Weaving,Toyota,21700,18459,85.07
2026-08-23,1,TOY-06,Unit I,Weaving,Toyota,21700,20916,96.39
2026-08-23,1,TOY-07,Unit I,Weaving,Toyota,21700,19776,91.14
2026-08-23,1,TOY-08,Unit I,Weaving,Toyota,21700,18116,83.49
2026-08-23,1,TOY-09,Unit I,Weaving,Toyota,21700,19046,87.77
2026-08-23,1,TOY-10,Unit I,Weaving,Toyota,21700,20228,93.22
2026-08-23,1,TOY-11,Unit I,Weaving,Toyota,21700,21007,96.81
2026-08-23,1,TOY-12,Unit I,Weaving,Toyota,21700,20673,95.27
2026-08-23,1,TOY-13,Unit I,Weaving,Toyota,21700,21442,98.81
2026-08-23,1,TOY-14,Unit I,Weaving,Toyota,21700,18967,87.41
2026-08-23,1,TOY-15,Unit I,Weaving,Toyota,21700,21700,100.0
2026-08-23,1,TSU-01,Unit I,Weaving,Tsudakoma,15000,14643,97.63
2026-08-23,1,TSU-02,Unit I,Weaving,Tsudakoma,15000,15000,100.0
2026-08-23,1,TSU-03,Unit I,Weaving,Tsudakoma,15000,14905,99.37
2026-08-23,1,TSU-04,Unit I,Weaving,Tsudakoma,15000,14241,94.94
2026-08-23,1,TSU-05,Unit I,Weaving,Tsudakoma,15000,13286,88.58
2026-08-23,1,TSU-06,Unit I,Weaving,Tsudakoma,15000,13827,92.18
2026-08-23,1,TSU-07,Unit I,Weaving,Tsudakoma,15000,15000,100.0
2026-08-23,1,TSU-08,Unit I,Weaving,Tsudakoma,15000,15000,100.0
2026-08-23,1,TSU-09,Unit I,Weaving,Tsudakoma,15000,13785,91.9
2026-08-23,1,TSU-10,Unit I,Weaving,Tsudakoma,15000,12136,80.91
2026-08-23,1,SUL-01,Unit I,Weaving,Sulzer,2700,2536,93.94
2026-08-23,1,SUL-02,Unit I,Weaving,Sulzer,2700,2526,93.56
2026-08-23,1,SUL-03,Unit I,Weaving,Sulzer,2700,2531,93.75
2026-08-23,1,SUL-04,Unit I,Weaving,Sulzer,2700,2636,97.64
2026-08-23,1,SUL-05,Unit I,Weaving,Sulzer,2700,2683,99.38
2026-08-23,1,RF-01,Unit I,Spinning,RingFrame,2500,2498,99.95
2026-08-23,1,RF-02,Unit I,Spinning,RingFrame,2500,2430,97.23
2026-08-23,1,RF-03,Unit I,Spinning,RingFrame,2500,2149,86.0
2026-08-23,1,RF-04,Unit I,Spinning,RingFrame,2500,2332,93.29
2026-08-23,1,RF-05,Unit I,Spinning,RingFrame,2500,2500,100.0
2026-08-23,1,RF-06,Unit I,Spinning,RingFrame,2500,2421,96.87
2026-08-23,1,RF-07,Unit I,Spinning,RingFrame,2500,2420,96.84
2026-08-23,1,RF-08,Unit I,Spinning,RingFrame,2500,2419,96.8
2026-08-23,1,RF-09,Unit I,Spinning,RingFrame,2500,2426,97.08
2026-08-23,1,RF-10,Unit I,Spinning,RingFrame,2500,2077,83.08
2026-08-23,1,RF-11,Unit I,Spinning,RingFrame,2500,1920,76.8
2026-08-23,1,RF-12,Unit I,Spinning,RingFrame,2500,2370,94.81
2026-08-23,1,VTX-01,Unit I,Spinning,Vortex,4700,4700,100.0
2026-08-23,1,VTX-02,Unit I,Spinning,Vortex,4700,4476,95.24
2026-08-23,1,VTX-03,Unit I,Spinning,Vortex,4700,4078,86.77
2026-08-23,1,VTX-04,Unit I,Spinning,Vortex,4700,4566,97.15
2026-08-23,1,VTX-05,Unit I,Spinning,Vortex,4700,4276,90.98
2026-08-23,1,VTX-06,Unit I,Spinning,Vortex,4700,3380,71.92
2026-08-23,1,VTX-07,Unit I,Spinning,Vortex,4700,4268,90.83
2026-08-23,1,VTX-08,Unit I,Spinning,Vortex,4700,4592,97.71
2026-08-23,1,VTX-09,Unit I,Spinning,Vortex,4700,4700,100.0
2026-08-23,1,VTX-10,Unit I,Spinning,Vortex,4700,4578,97.41
2026-08-23,1,VTX-11,Unit I,Spinning,Vortex,4700,4613,98.16
2026-08-23,1,VTX-12,Unit I,Spinning,Vortex,4700,4576,97.37
2026-08-23,1,AJ-01,Unit I,Spinning,Airjet,3750,3581,95.51
2026-08-23,1,AJ-02,Unit I,Spinning,Airjet,3750,3693,98.48
2026-08-23,1,AJ-03,Unit I,Spinning,Airjet,3750,3108,82.91
2026-08-23,1,AJ-04,Unit I,Spinning,Airjet,3750,3583,95.56
2026-08-23,1,AJ-05,Unit I,Spinning,Airjet,3750,3366,89.78
2026-08-23,2,TOY-01,Unit I,Weaving,Toyota,21700,21700,100.0
2026-08-23,2,TOY-02,Unit I,Weaving,Toyota,21700,16766,77.26
2026-08-23,2,TOY-03,Unit I,Weaving,Toyota,21700,20648,95.15
2026-08-23,2,TOY-04,Unit I,Weaving,Toyota,21700,18981,87.47
2026-08-23,2,TOY-05,Unit I,Weaving,Toyota,21700,21700,100.0
2026-08-23,2,TOY-06,Unit I,Weaving,Toyota,21700,21295,98.14
2026-08-23,2,TOY-07,Unit I,Weaving,Toyota,21700,21219,97.78
2026-08-23,2,TOY-08,Unit I,Weaving,Toyota,21700,16043,73.93
2026-08-23,2,TOY-09,Unit I,Weaving,Toyota,21700,19775,91.13
2026-08-23,2,TOY-10,Unit I,Weaving,Toyota,21700,20857,96.12
2026-08-23,2,TOY-11,Unit I,Weaving,Toyota,21700,19861,91.53
2026-08-23,2,TOY-12,Unit I,Weaving,Toyota,21700,21086,97.17
2026-08-23,2,TOY-13,Unit I,Weaving,Toyota,21700,18270,84.2
2026-08-23,2,TOY-14,Unit I,Weaving,Toyota,21700,20086,92.56
2026-08-23,2,TOY-15,Unit I,Weaving,Toyota,21700,21700,100.0
2026-08-23,2,TSU-01,Unit I,Weaving,Tsudakoma,15000,14579,97.2
2026-08-23,2,TSU-02,Unit I,Weaving,Tsudakoma,15000,14375,95.83
2026-08-23,2,TSU-03,Unit I,Weaving,Tsudakoma,15000,15000,100.0
2026-08-23,2,TSU-04,Unit I,Weaving,Tsudakoma,15000,12498,83.32
2026-08-23,2,TSU-05,Unit I,Weaving,Tsudakoma,15000,13638,90.92
2026-08-23,2,TSU-06,Unit I,Weaving,Tsudakoma,15000,13949,92.99
2026-08-23,2,TSU-07,Unit I,Weaving,Tsudakoma,15000,14893,99.29
2026-08-23,2,TSU-08,Unit I,Weaving,Tsudakoma,15000,14906,99.38
2026-08-23,2,TSU-09,Unit I,Weaving,Tsudakoma,15000,13600,90.67
2026-08-23,2,TSU-10,Unit I,Weaving,Tsudakoma,15000,14998,99.99
2026-08-23,2,SUL-01,Unit I,Weaving,Sulzer,2700,2510,92.98
2026-08-23,2,SUL-02,Unit I,Weaving,Sulzer,2700,2700,100.0
2026-08-23,2,SUL-03,Unit I,Weaving,Sulzer,2700,2425,89.84
2026-08-23,2,SUL-04,Unit I,Weaving,Sulzer,2700,2548,94.38
2026-08-23,2,SUL-05,Unit I,Weaving,Sulzer,2700,2498,92.55
2026-08-23,2,RF-01,Unit I,Spinning,RingFrame,2500,2500,100.0
2026-08-23,2,RF-02,Unit I,Spinning,RingFrame,2500,2309,92.39
2026-08-23,2,RF-03,Unit I,Spinning,RingFrame,2500,2369,94.79
2026-08-23,2,RF-04,Unit I,Spinning,RingFrame,2500,2438,97.53
2026-08-23,2,RF-05,Unit I,Spinning,RingFrame,2500,2443,97.73
2026-08-23,2,RF-06,Unit I,Spinning,RingFrame,2500,2485,99.43
2026-08-23,2,RF-07,Unit I,Spinning,RingFrame,2500,2401,96.06
2026-08-23,2,RF-08,Unit I,Spinning,RingFrame,2500,2322,92.91
2026-08-23,2,RF-09,Unit I,Spinning,RingFrame,2500,2331,93.25
2026-08-23,2,RF-10,Unit I,Spinning,RingFrame,2500,2378,95.13
2026-08-23,2,RF-11,Unit I,Spinning,RingFrame,2500,1981,79.25
2026-08-23,2,RF-12,Unit I,Spinning,RingFrame,2500,2356,94.26
2026-08-23,2,VTX-01,Unit I,Spinning,Vortex,4700,4469,95.1
2026-08-23,2,VTX-02,Unit I,Spinning,Vortex,4700,4108,87.41
2026-08-23,2,VTX-03,Unit I,Spinning,Vortex,4700,4621,98.34
2026-08-23,2,VTX-04,Unit I,Spinning,Vortex,4700,4507,95.91
2026-08-23,2,VTX-05,Unit I,Spinning,Vortex,4700,4700,100.0
2026-08-23,2,VTX-06,Unit I,Spinning,Vortex,4700,3666,78.0
2026-08-23,2,VTX-07,Unit I,Spinning,Vortex,4700,4056,86.31
2026-08-23,2,VTX-08,Unit I,Spinning,Vortex,4700,4380,93.21
2026-08-23,2,VTX-09,Unit I,Spinning,Vortex,4700,4418,94.0
2026-08-23,2,VTX-10,Unit I,Spinning,Vortex,4700,4639,98.71
2026-08-23,2,VTX-11,Unit I,Spinning,Vortex,4700,3978,84.65
2026-08-23,2,VTX-12,Unit I,Spinning,Vortex,4700,4474,95.21
2026-08-23,2,AJ-01,Unit I,Spinning,Airjet,3750,3658,97.57
2026-08-23,2,AJ-02,Unit I,Spinning,Airjet,3750,3438,91.69
2026-08-23,2,AJ-03,Unit I,Spinning,Airjet,3750,3576,95.37
2026-08-23,2,AJ-04,Unit I,Spinning,Airjet,3750,3444,91.86
2026-08-23,2,AJ-05,Unit I,Spinning,Airjet,3750,3425,91.35
2026-08-23,3,TOY-01,Unit I,Weaving,Toyota,21700,20171,92.96
2026-08-23,3,TOY-02,Unit I,Weaving,Toyota,21700,16154,74.45
2026-08-23,3,TOY-03,Unit I,Weaving,Toyota,21700,21356,98.42
2026-08-23,3,TOY-04,Unit I,Weaving,Toyota,21700,19817,91.33
2026-08-23,3,TOY-05,Unit I,Weaving,Toyota,21700,19635,90.49
2026-08-23,3,TOY-06,Unit I,Weaving,Toyota,21700,21700,100.0
2026-08-23,3,TOY-07,Unit I,Weaving,Toyota,21700,21657,99.8
2026-08-23,3,TOY-08,Unit I,Weaving,Toyota,21700,14906,68.69
2026-08-23,3,TOY-09,Unit I,Weaving,Toyota,21700,19785,91.18
2026-08-23,3,TOY-10,Unit I,Weaving,Toyota,21700,20878,96.21
2026-08-23,3,TOY-11,Unit I,Weaving,Toyota,21700,20966,96.62
2026-08-23,3,TOY-12,Unit I,Weaving,Toyota,21700,18997,87.55
2026-08-23,3,TOY-13,Unit I,Weaving,Toyota,21700,21700,100.0
2026-08-23,3,TOY-14,Unit I,Weaving,Toyota,21700,21510,99.13
2026-08-23,3,TOY-15,Unit I,Weaving,Toyota,21700,21137,97.41
2026-08-23,3,TSU-01,Unit I,Weaving,Tsudakoma,15000,15000,100.0
2026-08-23,3,TSU-02,Unit I,Weaving,Tsudakoma,15000,14589,97.26
2026-08-23,3,TSU-03,Unit I,Weaving,Tsudakoma,15000,14586,97.24
2026-08-23,3,TSU-04,Unit I,Weaving,Tsudakoma,15000,15000,100.0
2026-08-23,3,TSU-05,Unit I,Weaving,Tsudakoma,15000,15000,100.0
2026-08-23,3,TSU-06,Unit I,Weaving,Tsudakoma,15000,13618,90.79
2026-08-23,3,TSU-07,Unit I,Weaving,Tsudakoma,15000,14724,98.17
2026-08-23,3,TSU-08,Unit I,Weaving,Tsudakoma,15000,13751,91.68
2026-08-23,3,TSU-09,Unit I,Weaving,Tsudakoma,15000,14628,97.52
2026-08-23,3,TSU-10,Unit I,Weaving,Tsudakoma,15000,14607,97.38
2026-08-23,3,SUL-01,Unit I,Weaving,Sulzer,2700,2378,88.08
2026-08-23,3,SUL-02,Unit I,Weaving,Sulzer,2700,2548,94.39
2026-08-23,3,SUL-03,Unit I,Weaving,Sulzer,2700,2600,96.33
2026-08-23,3,SUL-04,Unit I,Weaving,Sulzer,2700,2506,92.82
2026-08-23,3,SUL-05,Unit I,Weaving,Sulzer,2700,2607,96.57
2026-08-23,3,RF-01,Unit I,Spinning,RingFrame,2500,2475,99.03
2026-08-23,3,RF-02,Unit I,Spinning,RingFrame,2500,2371,94.85
2026-08-23,3,RF-03,Unit I,Spinning,RingFrame,2500,2403,96.12
2026-08-23,3,RF-04,Unit I,Spinning,RingFrame,2500,2500,100.0
2026-08-23,3,RF-05,Unit I,Spinning,RingFrame,2500,2434,97.37
2026-08-23,3,RF-06,Unit I,Spinning,RingFrame,2500,2400,96.0
2026-08-23,3,RF-07,Unit I,Spinning,RingFrame,2500,2255,90.21
2026-08-23,3,RF-08,Unit I,Spinning,RingFrame,2500,2458,98.36
2026-08-23,3,RF-09,Unit I,Spinning,RingFrame,2500,2416,96.65
2026-08-23,3,RF-10,Unit I,Spinning,RingFrame,2500,2500,100.0
2026-08-23,3,RF-11,Unit I,Spinning,RingFrame,2500,1955,78.23
2026-08-23,3,RF-12,Unit I,Spinning,RingFrame,2500,2147,85.92
2026-08-23,3,VTX-01,Unit I,Spinning,Vortex,4700,4065,86.5
2026-08-23,3,VTX-02,Unit I,Spinning,Vortex,4700,4637,98.68
2026-08-23,3,VTX-03,Unit I,Spinning,Vortex,4700,4331,92.15
2026-08-23,3,VTX-04,Unit I,Spinning,Vortex,4700,4567,97.18
2026-08-23,3,VTX-05,Unit I,Spinning,Vortex,4700,4491,95.57
2026-08-23,3,VTX-06,Unit I,Spinning,Vortex,4700,3626,77.17
2026-08-23,3,VTX-07,Unit I,Spinning,Vortex,4700,4442,94.52
2026-08-23,3,VTX-08,Unit I,Spinning,Vortex,4700,4261,90.67
2026-08-23,3,VTX-09,Unit I,Spinning,Vortex,4700,4461,94.92
2026-08-23,3,VTX-10,Unit I,Spinning,Vortex,4700,4327,92.08
2026-08-23,3,VTX-11,Unit I,Spinning,Vortex,4700,4377,93.14
2026-08-23,3,VTX-12,Unit I,Spinning,Vortex,4700,4388,93.38
2026-08-23,3,AJ-01,Unit I,Spinning,Airjet,3750,3519,93.87
2026-08-23,3,AJ-02,Unit I,Spinning,Airjet,3750,3735,99.61
2026-08-23,3,AJ-03,Unit I,Spinning,Airjet,3750,3538,94.35
2026-08-23,3,AJ-04,Unit I,Spinning,Airjet,3750,3750,100.0
2026-08-23,3,AJ-05,Unit I,Spinning,Airjet,3750,3750,100.0
2026-08-24,1,TOY-01,Unit I,Weaving,Toyota,21700,21542,99.27
2026-08-24,1,TOY-02,Unit I,Weaving,Toyota,21700,17505,80.67
2026-08-24,1,TOY-03,Unit I,Weaving,Toyota,21700,20969,96.63
2026-08-24,1,TOY-04,Unit I,Weaving,Toyota,21700,21553,99.33
2026-08-24,1,TOY-05,Unit I,Weaving,Toyota,21700,20711,95.45
2026-08-24,1,TOY-06,Unit I,Weaving,Toyota,21700,21683,99.92
2026-08-24,1,TOY-07,Unit I,Weaving,Toyota,21700,21281,98.07
2026-08-24,1,TOY-08,Unit I,Weaving,Toyota,21700,16535,76.2
2026-08-24,1,TOY-09,Unit I,Weaving,Toyota,21700,21586,99.48
2026-08-24,1,TOY-10,Unit I,Weaving,Toyota,21700,20714,95.46
2026-08-24,1,TOY-11,Unit I,Weaving,Toyota,21700,20499,94.47
2026-08-24,1,TOY-12,Unit I,Weaving,Toyota,21700,20098,92.62
2026-08-24,1,TOY-13,Unit I,Weaving,Toyota,21700,20795,95.83
2026-08-24,1,TOY-14,Unit I,Weaving,Toyota,21700,21696,99.98
2026-08-24,1,TOY-15,Unit I,Weaving,Toyota,21700,21579,99.44
2026-08-24,1,TSU-01,Unit I,Weaving,Tsudakoma,15000,14515,96.77
2026-08-24,1,TSU-02,Unit I,Weaving,Tsudakoma,15000,14699,98.0
2026-08-24,1,TSU-03,Unit I,Weaving,Tsudakoma,15000,15000,100.0
2026-08-24,1,TSU-04,Unit I,Weaving,Tsudakoma,15000,14137,94.25
2026-08-24,1,TSU-05,Unit I,Weaving,Tsudakoma,15000,13413,89.42
2026-08-24,1,TSU-06,Unit I,Weaving,Tsudakoma,15000,15000,100.0
2026-08-24,1,TSU-07,Unit I,Weaving,Tsudakoma,15000,13852,92.35
2026-08-24,1,TSU-08,Unit I,Weaving,Tsudakoma,15000,13732,91.55
2026-08-24,1,TSU-09,Unit I,Weaving,Tsudakoma,15000,12902,86.02
2026-08-24,1,TSU-10,Unit I,Weaving,Tsudakoma,15000,14678,97.86
2026-08-24,1,SUL-01,Unit I,Weaving,Sulzer,2700,2346,86.89
2026-08-24,1,SUL-02,Unit I,Weaving,Sulzer,2700,2463,91.25
2026-08-24,1,SUL-03,Unit I,Weaving,Sulzer,2700,2644,97.94
2026-08-24,1,SUL-04,Unit I,Weaving,Sulzer,2700,2662,98.61
2026-08-24,1,SUL-05,Unit I,Weaving,Sulzer,2700,2477,91.74
2026-08-24,1,RF-01,Unit I,Spinning,RingFrame,2500,2358,94.33
2026-08-24,1,RF-02,Unit I,Spinning,RingFrame,2500,2265,90.64
2026-08-24,1,RF-03,Unit I,Spinning,RingFrame,2500,2306,92.26
2026-08-24,1,RF-04,Unit I,Spinning,RingFrame,2500,2408,96.33
2026-08-24,1,RF-05,Unit I,Spinning,RingFrame,2500,2312,92.49
2026-08-24,1,RF-06,Unit I,Spinning,RingFrame,2500,2344,93.78
2026-08-24,1,RF-07,Unit I,Spinning,RingFrame,2500,2191,87.68
2026-08-24,1,RF-08,Unit I,Spinning,RingFrame,2500,2500,100.0
2026-08-24,1,RF-09,Unit I,Spinning,RingFrame,2500,2438,97.55
2026-08-24,1,RF-10,Unit I,Spinning,RingFrame,2500,2474,98.96
2026-08-24,1,RF-11,Unit I,Spinning,RingFrame,2500,2111,84.45
2026-08-24,1,RF-12,Unit I,Spinning,RingFrame,2500,2271,90.87
2026-08-24,1,VTX-01,Unit I,Spinning,Vortex,4700,4380,93.21
2026-08-24,1,VTX-02,Unit I,Spinning,Vortex,4700,4019,85.53
2026-08-24,1,VTX-03,Unit I,Spinning,Vortex,4700,4700,100.0
2026-08-24,1,VTX-04,Unit I,Spinning,Vortex,4700,4429,94.25
2026-08-24,1,VTX-05,Unit I,Spinning,Vortex,4700,4700,100.0
2026-08-24,1,VTX-06,Unit I,Spinning,Vortex,4700,3375,71.81
2026-08-24,1,VTX-07,Unit I,Spinning,Vortex,4700,4699,99.98
2026-08-24,1,VTX-08,Unit I,Spinning,Vortex,4700,4700,100.0
2026-08-24,1,VTX-09,Unit I,Spinning,Vortex,4700,4450,94.7
2026-08-24,1,VTX-10,Unit I,Spinning,Vortex,4700,4227,89.95
2026-08-24,1,VTX-11,Unit I,Spinning,Vortex,4700,4432,94.31
2026-08-24,1,VTX-12,Unit I,Spinning,Vortex,4700,3941,83.87
2026-08-24,1,AJ-01,Unit I,Spinning,Airjet,3750,3555,94.81
2026-08-24,1,AJ-02,Unit I,Spinning,Airjet,3750,3716,99.1
2026-08-24,1,AJ-03,Unit I,Spinning,Airjet,3750,3555,94.82
2026-08-24,1,AJ-04,Unit I,Spinning,Airjet,3750,3509,93.58
2026-08-24,1,AJ-05,Unit I,Spinning,Airjet,3750,3661,97.64
2026-08-24,2,TOY-01,Unit I,Weaving,Toyota,21700,21270,98.02
2026-08-24,2,TOY-02,Unit I,Weaving,Toyota,21700,15125,69.7
2026-08-24,2,TOY-03,Unit I,Weaving,Toyota,21700,20711,95.44
2026-08-24,2,TOY-04,Unit I,Weaving,Toyota,21700,21700,100.0
2026-08-24,2,TOY-05,Unit I,Weaving,Toyota,21700,19166,88.32
2026-08-24,2,TOY-06,Unit I,Weaving,Toyota,21700,20522,94.57
2026-08-24,2,TOY-07,Unit I,Weaving,Toyota,21700,21700,100.0
2026-08-24,2,TOY-08,Unit I,Weaving,Toyota,21700,18124,83.52
2026-08-24,2,TOY-09,Unit I,Weaving,Toyota,21700,20057,92.43
2026-08-24,2,TOY-10,Unit I,Weaving,Toyota,21700,20838,96.03
2026-08-24,2,TOY-11,Unit I,Weaving,Toyota,21700,20612,94.99
2026-08-24,2,TOY-12,Unit I,Weaving,Toyota,21700,19803,91.26
2026-08-24,2,TOY-13,Unit I,Weaving,Toyota,21700,20534,94.63
2026-08-24,2,TOY-14,Unit I,Weaving,Toyota,21700,20311,93.6
2026-08-24,2,TOY-15,Unit I,Weaving,Toyota,21700,20737,95.56
2026-08-24,2,TSU-01,Unit I,Weaving,Tsudakoma,15000,13688,91.26
2026-08-24,2,TSU-02,Unit I,Weaving,Tsudakoma,15000,13292,88.62
2026-08-24,2,TSU-03,Unit I,Weaving,Tsudakoma,15000,14219,94.79
2026-08-24,2,TSU-04,Unit I,Weaving,Tsudakoma,15000,15000,100.0
2026-08-24,2,TSU-05,Unit I,Weaving,Tsudakoma,15000,14311,95.41
2026-08-24,2,TSU-06,Unit I,Weaving,Tsudakoma,15000,14001,93.34
2026-08-24,2,TSU-07,Unit I,Weaving,Tsudakoma,15000,14815,98.77
2026-08-24,2,TSU-08,Unit I,Weaving,Tsudakoma,15000,14131,94.21
2026-08-24,2,TSU-09,Unit I,Weaving,Tsudakoma,15000,15000,100.0
2026-08-24,2,TSU-10,Unit I,Weaving,Tsudakoma,15000,14247,94.98
2026-08-24,2,SUL-01,Unit I,Weaving,Sulzer,2700,2659,98.5
2026-08-24,2,SUL-02,Unit I,Weaving,Sulzer,2700,2463,91.23
2026-08-24,2,SUL-03,Unit I,Weaving,Sulzer,2700,2632,97.52
2026-08-24,2,SUL-04,Unit I,Weaving,Sulzer,2700,2602,96.38
2026-08-24,2,SUL-05,Unit I,Weaving,Sulzer,2700,2557,94.72
2026-08-24,2,RF-01,Unit I,Spinning,RingFrame,2500,2312,92.49
2026-08-24,2,RF-02,Unit I,Spinning,RingFrame,2500,2295,91.81
2026-08-24,2,RF-03,Unit I,Spinning,RingFrame,2500,2410,96.41
2026-08-24,2,RF-04,Unit I,Spinning,RingFrame,2500,2453,98.14
2026-08-24,2,RF-05,Unit I,Spinning,RingFrame,2500,2359,94.36
2026-08-24,2,RF-06,Unit I,Spinning,RingFrame,2500,2410,96.44
2026-08-24,2,RF-07,Unit I,Spinning,RingFrame,2500,2370,94.81
2026-08-24,2,RF-08,Unit I,Spinning,RingFrame,2500,2387,95.49
2026-08-24,2,RF-09,Unit I,Spinning,RingFrame,2500,2349,94.0
2026-08-24,2,RF-10,Unit I,Spinning,RingFrame,2500,2377,95.09
2026-08-24,2,RF-11,Unit I,Spinning,RingFrame,2500,2287,91.49
2026-08-24,2,RF-12,Unit I,Spinning,RingFrame,2500,2413,96.56
2026-08-24,2,VTX-01,Unit I,Spinning,Vortex,4700,4616,98.23
2026-08-24,2,VTX-02,Unit I,Spinning,Vortex,4700,4567,97.19
2026-08-24,2,VTX-03,Unit I,Spinning,Vortex,4700,4403,93.69
2026-08-24,2,VTX-04,Unit I,Spinning,Vortex,4700,4700,100.0
2026-08-24,2,VTX-05,Unit I,Spinning,Vortex,4700,4396,93.54
2026-08-24,2,VTX-06,Unit I,Spinning,Vortex,4700,3913,83.28
2026-08-24,2,VTX-07,Unit I,Spinning,Vortex,4700,4386,93.33
2026-08-24,2,VTX-08,Unit I,Spinning,Vortex,4700,4239,90.2
2026-08-24,2,VTX-09,Unit I,Spinning,Vortex,4700,4550,96.83
2026-08-24,2,VTX-10,Unit I,Spinning,Vortex,4700,4205,89.48
2026-08-24,2,VTX-11,Unit I,Spinning,Vortex,4700,4590,97.68
2026-08-24,2,VTX-12,Unit I,Spinning,Vortex,4700,4184,89.03
2026-08-24,2,AJ-01,Unit I,Spinning,Airjet,3750,3502,93.4
2026-08-24,2,AJ-02,Unit I,Spinning,Airjet,3750,3294,87.84
2026-08-24,2,AJ-03,Unit I,Spinning,Airjet,3750,3750,100.0
2026-08-24,2,AJ-04,Unit I,Spinning,Airjet,3750,3252,86.73
2026-08-24,2,AJ-05,Unit I,Spinning,Airjet,3750,3564,95.05
2026-08-24,3,TOY-01,Unit I,Weaving,Toyota,21700,21700,100.0
2026-08-24,3,TOY-02,Unit I,Weaving,Toyota,21700,18050,83.18
2026-08-24,3,TOY-03,Unit I,Weaving,Toyota,21700,21538,99.26
2026-08-24,3,TOY-04,Unit I,Weaving,Toyota,21700,20270,93.41
2026-08-24,3,TOY-05,Unit I,Weaving,Toyota,21700,21700,100.0
2026-08-24,3,TOY-06,Unit I,Weaving,Toyota,21700,21606,99.57
2026-08-24,3,TOY-07,Unit I,Weaving,Toyota,21700,20845,96.06
2026-08-24,3,TOY-08,Unit I,Weaving,Toyota,21700,17187,79.2
2026-08-24,3,TOY-09,Unit I,Weaving,Toyota,21700,20285,93.48
2026-08-24,3,TOY-10,Unit I,Weaving,Toyota,21700,19628,90.45
2026-08-24,3,TOY-11,Unit I,Weaving,Toyota,21700,21700,100.0
2026-08-24,3,TOY-12,Unit I,Weaving,Toyota,21700,21700,100.0
2026-08-24,3,TOY-13,Unit I,Weaving,Toyota,21700,19655,90.58
2026-08-24,3,TOY-14,Unit I,Weaving,Toyota,21700,20448,94.23
2026-08-24,3,TOY-15,Unit I,Weaving,Toyota,21700,20459,94.28
2026-08-24,3,TSU-01,Unit I,Weaving,Tsudakoma,15000,14225,94.84
2026-08-24,3,TSU-02,Unit I,Weaving,Tsudakoma,15000,14298,95.32
2026-08-24,3,TSU-03,Unit I,Weaving,Tsudakoma,15000,14960,99.73
2026-08-24,3,TSU-04,Unit I,Weaving,Tsudakoma,15000,13689,91.26
2026-08-24,3,TSU-05,Unit I,Weaving,Tsudakoma,15000,13615,90.77
2026-08-24,3,TSU-06,Unit I,Weaving,Tsudakoma,15000,15000,100.0
2026-08-24,3,TSU-07,Unit I,Weaving,Tsudakoma,15000,13903,92.69
2026-08-24,3,TSU-08,Unit I,Weaving,Tsudakoma,15000,13302,88.68
2026-08-24,3,TSU-09,Unit I,Weaving,Tsudakoma,15000,13886,92.57
2026-08-24,3,TSU-10,Unit I,Weaving,Tsudakoma,15000,14002,93.35
2026-08-24,3,SUL-01,Unit I,Weaving,Sulzer,2700,2700,100.0
2026-08-24,3,SUL-02,Unit I,Weaving,Sulzer,2700,2689,99.62
2026-08-24,3,SUL-03,Unit I,Weaving,Sulzer,2700,2700,100.0
2026-08-24,3,SUL-04,Unit I,Weaving,Sulzer,2700,2675,99.1
2026-08-24,3,SUL-05,Unit I,Weaving,Sulzer,2700,2692,99.73
2026-08-24,3,RF-01,Unit I,Spinning,RingFrame,2500,2288,91.56
2026-08-24,3,RF-02,Unit I,Spinning,RingFrame,2500,2350,94.01
2026-08-24,3,RF-03,Unit I,Spinning,RingFrame,2500,2251,90.05
2026-08-24,3,RF-04,Unit I,Spinning,RingFrame,2500,2348,93.95
2026-08-24,3,RF-05,Unit I,Spinning,RingFrame,2500,2460,98.42
2026-08-24,3,RF-06,Unit I,Spinning,RingFrame,2500,2391,95.67
2026-08-24,3,RF-07,Unit I,Spinning,RingFrame,2500,2500,100.0
2026-08-24,3,RF-08,Unit I,Spinning,RingFrame,2500,2232,89.29
2026-08-24,3,RF-09,Unit I,Spinning,RingFrame,2500,2437,97.5
2026-08-24,3,RF-10,Unit I,Spinning,RingFrame,2500,2218,88.76
2026-08-24,3,RF-11,Unit I,Spinning,RingFrame,2500,1961,78.47
2026-08-24,3,RF-12,Unit I,Spinning,RingFrame,2500,2467,98.7
2026-08-24,3,VTX-01,Unit I,Spinning,Vortex,4700,4414,93.93
2026-08-24,3,VTX-02,Unit I,Spinning,Vortex,4700,4594,97.76
2026-08-24,3,VTX-03,Unit I,Spinning,Vortex,4700,4239,90.2
2026-08-24,3,VTX-04,Unit I,Spinning,Vortex,4700,4074,86.68
2026-08-24,3,VTX-05,Unit I,Spinning,Vortex,4700,4595,97.79
2026-08-24,3,VTX-06,Unit I,Spinning,Vortex,4700,4075,86.72
2026-08-24,3,VTX-07,Unit I,Spinning,Vortex,4700,4230,90.02
2026-08-24,3,VTX-08,Unit I,Spinning,Vortex,4700,4700,100.0
2026-08-24,3,VTX-09,Unit I,Spinning,Vortex,4700,4475,95.22
2026-08-24,3,VTX-10,Unit I,Spinning,Vortex,4700,4151,88.32
2026-08-24,3,VTX-11,Unit I,Spinning,Vortex,4700,4199,89.34
2026-08-24,3,VTX-12,Unit I,Spinning,Vortex,4700,4468,95.08
2026-08-24,3,AJ-01,Unit I,Spinning,Airjet,3750,3486,92.98
2026-08-24,3,AJ-02,Unit I,Spinning,Airjet,3750,3316,88.44
2026-08-24,3,AJ-03,Unit I,Spinning,Airjet,3750,3244,86.53
2026-08-24,3,AJ-04,Unit I,Spinning,Airjet,3750,3403,90.77
2026-08-24,3,AJ-05,Unit I,Spinning,Airjet,3750,3598,95.97
2026-08-25,1,TOY-01,Unit I,Weaving,Toyota,21700,20608,94.97
2026-08-25,1,TOY-02,Unit I,Weaving,Toyota,21700,16382,75.49
2026-08-25,1,TOY-03,Unit I,Weaving,Toyota,21700,20834,96.01
2026-08-25,1,TOY-04,Unit I,Weaving,Toyota,21700,21700,100.0
2026-08-25,1,TOY-05,Unit I,Weaving,Toyota,21700,21042,96.97
2026-08-25,1,TOY-06,Unit I,Weaving,Toyota,21700,20483,94.39
2026-08-25,1,TOY-07,Unit I,Weaving,Toyota,21700,21621,99.64
2026-08-25,1,TOY-08,Unit I,Weaving,Toyota,21700,15884,73.2
2026-08-25,1,TOY-09,Unit I,Weaving,Toyota,21700,20370,93.88
2026-08-25,1,TOY-10,Unit I,Weaving,Toyota,21700,20396,93.99
2026-08-25,1,TOY-11,Unit I,Weaving,Toyota,21700,19272,88.82
2026-08-25,1,TOY-12,Unit I,Weaving,Toyota,21700,20159,92.9
2026-08-25,1,TOY-13,Unit I,Weaving,Toyota,21700,18363,84.63
2026-08-25,1,TOY-14,Unit I,Weaving,Toyota,21700,21700,100.0
2026-08-25,1,TOY-15,Unit I,Weaving,Toyota,21700,19597,90.31
2026-08-25,1,TSU-01,Unit I,Weaving,Tsudakoma,15000,15000,100.0
2026-08-25,1,TSU-02,Unit I,Weaving,Tsudakoma,15000,14278,95.19
2026-08-25,1,TSU-03,Unit I,Weaving,Tsudakoma,15000,14673,97.82
2026-08-25,1,TSU-04,Unit I,Weaving,Tsudakoma,15000,13883,92.56
2026-08-25,1,TSU-05,Unit I,Weaving,Tsudakoma,15000,14405,96.04
2026-08-25,1,TSU-06,Unit I,Weaving,Tsudakoma,15000,14737,98.25
2026-08-25,1,TSU-07,Unit I,Weaving,Tsudakoma,15000,14748,98.32
2026-08-25,1,TSU-08,Unit I,Weaving,Tsudakoma,15000,14831,98.87
2026-08-25,1,TSU-09,Unit I,Weaving,Tsudakoma,15000,13973,93.16
2026-08-25,1,TSU-10,Unit I,Weaving,Tsudakoma,15000,13889,92.6
2026-08-25,1,SUL-01,Unit I,Weaving,Sulzer,2700,2349,87.03
2026-08-25,1,SUL-02,Unit I,Weaving,Sulzer,2700,2635,97.62
2026-08-25,1,SUL-03,Unit I,Weaving,Sulzer,2700,2700,100.0
2026-08-25,1,SUL-04,Unit I,Weaving,Sulzer,2700,2700,100.0
2026-08-25,1,SUL-05,Unit I,Weaving,Sulzer,2700,2606,96.53
2026-08-25,1,RF-01,Unit I,Spinning,RingFrame,2500,2279,91.17
2026-08-25,1,RF-02,Unit I,Spinning,RingFrame,2500,2162,86.51
2026-08-25,1,RF-03,Unit I,Spinning,RingFrame,2500,2500,100.0
2026-08-25,1,RF-04,Unit I,Spinning,RingFrame,2500,2150,86.02
2026-08-25,1,RF-05,Unit I,Spinning,RingFrame,2500,2332,93.3
2026-08-25,1,RF-06,Unit I,Spinning,RingFrame,2500,2346,93.88
2026-08-25,1,RF-07,Unit I,Spinning,RingFrame,2500,2366,94.65
2026-08-25,1,RF-08,Unit I,Spinning,RingFrame,2500,2379,95.18
2026-08-25,1,RF-09,Unit I,Spinning,RingFrame,2500,2392,95.69
2026-08-25,1,RF-10,Unit I,Spinning,RingFrame,2500,2073,82.92
2026-08-25,1,RF-11,Unit I,Spinning,RingFrame,2500,1951,78.07
2026-08-25,1,RF-12,Unit I,Spinning,RingFrame,2500,2096,83.85
2026-08-25,1,VTX-01,Unit I,Spinning,Vortex,4700,4637,98.66
2026-08-25,1,VTX-02,Unit I,Spinning,Vortex,4700,4334,92.22
2026-08-25,1,VTX-03,Unit I,Spinning,Vortex,4700,3958,84.21
2026-08-25,1,VTX-04,Unit I,Spinning,Vortex,4700,4273,90.93
2026-08-25,1,VTX-05,Unit I,Spinning,Vortex,4700,4331,92.15
2026-08-25,1,VTX-06,Unit I,Spinning,Vortex,4700,3945,83.95
2026-08-25,1,VTX-07,Unit I,Spinning,Vortex,4700,4511,95.98
2026-08-25,1,VTX-08,Unit I,Spinning,Vortex,4700,4545,96.72
2026-08-25,1,VTX-09,Unit I,Spinning,Vortex,4700,4700,100.0
2026-08-25,1,VTX-10,Unit I,Spinning,Vortex,4700,4442,94.52
2026-08-25,1,VTX-11,Unit I,Spinning,Vortex,4700,4642,98.77
2026-08-25,1,VTX-12,Unit I,Spinning,Vortex,4700,4625,98.42
2026-08-25,1,AJ-01,Unit I,Spinning,Airjet,3750,3321,88.57
2026-08-25,1,AJ-02,Unit I,Spinning,Airjet,3750,3750,100.0
2026-08-25,1,AJ-03,Unit I,Spinning,Airjet,3750,3296,87.9
2026-08-25,1,AJ-04,Unit I,Spinning,Airjet,3750,3734,99.59
2026-08-25,1,AJ-05,Unit I,Spinning,Airjet,3750,3278,87.41
2026-08-25,2,TOY-01,Unit I,Weaving,Toyota,21700,21267,98.01
2026-08-25,2,TOY-02,Unit I,Weaving,Toyota,21700,18946,87.31
2026-08-25,2,TOY-03,Unit I,Weaving,Toyota,21700,20383,93.94
2026-08-25,2,TOY-04,Unit I,Weaving,Toyota,21700,20336,93.72
2026-08-25,2,TOY-05,Unit I,Weaving,Toyota,21700,21277,98.05
2026-08-25,2,TOY-06,Unit I,Weaving,Toyota,21700,20257,93.35
2026-08-25,2,TOY-07,Unit I,Weaving,Toyota,21700,21700,100.0
2026-08-25,2,TOY-08,Unit I,Weaving,Toyota,21700,17134,78.96
2026-08-25,2,TOY-09,Unit I,Weaving,Toyota,21700,20267,93.4
2026-08-25,2,TOY-10,Unit I,Weaving,Toyota,21700,20028,92.3
2026-08-25,2,TOY-11,Unit I,Weaving,Toyota,21700,19602,90.34
2026-08-25,2,TOY-12,Unit I,Weaving,Toyota,21700,19933,91.86
2026-08-25,2,TOY-13,Unit I,Weaving,Toyota,21700,20234,93.25
2026-08-25,2,TOY-14,Unit I,Weaving,Toyota,21700,20085,92.56
2026-08-25,2,TOY-15,Unit I,Weaving,Toyota,21700,19900,91.71
2026-08-25,2,TSU-01,Unit I,Weaving,Tsudakoma,15000,15000,100.0
2026-08-25,2,TSU-02,Unit I,Weaving,Tsudakoma,15000,13477,89.85
2026-08-25,2,TSU-03,Unit I,Weaving,Tsudakoma,15000,14359,95.73
2026-08-25,2,TSU-04,Unit I,Weaving,Tsudakoma,15000,14694,97.96
2026-08-25,2,TSU-05,Unit I,Weaving,Tsudakoma,15000,14722,98.15
2026-08-25,2,TSU-06,Unit I,Weaving,Tsudakoma,15000,14206,94.71
2026-08-25,2,TSU-07,Unit I,Weaving,Tsudakoma,15000,14069,93.8
2026-08-25,2,TSU-08,Unit I,Weaving,Tsudakoma,15000,14588,97.26
2026-08-25,2,TSU-09,Unit I,Weaving,Tsudakoma,15000,14449,96.33
2026-08-25,2,TSU-10,Unit I,Weaving,Tsudakoma,15000,14055,93.71
2026-08-25,2,SUL-01,Unit I,Weaving,Sulzer,2700,2354,87.19
2026-08-25,2,SUL-02,Unit I,Weaving,Sulzer,2700,2501,92.66
2026-08-25,2,SUL-03,Unit I,Weaving,Sulzer,2700,2410,89.27
2026-08-25,2,SUL-04,Unit I,Weaving,Sulzer,2700,2474,91.66
2026-08-25,2,SUL-05,Unit I,Weaving,Sulzer,2700,2569,95.17
2026-08-25,2,RF-01,Unit I,Spinning,RingFrame,2500,2419,96.79
2026-08-25,2,RF-02,Unit I,Spinning,RingFrame,2500,2500,100.0
2026-08-25,2,RF-03,Unit I,Spinning,RingFrame,2500,2307,92.31
2026-08-25,2,RF-04,Unit I,Spinning,RingFrame,2500,2471,98.87
2026-08-25,2,RF-05,Unit I,Spinning,RingFrame,2500,2413,96.53
2026-08-25,2,RF-06,Unit I,Spinning,RingFrame,2500,2500,100.0
2026-08-25,2,RF-07,Unit I,Spinning,RingFrame,2500,2447,97.88
2026-08-25,2,RF-08,Unit I,Spinning,RingFrame,2500,2248,89.96
2026-08-25,2,RF-09,Unit I,Spinning,RingFrame,2500,2159,86.38
2026-08-25,2,RF-10,Unit I,Spinning,RingFrame,2500,2413,96.56
2026-08-25,2,RF-11,Unit I,Spinning,RingFrame,2500,1883,75.36
2026-08-25,2,RF-12,Unit I,Spinning,RingFrame,2500,2252,90.1
2026-08-25,2,VTX-01,Unit I,Spinning,Vortex,4700,4167,88.66
2026-08-25,2,VTX-02,Unit I,Spinning,Vortex,4700,4502,95.8
2026-08-25,2,VTX-03,Unit I,Spinning,Vortex,4700,4700,100.0
2026-08-25,2,VTX-04,Unit I,Spinning,Vortex,4700,4368,92.96
2026-08-25,2,VTX-05,Unit I,Spinning,Vortex,4700,4603,97.95
2026-08-25,2,VTX-06,Unit I,Spinning,Vortex,4700,3641,77.49
2026-08-25,2,VTX-07,Unit I,Spinning,Vortex,4700,4161,88.55
2026-08-25,2,VTX-08,Unit I,Spinning,Vortex,4700,4637,98.67
2026-08-25,2,VTX-09,Unit I,Spinning,Vortex,4700,4207,89.53
2026-08-25,2,VTX-10,Unit I,Spinning,Vortex,4700,4470,95.11
2026-08-25,2,VTX-11,Unit I,Spinning,Vortex,4700,4384,93.29
2026-08-25,2,VTX-12,Unit I,Spinning,Vortex,4700,4674,99.47
2026-08-25,2,AJ-01,Unit I,Spinning,Airjet,3750,3364,89.71
2026-08-25,2,AJ-02,Unit I,Spinning,Airjet,3750,3635,96.95
2026-08-25,2,AJ-03,Unit I,Spinning,Airjet,3750,3405,90.8
2026-08-25,2,AJ-04,Unit I,Spinning,Airjet,3750,3466,92.44
2026-08-25,2,AJ-05,Unit I,Spinning,Airjet,3750,2880,76.82
2026-08-25,3,TOY-01,Unit I,Weaving,Toyota,21700,21700,100.0
2026-08-25,3,TOY-02,Unit I,Weaving,Toyota,21700,17523,80.75
2026-08-25,3,TOY-03,Unit I,Weaving,Toyota,21700,19782,91.16
2026-08-25,3,TOY-04,Unit I,Weaving,Toyota,21700,19394,89.38
2026-08-25,3,TOY-05,Unit I,Weaving,Toyota,21700,20077,92.52
2026-08-25,3,TOY-06,Unit I,Weaving,Toyota,21700,21392,98.58
2026-08-25,3,TOY-07,Unit I,Weaving,Toyota,21700,18562,85.54
2026-08-25,3,TOY-08,Unit I,Weaving,Toyota,21700,16772,77.29
2026-08-25,3,TOY-09,Unit I,Weaving,Toyota,21700,21700,100.0
2026-08-25,3,TOY-10,Unit I,Weaving,Toyota,21700,19384,89.33
2026-08-25,3,TOY-11,Unit I,Weaving,Toyota,21700,20702,95.4
2026-08-25,3,TOY-12,Unit I,Weaving,Toyota,21700,21700,100.0
2026-08-25,3,TOY-13,Unit I,Weaving,Toyota,21700,21300,98.16
2026-08-25,3,TOY-14,Unit I,Weaving,Toyota,21700,20751,95.63
2026-08-25,3,TOY-15,Unit I,Weaving,Toyota,21700,21164,97.53
2026-08-25,3,TSU-01,Unit I,Weaving,Tsudakoma,15000,13949,93.0
2026-08-25,3,TSU-02,Unit I,Weaving,Tsudakoma,15000,15000,100.0
2026-08-25,3,TSU-03,Unit I,Weaving,Tsudakoma,15000,13950,93.0
2026-08-25,3,TSU-04,Unit I,Weaving,Tsudakoma,15000,12780,85.2
2026-08-25,3,TSU-05,Unit I,Weaving,Tsudakoma,15000,13956,93.04
2026-08-25,3,TSU-06,Unit I,Weaving,Tsudakoma,15000,13524,90.17
2026-08-25,3,TSU-07,Unit I,Weaving,Tsudakoma,15000,14039,93.59
2026-08-25,3,TSU-08,Unit I,Weaving,Tsudakoma,15000,14055,93.7
2026-08-25,3,TSU-09,Unit I,Weaving,Tsudakoma,15000,15000,100.0
2026-08-25,3,TSU-10,Unit I,Weaving,Tsudakoma,15000,14771,98.48
2026-08-25,3,SUL-01,Unit I,Weaving,Sulzer,2700,2600,96.32
2026-08-25,3,SUL-02,Unit I,Weaving,Sulzer,2700,2564,94.99
2026-08-25,3,SUL-03,Unit I,Weaving,Sulzer,2700,2422,89.71
2026-08-25,3,SUL-04,Unit I,Weaving,Sulzer,2700,2270,84.09
2026-08-25,3,SUL-05,Unit I,Weaving,Sulzer,2700,2580,95.57
2026-08-25,3,RF-01,Unit I,Spinning,RingFrame,2500,2474,98.97
2026-08-25,3,RF-02,Unit I,Spinning,RingFrame,2500,2361,94.46
2026-08-25,3,RF-03,Unit I,Spinning,RingFrame,2500,2308,92.33
2026-08-25,3,RF-04,Unit I,Spinning,RingFrame,2500,2433,97.32
2026-08-25,3,RF-05,Unit I,Spinning,RingFrame,2500,2364,94.58
2026-08-25,3,RF-06,Unit I,Spinning,RingFrame,2500,2500,100.0
2026-08-25,3,RF-07,Unit I,Spinning,RingFrame,2500,2500,100.0
2026-08-25,3,RF-08,Unit I,Spinning,RingFrame,2500,2494,99.8
2026-08-25,3,RF-09,Unit I,Spinning,RingFrame,2500,2469,98.79
2026-08-25,3,RF-10,Unit I,Spinning,RingFrame,2500,2213,88.55
2026-08-25,3,RF-11,Unit I,Spinning,RingFrame,2500,2032,81.31
2026-08-25,3,RF-12,Unit I,Spinning,RingFrame,2500,2422,96.88
2026-08-25,3,VTX-01,Unit I,Spinning,Vortex,4700,4607,98.03
2026-08-25,3,VTX-02,Unit I,Spinning,Vortex,4700,4580,97.46
2026-08-25,3,VTX-03,Unit I,Spinning,Vortex,4700,4571,97.26
2026-08-25,3,VTX-04,Unit I,Spinning,Vortex,4700,4700,100.0
2026-08-25,3,VTX-05,Unit I,Spinning,Vortex,4700,4447,94.62
2026-08-25,3,VTX-06,Unit I,Spinning,Vortex,4700,3886,82.68
2026-08-25,3,VTX-07,Unit I,Spinning,Vortex,4700,4354,92.65
2026-08-25,3,VTX-08,Unit I,Spinning,Vortex,4700,4650,98.95
2026-08-25,3,VTX-09,Unit I,Spinning,Vortex,4700,4685,99.7
2026-08-25,3,VTX-10,Unit I,Spinning,Vortex,4700,4550,96.82
2026-08-25,3,VTX-11,Unit I,Spinning,Vortex,4700,4700,100.0
2026-08-25,3,VTX-12,Unit I,Spinning,Vortex,4700,4257,90.58
2026-08-25,3,AJ-01,Unit I,Spinning,Airjet,3750,3471,92.56
2026-08-25,3,AJ-02,Unit I,Spinning,Airjet,3750,3602,96.06
2026-08-25,3,AJ-03,Unit I,Spinning,Airjet,3750,3727,99.4
2026-08-25,3,AJ-04,Unit I,Spinning,Airjet,3750,3596,95.9
2026-08-25,3,AJ-05,Unit I,Spinning,Airjet,3750,3750,100.0
2026-08-26,1,TOY-01,Unit I,Weaving,Toyota,21700,19897,91.69
2026-08-26,1,TOY-02,Unit I,Weaving,Toyota,21700,15688,72.3
2026-08-26,1,TOY-03,Unit I,Weaving,Toyota,21700,20949,96.54
2026-08-26,1,TOY-04,Unit I,Weaving,Toyota,21700,20531,94.61
2026-08-26,1,TOY-05,Unit I,Weaving,Toyota,21700,21204,97.71
2026-08-26,1,TOY-06,Unit I,Weaving,Toyota,21700,20585,94.86
2026-08-26,1,TOY-07,Unit I,Weaving,Toyota,21700,20246,93.3
2026-08-26,1,TOY-08,Unit I,Weaving,Toyota,21700,16844,77.63
2026-08-26,1,TOY-09,Unit I,Weaving,Toyota,21700,20646,95.14
2026-08-26,1,TOY-10,Unit I,Weaving,Toyota,21700,20284,93.48
2026-08-26,1,TOY-11,Unit I,Weaving,Toyota,21700,20394,93.98
2026-08-26,1,TOY-12,Unit I,Weaving,Toyota,21700,20177,92.98
2026-08-26,1,TOY-13,Unit I,Weaving,Toyota,21700,21544,99.28
2026-08-26,1,TOY-14,Unit I,Weaving,Toyota,21700,20825,95.97
2026-08-26,1,TOY-15,Unit I,Weaving,Toyota,21700,21700,100.0
2026-08-26,1,TSU-01,Unit I,Weaving,Tsudakoma,15000,14370,95.8
2026-08-26,1,TSU-02,Unit I,Weaving,Tsudakoma,15000,13836,92.25
2026-08-26,1,TSU-03,Unit I,Weaving,Tsudakoma,15000,15000,100.0
2026-08-26,1,TSU-04,Unit I,Weaving,Tsudakoma,15000,14560,97.07
2026-08-26,1,TSU-05,Unit I,Weaving,Tsudakoma,15000,14992,99.95
2026-08-26,1,TSU-06,Unit I,Weaving,Tsudakoma,15000,14694,97.96
2026-08-26,1,TSU-07,Unit I,Weaving,Tsudakoma,15000,14717,98.12
2026-08-26,1,TSU-08,Unit I,Weaving,Tsudakoma,15000,14651,97.68
2026-08-26,1,TSU-09,Unit I,Weaving,Tsudakoma,15000,13423,89.49
2026-08-26,1,TSU-10,Unit I,Weaving,Tsudakoma,15000,14525,96.84
2026-08-26,1,SUL-01,Unit I,Weaving,Sulzer,2700,2386,88.38
2026-08-26,1,SUL-02,Unit I,Weaving,Sulzer,2700,2541,94.13
2026-08-26,1,SUL-03,Unit I,Weaving,Sulzer,2700,2467,91.37
2026-08-26,1,SUL-04,Unit I,Weaving,Sulzer,2700,2613,96.79
2026-08-26,1,SUL-05,Unit I,Weaving,Sulzer,2700,2610,96.67
2026-08-26,1,RF-01,Unit I,Spinning,RingFrame,2500,2435,97.41
2026-08-26,1,RF-02,Unit I,Spinning,RingFrame,2500,2410,96.44
2026-08-26,1,RF-03,Unit I,Spinning,RingFrame,2500,2299,91.97
2026-08-26,1,RF-04,Unit I,Spinning,RingFrame,2500,2342,93.69
2026-08-26,1,RF-05,Unit I,Spinning,RingFrame,2500,2490,99.6
2026-08-26,1,RF-06,Unit I,Spinning,RingFrame,2500,2500,100.0
2026-08-26,1,RF-07,Unit I,Spinning,RingFrame,2500,2231,89.27
2026-08-26,1,RF-08,Unit I,Spinning,RingFrame,2500,2183,87.35
2026-08-26,1,RF-09,Unit I,Spinning,RingFrame,2500,2284,91.37
2026-08-26,1,RF-10,Unit I,Spinning,RingFrame,2500,2500,100.0
2026-08-26,1,RF-11,Unit I,Spinning,RingFrame,2500,2101,84.07
2026-08-26,1,RF-12,Unit I,Spinning,RingFrame,2500,2259,90.38
2026-08-26,1,VTX-01,Unit I,Spinning,Vortex,4700,4537,96.54
2026-08-26,1,VTX-02,Unit I,Spinning,Vortex,4700,4700,100.0
2026-08-26,1,VTX-03,Unit I,Spinning,Vortex,4700,4562,97.08
2026-08-26,1,VTX-04,Unit I,Spinning,Vortex,4700,4700,100.0
2026-08-26,1,VTX-05,Unit I,Spinning,Vortex,4700,4699,99.99
2026-08-26,1,VTX-06,Unit I,Spinning,Vortex,4700,3452,73.45
2026-08-26,1,VTX-07,Unit I,Spinning,Vortex,4700,4420,94.05
2026-08-26,1,VTX-08,Unit I,Spinning,Vortex,4700,4473,95.17
2026-08-26,1,VTX-09,Unit I,Spinning,Vortex,4700,4489,95.52
2026-08-26,1,VTX-10,Unit I,Spinning,Vortex,4700,4680,99.58
2026-08-26,1,VTX-11,Unit I,Spinning,Vortex,4700,4561,97.04
2026-08-26,1,VTX-12,Unit I,Spinning,Vortex,4700,3774,80.32
2026-08-26,1,AJ-01,Unit I,Spinning,Airjet,3750,3316,88.44
2026-08-26,1,AJ-02,Unit I,Spinning,Airjet,3750,3152,84.06
2026-08-26,1,AJ-03,Unit I,Spinning,Airjet,3750,3595,95.88
2026-08-26,1,AJ-04,Unit I,Spinning,Airjet,3750,3607,96.2
2026-08-26,1,AJ-05,Unit I,Spinning,Airjet,3750,3615,96.42
2026-08-26,2,TOY-01,Unit I,Weaving,Toyota,21700,19574,90.21
2026-08-26,2,TOY-02,Unit I,Weaving,Toyota,21700,17657,81.37
2026-08-26,2,TOY-03,Unit I,Weaving,Toyota,21700,21392,98.58
2026-08-26,2,TOY-04,Unit I,Weaving,Toyota,21700,19253,88.72
2026-08-26,2,TOY-05,Unit I,Weaving,Toyota,21700,19024,87.67
2026-08-26,2,TOY-06,Unit I,Weaving,Toyota,21700,20614,95.0
2026-08-26,2,TOY-07,Unit I,Weaving,Toyota,21700,21700,100.0
2026-08-26,2,TOY-08,Unit I,Weaving,Toyota,21700,18770,86.5
2026-08-26,2,TOY-09,Unit I,Weaving,Toyota,21700,21226,97.82
2026-08-26,2,TOY-10,Unit I,Weaving,Toyota,21700,19822,91.35
2026-08-26,2,TOY-11,Unit I,Weaving,Toyota,21700,21577,99.43
2026-08-26,2,TOY-12,Unit I,Weaving,Toyota,21700,20124,92.74
2026-08-26,2,TOY-13,Unit I,Weaving,Toyota,21700,19782,91.16
2026-08-26,2,TOY-14,Unit I,Weaving,Toyota,21700,18288,84.28
2026-08-26,2,TOY-15,Unit I,Weaving,Toyota,21700,20726,95.51
2026-08-26,2,TSU-01,Unit I,Weaving,Tsudakoma,15000,13777,91.85
2026-08-26,2,TSU-02,Unit I,Weaving,Tsudakoma,15000,14322,95.48
2026-08-26,2,TSU-03,Unit I,Weaving,Tsudakoma,15000,12525,83.5
2026-08-26,2,TSU-04,Unit I,Weaving,Tsudakoma,15000,14377,95.85
2026-08-26,2,TSU-05,Unit I,Weaving,Tsudakoma,15000,12426,82.84
2026-08-26,2,TSU-06,Unit I,Weaving,Tsudakoma,15000,15000,100.0
2026-08-26,2,TSU-07,Unit I,Weaving,Tsudakoma,15000,14641,97.61
2026-08-26,2,TSU-08,Unit I,Weaving,Tsudakoma,15000,14041,93.61
2026-08-26,2,TSU-09,Unit I,Weaving,Tsudakoma,15000,14672,97.81
2026-08-26,2,TSU-10,Unit I,Weaving,Tsudakoma,15000,13516,90.11
2026-08-26,2,SUL-01,Unit I,Weaving,Sulzer,2700,2574,95.36
2026-08-26,2,SUL-02,Unit I,Weaving,Sulzer,2700,2672,98.97
2026-08-26,2,SUL-03,Unit I,Weaving,Sulzer,2700,2147,79.53
2026-08-26,2,SUL-04,Unit I,Weaving,Sulzer,2700,2504,92.76
2026-08-26,2,SUL-05,Unit I,Weaving,Sulzer,2700,2561,94.89
2026-08-26,2,RF-01,Unit I,Spinning,RingFrame,2500,2350,94.02
2026-08-26,2,RF-02,Unit I,Spinning,RingFrame,2500,2500,100.0
2026-08-26,2,RF-03,Unit I,Spinning,RingFrame,2500,2234,89.38
2026-08-26,2,RF-04,Unit I,Spinning,RingFrame,2500,2297,91.89
2026-08-26,2,RF-05,Unit I,Spinning,RingFrame,2500,2135,85.42
2026-08-26,2,RF-06,Unit I,Spinning,RingFrame,2500,2500,100.0
2026-08-26,2,RF-07,Unit I,Spinning,RingFrame,2500,2344,93.77
2026-08-26,2,RF-08,Unit I,Spinning,RingFrame,2500,2320,92.81
2026-08-26,2,RF-09,Unit I,Spinning,RingFrame,2500,2368,94.74
2026-08-26,2,RF-10,Unit I,Spinning,RingFrame,2500,2454,98.18
2026-08-26,2,RF-11,Unit I,Spinning,RingFrame,2500,1993,79.74
2026-08-26,2,RF-12,Unit I,Spinning,RingFrame,2500,2500,100.0
2026-08-26,2,VTX-01,Unit I,Spinning,Vortex,4700,4571,97.27
2026-08-26,2,VTX-02,Unit I,Spinning,Vortex,4700,4355,92.67
2026-08-26,2,VTX-03,Unit I,Spinning,Vortex,4700,4333,92.19
2026-08-26,2,VTX-04,Unit I,Spinning,Vortex,4700,4372,93.04
2026-08-26,2,VTX-05,Unit I,Spinning,Vortex,4700,4112,87.49
2026-08-26,2,VTX-06,Unit I,Spinning,Vortex,4700,3675,78.2
2026-08-26,2,VTX-07,Unit I,Spinning,Vortex,4700,4649,98.92
2026-08-26,2,VTX-08,Unit I,Spinning,Vortex,4700,4320,91.93
2026-08-26,2,VTX-09,Unit I,Spinning,Vortex,4700,4275,90.96
2026-08-26,2,VTX-10,Unit I,Spinning,Vortex,4700,4700,100.0
2026-08-26,2,VTX-11,Unit I,Spinning,Vortex,4700,4129,87.87
2026-08-26,2,VTX-12,Unit I,Spinning,Vortex,4700,3979,84.66
2026-08-26,2,AJ-01,Unit I,Spinning,Airjet,3750,3346,89.24
2026-08-26,2,AJ-02,Unit I,Spinning,Airjet,3750,3273,87.3
2026-08-26,2,AJ-03,Unit I,Spinning,Airjet,3750,3634,96.93
2026-08-26,2,AJ-04,Unit I,Spinning,Airjet,3750,3494,93.2
2026-08-26,2,AJ-05,Unit I,Spinning,Airjet,3750,3521,93.9
2026-08-26,3,TOY-01,Unit I,Weaving,Toyota,21700,21700,100.0
2026-08-26,3,TOY-02,Unit I,Weaving,Toyota,21700,16175,74.54
2026-08-26,3,TOY-03,Unit I,Weaving,Toyota,21700,21455,98.88
2026-08-26,3,TOY-04,Unit I,Weaving,Toyota,21700,21700,100.0
2026-08-26,3,TOY-05,Unit I,Weaving,Toyota,21700,20120,92.72
2026-08-26,3,TOY-06,Unit I,Weaving,Toyota,21700,21414,98.69
2026-08-26,3,TOY-07,Unit I,Weaving,Toyota,21700,20352,93.79
2026-08-26,3,TOY-08,Unit I,Weaving,Toyota,21700,17928,82.62
2026-08-26,3,TOY-09,Unit I,Weaving,Toyota,21700,18909,87.14
2026-08-26,3,TOY-10,Unit I,Weaving,Toyota,21700,18829,86.77
2026-08-26,3,TOY-11,Unit I,Weaving,Toyota,21700,20190,93.04
2026-08-26,3,TOY-12,Unit I,Weaving,Toyota,21700,19650,90.56
2026-08-26,3,TOY-13,Unit I,Weaving,Toyota,21700,20054,92.42
2026-08-26,3,TOY-14,Unit I,Weaving,Toyota,21700,20376,93.9
2026-08-26,3,TOY-15,Unit I,Weaving,Toyota,21700,21396,98.6
2026-08-26,3,TSU-01,Unit I,Weaving,Tsudakoma,15000,13944,92.96
2026-08-26,3,TSU-02,Unit I,Weaving,Tsudakoma,15000,13632,90.88
2026-08-26,3,TSU-03,Unit I,Weaving,Tsudakoma,15000,13986,93.24
2026-08-26,3,TSU-04,Unit I,Weaving,Tsudakoma,15000,13673,91.15
2026-08-26,3,TSU-05,Unit I,Weaving,Tsudakoma,15000,13549,90.33
2026-08-26,3,TSU-06,Unit I,Weaving,Tsudakoma,15000,13040,86.93
2026-08-26,3,TSU-07,Unit I,Weaving,Tsudakoma,15000,14302,95.35
2026-08-26,3,TSU-08,Unit I,Weaving,Tsudakoma,15000,13823,92.16
2026-08-26,3,TSU-09,Unit I,Weaving,Tsudakoma,15000,14974,99.83
2026-08-26,3,TSU-10,Unit I,Weaving,Tsudakoma,15000,13164,87.76
2026-08-26,3,SUL-01,Unit I,Weaving,Sulzer,2700,2491,92.29
2026-08-26,3,SUL-02,Unit I,Weaving,Sulzer,2700,2700,100.0
2026-08-26,3,SUL-03,Unit I,Weaving,Sulzer,2700,2438,90.3
2026-08-26,3,SUL-04,Unit I,Weaving,Sulzer,2700,2533,93.82
2026-08-26,3,SUL-05,Unit I,Weaving,Sulzer,2700,2400,88.92
2026-08-26,3,RF-01,Unit I,Spinning,RingFrame,2500,2206,88.26
2026-08-26,3,RF-02,Unit I,Spinning,RingFrame,2500,2500,100.0
2026-08-26,3,RF-03,Unit I,Spinning,RingFrame,2500,2396,95.86
2026-08-26,3,RF-04,Unit I,Spinning,RingFrame,2500,2391,95.67
2026-08-26,3,RF-05,Unit I,Spinning,RingFrame,2500,2162,86.52
2026-08-26,3,RF-06,Unit I,Spinning,RingFrame,2500,2419,96.79
2026-08-26,3,RF-07,Unit I,Spinning,RingFrame,2500,2500,100.0
2026-08-26,3,RF-08,Unit I,Spinning,RingFrame,2500,2500,100.0
2026-08-26,3,RF-09,Unit I,Spinning,RingFrame,2500,2458,98.34
2026-08-26,3,RF-10,Unit I,Spinning,RingFrame,2500,2233,89.35
2026-08-26,3,RF-11,Unit I,Spinning,RingFrame,2500,1989,79.57
2026-08-26,3,RF-12,Unit I,Spinning,RingFrame,2500,2458,98.34
2026-08-26,3,VTX-01,Unit I,Spinning,Vortex,4700,4043,86.03
2026-08-26,3,VTX-02,Unit I,Spinning,Vortex,4700,4201,89.39
2026-08-26,3,VTX-03,Unit I,Spinning,Vortex,4700,4673,99.44
2026-08-26,3,VTX-04,Unit I,Spinning,Vortex,4700,4670,99.38
2026-08-26,3,VTX-05,Unit I,Spinning,Vortex,4700,4101,87.26
2026-08-26,3,VTX-06,Unit I,Spinning,Vortex,4700,3852,81.98
2026-08-26,3,VTX-07,Unit I,Spinning,Vortex,4700,4487,95.48
2026-08-26,3,VTX-08,Unit I,Spinning,Vortex,4700,4648,98.91
2026-08-26,3,VTX-09,Unit I,Spinning,Vortex,4700,4315,91.83
2026-08-26,3,VTX-10,Unit I,Spinning,Vortex,4700,4616,98.23
2026-08-26,3,VTX-11,Unit I,Spinning,Vortex,4700,4663,99.22
2026-08-26,3,VTX-12,Unit I,Spinning,Vortex,4700,4382,93.24
2026-08-26,3,AJ-01,Unit I,Spinning,Airjet,3750,3565,95.09
2026-08-26,3,AJ-02,Unit I,Spinning,Airjet,3750,3440,91.76
2026-08-26,3,AJ-03,Unit I,Spinning,Airjet,3750,3750,100.0
2026-08-26,3,AJ-04,Unit I,Spinning,Airjet,3750,3539,94.4
2026-08-26,3,AJ-05,Unit I,Spinning,Airjet,3750,3389,90.39
2026-08-27,1,TOY-01,Unit I,Weaving,Toyota,21700,19838,91.42
2026-08-27,1,TOY-02,Unit I,Weaving,Toyota,21700,17063,78.63
2026-08-27,1,TOY-03,Unit I,Weaving,Toyota,21700,21432,98.77
2026-08-27,1,TOY-04,Unit I,Weaving,Toyota,21700,19165,88.32
2026-08-27,1,TOY-05,Unit I,Weaving,Toyota,21700,21700,100.0
2026-08-27,1,TOY-06,Unit I,Weaving,Toyota,21700,20949,96.54
2026-08-27,1,TOY-07,Unit I,Weaving,Toyota,21700,21121,97.33
2026-08-27,1,TOY-08,Unit I,Weaving,Toyota,21700,16820,77.51
2026-08-27,1,TOY-09,Unit I,Weaving,Toyota,21700,20635,95.1
2026-08-27,1,TOY-10,Unit I,Weaving,Toyota,21700,20454,94.26
2026-08-27,1,TOY-11,Unit I,Weaving,Toyota,21700,21700,100.0
2026-08-27,1,TOY-12,Unit I,Weaving,Toyota,21700,20606,94.96
2026-08-27,1,TOY-13,Unit I,Weaving,Toyota,21700,21447,98.84
2026-08-27,1,TOY-14,Unit I,Weaving,Toyota,21700,20144,92.83
2026-08-27,1,TOY-15,Unit I,Weaving,Toyota,21700,20827,95.98
2026-08-27,1,TSU-01,Unit I,Weaving,Tsudakoma,15000,13647,90.98
2026-08-27,1,TSU-02,Unit I,Weaving,Tsudakoma,15000,15000,100.0
2026-08-27,1,TSU-03,Unit I,Weaving,Tsudakoma,15000,13624,90.83
2026-08-27,1,TSU-04,Unit I,Weaving,Tsudakoma,15000,14006,93.38
2026-08-27,1,TSU-05,Unit I,Weaving,Tsudakoma,15000,14013,93.43
2026-08-27,1,TSU-06,Unit I,Weaving,Tsudakoma,15000,13984,93.23
2026-08-27,1,TSU-07,Unit I,Weaving,Tsudakoma,15000,14791,98.61
2026-08-27,1,TSU-08,Unit I,Weaving,Tsudakoma,15000,14012,93.42
2026-08-27,1,TSU-09,Unit I,Weaving,Tsudakoma,15000,15000,100.0
2026-08-27,1,TSU-10,Unit I,Weaving,Tsudakoma,15000,13636,90.91
2026-08-27,1,SUL-01,Unit I,Weaving,Sulzer,2700,2587,95.85
2026-08-27,1,SUL-02,Unit I,Weaving,Sulzer,2700,2460,91.12
2026-08-27,1,SUL-03,Unit I,Weaving,Sulzer,2700,2621,97.1
2026-08-27,1,SUL-04,Unit I,Weaving,Sulzer,2700,2562,94.92
2026-08-27,1,SUL-05,Unit I,Weaving,Sulzer,2700,2544,94.22
2026-08-27,1,RF-01,Unit I,Spinning,RingFrame,2500,2500,100.0
2026-08-27,1,RF-02,Unit I,Spinning,RingFrame,2500,2293,91.73
2026-08-27,1,RF-03,Unit I,Spinning,RingFrame,2500,2448,97.93
2026-08-27,1,RF-04,Unit I,Spinning,RingFrame,2500,2278,91.16
2026-08-27,1,RF-05,Unit I,Spinning,RingFrame,2500,2389,95.56
2026-08-27,1,RF-06,Unit I,Spinning,RingFrame,2500,2225,89.02
2026-08-27,1,RF-07,Unit I,Spinning,RingFrame,2500,2292,91.69
2026-08-27,1,RF-08,Unit I,Spinning,RingFrame,2500,2364,94.59
2026-08-27,1,RF-09,Unit I,Spinning,RingFrame,2500,2500,100.0
2026-08-27,1,RF-10,Unit I,Spinning,RingFrame,2500,2387,95.5
2026-08-27,1,RF-11,Unit I,Spinning,RingFrame,2500,2156,86.27
2026-08-27,1,RF-12,Unit I,Spinning,RingFrame,2500,2402,96.1
2026-08-27,1,VTX-01,Unit I,Spinning,Vortex,4700,4374,93.06
2026-08-27,1,VTX-02,Unit I,Spinning,Vortex,4700,4700,100.0
2026-08-27,1,VTX-03,Unit I,Spinning,Vortex,4700,4567,97.19
2026-08-27,1,VTX-04,Unit I,Spinning,Vortex,4700,4313,91.79
2026-08-27,1,VTX-05,Unit I,Spinning,Vortex,4700,4575,97.35
2026-08-27,1,VTX-06,Unit I,Spinning,Vortex,4700,3597,76.54
2026-08-27,1,VTX-07,Unit I,Spinning,Vortex,4700,3997,85.05
2026-08-27,1,VTX-08,Unit I,Spinning,Vortex,4700,4684,99.68
2026-08-27,1,VTX-09,Unit I,Spinning,Vortex,4700,4700,100.0
2026-08-27,1,VTX-10,Unit I,Spinning,Vortex,4700,4700,100.0
2026-08-27,1,VTX-11,Unit I,Spinning,Vortex,4700,4564,97.11
2026-08-27,1,VTX-12,Unit I,Spinning,Vortex,4700,4406,93.76
2026-08-27,1,AJ-01,Unit I,Spinning,Airjet,3750,3719,99.17
2026-08-27,1,AJ-02,Unit I,Spinning,Airjet,3750,3721,99.25
2026-08-27,1,AJ-03,Unit I,Spinning,Airjet,3750,3750,100.0
2026-08-27,1,AJ-04,Unit I,Spinning,Airjet,3750,3554,94.78
2026-08-27,1,AJ-05,Unit I,Spinning,Airjet,3750,3531,94.17
2026-08-27,2,TOY-01,Unit I,Weaving,Toyota,21700,19838,91.42
2026-08-27,2,TOY-02,Unit I,Weaving,Toyota,21700,17509,80.69
2026-08-27,2,TOY-03,Unit I,Weaving,Toyota,21700,18935,87.26
2026-08-27,2,TOY-04,Unit I,Weaving,Toyota,21700,21457,98.88
2026-08-27,2,TOY-05,Unit I,Weaving,Toyota,21700,21252,97.94
2026-08-27,2,TOY-06,Unit I,Weaving,Toyota,21700,21249,97.93
2026-08-27,2,TOY-07,Unit I,Weaving,Toyota,21700,20764,95.69
2026-08-27,2,TOY-08,Unit I,Weaving,Toyota,21700,18589,85.66
2026-08-27,2,TOY-09,Unit I,Weaving,Toyota,21700,21561,99.36
2026-08-27,2,TOY-10,Unit I,Weaving,Toyota,21700,19956,91.96
2026-08-27,2,TOY-11,Unit I,Weaving,Toyota,21700,19975,92.05
2026-08-27,2,TOY-12,Unit I,Weaving,Toyota,21700,19660,90.6
2026-08-27,2,TOY-13,Unit I,Weaving,Toyota,21700,21213,97.76
2026-08-27,2,TOY-14,Unit I,Weaving,Toyota,21700,19529,90.0
2026-08-27,2,TOY-15,Unit I,Weaving,Toyota,21700,21700,100.0
2026-08-27,2,TSU-01,Unit I,Weaving,Tsudakoma,15000,15000,100.0
2026-08-27,2,TSU-02,Unit I,Weaving,Tsudakoma,15000,13590,90.6
2026-08-27,2,TSU-03,Unit I,Weaving,Tsudakoma,15000,14110,94.07
2026-08-27,2,TSU-04,Unit I,Weaving,Tsudakoma,15000,14262,95.08
2026-08-27,2,TSU-05,Unit I,Weaving,Tsudakoma,15000,14912,99.42
2026-08-27,2,TSU-06,Unit I,Weaving,Tsudakoma,15000,15000,100.0
2026-08-27,2,TSU-07,Unit I,Weaving,Tsudakoma,15000,12985,86.57
2026-08-27,2,TSU-08,Unit I,Weaving,Tsudakoma,15000,14011,93.41
2026-08-27,2,TSU-09,Unit I,Weaving,Tsudakoma,15000,14050,93.67
2026-08-27,2,TSU-10,Unit I,Weaving,Tsudakoma,15000,13199,88.0
2026-08-27,2,SUL-01,Unit I,Weaving,Sulzer,2700,2499,92.57
2026-08-27,2,SUL-02,Unit I,Weaving,Sulzer,2700,2622,97.14
2026-08-27,2,SUL-03,Unit I,Weaving,Sulzer,2700,2527,93.61
2026-08-27,2,SUL-04,Unit I,Weaving,Sulzer,2700,2356,87.28
2026-08-27,2,SUL-05,Unit I,Weaving,Sulzer,2700,2700,100.0
2026-08-27,2,RF-01,Unit I,Spinning,RingFrame,2500,2408,96.33
2026-08-27,2,RF-02,Unit I,Spinning,RingFrame,2500,2388,95.56
2026-08-27,2,RF-03,Unit I,Spinning,RingFrame,2500,2237,89.51
2026-08-27,2,RF-04,Unit I,Spinning,RingFrame,2500,2407,96.3
2026-08-27,2,RF-05,Unit I,Spinning,RingFrame,2500,2354,94.18
2026-08-27,2,RF-06,Unit I,Spinning,RingFrame,2500,2138,85.56
2026-08-27,2,RF-07,Unit I,Spinning,RingFrame,2500,2241,89.65
2026-08-27,2,RF-08,Unit I,Spinning,RingFrame,2500,2474,98.97
2026-08-27,2,RF-09,Unit I,Spinning,RingFrame,2500,2500,100.0
2026-08-27,2,RF-10,Unit I,Spinning,RingFrame,2500,2420,96.84
2026-08-27,2,RF-11,Unit I,Spinning,RingFrame,2500,2087,83.52
2026-08-27,2,RF-12,Unit I,Spinning,RingFrame,2500,2355,94.22
2026-08-27,2,VTX-01,Unit I,Spinning,Vortex,4700,4444,94.57
2026-08-27,2,VTX-02,Unit I,Spinning,Vortex,4700,4700,100.0
2026-08-27,2,VTX-03,Unit I,Spinning,Vortex,4700,4700,100.0
2026-08-27,2,VTX-04,Unit I,Spinning,Vortex,4700,4700,100.0
2026-08-27,2,VTX-05,Unit I,Spinning,Vortex,4700,4214,89.67
2026-08-27,2,VTX-06,Unit I,Spinning,Vortex,4700,3650,77.67
2026-08-27,2,VTX-07,Unit I,Spinning,Vortex,4700,4530,96.39
2026-08-27,2,VTX-08,Unit I,Spinning,Vortex,4700,4403,93.7
2026-08-27,2,VTX-09,Unit I,Spinning,Vortex,4700,4556,96.94
2026-08-27,2,VTX-10,Unit I,Spinning,Vortex,4700,4657,99.1
2026-08-27,2,VTX-11,Unit I,Spinning,Vortex,4700,4700,100.0
2026-08-27,2,VTX-12,Unit I,Spinning,Vortex,4700,4700,100.0
2026-08-27,2,AJ-01,Unit I,Spinning,Airjet,3750,3500,93.35
2026-08-27,2,AJ-02,Unit I,Spinning,Airjet,3750,3306,88.18
2026-08-27,2,AJ-03,Unit I,Spinning,Airjet,3750,3629,96.79
2026-08-27,2,AJ-04,Unit I,Spinning,Airjet,3750,3750,100.0
2026-08-27,2,AJ-05,Unit I,Spinning,Airjet,3750,3473,92.62
2026-08-27,3,TOY-01,Unit I,Weaving,Toyota,21700,21360,98.43
2026-08-27,3,TOY-02,Unit I,Weaving,Toyota,21700,17680,81.48
2026-08-27,3,TOY-03,Unit I,Weaving,Toyota,21700,20822,95.96
2026-08-27,3,TOY-04,Unit I,Weaving,Toyota,21700,20622,95.03
2026-08-27,3,TOY-05,Unit I,Weaving,Toyota,21700,19613,90.38
2026-08-27,3,TOY-06,Unit I,Weaving,Toyota,21700,18139,83.59
2026-08-27,3,TOY-07,Unit I,Weaving,Toyota,21700,19408,89.44
2026-08-27,3,TOY-08,Unit I,Weaving,Toyota,21700,16502,76.05
2026-08-27,3,TOY-09,Unit I,Weaving,Toyota,21700,21700,100.0
2026-08-27,3,TOY-10,Unit I,Weaving,Toyota,21700,20503,94.48
2026-08-27,3,TOY-11,Unit I,Weaving,Toyota,21700,20051,92.4
2026-08-27,3,TOY-12,Unit I,Weaving,Toyota,21700,19648,90.55
2026-08-27,3,TOY-13,Unit I,Weaving,Toyota,21700,21327,98.28
2026-08-27,3,TOY-14,Unit I,Weaving,Toyota,21700,21700,100.0
2026-08-27,3,TOY-15,Unit I,Weaving,Toyota,21700,21700,100.0
2026-08-27,3,TSU-01,Unit I,Weaving,Tsudakoma,15000,14704,98.03
2026-08-27,3,TSU-02,Unit I,Weaving,Tsudakoma,15000,13143,87.62
2026-08-27,3,TSU-03,Unit I,Weaving,Tsudakoma,15000,13986,93.24
2026-08-27,3,TSU-04,Unit I,Weaving,Tsudakoma,15000,15000,100.0
2026-08-27,3,TSU-05,Unit I,Weaving,Tsudakoma,15000,15000,100.0
2026-08-27,3,TSU-06,Unit I,Weaving,Tsudakoma,15000,13096,87.31
2026-08-27,3,TSU-07,Unit I,Weaving,Tsudakoma,15000,14208,94.72
2026-08-27,3,TSU-08,Unit I,Weaving,Tsudakoma,15000,14522,96.82
2026-08-27,3,TSU-09,Unit I,Weaving,Tsudakoma,15000,13678,91.19
2026-08-27,3,TSU-10,Unit I,Weaving,Tsudakoma,15000,12518,83.45
2026-08-27,3,SUL-01,Unit I,Weaving,Sulzer,2700,2578,95.49
2026-08-27,3,SUL-02,Unit I,Weaving,Sulzer,2700,2458,91.06
2026-08-27,3,SUL-03,Unit I,Weaving,Sulzer,2700,2459,91.08
2026-08-27,3,SUL-04,Unit I,Weaving,Sulzer,2700,2517,93.23
2026-08-27,3,SUL-05,Unit I,Weaving,Sulzer,2700,2546,94.33
2026-08-27,3,RF-01,Unit I,Spinning,RingFrame,2500,2373,94.95
2026-08-27,3,RF-02,Unit I,Spinning,RingFrame,2500,2264,90.58
2026-08-27,3,RF-03,Unit I,Spinning,RingFrame,2500,2347,93.9
2026-08-27,3,RF-04,Unit I,Spinning,RingFrame,2500,2155,86.21
2026-08-27,3,RF-05,Unit I,Spinning,RingFrame,2500,2413,96.56
2026-08-27,3,RF-06,Unit I,Spinning,RingFrame,2500,2017,80.72
2026-08-27,3,RF-07,Unit I,Spinning,RingFrame,2500,2338,93.55
2026-08-27,3,RF-08,Unit I,Spinning,RingFrame,2500,2489,99.6
2026-08-27,3,RF-09,Unit I,Spinning,RingFrame,2500,2242,89.7
2026-08-27,3,RF-10,Unit I,Spinning,RingFrame,2500,2464,98.58
2026-08-27,3,RF-11,Unit I,Spinning,RingFrame,2500,2094,83.78
2026-08-27,3,RF-12,Unit I,Spinning,RingFrame,2500,1961,78.46
2026-08-27,3,VTX-01,Unit I,Spinning,Vortex,4700,4429,94.24
2026-08-27,3,VTX-02,Unit I,Spinning,Vortex,4700,3789,80.62
2026-08-27,3,VTX-03,Unit I,Spinning,Vortex,4700,4437,94.41
2026-08-27,3,VTX-04,Unit I,Spinning,Vortex,4700,4463,94.96
2026-08-27,3,VTX-05,Unit I,Spinning,Vortex,4700,3881,82.59
2026-08-27,3,VTX-06,Unit I,Spinning,Vortex,4700,4118,87.62
2026-08-27,3,VTX-07,Unit I,Spinning,Vortex,4700,4532,96.43
2026-08-27,3,VTX-08,Unit I,Spinning,Vortex,4700,4265,90.75
2026-08-27,3,VTX-09,Unit I,Spinning,Vortex,4700,4700,100.0
2026-08-27,3,VTX-10,Unit I,Spinning,Vortex,4700,4043,86.02
2026-08-27,3,VTX-11,Unit I,Spinning,Vortex,4700,4176,88.85
2026-08-27,3,VTX-12,Unit I,Spinning,Vortex,4700,3924,83.5
2026-08-27,3,AJ-01,Unit I,Spinning,Airjet,3750,3750,100.0
2026-08-27,3,AJ-02,Unit I,Spinning,Airjet,3750,3624,96.66
2026-08-27,3,AJ-03,Unit I,Spinning,Airjet,3750,3686,98.3
2026-08-27,3,AJ-04,Unit I,Spinning,Airjet,3750,3618,96.51
2026-08-27,3,AJ-05,Unit I,Spinning,Airjet,3750,3670,97.87
2026-08-28,1,TOY-01,Unit I,Weaving,Toyota,21700,20699,95.39
2026-08-28,1,TOY-02,Unit I,Weaving,Toyota,21700,17219,79.35
2026-08-28,1,TOY-03,Unit I,Weaving,Toyota,21700,20731,95.54
2026-08-28,1,TOY-04,Unit I,Weaving,Toyota,21700,19954,91.96
2026-08-28,1,TOY-05,Unit I,Weaving,Toyota,21700,20564,94.77
2026-08-28,1,TOY-06,Unit I,Weaving,Toyota,21700,20911,96.37
2026-08-28,1,TOY-07,Unit I,Weaving,Toyota,21700,20734,95.55
2026-08-28,1,TOY-08,Unit I,Weaving,Toyota,21700,15322,70.61
2026-08-28,1,TOY-09,Unit I,Weaving,Toyota,21700,19155,88.28
2026-08-28,1,TOY-10,Unit I,Weaving,Toyota,21700,21700,100.0
2026-08-28,1,TOY-11,Unit I,Weaving,Toyota,21700,20281,93.47
2026-08-28,1,TOY-12,Unit I,Weaving,Toyota,21700,21249,97.92
2026-08-28,1,TOY-13,Unit I,Weaving,Toyota,21700,19430,89.54
2026-08-28,1,TOY-14,Unit I,Weaving,Toyota,21700,19016,87.63
2026-08-28,1,TOY-15,Unit I,Weaving,Toyota,21700,19699,90.78
2026-08-28,1,TSU-01,Unit I,Weaving,Tsudakoma,15000,14083,93.89
2026-08-28,1,TSU-02,Unit I,Weaving,Tsudakoma,15000,13751,91.67
2026-08-28,1,TSU-03,Unit I,Weaving,Tsudakoma,15000,15000,100.0
2026-08-28,1,TSU-04,Unit I,Weaving,Tsudakoma,15000,14384,95.9
2026-08-28,1,TSU-05,Unit I,Weaving,Tsudakoma,15000,15000,100.0
2026-08-28,1,TSU-06,Unit I,Weaving,Tsudakoma,15000,14553,97.02
2026-08-28,1,TSU-07,Unit I,Weaving,Tsudakoma,15000,12440,82.94
2026-08-28,1,TSU-08,Unit I,Weaving,Tsudakoma,15000,15000,100.0
2026-08-28,1,TSU-09,Unit I,Weaving,Tsudakoma,15000,13117,87.45
2026-08-28,1,TSU-10,Unit I,Weaving,Tsudakoma,15000,14422,96.15
2026-08-28,1,SUL-01,Unit I,Weaving,Sulzer,2700,2460,91.13
2026-08-28,1,SUL-02,Unit I,Weaving,Sulzer,2700,2700,100.0
2026-08-28,1,SUL-03,Unit I,Weaving,Sulzer,2700,2700,100.0
2026-08-28,1,SUL-04,Unit I,Weaving,Sulzer,2700,2464,91.29
2026-08-28,1,SUL-05,Unit I,Weaving,Sulzer,2700,2547,94.36
2026-08-28,1,RF-01,Unit I,Spinning,RingFrame,2500,2405,96.22
2026-08-28,1,RF-02,Unit I,Spinning,RingFrame,2500,2482,99.32
2026-08-28,1,RF-03,Unit I,Spinning,RingFrame,2500,2378,95.15
2026-08-28,1,RF-04,Unit I,Spinning,RingFrame,2500,2246,89.88
2026-08-28,1,RF-05,Unit I,Spinning,RingFrame,2500,2285,91.41
2026-08-28,1,RF-06,Unit I,Spinning,RingFrame,2500,2374,94.98
2026-08-28,1,RF-07,Unit I,Spinning,RingFrame,2500,2500,100.0
2026-08-28,1,RF-08,Unit I,Spinning,RingFrame,2500,2428,97.14
2026-08-28,1,RF-09,Unit I,Spinning,RingFrame,2500,2278,91.13
2026-08-28,1,RF-10,Unit I,Spinning,RingFrame,2500,2456,98.24
2026-08-28,1,RF-11,Unit I,Spinning,RingFrame,2500,1901,76.07
2026-08-28,1,RF-12,Unit I,Spinning,RingFrame,2500,2486,99.45
2026-08-28,1,VTX-01,Unit I,Spinning,Vortex,4700,4700,100.0
2026-08-28,1,VTX-02,Unit I,Spinning,Vortex,4700,4380,93.21
2026-08-28,1,VTX-03,Unit I,Spinning,Vortex,4700,4653,99.01
2026-08-28,1,VTX-04,Unit I,Spinning,Vortex,4700,4289,91.27
2026-08-28,1,VTX-05,Unit I,Spinning,Vortex,4700,4438,94.44
2026-08-28,1,VTX-06,Unit I,Spinning,Vortex,4700,3672,78.15
2026-08-28,1,VTX-07,Unit I,Spinning,Vortex,4700,4419,94.03
2026-08-28,1,VTX-08,Unit I,Spinning,Vortex,4700,4700,100.0
2026-08-28,1,VTX-09,Unit I,Spinning,Vortex,4700,4392,93.47
2026-08-28,1,VTX-10,Unit I,Spinning,Vortex,4700,4602,97.93
2026-08-28,1,VTX-11,Unit I,Spinning,Vortex,4700,4011,85.35
2026-08-28,1,VTX-12,Unit I,Spinning,Vortex,4700,4566,97.16
2026-08-28,1,AJ-01,Unit I,Spinning,Airjet,3750,3750,100.0
2026-08-28,1,AJ-02,Unit I,Spinning,Airjet,3750,3463,92.36
2026-08-28,1,AJ-03,Unit I,Spinning,Airjet,3750,3091,82.45
2026-08-28,1,AJ-04,Unit I,Spinning,Airjet,3750,3555,94.81
2026-08-28,1,AJ-05,Unit I,Spinning,Airjet,3750,3565,95.09
2026-08-28,2,TOY-01,Unit I,Weaving,Toyota,21700,21400,98.62
2026-08-28,2,TOY-02,Unit I,Weaving,Toyota,21700,19107,88.05
2026-08-28,2,TOY-03,Unit I,Weaving,Toyota,21700,20202,93.1
2026-08-28,2,TOY-04,Unit I,Weaving,Toyota,21700,19685,90.72
2026-08-28,2,TOY-05,Unit I,Weaving,Toyota,21700,19348,89.17
2026-08-28,2,TOY-06,Unit I,Weaving,Toyota,21700,20829,95.99
2026-08-28,2,TOY-07,Unit I,Weaving,Toyota,21700,21135,97.4
2026-08-28,2,TOY-08,Unit I,Weaving,Toyota,21700,16333,75.27
2026-08-28,2,TOY-09,Unit I,Weaving,Toyota,21700,21459,98.89
2026-08-28,2,TOY-10,Unit I,Weaving,Toyota,21700,21119,97.33
2026-08-28,2,TOY-11,Unit I,Weaving,Toyota,21700,20661,95.22
2026-08-28,2,TOY-12,Unit I,Weaving,Toyota,21700,19635,90.49
2026-08-28,2,TOY-13,Unit I,Weaving,Toyota,21700,20092,92.59
2026-08-28,2,TOY-14,Unit I,Weaving,Toyota,21700,17978,82.85
2026-08-28,2,TOY-15,Unit I,Weaving,Toyota,21700,20870,96.18
2026-08-28,2,TSU-01,Unit I,Weaving,Tsudakoma,15000,14269,95.13
2026-08-28,2,TSU-02,Unit I,Weaving,Tsudakoma,15000,14391,95.94
2026-08-28,2,TSU-03,Unit I,Weaving,Tsudakoma,15000,14628,97.52
2026-08-28,2,TSU-04,Unit I,Weaving,Tsudakoma,15000,14539,96.93
2026-08-28,2,TSU-05,Unit I,Weaving,Tsudakoma,15000,14167,94.45
2026-08-28,2,TSU-06,Unit I,Weaving,Tsudakoma,15000,14286,95.24
2026-08-28,2,TSU-07,Unit I,Weaving,Tsudakoma,15000,13196,87.98
2026-08-28,2,TSU-08,Unit I,Weaving,Tsudakoma,15000,13812,92.08
2026-08-28,2,TSU-09,Unit I,Weaving,Tsudakoma,15000,14287,95.25
2026-08-28,2,TSU-10,Unit I,Weaving,Tsudakoma,15000,13698,91.32
2026-08-28,2,SUL-01,Unit I,Weaving,Sulzer,2700,2681,99.3
2026-08-28,2,SUL-02,Unit I,Weaving,Sulzer,2700,2476,91.71
2026-08-28,2,SUL-03,Unit I,Weaving,Sulzer,2700,2594,96.08
2026-08-28,2,SUL-04,Unit I,Weaving,Sulzer,2700,2580,95.58
2026-08-28,2,SUL-05,Unit I,Weaving,Sulzer,2700,2665,98.73
2026-08-28,2,RF-01,Unit I,Spinning,RingFrame,2500,2487,99.5
2026-08-28,2,RF-02,Unit I,Spinning,RingFrame,2500,2461,98.47
2026-08-28,2,RF-03,Unit I,Spinning,RingFrame,2500,2111,84.47
2026-08-28,2,RF-04,Unit I,Spinning,RingFrame,2500,2500,100.0
2026-08-28,2,RF-05,Unit I,Spinning,RingFrame,2500,2500,100.0
2026-08-28,2,RF-06,Unit I,Spinning,RingFrame,2500,2314,92.59
2026-08-28,2,RF-07,Unit I,Spinning,RingFrame,2500,2404,96.18
2026-08-28,2,RF-08,Unit I,Spinning,RingFrame,2500,2263,90.55
2026-08-28,2,RF-09,Unit I,Spinning,RingFrame,2500,2131,85.26
2026-08-28,2,RF-10,Unit I,Spinning,RingFrame,2500,2282,91.31
2026-08-28,2,RF-11,Unit I,Spinning,RingFrame,2500,1882,75.3
2026-08-28,2,RF-12,Unit I,Spinning,RingFrame,2500,2330,93.23
2026-08-28,2,VTX-01,Unit I,Spinning,Vortex,4700,4239,90.21
2026-08-28,2,VTX-02,Unit I,Spinning,Vortex,4700,4292,91.33
2026-08-28,2,VTX-03,Unit I,Spinning,Vortex,4700,4462,94.94
2026-08-28,2,VTX-04,Unit I,Spinning,Vortex,4700,4283,91.15
2026-08-28,2,VTX-05,Unit I,Spinning,Vortex,4700,4592,97.72
2026-08-28,2,VTX-06,Unit I,Spinning,Vortex,4700,3826,81.41
2026-08-28,2,VTX-07,Unit I,Spinning,Vortex,4700,4700,100.0
2026-08-28,2,VTX-08,Unit I,Spinning,Vortex,4700,4700,100.0
2026-08-28,2,VTX-09,Unit I,Spinning,Vortex,4700,4522,96.22
2026-08-28,2,VTX-10,Unit I,Spinning,Vortex,4700,4319,91.9
2026-08-28,2,VTX-11,Unit I,Spinning,Vortex,4700,4534,96.47
2026-08-28,2,VTX-12,Unit I,Spinning,Vortex,4700,4541,96.63
2026-08-28,2,AJ-01,Unit I,Spinning,Airjet,3750,3466,92.43
2026-08-28,2,AJ-02,Unit I,Spinning,Airjet,3750,3709,98.92
2026-08-28,2,AJ-03,Unit I,Spinning,Airjet,3750,3300,88.01
2026-08-28,2,AJ-04,Unit I,Spinning,Airjet,3750,3516,93.78
2026-08-28,2,AJ-05,Unit I,Spinning,Airjet,3750,3666,97.78
2026-08-28,3,TOY-01,Unit I,Weaving,Toyota,21700,20302,93.56
2026-08-28,3,TOY-02,Unit I,Weaving,Toyota,21700,16701,76.97
2026-08-28,3,TOY-03,Unit I,Weaving,Toyota,21700,20465,94.31
2026-08-28,3,TOY-04,Unit I,Weaving,Toyota,21700,19708,90.82
2026-08-28,3,TOY-05,Unit I,Weaving,Toyota,21700,21700,100.0
2026-08-28,3,TOY-06,Unit I,Weaving,Toyota,21700,19510,89.91
2026-08-28,3,TOY-07,Unit I,Weaving,Toyota,21700,20960,96.59
2026-08-28,3,TOY-08,Unit I,Weaving,Toyota,21700,17374,80.07
2026-08-28,3,TOY-09,Unit I,Weaving,Toyota,21700,19585,90.26
2026-08-28,3,TOY-10,Unit I,Weaving,Toyota,21700,20694,95.37
2026-08-28,3,TOY-11,Unit I,Weaving,Toyota,21700,19628,90.45
2026-08-28,3,TOY-12,Unit I,Weaving,Toyota,21700,21700,100.0
2026-08-28,3,TOY-13,Unit I,Weaving,Toyota,21700,19379,89.31
2026-08-28,3,TOY-14,Unit I,Weaving,Toyota,21700,19905,91.73
2026-08-28,3,TOY-15,Unit I,Weaving,Toyota,21700,19286,88.88
2026-08-28,3,TSU-01,Unit I,Weaving,Tsudakoma,15000,13231,88.21
2026-08-28,3,TSU-02,Unit I,Weaving,Tsudakoma,15000,15000,100.0
2026-08-28,3,TSU-03,Unit I,Weaving,Tsudakoma,15000,14657,97.71
2026-08-28,3,TSU-04,Unit I,Weaving,Tsudakoma,15000,14355,95.7
2026-08-28,3,TSU-05,Unit I,Weaving,Tsudakoma,15000,13757,91.72
2026-08-28,3,TSU-06,Unit I,Weaving,Tsudakoma,15000,14930,99.54
2026-08-28,3,TSU-07,Unit I,Weaving,Tsudakoma,15000,13631,90.88
2026-08-28,3,TSU-08,Unit I,Weaving,Tsudakoma,15000,14845,98.97
2026-08-28,3,TSU-09,Unit I,Weaving,Tsudakoma,15000,13595,90.64
2026-08-28,3,TSU-10,Unit I,Weaving,Tsudakoma,15000,13766,91.78
2026-08-28,3,SUL-01,Unit I,Weaving,Sulzer,2700,2667,98.79
2026-08-28,3,SUL-02,Unit I,Weaving,Sulzer,2700,2681,99.32
2026-08-28,3,SUL-03,Unit I,Weaving,Sulzer,2700,2645,97.99
2026-08-28,3,SUL-04,Unit I,Weaving,Sulzer,2700,2423,89.75
2026-08-28,3,SUL-05,Unit I,Weaving,Sulzer,2700,2504,92.77
2026-08-28,3,RF-01,Unit I,Spinning,RingFrame,2500,2394,95.78
2026-08-28,3,RF-02,Unit I,Spinning,RingFrame,2500,2268,90.75
2026-08-28,3,RF-03,Unit I,Spinning,RingFrame,2500,2500,100.0
2026-08-28,3,RF-04,Unit I,Spinning,RingFrame,2500,2074,82.99
2026-08-28,3,RF-05,Unit I,Spinning,RingFrame,2500,2277,91.11
2026-08-28,3,RF-06,Unit I,Spinning,RingFrame,2500,2311,92.45
2026-08-28,3,RF-07,Unit I,Spinning,RingFrame,2500,2019,80.78
2026-08-28,3,RF-08,Unit I,Spinning,RingFrame,2500,2200,88.02
2026-08-28,3,RF-09,Unit I,Spinning,RingFrame,2500,2453,98.13
2026-08-28,3,RF-10,Unit I,Spinning,RingFrame,2500,2378,95.15
2026-08-28,3,RF-11,Unit I,Spinning,RingFrame,2500,2146,85.87
2026-08-28,3,RF-12,Unit I,Spinning,RingFrame,2500,2500,100.0
2026-08-28,3,VTX-01,Unit I,Spinning,Vortex,4700,4566,97.17
2026-08-28,3,VTX-02,Unit I,Spinning,Vortex,4700,4538,96.57
2026-08-28,3,VTX-03,Unit I,Spinning,Vortex,4700,4480,95.33
2026-08-28,3,VTX-04,Unit I,Spinning,Vortex,4700,3841,81.72
2026-08-28,3,VTX-05,Unit I,Spinning,Vortex,4700,4137,88.03
2026-08-28,3,VTX-06,Unit I,Spinning,Vortex,4700,3689,78.5
2026-08-28,3,VTX-07,Unit I,Spinning,Vortex,4700,4609,98.08
2026-08-28,3,VTX-08,Unit I,Spinning,Vortex,4700,4533,96.45
2026-08-28,3,VTX-09,Unit I,Spinning,Vortex,4700,4255,90.54
2026-08-28,3,VTX-10,Unit I,Spinning,Vortex,4700,4685,99.69
2026-08-28,3,VTX-11,Unit I,Spinning,Vortex,4700,4700,100.0
2026-08-28,3,VTX-12,Unit I,Spinning,Vortex,4700,4685,99.69
2026-08-28,3,AJ-01,Unit I,Spinning,Airjet,3750,3748,99.95
2026-08-28,3,AJ-02,Unit I,Spinning,Airjet,3750,3457,92.2
2026-08-28,3,AJ-03,Unit I,Spinning,Airjet,3750,3750,100.0
2026-08-28,3,AJ-04,Unit I,Spinning,Airjet,3750,3589,95.73
2026-08-28,3,AJ-05,Unit I,Spinning,Airjet,3750,3658,97.56
2026-08-29,1,TOY-01,Unit I,Weaving,Toyota,21700,21011,96.83
2026-08-29,1,TOY-02,Unit I,Weaving,Toyota,21700,16794,77.39
2026-08-29,1,TOY-03,Unit I,Weaving,Toyota,21700,19681,90.7
2026-08-29,1,TOY-04,Unit I,Weaving,Toyota,21700,20525,94.59
2026-08-29,1,TOY-05,Unit I,Weaving,Toyota,21700,21685,99.93
2026-08-29,1,TOY-06,Unit I,Weaving,Toyota,21700,20135,92.79
2026-08-29,1,TOY-07,Unit I,Weaving,Toyota,21700,21584,99.47
2026-08-29,1,TOY-08,Unit I,Weaving,Toyota,21700,17725,81.69
2026-08-29,1,TOY-09,Unit I,Weaving,Toyota,21700,20290,93.51
2026-08-29,1,TOY-10,Unit I,Weaving,Toyota,21700,21700,100.0
2026-08-29,1,TOY-11,Unit I,Weaving,Toyota,21700,20229,93.22
2026-08-29,1,TOY-12,Unit I,Weaving,Toyota,21700,21700,100.0
2026-08-29,1,TOY-13,Unit I,Weaving,Toyota,21700,21086,97.17
2026-08-29,1,TOY-14,Unit I,Weaving,Toyota,21700,20597,94.92
2026-08-29,1,TOY-15,Unit I,Weaving,Toyota,21700,19651,90.56
2026-08-29,1,TSU-01,Unit I,Weaving,Tsudakoma,15000,14183,94.56
2026-08-29,1,TSU-02,Unit I,Weaving,Tsudakoma,15000,14097,93.98
2026-08-29,1,TSU-03,Unit I,Weaving,Tsudakoma,15000,13306,88.71
2026-08-29,1,TSU-04,Unit I,Weaving,Tsudakoma,15000,14086,93.91
2026-08-29,1,TSU-05,Unit I,Weaving,Tsudakoma,15000,13647,90.98
2026-08-29,1,TSU-06,Unit I,Weaving,Tsudakoma,15000,14689,97.93
2026-08-29,1,TSU-07,Unit I,Weaving,Tsudakoma,15000,15000,100.0
2026-08-29,1,TSU-08,Unit I,Weaving,Tsudakoma,15000,13329,88.87
2026-08-29,1,TSU-09,Unit I,Weaving,Tsudakoma,15000,15000,100.0
2026-08-29,1,TSU-10,Unit I,Weaving,Tsudakoma,15000,14153,94.36
2026-08-29,1,SUL-01,Unit I,Weaving,Sulzer,2700,2433,90.12
2026-08-29,1,SUL-02,Unit I,Weaving,Sulzer,2700,2667,98.79
2026-08-29,1,SUL-03,Unit I,Weaving,Sulzer,2700,2504,92.77
2026-08-29,1,SUL-04,Unit I,Weaving,Sulzer,2700,2553,94.59
2026-08-29,1,SUL-05,Unit I,Weaving,Sulzer,2700,2510,92.98
2026-08-29,1,RF-01,Unit I,Spinning,RingFrame,2500,2272,90.92
2026-08-29,1,RF-02,Unit I,Spinning,RingFrame,2500,2465,98.62
2026-08-29,1,RF-03,Unit I,Spinning,RingFrame,2500,2339,93.57
2026-08-29,1,RF-04,Unit I,Spinning,RingFrame,2500,2195,87.82
2026-08-29,1,RF-05,Unit I,Spinning,RingFrame,2500,2443,97.76
2026-08-29,1,RF-06,Unit I,Spinning,RingFrame,2500,2224,88.97
2026-08-29,1,RF-07,Unit I,Spinning,RingFrame,2500,2230,89.23
2026-08-29,1,RF-08,Unit I,Spinning,RingFrame,2500,2500,100.0
2026-08-29,1,RF-09,Unit I,Spinning,RingFrame,2500,2225,89.02
2026-08-29,1,RF-10,Unit I,Spinning,RingFrame,2500,2085,83.42
2026-08-29,1,RF-11,Unit I,Spinning,RingFrame,2500,2027,81.11
2026-08-29,1,RF-12,Unit I,Spinning,RingFrame,2500,2337,93.48
2026-08-29,1,VTX-01,Unit I,Spinning,Vortex,4700,4413,93.91
2026-08-29,1,VTX-02,Unit I,Spinning,Vortex,4700,4391,93.43
2026-08-29,1,VTX-03,Unit I,Spinning,Vortex,4700,4519,96.16
2026-08-29,1,VTX-04,Unit I,Spinning,Vortex,4700,4288,91.24
2026-08-29,1,VTX-05,Unit I,Spinning,Vortex,4700,4700,100.0
2026-08-29,1,VTX-06,Unit I,Spinning,Vortex,4700,3319,70.62
2026-08-29,1,VTX-07,Unit I,Spinning,Vortex,4700,4569,97.22
2026-08-29,1,VTX-08,Unit I,Spinning,Vortex,4700,4615,98.21
2026-08-29,1,VTX-09,Unit I,Spinning,Vortex,4700,4286,91.2
2026-08-29,1,VTX-10,Unit I,Spinning,Vortex,4700,4224,89.88
2026-08-29,1,VTX-11,Unit I,Spinning,Vortex,4700,4700,100.0
2026-08-29,1,VTX-12,Unit I,Spinning,Vortex,4700,4232,90.05
2026-08-29,1,AJ-01,Unit I,Spinning,Airjet,3750,3448,91.97
2026-08-29,1,AJ-02,Unit I,Spinning,Airjet,3750,3728,99.44
2026-08-29,1,AJ-03,Unit I,Spinning,Airjet,3750,3569,95.17
2026-08-29,1,AJ-04,Unit I,Spinning,Airjet,3750,3225,86.01
2026-08-29,1,AJ-05,Unit I,Spinning,Airjet,3750,3750,100.0
2026-08-29,2,TOY-01,Unit I,Weaving,Toyota,21700,20039,92.35
2026-08-29,2,TOY-02,Unit I,Weaving,Toyota,21700,16489,75.99
2026-08-29,2,TOY-03,Unit I,Weaving,Toyota,21700,20892,96.28
2026-08-29,2,TOY-04,Unit I,Weaving,Toyota,21700,21293,98.13
2026-08-29,2,TOY-05,Unit I,Weaving,Toyota,21700,21700,100.0
2026-08-29,2,TOY-06,Unit I,Weaving,Toyota,21700,18813,86.7
2026-08-29,2,TOY-07,Unit I,Weaving,Toyota,21700,21511,99.13
2026-08-29,2,TOY-08,Unit I,Weaving,Toyota,21700,17732,81.72
2026-08-29,2,TOY-09,Unit I,Weaving,Toyota,21700,20466,94.31
2026-08-29,2,TOY-10,Unit I,Weaving,Toyota,21700,21469,98.94
2026-08-29,2,TOY-11,Unit I,Weaving,Toyota,21700,21628,99.67
2026-08-29,2,TOY-12,Unit I,Weaving,Toyota,21700,19115,88.09
2026-08-29,2,TOY-13,Unit I,Weaving,Toyota,21700,21700,100.0
2026-08-29,2,TOY-14,Unit I,Weaving,Toyota,21700,18923,87.21
2026-08-29,2,TOY-15,Unit I,Weaving,Toyota,21700,19383,89.32
2026-08-29,2,TSU-01,Unit I,Weaving,Tsudakoma,15000,14053,93.69
2026-08-29,2,TSU-02,Unit I,Weaving,Tsudakoma,15000,15000,100.0
2026-08-29,2,TSU-03,Unit I,Weaving,Tsudakoma,15000,14018,93.46
2026-08-29,2,TSU-04,Unit I,Weaving,Tsudakoma,15000,14226,94.84
2026-08-29,2,TSU-05,Unit I,Weaving,Tsudakoma,15000,15000,100.0
2026-08-29,2,TSU-06,Unit I,Weaving,Tsudakoma,15000,14024,93.5
2026-08-29,2,TSU-07,Unit I,Weaving,Tsudakoma,15000,13366,89.11
2026-08-29,2,TSU-08,Unit I,Weaving,Tsudakoma,15000,13937,92.91
2026-08-29,2,TSU-09,Unit I,Weaving,Tsudakoma,15000,15000,100.0
2026-08-29,2,TSU-10,Unit I,Weaving,Tsudakoma,15000,14303,95.35
2026-08-29,2,SUL-01,Unit I,Weaving,Sulzer,2700,2700,100.0
2026-08-29,2,SUL-02,Unit I,Weaving,Sulzer,2700,2664,98.69
2026-08-29,2,SUL-03,Unit I,Weaving,Sulzer,2700,2477,91.78
2026-08-29,2,SUL-04,Unit I,Weaving,Sulzer,2700,2571,95.26
2026-08-29,2,SUL-05,Unit I,Weaving,Sulzer,2700,2449,90.73
2026-08-29,2,RF-01,Unit I,Spinning,RingFrame,2500,2291,91.66
2026-08-29,2,RF-02,Unit I,Spinning,RingFrame,2500,2500,100.0
2026-08-29,2,RF-03,Unit I,Spinning,RingFrame,2500,2500,100.0
2026-08-29,2,RF-04,Unit I,Spinning,RingFrame,2500,2482,99.31
2026-08-29,2,RF-05,Unit I,Spinning,RingFrame,2500,2297,91.88
2026-08-29,2,RF-06,Unit I,Spinning,RingFrame,2500,2500,100.0
2026-08-29,2,RF-07,Unit I,Spinning,RingFrame,2500,2500,100.0
2026-08-29,2,RF-08,Unit I,Spinning,RingFrame,2500,2500,100.0
2026-08-29,2,RF-09,Unit I,Spinning,RingFrame,2500,2500,100.0
2026-08-29,2,RF-10,Unit I,Spinning,RingFrame,2500,2190,87.6
2026-08-29,2,RF-11,Unit I,Spinning,RingFrame,2500,1811,72.45
2026-08-29,2,RF-12,Unit I,Spinning,RingFrame,2500,2249,89.98
2026-08-29,2,VTX-01,Unit I,Spinning,Vortex,4700,4243,90.28
2026-08-29,2,VTX-02,Unit I,Spinning,Vortex,4700,4541,96.62
2026-08-29,2,VTX-03,Unit I,Spinning,Vortex,4700,4331,92.17
2026-08-29,2,VTX-04,Unit I,Spinning,Vortex,4700,4700,100.0
2026-08-29,2,VTX-05,Unit I,Spinning,Vortex,4700,4700,100.0
2026-08-29,2,VTX-06,Unit I,Spinning,Vortex,4700,3664,77.97
2026-08-29,2,VTX-07,Unit I,Spinning,Vortex,4700,4700,100.0
2026-08-29,2,VTX-08,Unit I,Spinning,Vortex,4700,4700,100.0
2026-08-29,2,VTX-09,Unit I,Spinning,Vortex,4700,4359,92.75
2026-08-29,2,VTX-10,Unit I,Spinning,Vortex,4700,3992,84.95
2026-08-29,2,VTX-11,Unit I,Spinning,Vortex,4700,4413,93.91
2026-08-29,2,VTX-12,Unit I,Spinning,Vortex,4700,4313,91.78
2026-08-29,2,AJ-01,Unit I,Spinning,Airjet,3750,3601,96.03
2026-08-29,2,AJ-02,Unit I,Spinning,Airjet,3750,3579,95.45
2026-08-29,2,AJ-03,Unit I,Spinning,Airjet,3750,3574,95.32
2026-08-29,2,AJ-04,Unit I,Spinning,Airjet,3750,3660,97.62
2026-08-29,2,AJ-05,Unit I,Spinning,Airjet,3750,3335,88.94
2026-08-29,3,TOY-01,Unit I,Weaving,Toyota,21700,21061,97.06
2026-08-29,3,TOY-02,Unit I,Weaving,Toyota,21700,16449,75.8
2026-08-29,3,TOY-03,Unit I,Weaving,Toyota,21700,20831,96.0
2026-08-29,3,TOY-04,Unit I,Weaving,Toyota,21700,21653,99.79
2026-08-29,3,TOY-05,Unit I,Weaving,Toyota,21700,19286,88.88
2026-08-29,3,TOY-06,Unit I,Weaving,Toyota,21700,20309,93.59
2026-08-29,3,TOY-07,Unit I,Weaving,Toyota,21700,20486,94.41
2026-08-29,3,TOY-08,Unit I,Weaving,Toyota,21700,16368,75.43
2026-08-29,3,TOY-09,Unit I,Weaving,Toyota,21700,21591,99.5
2026-08-29,3,TOY-10,Unit I,Weaving,Toyota,21700,19833,91.4
2026-08-29,3,TOY-11,Unit I,Weaving,Toyota,21700,20012,92.22
2026-08-29,3,TOY-12,Unit I,Weaving,Toyota,21700,19844,91.45
2026-08-29,3,TOY-13,Unit I,Weaving,Toyota,21700,21700,100.0
2026-08-29,3,TOY-14,Unit I,Weaving,Toyota,21700,20080,92.54
2026-08-29,3,TOY-15,Unit I,Weaving,Toyota,21700,21114,97.3
2026-08-29,3,TSU-01,Unit I,Weaving,Tsudakoma,15000,15000,100.0
2026-08-29,3,TSU-02,Unit I,Weaving,Tsudakoma,15000,14193,94.63
2026-08-29,3,TSU-03,Unit I,Weaving,Tsudakoma,15000,15000,100.0
2026-08-29,3,TSU-04,Unit I,Weaving,Tsudakoma,15000,15000,100.0
2026-08-29,3,TSU-05,Unit I,Weaving,Tsudakoma,15000,15000,100.0
2026-08-29,3,TSU-06,Unit I,Weaving,Tsudakoma,15000,14237,94.92
2026-08-29,3,TSU-07,Unit I,Weaving,Tsudakoma,15000,14731,98.21
2026-08-29,3,TSU-08,Unit I,Weaving,Tsudakoma,15000,13284,88.56
2026-08-29,3,TSU-09,Unit I,Weaving,Tsudakoma,15000,13664,91.1
2026-08-29,3,TSU-10,Unit I,Weaving,Tsudakoma,15000,13796,91.98
2026-08-29,3,SUL-01,Unit I,Weaving,Sulzer,2700,2700,100.0
2026-08-29,3,SUL-02,Unit I,Weaving,Sulzer,2700,2455,90.94
2026-08-29,3,SUL-03,Unit I,Weaving,Sulzer,2700,2453,90.86
2026-08-29,3,SUL-04,Unit I,Weaving,Sulzer,2700,2424,89.78
2026-08-29,3,SUL-05,Unit I,Weaving,Sulzer,2700,2640,97.8
2026-08-29,3,RF-01,Unit I,Spinning,RingFrame,2500,2392,95.71
2026-08-29,3,RF-02,Unit I,Spinning,RingFrame,2500,2500,100.0
2026-08-29,3,RF-03,Unit I,Spinning,RingFrame,2500,2458,98.36
2026-08-29,3,RF-04,Unit I,Spinning,RingFrame,2500,2202,88.1
2026-08-29,3,RF-05,Unit I,Spinning,RingFrame,2500,2274,90.96
2026-08-29,3,RF-06,Unit I,Spinning,RingFrame,2500,2500,100.0
2026-08-29,3,RF-07,Unit I,Spinning,RingFrame,2500,2349,93.98
2026-08-29,3,RF-08,Unit I,Spinning,RingFrame,2500,2500,100.0
2026-08-29,3,RF-09,Unit I,Spinning,RingFrame,2500,2356,94.25
2026-08-29,3,RF-10,Unit I,Spinning,RingFrame,2500,2254,90.16
2026-08-29,3,RF-11,Unit I,Spinning,RingFrame,2500,1912,76.48
2026-08-29,3,RF-12,Unit I,Spinning,RingFrame,2500,2253,90.16
2026-08-29,3,VTX-01,Unit I,Spinning,Vortex,4700,4332,92.17
2026-08-29,3,VTX-02,Unit I,Spinning,Vortex,4700,4512,96.0
2026-08-29,3,VTX-03,Unit I,Spinning,Vortex,4700,4585,97.56
2026-08-29,3,VTX-04,Unit I,Spinning,Vortex,4700,4091,87.05
2026-08-29,3,VTX-05,Unit I,Spinning,Vortex,4700,4460,94.91
2026-08-29,3,VTX-06,Unit I,Spinning,Vortex,4700,3528,75.07
2026-08-29,3,VTX-07,Unit I,Spinning,Vortex,4700,4312,91.76
2026-08-29,3,VTX-08,Unit I,Spinning,Vortex,4700,4496,95.66
2026-08-29,3,VTX-09,Unit I,Spinning,Vortex,4700,4335,92.25
2026-08-29,3,VTX-10,Unit I,Spinning,Vortex,4700,4700,100.0
2026-08-29,3,VTX-11,Unit I,Spinning,Vortex,4700,4700,100.0
2026-08-29,3,VTX-12,Unit I,Spinning,Vortex,4700,4700,100.0
2026-08-29,3,AJ-01,Unit I,Spinning,Airjet,3750,3469,92.53
2026-08-29,3,AJ-02,Unit I,Spinning,Airjet,3750,3382,90.19
2026-08-29,3,AJ-03,Unit I,Spinning,Airjet,3750,3577,95.41
2026-08-29,3,AJ-04,Unit I,Spinning,Airjet,3750,3534,94.25
2026-08-29,3,AJ-05,Unit I,Spinning,Airjet,3750,3448,91.96
