date,shift,machine_id,unit,fabric_style,revenue
2026-06-01,1,TOY-01,Unit I,Excel Slub,4220.03
2026-06-01,1,TOY-02,Unit I,Liveaco Compact,3010.42
2026-06-01,1,TOY-03,Unit I,VSF Export,4631.62
2026-06-01,1,TOY-04,Unit I,VSF Export,5417.7
2026-06-01,1,TOY-05,Unit I,Liveaco Compact,4103.25
2026-06-01,1,TOY-06,Unit I,Excel Slub,4603.98
2026-06-01,1,TOY-07,Unit I,Liveaco Compact,4159.32
2026-06-01,1,TOY-08,Unit I,Excel Slub,3726.28
2026-06-01,1,TOY-09,Unit I,Liveaco Compact,4063.37
2026-06-01,1,TOY-10,Unit I,VSF Export,5047.42
2026-06-01,1,TOY-11,Unit I,Liveaco Compact,3646.72
2026-06-01,1,TOY-12,Unit I,VSF Export,4940.56
2026-06-01,1,TOY-13,Unit I,VSF Export,4702.12
2026-06-01,1,TOY-14,Unit I,Excel Slub,4269.14
2026-06-01,1,TOY-15,Unit I,Liveaco Compact,3546.32
2026-06-01,1,TSU-01,Unit I,Liveaco Compact,2553.22
2026-06-01,1,TSU-02,Unit I,VSF Export,3086.71
2026-06-01,1,TSU-03,Unit I,VSF Export,3178.4
2026-06-01,1,TSU-04,Unit I,VSF Export,3405.54
2026-06-01,1,TSU-05,Unit I,Liveaco Compact,2491.46
2026-06-01,1,TSU-06,Unit I,VSF Export,3641.0
2026-06-01,1,TSU-07,Unit I,Excel Slub,2863.15
2026-06-01,1,TSU-08,Unit I,Liveaco Compact,2585.74
2026-06-01,1,TSU-09,Unit I,VSF Export,3401.56
2026-06-01,1,TSU-10,Unit I,VSF Export,3321.33
2026-06-01,1,SUL-01,Unit I,VSF Export,613.87
2026-06-01,1,SUL-02,Unit I,Excel Slub,543.31
2026-06-01,1,SUL-03,Unit I,VSF Export,638.22
2026-06-01,1,SUL-04,Unit I,Liveaco Compact,478.06
2026-06-01,1,SUL-05,Unit I,Excel Slub,543.91
2026-06-01,2,TOY-01,Unit I,Excel Slub,4297.98
2026-06-01,2,TOY-02,Unit I,Liveaco Compact,3079.12
2026-06-01,2,TOY-03,Unit I,VSF Export,5337.05
2026-06-01,2,TOY-04,Unit I,Excel Slub,4573.03
2026-06-01,2,TOY-05,Unit I,Excel Slub,3844.49
2026-06-01,2,TOY-06,Unit I,VSF Export,4813.52
2026-06-01,2,TOY-07,Unit I,VSF Export,5127.94
2026-06-01,2,TOY-08,Unit I,Liveaco Compact,3666.04
2026-06-01,2,TOY-09,Unit I,Liveaco Compact,4640.0
2026-06-01,2,TOY-10,Unit I,Excel Slub,4267.82
2026-06-01,2,TOY-11,Unit I,VSF Export,4831.14
2026-06-01,2,TOY-12,Unit I,Excel Slub,4128.98
2026-06-01,2,TOY-13,Unit I,Excel Slub,4261.84
2026-06-01,2,TOY-14,Unit I,VSF Export,4679.48
2026-06-01,2,TOY-15,Unit I,Excel Slub,4702.11
2026-06-01,2,TSU-01,Unit I,VSF Export,2993.34
2026-06-01,2,TSU-02,Unit I,Liveaco Compact,3124.49
2026-06-01,2,TSU-03,Unit I,Excel Slub,3175.59
2026-06-01,2,TSU-04,Unit I,Liveaco Compact,2758.64
2026-06-01,2,TSU-05,Unit I,VSF Export,3541.78
2026-06-01,2,TSU-06,Unit I,Excel Slub,2689.76
2026-06-01,2,TSU-07,Unit I,Excel Slub,2876.05
2026-06-01,2,TSU-08,Unit I,Liveaco Compact,2667.52
2026-06-01,2,TSU-09,Unit I,Liveaco Compact,2821.39
2026-06-01,2,TSU-10,Unit I,Liveaco Compact,2913.55
2026-06-01,2,SUL-01,Unit I,Excel Slub,480.38
2026-06-01,2,SUL-02,Unit I,Excel Slub,587.21
2026-06-01,2,SUL-03,Unit I,Excel Slub,539.35
2026-06-01,2,SUL-04,Unit I,Excel Slub,601.84
2026-06-01,2,SUL-05,Unit I,Excel Slub,523.02
2026-06-01,3,TOY-01,Unit I,Excel Slub,4825.7
2026-06-01,3,TOY-02,Unit I,Excel Slub,3782.49
2026-06-01,3,TOY-03,Unit I,Excel Slub,4222.67
2026-06-01,3,TOY-04,Unit I,Liveaco Compact,3600.66
2026-06-01,3,TOY-05,Unit I,Excel Slub,5019.4
2026-06-01,3,TOY-06,Unit I,Excel Slub,4054.24
2026-06-01,3,TOY-07,Unit I,Liveaco Compact,4301.68
2026-06-01,3,TOY-08,Unit I,VSF Export,4659.29
2026-06-01,3,TOY-09,Unit I,VSF Export,4501.43
2026-06-01,3,TOY-10,Unit I,Excel Slub,4097.44
2026-06-01,3,TOY-11,Unit I,VSF Export,5026.46
2026-06-01,3,TOY-12,Unit I,VSF Export,4537.58
2026-06-01,3,TOY-13,Unit I,VSF Export,4665.67
2026-06-01,3,TOY-14,Unit I,Liveaco Compact,3892.52
2026-06-01,3,TOY-15,Unit I,Excel Slub,3843.14
2026-06-01,3,TSU-01,Unit I,Liveaco Compact,2628.11
2026-06-01,3,TSU-02,Unit I,Excel Slub,2995.35
2026-06-01,3,TSU-03,Unit I,VSF Export,3558.12
2026-06-01,3,TSU-04,Unit I,VSF Export,2957.33
2026-06-01,3,TSU-05,Unit I,Excel Slub,3213.26
2026-06-01,3,TSU-06,Unit I,Excel Slub,3150.04
2026-06-01,3,TSU-07,Unit I,Liveaco Compact,2485.55
2026-06-01,3,TSU-08,Unit I,Excel Slub,3009.57
2026-06-01,3,TSU-09,Unit I,Liveaco Compact,3251.46
2026-06-01,3,TSU-10,Unit I,Excel Slub,3008.96
2026-06-01,3,SUL-01,Unit I,Excel Slub,599.1
2026-06-01,3,SUL-02,Unit I,VSF Export,669.44
2026-06-01,3,SUL-03,Unit I,Liveaco Compact,492.63
2026-06-01,3,SUL-04,Unit I,Liveaco Compact,510.15
2026-06-01,3,SUL-05,Unit I,Excel Slub,482.17
2026-06-02,1,TOY-01,Unit I,VSF Export,5014.17
2026-06-02,1,TOY-02,Unit I,VSF Export,4312.61
2026-06-02,1,TOY-03,Unit I,VSF Export,5112.58
2026-06-02,1,TOY-04,Unit I,Liveaco Compact,4261.89
2026-06-02,1,TOY-05,Unit I,VSF Export,5140.23
2026-06-02,1,TOY-06,Unit I,Excel Slub,4279.02
2026-06-02,1,TOY-07,Unit I,VSF Export,5411.73
2026-06-02,1,TOY-08,Unit I,VSF Export,4089.33
2026-06-02,1,TOY-09,Unit I,Liveaco Compact,4186.03
2026-06-02,1,TOY-10,Unit I,Liveaco Compact,4429.1
2026-06-02,1,TOY-11,Unit I,VSF Export,4602.82
2026-06-02,1,TOY-12,Unit I,Excel Slub,4380.99
2026-06-02,1,TOY-13,Unit I,Excel Slub,3791.09
2026-06-02,1,TOY-14,Unit I,Excel Slub,4289.36
2026-06-02,1,TOY-15,Unit I,VSF Export,4854.57
2026-06-02,1,TSU-01,Unit I,Liveaco Compact,2795.92
2026-06-02,1,TSU-02,Unit I,VSF Export,2879.58
2026-06-02,1,TSU-03,Unit I,Excel Slub,3263.63
2026-06-02,1,TSU-04,Unit I,VSF Export,3501.65
2026-06-02,1,TSU-05,Unit I,Liveaco Compact,2492.95
2026-06-02,1,TSU-06,Unit I,VSF Export,3784.01
2026-06-02,1,TSU-07,Unit I,Liveaco Compact,2893.78
2026-06-02,1,TSU-08,Unit I,VSF Export,3166.99
2026-06-02,1,TSU-09,Unit I,Liveaco Compact,3102.92
2026-06-02,1,TSU-10,Unit I,Liveaco Compact,2875.65
2026-06-02,1,SUL-01,Unit I,VSF Export,619.14
2026-06-02,1,SUL-02,Unit I,Liveaco Compact,548.15
2026-06-02,1,SUL-03,Unit I,Excel Slub,533.33
2026-06-02,1,SUL-04,Unit I,Liveaco Compact,465.32
2026-06-02,1,SUL-05,Unit I,Excel Slub,526.76
2026-06-02,2,TOY-01,Unit I,VSF Export,4450.25
2026-06-02,2,TOY-02,Unit I,VSF Export,4163.66
2026-06-02,2,TOY-03,Unit I,Liveaco Compact,3688.65
2026-06-02,2,TOY-04,Unit I,Liveaco Compact,4018.78
2026-06-02,2,TOY-05,Unit I,Liveaco Compact,3738.02
2026-06-02,2,TOY-06,Unit I,Liveaco Compact,3856.01
2026-06-02,2,TOY-07,Unit I,VSF Export,4623.9
2026-06-02,2,TOY-08,Unit I,Excel Slub,3956.31
2026-06-02,2,TOY-09,Unit I,VSF Export,4208.71
2026-06-02,2,TOY-10,Unit I,Excel Slub,4459.84
2026-06-02,2,TOY-11,Unit I,Liveaco Compact,4114.48
2026-06-02,2,TOY-12,Unit I,Excel Slub,4249.86
2026-06-02,2,TOY-13,Unit I,Liveaco Compact,4011.12
2026-06-02,2,TOY-14,Unit I,VSF Export,5273.63
2026-06-02,2,TOY-15,Unit I,Excel Slub,4522.48
2026-06-02,2,TSU-01,Unit I,Liveaco Compact,3002.56
2026-06-02,2,TSU-02,Unit I,Liveaco Compact,2908.61
2026-06-02,2,TSU-03,Unit I,Excel Slub,3284.4
2026-06-02,2,TSU-04,Unit I,Excel Slub,2594.23
2026-06-02,2,TSU-05,Unit I,VSF Export,3399.57
2026-06-02,2,TSU-06,Unit I,VSF Export,3803.5
2026-06-02,2,TSU-07,Unit I,Liveaco Compact,2804.11
2026-06-02,2,TSU-08,Unit I,Liveaco Compact,3073.37
2026-06-02,2,TSU-09,Unit I,Liveaco Compact,3058.09
2026-06-02,2,TSU-10,Unit I,VSF Export,3267.11
2026-06-02,2,SUL-01,Unit I,VSF Export,651.25
2026-06-02,2,SUL-02,Unit I,Liveaco Compact,418.19
2026-06-02,2,SUL-03,Unit I,VSF Export,555.27
2026-06-02,2,SUL-04,Unit I,Excel Slub,519.9
2026-06-02,2,SUL-05,Unit I,Liveaco Compact,481.04
2026-06-02,3,TOY-01,Unit I,Liveaco Compact,3752.68
2026-06-02,3,TOY-02,Unit I,Liveaco Compact,3274.89
2026-06-02,3,TOY-03,Unit I,VSF Export,4710.94
2026-06-02,3,TOY-04,Unit I,Liveaco Compact,4065.96
2026-06-02,3,TOY-05,Unit I,VSF Export,5210.47
2026-06-02,3,TOY-06,Unit I,Excel Slub,4065.99
2026-06-02,3,TOY-07,Unit I,Liveaco Compact,3576.46
2026-06-02,3,TOY-08,Unit I,Liveaco Compact,3192.52
2026-06-02,3,TOY-09,Unit I,VSF Export,5482.79
2026-06-02,3,TOY-10,Unit I,Excel Slub,4492.86
2026-06-02,3,TOY-11,Unit I,Liveaco Compact,3976.07
2026-06-02,3,TOY-12,Unit I,Liveaco Compact,4675.61
2026-06-02,3,TOY-13,Unit I,Excel Slub,4208.92
2026-06-02,3,TOY-14,Unit I,Excel Slub,4843.46
2026-06-02,3,TOY-15,Unit I,Excel Slub,4818.08
2026-06-02,3,TSU-01,Unit I,VSF Export,3577.22
2026-06-02,3,TSU-02,Unit I,VSF Export,3513.87
2026-06-02,3,TSU-03,Unit I,Liveaco Compact,3156.13
2026-06-02,3,TSU-04,Unit I,Liveaco Compact,2982.67
2026-06-02,3,TSU-05,Unit I,VSF Export,3391.94
2026-06-02,3,TSU-06,Unit I,Excel Slub,2907.41
2026-06-02,3,TSU-07,Unit I,Excel Slub,2857.95
2026-06-02,3,TSU-08,Unit I,VSF Export,3343.84
2026-06-02,3,TSU-09,Unit I,VSF Export,3728.49
2026-06-02,3,TSU-10,Unit I,VSF Export,3457.47
2026-06-02,3,SUL-01,Unit I,Excel Slub,545.97
2026-06-02,3,SUL-02,Unit I,VSF Export,590.24
2026-06-02,3,SUL-03,Unit I,Excel Slub,482.38
2026-06-02,3,SUL-04,Unit I,Liveaco Compact,544.76
2026-06-02,3,SUL-05,Unit I,Liveaco Compact,475.09
2026-06-03,1,TOY-01,Unit I,Liveaco Compact,3933.49
2026-06-03,1,TOY-02,Unit I,Liveaco Compact,3364.79
2026-06-03,1,TOY-03,Unit I,Excel Slub,4567.32
2026-06-03,1,TOY-04,Unit I,Liveaco Compact,3661.21
2026-06-03,1,TOY-05,Unit I,VSF Export,5289.66
2026-06-03,1,TOY-06,Unit I,Excel Slub,3987.82
2026-06-03,1,TOY-07,Unit I,Liveaco Compact,4141.35
2026-06-03,1,TOY-08,Unit I,Excel Slub,3620.05
2026-06-03,1,TOY-09,Unit I,Excel Slub,4591.53
2026-06-03,1,TOY-10,Unit I,Excel Slub,4573.05
2026-06-03,1,TOY-11,Unit I,Excel Slub,4728.73
2026-06-03,1,TOY-12,Unit I,VSF Export,4641.36
2026-06-03,1,TOY-13,Unit I,Liveaco Compact,4406.36
2026-06-03,1,TOY-14,Unit I,Excel Slub,4396.69
2026-06-03,1,TOY-15,Unit I,Excel Slub,4830.67
2026-06-03,1,TSU-01,Unit I,Excel Slub,3153.03
2026-06-03,1,TSU-02,Unit I,Liveaco Compact,2734.59
2026-06-03,1,TSU-03,Unit I,Liveaco Compact,3080.97
2026-06-03,1,TSU-04,Unit I,Liveaco Compact,3170.46
2026-06-03,1,TSU-05,Unit I,VSF Export,3585.12
2026-06-03,1,TSU-06,Unit I,VSF Export,3588.73
2026-06-03,1,TSU-07,Unit I,VSF Export,3201.17
2026-06-03,1,TSU-08,Unit I,Excel Slub,3512.47
2026-06-03,1,TSU-09,Unit I,Liveaco Compact,2696.83
2026-06-03,1,TSU-10,Unit I,Excel Slub,3107.72
2026-06-03,1,SUL-01,Unit I,Liveaco Compact,475.01
2026-06-03,1,SUL-02,Unit I,VSF Export,644.81
2026-06-03,1,SUL-03,Unit I,Excel Slub,494.14
2026-06-03,1,SUL-04,Unit I,Liveaco Compact,484.39
2026-06-03,1,SUL-05,Unit I,Liveaco Compact,454.28
2026-06-03,2,TOY-01,Unit I,VSF Export,4938.05
2026-06-03,2,TOY-02,Unit I,Excel Slub,3517.43
2026-06-03,2,TOY-03,Unit I,Liveaco Compact,3728.93
2026-06-03,2,TOY-04,Unit I,Liveaco Compact,4449.22
2026-06-03,2,TOY-05,Unit I,Liveaco Compact,4472.19
2026-06-03,2,TOY-06,Unit I,Liveaco Compact,4415.99
2026-06-03,2,TOY-07,Unit I,Liveaco Compact,4060.86
2026-06-03,2,TOY-08,Unit I,Excel Slub,3903.09
2026-06-03,2,TOY-09,Unit I,VSF Export,4995.38
2026-06-03,2,TOY-10,Unit I,Excel Slub,4792.06
2026-06-03,2,TOY-11,Unit I,Liveaco Compact,3868.36
2026-06-03,2,TOY-12,Unit I,VSF Export,5600.15
2026-06-03,2,TOY-13,Unit I,VSF Export,5204.59
2026-06-03,2,TOY-14,Unit I,Liveaco Compact,4088.13
2026-06-03,2,TOY-15,Unit I,Liveaco Compact,3991.41
2026-06-03,2,TSU-01,Unit I,Liveaco Compact,3075.59
2026-06-03,2,TSU-02,Unit I,VSF Export,3215.45
2026-06-03,2,TSU-03,Unit I,Excel Slub,3104.61
2026-06-03,2,TSU-04,Unit I,Liveaco Compact,2663.94
2026-06-03,2,TSU-05,Unit I,Excel Slub,3267.53
2026-06-03,2,TSU-06,Unit I,Liveaco Compact,2738.08
2026-06-03,2,TSU-07,Unit I,VSF Export,3871.05
2026-06-03,2,TSU-08,Unit I,VSF Export,3717.12
2026-06-03,2,TSU-09,Unit I,Liveaco Compact,3215.95
2026-06-03,2,TSU-10,Unit I,Liveaco Compact,2745.39
2026-06-03,2,SUL-01,Unit I,Excel Slub,498.85
2026-06-03,2,SUL-02,Unit I,VSF Export,597.21
2026-06-03,2,SUL-03,Unit I,Excel Slub,535.94
2026-06-03,2,SUL-04,Unit I,Liveaco Compact,524.4
2026-06-03,2,SUL-05,Unit I,VSF Export,535.35
2026-06-03,3,TOY-01,Unit I,Liveaco Compact,3455.27
2026-06-03,3,TOY-02,Unit I,VSF Export,4773.11
2026-06-03,3,TOY-03,Unit I,Excel Slub,4570.45
2026-06-03,3,TOY-04,Unit I,Excel Slub,4766.75
2026-06-03,3,TOY-05,Unit I,Excel Slub,4715.26
2026-06-03,3,TOY-06,Unit I,VSF Export,5502.26
2026-06-03,3,TOY-07,Unit I,Excel Slub,4933.28
2026-06-03,3,TOY-08,Unit I,Excel Slub,4144.29
2026-06-03,3,TOY-09,Unit I,Excel Slub,4656.48
2026-06-03,3,TOY-10,Unit I,Liveaco Compact,4154.31
2026-06-03,3,TOY-11,Unit I,Excel Slub,4090.11
2026-06-03,3,TOY-12,Unit I,Excel Slub,4623.82
2026-06-03,3,TOY-13,Unit I,Excel Slub,4331.34
2026-06-03,3,TOY-14,Unit I,Excel Slub,4298.49
2026-06-03,3,TOY-15,Unit I,VSF Export,4361.96
2026-06-03,3,TSU-01,Unit I,Liveaco Compact,2667.77
2026-06-03,3,TSU-02,Unit I,Excel Slub,3371.57
2026-06-03,3,TSU-03,Unit I,VSF Export,3593.99
2026-06-03,3,TSU-04,Unit I,Excel Slub,2793.47
2026-06-03,3,TSU-05,Unit I,Liveaco Compact,2926.21
2026-06-03,3,TSU-06,Unit I,Excel Slub,2966.78
2026-06-03,3,TSU-07,Unit I,Excel Slub,2793.25
2026-06-03,3,TSU-08,Unit I,VSF Export,3752.75
2026-06-03,3,TSU-09,Unit I,VSF Export,3538.45
2026-06-03,3,TSU-10,Unit I,VSF Export,3188.14
2026-06-03,3,SUL-01,Unit I,Excel Slub,584.4
2026-06-03,3,SUL-02,Unit I,VSF Export,612.97
2026-06-03,3,SUL-03,Unit I,Liveaco Compact,507.39
2026-06-03,3,SUL-04,Unit I,Liveaco Compact,521.83
2026-06-03,3,SUL-05,Unit I,Liveaco Compact,526.77
2026-06-04,1,TOY-01,Unit I,VSF Export,4751.83
2026-06-04,1,TOY-02,Unit I,Liveaco Compact,3007.46
2026-06-04,1,TOY-03,Unit I,VSF Export,4778.01
2026-06-04,1,TOY-04,Unit I,VSF Export,4806.81
2026-06-04,1,TOY-05,Unit I,Liveaco Compact,3961.66
2026-06-04,1,TOY-06,Unit I,VSF Export,4557.54
2026-06-04,1,TOY-07,Unit I,VSF Export,4444.91
2026-06-04,1,TOY-08,Unit I,VSF Export,3934.71
2026-06-04,1,TOY-09,Unit I,Liveaco Compact,3946.47
2026-06-04,1,TOY-10,Unit I,Liveaco Compact,4018.76
2026-06-04,1,TOY-11,Unit I,Liveaco Compact,3785.21
2026-06-04,1,TOY-12,Unit I,VSF Export,5180.08
2026-06-04,1,TOY-13,Unit I,Liveaco Compact,3905.97
2026-06-04,1,TOY-14,Unit I,VSF Export,3920.68
2026-06-04,1,TOY-15,Unit I,Excel Slub,4473.3
2026-06-04,1,TSU-01,Unit I,Liveaco Compact,2807.11
2026-06-04,1,TSU-02,Unit I,Excel Slub,2958.24
2026-06-04,1,TSU-03,Unit I,VSF Export,3527.67
2026-06-04,1,TSU-04,Unit I,Liveaco Compact,2498.0
2026-06-04,1,TSU-05,Unit I,Excel Slub,3038.25
2026-06-04,1,TSU-06,Unit I,Excel Slub,3258.66
2026-06-04,1,TSU-07,Unit I,VSF Export,3531.18
2026-06-04,1,TSU-08,Unit I,Liveaco Compact,2639.07
2026-06-04,1,TSU-09,Unit I,VSF Export,3452.94
2026-06-04,1,TSU-10,Unit I,Liveaco Compact,2532.94
2026-06-04,1,SUL-01,Unit I,Excel Slub,530.37
2026-06-04,1,SUL-02,Unit I,Excel Slub,527.56
2026-06-04,1,SUL-03,Unit I,Liveaco Compact,489.5
2026-06-04,1,SUL-04,Unit I,Excel Slub,540.35
2026-06-04,1,SUL-05,Unit I,Liveaco Compact,539.04
2026-06-04,2,TOY-01,Unit I,VSF Export,5020.03
2026-06-04,2,TOY-02,Unit I,Excel Slub,3492.04
2026-06-04,2,TOY-03,Unit I,VSF Export,4755.9
2026-06-04,2,TOY-04,Unit I,VSF Export,4682.93
2026-06-04,2,TOY-05,Unit I,VSF Export,4775.04
2026-06-04,2,TOY-06,Unit I,Excel Slub,4095.51
2026-06-04,2,TOY-07,Unit I,Liveaco Compact,4043.13
2026-06-04,2,TOY-08,Unit I,Liveaco Compact,3061.2
2026-06-04,2,TOY-09,Unit I,Liveaco Compact,4204.95
2026-06-04,2,TOY-10,Unit I,Excel Slub,4781.63
2026-06-04,2,TOY-11,Unit I,Excel Slub,4451.76
2026-06-04,2,TOY-12,Unit I,Liveaco Compact,3715.92
2026-06-04,2,TOY-13,Unit I,VSF Export,5654.48
2026-06-04,2,TOY-14,Unit I,Excel Slub,4510.01
2026-06-04,2,TOY-15,Unit I,Excel Slub,4906.0
2026-06-04,2,TSU-01,Unit I,VSF Export,3742.91
2026-06-04,2,TSU-02,Unit I,VSF Export,3417.58
2026-06-04,2,TSU-03,Unit I,Liveaco Compact,2801.71
2026-06-04,2,TSU-04,Unit I,VSF Export,3407.8
2026-06-04,2,TSU-05,Unit I,Excel Slub,3319.19
2026-06-04,2,TSU-06,Unit I,Liveaco Compact,2637.31
2026-06-04,2,TSU-07,Unit I,Excel Slub,2958.03
2026-06-04,2,TSU-08,Unit I,Excel Slub,2938.67
2026-06-04,2,TSU-09,Unit I,Excel Slub,2764.37
2026-06-04,2,TSU-10,Unit I,VSF Export,3795.03
2026-06-04,2,SUL-01,Unit I,VSF Export,562.39
2026-06-04,2,SUL-02,Unit I,VSF Export,573.29
2026-06-04,2,SUL-03,Unit I,Excel Slub,535.8
2026-06-04,2,SUL-04,Unit I,VSF Export,669.96
2026-06-04,2,SUL-05,Unit I,Liveaco Compact,466.92
2026-06-04,3,TOY-01,Unit I,Liveaco Compact,4574.25
2026-06-04,3,TOY-02,Unit I,Excel Slub,4328.2
2026-06-04,3,TOY-03,Unit I,Excel Slub,4586.09
2026-06-04,3,TOY-04,Unit I,Liveaco Compact,3811.31
2026-06-04,3,TOY-05,Unit I,Liveaco Compact,3632.2
2026-06-04,3,TOY-06,Unit I,Excel Slub,4981.99
2026-06-04,3,TOY-07,Unit I,Excel Slub,4123.74
2026-06-04,3,TOY-08,Unit I,Excel Slub,3830.87
2026-06-04,3,TOY-09,Unit I,VSF Export,4452.2
2026-06-04,3,TOY-10,Unit I,Excel Slub,4521.95
2026-06-04,3,TOY-11,Unit I,VSF Export,4834.56
2026-06-04,3,TOY-12,Unit I,Excel Slub,4127.34
2026-06-04,3,TOY-13,Unit I,VSF Export,4763.83
2026-06-04,3,TOY-14,Unit I,VSF Export,4461.3
2026-06-04,3,TOY-15,Unit I,Excel Slub,4493.56
2026-06-04,3,TSU-01,Unit I,Excel Slub,3016.43
2026-06-04,3,TSU-02,Unit I,Liveaco Compact,2659.72
2026-06-04,3,TSU-03,Unit I,VSF Export,3694.21
2026-06-04,3,TSU-04,Unit I,Liveaco Compact,2698.86
2026-06-04,3,TSU-05,Unit I,Liveaco Compact,2308.07
2026-06-04,3,TSU-06,Unit I,Excel Slub,3375.25
2026-06-04,3,TSU-07,Unit I,VSF Export,3769.33
2026-06-04,3,TSU-08,Unit I,Excel Slub,2648.59
2026-06-04,3,TSU-09,Unit I,VSF Export,3139.86
2026-06-04,3,TSU-10,Unit I,Liveaco Compact,3032.27
2026-06-04,3,SUL-01,Unit I,Excel Slub,542.21
2026-06-04,3,SUL-02,Unit I,Liveaco Compact,457.82
2026-06-04,3,SUL-03,Unit I,Excel Slub,500.08
2026-06-04,3,SUL-04,Unit I,Liveaco Compact,586.9
2026-06-04,3,SUL-05,Unit I,Liveaco Compact,483.44
2026-06-05,1,TOY-01,Unit I,VSF Export,4828.39
2026-06-05,1,TOY-02,Unit I,Excel Slub,4172.82
2026-06-05,1,TOY-03,Unit I,VSF Export,5303.56
2026-06-05,1,TOY-04,Unit I,Excel Slub,4094.61
2026-06-05,1,TOY-05,Unit I,Liveaco Compact,3595.69
2026-06-05,1,TOY-06,Unit I,Liveaco Compact,4542.14
2026-06-05,1,TOY-07,Unit I,Liveaco Compact,4439.32
2026-06-05,1,TOY-08,Unit I,Excel Slub,3954.05
2026-06-05,1,TOY-09,Unit I,Liveaco Compact,3953.69
2026-06-05,1,TOY-10,Unit I,Excel Slub,4043.7
2026-06-05,1,TOY-11,Unit I,VSF Export,4743.11
2026-06-05,1,TOY-12,Unit I,Liveaco Compact,4293.29
2026-06-05,1,TOY-13,Unit I,Excel Slub,4950.93
2026-06-05,1,TOY-14,Unit I,Liveaco Compact,3491.56
2026-06-05,1,TOY-15,Unit I,Excel Slub,4078.19
2026-06-05,1,TSU-01,Unit I,Liveaco Compact,3223.36
2026-06-05,1,TSU-02,Unit I,Liveaco Compact,2942.41
2026-06-05,1,TSU-03,Unit I,VSF Export,3415.45
2026-06-05,1,TSU-04,Unit I,Excel Slub,3196.45
2026-06-05,1,TSU-05,Unit I,VSF Export,3255.41
2026-06-05,1,TSU-06,Unit I,Excel Slub,2751.26
2026-06-05,1,TSU-07,Unit I,Excel Slub,2783.49
2026-06-05,1,TSU-08,Unit I,Liveaco Compact,2881.2
2026-06-05,1,TSU-09,Unit I,VSF Export,3003.65
2026-06-05,1,TSU-10,Unit I,Excel Slub,3010.17
2026-06-05,1,SUL-01,Unit I,VSF Export,558.01
2026-06-05,1,SUL-02,Unit I,Liveaco Compact,569.17
2026-06-05,1,SUL-03,Unit I,Excel Slub,559.37
2026-06-05,1,SUL-04,Unit I,Liveaco Compact,476.35
2026-06-05,1,SUL-05,Unit I,VSF Export,665.38
2026-06-05,2,TOY-01,Unit I,VSF Export,4718.75
2026-06-05,2,TOY-02,Unit I,VSF Export,3734.79
2026-06-05,2,TOY-03,Unit I,Liveaco Compact,4077.37
2026-06-05,2,TOY-04,Unit I,Liveaco Compact,4062.12
2026-06-05,2,TOY-05,Unit I,Liveaco Compact,3893.95
2026-06-05,2,TOY-06,Unit I,Liveaco Compact,4307.57
2026-06-05,2,TOY-07,Unit I,VSF Export,5012.86
2026-06-05,2,TOY-08,Unit I,Liveaco Compact,3816.12
2026-06-05,2,TOY-09,Unit I,Liveaco Compact,3755.6
2026-06-05,2,TOY-10,Unit I,Excel Slub,4064.36
2026-06-05,2,TOY-11,Unit I,Excel Slub,3981.22
2026-06-05,2,TOY-12,Unit I,VSF Export,4847.47
2026-06-05,2,TOY-13,Unit I,Excel Slub,4863.87
2026-06-05,2,TOY-14,Unit I,VSF Export,4806.63
2026-06-05,2,TOY-15,Unit I,Liveaco Compact,4171.3
2026-06-05,2,TSU-01,Unit I,Liveaco Compact,2876.42
2026-06-05,2,TSU-02,Unit I,Liveaco Compact,3183.78
2026-06-05,2,TSU-03,Unit I,Liveaco Compact,2642.28
2026-06-05,2,TSU-04,Unit I,VSF Export,3875.28
2026-06-05,2,TSU-05,Unit I,Liveaco Compact,2819.05
2026-06-05,2,TSU-06,Unit I,Excel Slub,3377.72
2026-06-05,2,TSU-07,Unit I,Liveaco Compact,2735.64
2026-06-05,2,TSU-08,Unit I,VSF Export,3159.55
2026-06-05,2,TSU-09,Unit I,Liveaco Compact,2639.16
2026-06-05,2,TSU-10,Unit I,VSF Export,3304.89
2026-06-05,2,SUL-01,Unit I,VSF Export,638.1
2026-06-05,2,SUL-02,Unit I,Excel Slub,503.37
2026-06-05,2,SUL-03,Unit I,Liveaco Compact,484.5
2026-06-05,2,SUL-04,Unit I,Excel Slub,545.56
2026-06-05,2,SUL-05,Unit I,VSF Export,557.69
2026-06-05,3,TOY-01,Unit I,VSF Export,5332.72
2026-06-05,3,TOY-02,Unit I,Excel Slub,3743.22
2026-06-05,3,TOY-03,Unit I,VSF Export,5271.86
2026-06-05,3,TOY-04,Unit I,Liveaco Compact,3955.86
2026-06-05,3,TOY-05,Unit I,Excel Slub,4044.72
2026-06-05,3,TOY-06,Unit I,Liveaco Compact,4174.0
2026-06-05,3,TOY-07,Unit I,Excel Slub,4370.64
2026-06-05,3,TOY-08,Unit I,VSF Export,3726.95
2026-06-05,3,TOY-09,Unit I,VSF Export,4816.82
2026-06-05,3,TOY-10,Unit I,Liveaco Compact,4472.65
2026-06-05,3,TOY-11,Unit I,Liveaco Compact,4447.73
2026-06-05,3,TOY-12,Unit I,VSF Export,4821.79
2026-06-05,3,TOY-13,Unit I,VSF Export,5187.22
2026-06-05,3,TOY-14,Unit I,Liveaco Compact,4082.52
2026-06-05,3,TOY-15,Unit I,Liveaco Compact,4291.87
2026-06-05,3,TSU-01,Unit I,VSF Export,3686.63
2026-06-05,3,TSU-02,Unit I,Liveaco Compact,2686.7
2026-06-05,3,TSU-03,Unit I,VSF Export,3330.57
2026-06-05,3,TSU-04,Unit I,VSF Export,3479.56
2026-06-05,3,TSU-05,Unit I,Liveaco Compact,3078.87
2026-06-05,3,TSU-06,Unit I,Excel Slub,2979.84
2026-06-05,3,TSU-07,Unit I,VSF Export,3296.9
2026-06-05,3,TSU-08,Unit I,VSF Export,3144.05
2026-06-05,3,TSU-09,Unit I,Excel Slub,3173.29
2026-06-05,3,TSU-10,Unit I,VSF Export,3437.45
2026-06-05,3,SUL-01,Unit I,VSF Export,626.39
2026-06-05,3,SUL-02,Unit I,Excel Slub,550.87
2026-06-05,3,SUL-03,Unit I,VSF Export,613.38
2026-06-05,3,SUL-04,Unit I,Excel Slub,601.54
2026-06-05,3,SUL-05,Unit I,VSF Export,653.93
2026-06-06,1,TOY-01,Unit I,Liveaco Compact,4101.39
2026-06-06,1,TOY-02,Unit I,Liveaco Compact,3242.0
2026-06-06,1,TOY-03,Unit I,Liveaco Compact,4179.63
2026-06-06,1,TOY-04,Unit I,VSF Export,5279.13
2026-06-06,1,TOY-05,Unit I,VSF Export,5578.96
2026-06-06,1,TOY-06,Unit I,Liveaco Compact,4271.0
2026-06-06,1,TOY-07,Unit I,Excel Slub,4529.96
2026-06-06,1,TOY-08,Unit I,Excel Slub,3701.84
2026-06-06,1,TOY-09,Unit I,Liveaco Compact,4686.76
2026-06-06,1,TOY-10,Unit I,VSF Export,5283.91
2026-06-06,1,TOY-11,Unit I,Liveaco Compact,4383.7
2026-06-06,1,TOY-12,Unit I,Liveaco Compact,3770.39
2026-06-06,1,TOY-13,Unit I,VSF Export,5254.83
2026-06-06,1,TOY-14,Unit I,VSF Export,5641.44
2026-06-06,1,TOY-15,Unit I,VSF Export,4470.38
2026-06-06,1,TSU-01,Unit I,Liveaco Compact,2676.65
2026-06-06,1,TSU-02,Unit I,VSF Export,3264.31
2026-06-06,1,TSU-03,Unit I,Liveaco Compact,2971.09
2026-06-06,1,TSU-04,Unit I,Excel Slub,3393.9
2026-06-06,1,TSU-05,Unit I,VSF Export,3712.11
2026-06-06,1,TSU-06,Unit I,VSF Export,3333.4
2026-06-06,1,TSU-07,Unit I,Excel Slub,2595.14
2026-06-06,1,TSU-08,Unit I,VSF Export,3342.44
2026-06-06,1,TSU-09,Unit I,Excel Slub,3058.91
2026-06-06,1,TSU-10,Unit I,Excel Slub,3341.29
2026-06-06,1,SUL-01,Unit I,Liveaco Compact,458.68
2026-06-06,1,SUL-02,Unit I,Excel Slub,552.52
2026-06-06,1,SUL-03,Unit I,Liveaco Compact,520.98
2026-06-06,1,SUL-04,Unit I,VSF Export,687.78
2026-06-06,1,SUL-05,Unit I,Liveaco Compact,480.48
2026-06-06,2,TOY-01,Unit I,Liveaco Compact,4574.47
2026-06-06,2,TOY-02,Unit I,Liveaco Compact,2926.8
2026-06-06,2,TOY-03,Unit I,Excel Slub,3694.83
2026-06-06,2,TOY-04,Unit I,VSF Export,5021.03
2026-06-06,2,TOY-05,Unit I,Excel Slub,4192.15
2026-06-06,2,TOY-06,Unit I,VSF Export,5183.36
2026-06-06,2,TOY-07,Unit I,Excel Slub,4586.41
2026-06-06,2,TOY-08,Unit I,Excel Slub,3750.59
2026-06-06,2,TOY-09,Unit I,Excel Slub,3842.27
2026-06-06,2,TOY-10,Unit I,Excel Slub,4960.16
2026-06-06,2,TOY-11,Unit I,Liveaco Compact,4126.92
2026-06-06,2,TOY-12,Unit I,Liveaco Compact,4070.52
2026-06-06,2,TOY-13,Unit I,VSF Export,5058.05
2026-06-06,2,TOY-14,Unit I,Liveaco Compact,3812.76
2026-06-06,2,TOY-15,Unit I,VSF Export,5515.39
2026-06-06,2,TSU-01,Unit I,Liveaco Compact,2920.09
2026-06-06,2,TSU-02,Unit I,VSF Export,3451.64
2026-06-06,2,TSU-03,Unit I,VSF Export,3539.75
2026-06-06,2,TSU-04,Unit I,Liveaco Compact,2670.38
2026-06-06,2,TSU-05,Unit I,Excel Slub,3399.95
2026-06-06,2,TSU-06,Unit I,VSF Export,3161.58
2026-06-06,2,TSU-07,Unit I,Excel Slub,3265.24
2026-06-06,2,TSU-08,Unit I,VSF Export,3317.86
2026-06-06,2,TSU-09,Unit I,Liveaco Compact,2793.78
2026-06-06,2,TSU-10,Unit I,Liveaco Compact,3010.82
2026-06-06,2,SUL-01,Unit I,Liveaco Compact,457.93
2026-06-06,2,SUL-02,Unit I,Excel Slub,596.61
2026-06-06,2,SUL-03,Unit I,VSF Export,620.15
2026-06-06,2,SUL-04,Unit I,Liveaco Compact,499.37
2026-06-06,2,SUL-05,Unit I,Liveaco Compact,535.06
2026-06-06,3,TOY-01,Unit I,VSF Export,4623.86
2026-06-06,3,TOY-02,Unit I,Liveaco Compact,3827.9
2026-06-06,3,TOY-03,Unit I,Liveaco Compact,4133.48
2026-06-06,3,TOY-04,Unit I,Liveaco Compact,3991.31
2026-06-06,3,TOY-05,Unit I,Liveaco Compact,3951.64
2026-06-06,3,TOY-06,Unit I,VSF Export,5684.26
2026-06-06,3,TOY-07,Unit I,Excel Slub,4690.82
2026-06-06,3,TOY-08,Unit I,Excel Slub,3877.18
2026-06-06,3,TOY-09,Unit I,Excel Slub,4091.29
2026-06-06,3,TOY-10,Unit I,Excel Slub,4670.85
2026-06-06,3,TOY-11,Unit I,VSF Export,4899.42
2026-06-06,3,TOY-12,Unit I,Liveaco Compact,4433.48
2026-06-06,3,TOY-13,Unit I,Excel Slub,4504.58
2026-06-06,3,TOY-14,Unit I,Liveaco Compact,3561.12
2026-06-06,3,TOY-15,Unit I,VSF Export,4754.41
2026-06-06,3,TSU-01,Unit I,Excel Slub,2775.21
2026-06-06,3,TSU-02,Unit I,Excel Slub,3207.15
2026-06-06,3,TSU-03,Unit I,Liveaco Compact,2764.21
2026-06-06,3,TSU-04,Unit I,Liveaco Compact,2987.5
2026-06-06,3,TSU-05,Unit I,Excel Slub,3359.65
2026-06-06,3,TSU-06,Unit I,VSF Export,3836.2
2026-06-06,3,TSU-07,Unit I,Liveaco Compact,2898.28
2026-06-06,3,TSU-08,Unit I,Excel Slub,3219.77
2026-06-06,3,TSU-09,Unit I,Excel Slub,3069.68
2026-06-06,3,TSU-10,Unit I,Liveaco Compact,2876.72
2026-06-06,3,SUL-01,Unit I,Excel Slub,614.04
2026-06-06,3,SUL-02,Unit I,Excel Slub,491.49
2026-06-06,3,SUL-03,Unit I,VSF Export,604.22
2026-06-06,3,SUL-04,Unit I,VSF Export,568.49
2026-06-06,3,SUL-05,Unit I,Excel Slub,572.67
2026-06-07,1,TOY-01,Unit I,VSF Export,4847.89
2026-06-07,1,TOY-02,Unit I,Liveaco Compact,2743.22
2026-06-07,1,TOY-03,Unit I,Liveaco Compact,4213.03
2026-06-07,1,TOY-04,Unit I,Liveaco Compact,3801.9
2026-06-07,1,TOY-05,Unit I,Liveaco Compact,3501.8
2026-06-07,1,TOY-06,Unit I,VSF Export,5504.27
2026-06-07,1,TOY-07,Unit I,Excel Slub,4143.04
2026-06-07,1,TOY-08,Unit I,Excel Slub,3886.99
2026-06-07,1,TOY-09,Unit I,Excel Slub,4484.89
2026-06-07,1,TOY-10,Unit I,Liveaco Compact,3907.57
2026-06-07,1,TOY-11,Unit I,Liveaco Compact,4092.57
2026-06-07,1,TOY-12,Unit I,Liveaco Compact,3653.53
2026-06-07,1,TOY-13,Unit I,Liveaco Compact,4082.29
2026-06-07,1,TOY-14,Unit I,VSF Export,4814.91
2026-06-07,1,TOY-15,Unit I,Liveaco Compact,3452.79
2026-06-07,1,TSU-01,Unit I,Liveaco Compact,2665.2
2026-06-07,1,TSU-02,Unit I,Liveaco Compact,2934.49
2026-06-07,1,TSU-03,Unit I,VSF Export,3911.75
2026-06-07,1,TSU-04,Unit I,Liveaco Compact,2826.8
2026-06-07,1,TSU-05,Unit I,Liveaco Compact,2666.7
2026-06-07,1,TSU-06,Unit I,Liveaco Compact,2657.9
2026-06-07,1,TSU-07,Unit I,Liveaco Compact,3247.85
2026-06-07,1,TSU-08,Unit I,Liveaco Compact,2806.78
2026-06-07,1,TSU-09,Unit I,Liveaco Compact,2807.36
2026-06-07,1,TSU-10,Unit I,Excel Slub,3284.49
2026-06-07,1,SUL-01,Unit I,VSF Export,656.64
2026-06-07,1,SUL-02,Unit I,VSF Export,571.94
2026-06-07,1,SUL-03,Unit I,VSF Export,556.63
2026-06-07,1,SUL-04,Unit I,Liveaco Compact,523.39
2026-06-07,1,SUL-05,Unit I,Liveaco Compact,480.54
2026-06-07,2,TOY-01,Unit I,Liveaco Compact,4530.63
2026-06-07,2,TOY-02,Unit I,VSF Export,3933.19
2026-06-07,2,TOY-03,Unit I,Liveaco Compact,3532.66
2026-06-07,2,TOY-04,Unit I,Excel Slub,4307.25
2026-06-07,2,TOY-05,Unit I,Excel Slub,4038.43
2026-06-07,2,TOY-06,Unit I,Excel Slub,4521.76
2026-06-07,2,TOY-07,Unit I,Excel Slub,4203.51
2026-06-07,2,TOY-08,Unit I,Liveaco Compact,3048.58
2026-06-07,2,TOY-09,Unit I,Liveaco Compact,4275.14
2026-06-07,2,TOY-10,Unit I,Excel Slub,4894.58
2026-06-07,2,TOY-11,Unit I,VSF Export,4728.0
2026-06-07,2,TOY-12,Unit I,VSF Export,5131.31
2026-06-07,2,TOY-13,Unit I,Liveaco Compact,4287.64
2026-06-07,2,TOY-14,Unit I,VSF Export,4817.71
2026-06-07,2,TOY-15,Unit I,VSF Export,5125.39
2026-06-07,2,TSU-01,Unit I,Liveaco Compact,3119.88
2026-06-07,2,TSU-02,Unit I,Excel Slub,2910.07
2026-06-07,2,TSU-03,Unit I,VSF Export,3306.67
2026-06-07,2,TSU-04,Unit I,Liveaco Compact,2699.58
2026-06-07,2,TSU-05,Unit I,Liveaco Compact,2792.54
2026-06-07,2,TSU-06,Unit I,VSF Export,3519.82
2026-06-07,2,TSU-07,Unit I,Excel Slub,2947.01
2026-06-07,2,TSU-08,Unit I,VSF Export,3217.09
2026-06-07,2,TSU-09,Unit I,Liveaco Compact,3029.87
2026-06-07,2,TSU-10,Unit I,VSF Export,3172.07
2026-06-07,2,SUL-01,Unit I,Excel Slub,506.49
2026-06-07,2,SUL-02,Unit I,Liveaco Compact,461.59
2026-06-07,2,SUL-03,Unit I,Liveaco Compact,526.37
2026-06-07,2,SUL-04,Unit I,VSF Export,610.75
2026-06-07,2,SUL-05,Unit I,Excel Slub,528.41
2026-06-07,3,TOY-01,Unit I,Excel Slub,4706.81
2026-06-07,3,TOY-02,Unit I,Excel Slub,4352.01
2026-06-07,3,TOY-03,Unit I,Excel Slub,4599.65
2026-06-07,3,TOY-04,Unit I,Excel Slub,4016.32
2026-06-07,3,TOY-05,Unit I,Excel Slub,3957.54
2026-06-07,3,TOY-06,Unit I,VSF Export,5037.28
2026-06-07,3,TOY-07,Unit I,VSF Export,4624.36
2026-06-07,3,TOY-08,Unit I,Excel Slub,3811.53
2026-06-07,3,TOY-09,Unit I,VSF Export,4938.75
2026-06-07,3,TOY-10,Unit I,VSF Export,4383.94
2026-06-07,3,TOY-11,Unit I,Liveaco Compact,3931.41
2026-06-07,3,TOY-12,Unit I,VSF Export,5046.74
2026-06-07,3,TOY-13,Unit I,Excel Slub,3979.03
2026-06-07,3,TOY-14,Unit I,Liveaco Compact,4497.88
2026-06-07,3,TOY-15,Unit I,VSF Export,4194.4
2026-06-07,3,TSU-01,Unit I,Excel Slub,2912.92
2026-06-07,3,TSU-02,Unit I,Excel Slub,3220.57
2026-06-07,3,TSU-03,Unit I,Liveaco Compact,2695.68
2026-06-07,3,TSU-04,Unit I,VSF Export,3400.72
2026-06-07,3,TSU-05,Unit I,VSF Export,3812.11
2026-06-07,3,TSU-06,Unit I,Liveaco Compact,2848.78
2026-06-07,3,TSU-07,Unit I,Liveaco Compact,2732.56
2026-06-07,3,TSU-08,Unit I,VSF Export,3099.36
2026-06-07,3,TSU-09,Unit I,VSF Export,3231.44
2026-06-07,3,TSU-10,Unit I,VSF Export,3541.2
2026-06-07,3,SUL-01,Unit I,Excel Slub,585.23
2026-06-07,3,SUL-02,Unit I,Liveaco Compact,520.83
2026-06-07,3,SUL-03,Unit I,Liveaco Compact,522.23
2026-06-07,3,SUL-04,Unit I,VSF Export,527.89
2026-06-07,3,SUL-05,Unit I,Liveaco Compact,576.74
2026-06-08,1,TOY-01,Unit I,Excel Slub,4556.07
2026-06-08,1,TOY-02,Unit I,Excel Slub,3651.04
2026-06-08,1,TOY-03,Unit I,Excel Slub,4411.46
2026-06-08,1,TOY-04,Unit I,Liveaco Compact,4132.65
2026-06-08,1,TOY-05,Unit I,Excel Slub,4547.61
2026-06-08,1,TOY-06,Unit I,Liveaco Compact,4225.99
2026-06-08,1,TOY-07,Unit I,Excel Slub,4220.99
2026-06-08,1,TOY-08,Unit I,Liveaco Compact,3233.88
2026-06-08,1,TOY-09,Unit I,Liveaco Compact,4029.52
2026-06-08,1,TOY-10,Unit I,VSF Export,5108.49
2026-06-08,1,TOY-11,Unit I,VSF Export,4112.38
2026-06-08,1,TOY-12,Unit I,Liveaco Compact,3908.2
2026-06-08,1,TOY-13,Unit I,Excel Slub,4855.92
2026-06-08,1,TOY-14,Unit I,Excel Slub,4192.13
2026-06-08,1,TOY-15,Unit I,Excel Slub,4514.68
2026-06-08,1,TSU-01,Unit I,VSF Export,3291.13
2026-06-08,1,TSU-02,Unit I,Excel Slub,3147.86
2026-06-08,1,TSU-03,Unit I,Excel Slub,3152.01
2026-06-08,1,TSU-04,Unit I,Liveaco Compact,2806.05
2026-06-08,1,TSU-05,Unit I,Liveaco Compact,2963.69
2026-06-08,1,TSU-06,Unit I,Excel Slub,3108.09
2026-06-08,1,TSU-07,Unit I,Excel Slub,3436.61
2026-06-08,1,TSU-08,Unit I,Liveaco Compact,2905.63
2026-06-08,1,TSU-09,Unit I,Liveaco Compact,2857.14
2026-06-08,1,TSU-10,Unit I,VSF Export,3277.96
2026-06-08,1,SUL-01,Unit I,Liveaco Compact,469.57
2026-06-08,1,SUL-02,Unit I,VSF Export,550.02
2026-06-08,1,SUL-03,Unit I,VSF Export,633.91
2026-06-08,1,SUL-04,Unit I,Excel Slub,498.2
2026-06-08,1,SUL-05,Unit I,Excel Slub,525.03
2026-06-08,2,TOY-01,Unit I,Excel Slub,4542.1
2026-06-08,2,TOY-02,Unit I,VSF Export,4275.11
2026-06-08,2,TOY-03,Unit I,Excel Slub,4204.73
2026-06-08,2,TOY-04,Unit I,Liveaco Compact,4574.84
2026-06-08,2,TOY-05,Unit I,Excel Slub,4393.17
2026-06-08,2,TOY-06,Unit I,Excel Slub,4020.3
2026-06-08,2,TOY-07,Unit I,Excel Slub,4971.24
2026-06-08,2,TOY-08,Unit I,Liveaco Compact,3331.07
2026-06-08,2,TOY-09,Unit I,Excel Slub,4485.81
2026-06-08,2,TOY-10,Unit I,VSF Export,5226.59
2026-06-08,2,TOY-11,Unit I,Excel Slub,4631.84
2026-06-08,2,TOY-12,Unit I,Liveaco Compact,4600.26
2026-06-08,2,TOY-13,Unit I,VSF Export,5336.59
2026-06-08,2,TOY-14,Unit I,Excel Slub,4299.85
2026-06-08,2,TOY-15,Unit I,Excel Slub,4416.36
2026-06-08,2,TSU-01,Unit I,VSF Export,3785.89
2026-06-08,2,TSU-02,Unit I,Excel Slub,3223.99
2026-06-08,2,TSU-03,Unit I,VSF Export,3328.52
2026-06-08,2,TSU-04,Unit I,Liveaco Compact,2908.95
2026-06-08,2,TSU-05,Unit I,Excel Slub,3142.12
2026-06-08,2,TSU-06,Unit I,Liveaco Compact,2840.51
2026-06-08,2,TSU-07,Unit I,VSF Export,3105.04
2026-06-08,2,TSU-08,Unit I,Liveaco Compact,2589.19
2026-06-08,2,TSU-09,Unit I,Liveaco Compact,2994.33
2026-06-08,2,TSU-10,Unit I,Liveaco Compact,2676.63
2026-06-08,2,SUL-01,Unit I,Liveaco Compact,541.65
2026-06-08,2,SUL-02,Unit I,Liveaco Compact,504.64
2026-06-08,2,SUL-03,Unit I,Excel Slub,458.11
2026-06-08,2,SUL-04,Unit I,Excel Slub,488.05
2026-06-08,2,SUL-05,Unit I,Liveaco Compact,485.17
2026-06-08,3,TOY-01,Unit I,Liveaco Compact,4423.62
2026-06-08,3,TOY-02,Unit I,Excel Slub,3585.39
2026-06-08,3,TOY-03,Unit I,Liveaco Compact,3733.18
2026-06-08,3,TOY-04,Unit I,Excel Slub,4299.21
2026-06-08,3,TOY-05,Unit I,Liveaco Compact,4020.92
2026-06-08,3,TOY-06,Unit I,Excel Slub,4561.74
2026-06-08,3,TOY-07,Unit I,VSF Export,4501.8
2026-06-08,3,TOY-08,Unit I,VSF Export,4355.42
2026-06-08,3,TOY-09,Unit I,Liveaco Compact,3804.23
2026-06-08,3,TOY-10,Unit I,VSF Export,4692.54
2026-06-08,3,TOY-11,Unit I,VSF Export,4981.9
2026-06-08,3,TOY-12,Unit I,VSF Export,4696.0
2026-06-08,3,TOY-13,Unit I,Liveaco Compact,3770.1
2026-06-08,3,TOY-14,Unit I,Liveaco Compact,3954.26
2026-06-08,3,TOY-15,Unit I,Liveaco Compact,4380.05
2026-06-08,3,TSU-01,Unit I,Liveaco Compact,2633.17
2026-06-08,3,TSU-02,Unit I,Excel Slub,3069.13
2026-06-08,3,TSU-03,Unit I,VSF Export,3827.73
2026-06-08,3,TSU-04,Unit I,Excel Slub,3190.01
2026-06-08,3,TSU-05,Unit I,VSF Export,3528.18
2026-06-08,3,TSU-06,Unit I,Liveaco Compact,3228.51
2026-06-08,3,TSU-07,Unit I,Excel Slub,2773.79
2026-06-08,3,TSU-08,Unit I,VSF Export,3742.29
2026-06-08,3,TSU-09,Unit I,Excel Slub,3302.08
2026-06-08,3,TSU-10,Unit I,VSF Export,3374.55
2026-06-08,3,SUL-01,Unit I,Excel Slub,619.59
2026-06-08,3,SUL-02,Unit I,Liveaco Compact,495.78
2026-06-08,3,SUL-03,Unit I,Excel Slub,526.02
2026-06-08,3,SUL-04,Unit I,Excel Slub,506.3
2026-06-08,3,SUL-05,Unit I,Liveaco Compact,579.28
2026-06-09,1,TOY-01,Unit I,VSF Export,5407.55
2026-06-09,1,TOY-02,Unit I,VSF Export,3745.63
2026-06-09,1,TOY-03,Unit I,VSF Export,4917.28
2026-06-09,1,TOY-04,Unit I,Liveaco Compact,3889.66
2026-06-09,1,TOY-05,Unit I,Excel Slub,4418.14
2026-06-09,1,TOY-06,Unit I,VSF Export,5609.35
2026-06-09,1,TOY-07,Unit I,Excel Slub,4142.96
2026-06-09,1,TOY-08,Unit I,Liveaco Compact,3353.0
2026-06-09,1,TOY-09,Unit I,Excel Slub,4092.87
2026-06-09,1,TOY-10,Unit I,Excel Slub,4279.01
2026-06-09,1,TOY-11,Unit I,Liveaco Compact,4168.76
2026-06-09,1,TOY-12,Unit I,Liveaco Compact,4066.78
2026-06-09,1,TOY-13,Unit I,VSF Export,4621.39
2026-06-09,1,TOY-14,Unit I,Excel Slub,4188.36
2026-06-09,1,TOY-15,Unit I,Excel Slub,4120.28
2026-06-09,1,TSU-01,Unit I,Liveaco Compact,2742.92
2026-06-09,1,TSU-02,Unit I,VSF Export,3921.75
2026-06-09,1,TSU-03,Unit I,VSF Export,3003.94
2026-06-09,1,TSU-04,Unit I,Excel Slub,3101.84
2026-06-09,1,TSU-05,Unit I,Excel Slub,2861.17
2026-06-09,1,TSU-06,Unit I,Excel Slub,2968.69
2026-06-09,1,TSU-07,Unit I,VSF Export,3628.89
2026-06-09,1,TSU-08,Unit I,Liveaco Compact,2742.44
2026-06-09,1,TSU-09,Unit I,Excel Slub,3093.64
2026-06-09,1,TSU-10,Unit I,Liveaco Compact,3109.06
2026-06-09,1,SUL-01,Unit I,Liveaco Compact,502.49
2026-06-09,1,SUL-02,Unit I,Liveaco Compact,561.53
2026-06-09,1,SUL-03,Unit I,Excel Slub,493.95
2026-06-09,1,SUL-04,Unit I,Liveaco Compact,559.3
2026-06-09,1,SUL-05,Unit I,VSF Export,599.73
2026-06-09,2,TOY-01,Unit I,Excel Slub,5016.19
2026-06-09,2,TOY-02,Unit I,Excel Slub,3280.46
2026-06-09,2,TOY-03,Unit I,VSF Export,4700.68
2026-06-09,2,TOY-04,Unit I,Liveaco Compact,4210.79
2026-06-09,2,TOY-05,Unit I,Excel Slub,3972.46
2026-06-09,2,TOY-06,Unit I,VSF Export,4956.93
2026-06-09,2,TOY-07,Unit I,Liveaco Compact,4335.44
2026-06-09,2,TOY-08,Unit I,Liveaco Compact,3461.38
2026-06-09,2,TOY-09,Unit I,VSF Export,5093.73
2026-06-09,2,TOY-10,Unit I,Excel Slub,4540.69
2026-06-09,2,TOY-11,Unit I,Liveaco Compact,4079.96
2026-06-09,2,TOY-12,Unit I,VSF Export,4678.01
2026-06-09,2,TOY-13,Unit I,Excel Slub,4116.46
2026-06-09,2,TOY-14,Unit I,Liveaco Compact,3407.61
2026-06-09,2,TOY-15,Unit I,Liveaco Compact,4460.31
2026-06-09,2,TSU-01,Unit I,Liveaco Compact,2957.06
2026-06-09,2,TSU-02,Unit I,Liveaco Compact,3173.65
2026-06-09,2,TSU-03,Unit I,VSF Export,3051.6
2026-06-09,2,TSU-04,Unit I,Excel Slub,2969.98
2026-06-09,2,TSU-05,Unit I,Liveaco Compact,2833.04
2026-06-09,2,TSU-06,Unit I,VSF Export,3304.29
2026-06-09,2,TSU-07,Unit I,Liveaco Compact,3113.12
2026-06-09,2,TSU-08,Unit I,Liveaco Compact,3160.68
2026-06-09,2,TSU-09,Unit I,Excel Slub,2944.82
2026-06-09,2,TSU-10,Unit I,Liveaco Compact,2697.4
2026-06-09,2,SUL-01,Unit I,VSF Export,580.43
2026-06-09,2,SUL-02,Unit I,Excel Slub,571.43
2026-06-09,2,SUL-03,Unit I,Liveaco Compact,442.22
2026-06-09,2,SUL-04,Unit I,Excel Slub,526.34
2026-06-09,2,SUL-05,Unit I,VSF Export,597.51
2026-06-09,3,TOY-01,Unit I,Liveaco Compact,4122.69
2026-06-09,3,TOY-02,Unit I,Liveaco Compact,3059.45
2026-06-09,3,TOY-03,Unit I,VSF Export,5176.58
2026-06-09,3,TOY-04,Unit I,VSF Export,4431.96
2026-06-09,3,TOY-05,Unit I,Liveaco Compact,3647.33
2026-06-09,3,TOY-06,Unit I,VSF Export,4030.52
2026-06-09,3,TOY-07,Unit I,Excel Slub,4779.56
2026-06-09,3,TOY-08,Unit I,VSF Export,4436.76
2026-06-09,3,TOY-09,Unit I,Excel Slub,4871.98
2026-06-09,3,TOY-10,Unit I,Liveaco Compact,3791.89
2026-06-09,3,TOY-11,Unit I,Liveaco Compact,4139.4
2026-06-09,3,TOY-12,Unit I,VSF Export,5389.93
2026-06-09,3,TOY-13,Unit I,VSF Export,4427.16
2026-06-09,3,TOY-14,Unit I,Liveaco Compact,4483.65
2026-06-09,3,TOY-15,Unit I,VSF Export,4941.36
2026-06-09,3,TSU-01,Unit I,VSF Export,3871.08
2026-06-09,3,TSU-02,Unit I,Excel Slub,3029.6
2026-06-09,3,TSU-03,Unit I,VSF Export,3591.92
2026-06-09,3,TSU-04,Unit I,Excel Slub,3183.25
2026-06-09,3,TSU-05,Unit I,VSF Export,3002.28
2026-06-09,3,TSU-06,Unit I,VSF Export,3630.23
2026-06-09,3,TSU-07,Unit I,Liveaco Compact,2802.14
2026-06-09,3,TSU-08,Unit I,Liveaco Compact,3164.85
2026-06-09,3,TSU-09,Unit I,VSF Export,3330.03
2026-06-09,3,TSU-10,Unit I,Excel Slub,3207.08
2026-06-09,3,SUL-01,Unit I,Excel Slub,583.47
2026-06-09,3,SUL-02,Unit I,Liveaco Compact,498.46
2026-06-09,3,SUL-03,Unit I,Excel Slub,491.34
2026-06-09,3,SUL-04,Unit I,Liveaco Compact,486.08
2026-06-09,3,SUL-05,Unit I,Liveaco Compact,493.51
2026-06-10,1,TOY-01,Unit I,Liveaco Compact,4470.64
2026-06-10,1,TOY-02,Unit I,Liveaco Compact,2805.95
2026-06-10,1,TOY-03,Unit I,Excel Slub,4064.59
2026-06-10,1,TOY-04,Unit I,Liveaco Compact,4425.46
2026-06-10,1,TOY-05,Unit I,Liveaco Compact,3883.37
2026-06-10,1,TOY-06,Unit I,Excel Slub,4180.67
2026-06-10,1,TOY-07,Unit I,Liveaco Compact,4091.09
2026-06-10,1,TOY-08,Unit I,Liveaco Compact,3561.36
2026-06-10,1,TOY-09,Unit I,VSF Export,5336.26
2026-06-10,1,TOY-10,Unit I,Excel Slub,4420.21
2026-06-10,1,TOY-11,Unit I,Excel Slub,3862.0
2026-06-10,1,TOY-12,Unit I,Excel Slub,4360.41
2026-06-10,1,TOY-13,Unit I,Excel Slub,3961.74
2026-06-10,1,TOY-14,Unit I,Excel Slub,4283.38
2026-06-10,1,TOY-15,Unit I,VSF Export,5229.15
2026-06-10,1,TSU-01,Unit I,VSF Export,3225.69
2026-06-10,1,TSU-02,Unit I,Excel Slub,3029.9
2026-06-10,1,TSU-03,Unit I,Liveaco Compact,2563.67
2026-06-10,1,TSU-04,Unit I,Excel Slub,2967.85
2026-06-10,1,TSU-05,Unit I,Excel Slub,3114.98
2026-06-10,1,TSU-06,Unit I,Excel Slub,2770.0
2026-06-10,1,TSU-07,Unit I,Excel Slub,3148.73
2026-06-10,1,TSU-08,Unit I,Excel Slub,2904.27
2026-06-10,1,TSU-09,Unit I,Excel Slub,3320.55
2026-06-10,1,TSU-10,Unit I,Excel Slub,3206.99
2026-06-10,1,SUL-01,Unit I,Excel Slub,563.11
2026-06-10,1,SUL-02,Unit I,Liveaco Compact,586.85
2026-06-10,1,SUL-03,Unit I,Liveaco Compact,464.87
2026-06-10,1,SUL-04,Unit I,Excel Slub,545.45
2026-06-10,1,SUL-05,Unit I,VSF Export,621.19
2026-06-10,2,TOY-01,Unit I,Liveaco Compact,3804.15
2026-06-10,2,TOY-02,Unit I,Excel Slub,3245.93
2026-06-10,2,TOY-03,Unit I,Excel Slub,4695.7
2026-06-10,2,TOY-04,Unit I,VSF Export,4945.22
2026-06-10,2,TOY-05,Unit I,VSF Export,5363.77
2026-06-10,2,TOY-06,Unit I,VSF Export,5416.92
2026-06-10,2,TOY-07,Unit I,Liveaco Compact,3991.92
2026-06-10,2,TOY-08,Unit I,Excel Slub,4169.6
2026-06-10,2,TOY-09,Unit I,VSF Export,4744.04
2026-06-10,2,TOY-10,Unit I,Excel Slub,4409.39
2026-06-10,2,TOY-11,Unit I,Liveaco Compact,3893.66
2026-06-10,2,TOY-12,Unit I,Excel Slub,4145.22
2026-06-10,2,TOY-13,Unit I,VSF Export,4919.17
2026-06-10,2,TOY-14,Unit I,Liveaco Compact,4335.37
2026-06-10,2,TOY-15,Unit I,VSF Export,4638.55
2026-06-10,2,TSU-01,Unit I,Liveaco Compact,2645.42
2026-06-10,2,TSU-02,Unit I,VSF Export,3680.75
2026-06-10,2,TSU-03,Unit I,VSF Export,3552.95
2026-06-10,2,TSU-04,Unit I,VSF Export,3689.61
2026-06-10,2,TSU-05,Unit I,VSF Export,3395.57
2026-06-10,2,TSU-06,Unit I,Liveaco Compact,3012.18
2026-06-10,2,TSU-07,Unit I,Excel Slub,3099.54
2026-06-10,2,TSU-08,Unit I,Liveaco Compact,3005.73
2026-06-10,2,TSU-09,Unit I,Liveaco Compact,2893.77
2026-06-10,2,TSU-10,Unit I,Liveaco Compact,2740.73
2026-06-10,2,SUL-01,Unit I,Excel Slub,522.71
2026-06-10,2,SUL-02,Unit I,VSF Export,707.93
2026-06-10,2,SUL-03,Unit I,VSF Export,586.27
2026-06-10,2,SUL-04,Unit I,Excel Slub,599.33
2026-06-10,2,SUL-05,Unit I,Liveaco Compact,467.22
2026-06-10,3,TOY-01,Unit I,Liveaco Compact,3989.86
2026-06-10,3,TOY-02,Unit I,VSF Export,3679.79
2026-06-10,3,TOY-03,Unit I,Liveaco Compact,4664.94
2026-06-10,3,TOY-04,Unit I,Excel Slub,3995.62
2026-06-10,3,TOY-05,Unit I,VSF Export,4935.95
2026-06-10,3,TOY-06,Unit I,VSF Export,5397.16
2026-06-10,3,TOY-07,Unit I,VSF Export,5129.54
2026-06-10,3,TOY-08,Unit I,VSF Export,3934.81
2026-06-10,3,TOY-09,Unit I,Excel Slub,4333.9
2026-06-10,3,TOY-10,Unit I,Liveaco Compact,4368.21
2026-06-10,3,TOY-11,Unit I,VSF Export,4860.76
2026-06-10,3,TOY-12,Unit I,VSF Export,5355.84
2026-06-10,3,TOY-13,Unit I,VSF Export,4889.0
2026-06-10,3,TOY-14,Unit I,Excel Slub,4233.16
2026-06-10,3,TOY-15,Unit I,VSF Export,4746.16
2026-06-10,3,TSU-01,Unit I,Excel Slub,3265.25
2026-06-10,3,TSU-02,Unit I,Excel Slub,3410.84
2026-06-10,3,TSU-03,Unit I,Liveaco Compact,2705.69
2026-06-10,3,TSU-04,Unit I,Liveaco Compact,3156.53
2026-06-10,3,TSU-05,Unit I,VSF Export,3304.57
2026-06-10,3,TSU-06,Unit I,VSF Export,3214.54
2026-06-10,3,TSU-07,Unit I,Liveaco Compact,2755.14
2026-06-10,3,TSU-08,Unit I,VSF Export,3239.19
2026-06-10,3,TSU-09,Unit I,Excel Slub,3348.12
2026-06-10,3,TSU-10,Unit I,Liveaco Compact,2751.68
2026-06-10,3,SUL-01,Unit I,VSF Export,605.64
2026-06-10,3,SUL-02,Unit I,VSF Export,586.21
2026-06-10,3,SUL-03,Unit I,VSF Export,706.34
2026-06-10,3,SUL-04,Unit I,Excel Slub,636.63
2026-06-10,3,SUL-05,Unit I,VSF Export,565.41
2026-06-11,1,TOY-01,Unit I,Excel Slub,4801.71
2026-06-11,1,TOY-02,Unit I,VSF Export,4272.86
2026-06-11,1,TOY-03,Unit I,Excel Slub,4189.04
2026-06-11,1,TOY-04,Unit I,Liveaco Compact,3731.57
2026-06-11,1,TOY-05,Unit I,Liveaco Compact,3933.41
2026-06-11,1,TOY-06,Unit I,Liveaco Compact,3451.54
2026-06-11,1,TOY-07,Unit I,Excel Slub,4135.31
2026-06-11,1,TOY-08,Unit I,VSF Export,4079.31
2026-06-11,1,TOY-09,Unit I,Excel Slub,4479.61
2026-06-11,1,TOY-10,Unit I,VSF Export,4694.86
2026-06-11,1,TOY-11,Unit I,Excel Slub,4306.79
2026-06-11,1,TOY-12,Unit I,Liveaco Compact,4240.01
2026-06-11,1,TOY-13,Unit I,Excel Slub,4321.28
2026-06-11,1,TOY-14,Unit I,VSF Export,5476.33
2026-06-11,1,TOY-15,Unit I,Liveaco Compact,4007.59
2026-06-11,1,TSU-01,Unit I,Liveaco Compact,2509.24
2026-06-11,1,TSU-02,Unit I,Excel Slub,3034.87
2026-06-11,1,TSU-03,Unit I,VSF Export,2997.5
2026-06-11,1,TSU-04,Unit I,Excel Slub,3240.29
2026-06-11,1,TSU-05,Unit I,VSF Export,3456.97
2026-06-11,1,TSU-06,Unit I,Liveaco Compact,2706.74
2026-06-11,1,TSU-07,Unit I,Excel Slub,2858.09
2026-06-11,1,TSU-08,Unit I,VSF Export,3251.92
2026-06-11,1,TSU-09,Unit I,Liveaco Compact,3024.67
2026-06-11,1,TSU-10,Unit I,VSF Export,3560.48
2026-06-11,1,SUL-01,Unit I,Excel Slub,535.21
2026-06-11,1,SUL-02,Unit I,Excel Slub,492.34
2026-06-11,1,SUL-03,Unit I,Liveaco Compact,490.1
2026-06-11,1,SUL-04,Unit I,Liveaco Compact,503.6
2026-06-11,1,SUL-05,Unit I,VSF Export,596.84
2026-06-11,2,TOY-01,Unit I,Liveaco Compact,4460.52
2026-06-11,2,TOY-02,Unit I,Excel Slub,3965.66
2026-06-11,2,TOY-03,Unit I,Liveaco Compact,4412.92
2026-06-11,2,TOY-04,Unit I,VSF Export,5020.73
2026-06-11,2,TOY-05,Unit I,Liveaco Compact,4026.29
2026-06-11,2,TOY-06,Unit I,VSF Export,4413.42
2026-06-11,2,TOY-07,Unit I,Excel Slub,4825.25
2026-06-11,2,TOY-08,Unit I,Excel Slub,3636.19
2026-06-11,2,TOY-09,Unit I,VSF Export,5360.14
2026-06-11,2,TOY-10,Unit I,VSF Export,5068.73
2026-06-11,2,TOY-11,Unit I,VSF Export,4800.52
2026-06-11,2,TOY-12,Unit I,Excel Slub,4447.55
2026-06-11,2,TOY-13,Unit I,VSF Export,4432.65
2026-06-11,2,TOY-14,Unit I,Liveaco Compact,3878.54
2026-06-11,2,TOY-15,Unit I,VSF Export,5203.5
2026-06-11,2,TSU-01,Unit I,Liveaco Compact,2845.7
2026-06-11,2,TSU-02,Unit I,Excel Slub,2992.27
2026-06-11,2,TSU-03,Unit I,VSF Export,3732.6
2026-06-11,2,TSU-04,Unit I,Excel Slub,2892.55
2026-06-11,2,TSU-05,Unit I,VSF Export,3709.08
2026-06-11,2,TSU-06,Unit I,VSF Export,3659.05
2026-06-11,2,TSU-07,Unit I,Excel Slub,2793.05
2026-06-11,2,TSU-08,Unit I,Excel Slub,3073.01
2026-06-11,2,TSU-09,Unit I,VSF Export,3017.0
2026-06-11,2,TSU-10,Unit I,Liveaco Compact,2891.72
2026-06-11,2,SUL-01,Unit I,Excel Slub,527.08
2026-06-11,2,SUL-02,Unit I,Excel Slub,553.58
2026-06-11,2,SUL-03,Unit I,Liveaco Compact,570.4
2026-06-11,2,SUL-04,Unit I,VSF Export,615.96
2026-06-11,2,SUL-05,Unit I,Liveaco Compact,501.51
2026-06-11,3,TOY-01,Unit I,Excel Slub,4659.27
2026-06-11,3,TOY-02,Unit I,Excel Slub,3647.75
2026-06-11,3,TOY-03,Unit I,VSF Export,5229.77
2026-06-11,3,TOY-04,Unit I,VSF Export,5109.14
2026-06-11,3,TOY-05,Unit I,Excel Slub,4084.87
2026-06-11,3,TOY-06,Unit I,Liveaco Compact,4356.33
2026-06-11,3,TOY-07,Unit I,Liveaco Compact,4144.7
2026-06-11,3,TOY-08,Unit I,Excel Slub,3640.21
2026-06-11,3,TOY-09,Unit I,Excel Slub,4567.83
2026-06-11,3,TOY-10,Unit I,Liveaco Compact,4379.55
2026-06-11,3,TOY-11,Unit I,Excel Slub,4205.73
2026-06-11,3,TOY-12,Unit I,VSF Export,5050.15
2026-06-11,3,TOY-13,Unit I,VSF Export,4714.92
2026-06-11,3,TOY-14,Unit I,VSF Export,4957.51
2026-06-11,3,TOY-15,Unit I,VSF Export,5211.47
2026-06-11,3,TSU-01,Unit I,Excel Slub,3374.41
2026-06-11,3,TSU-02,Unit I,Excel Slub,3288.2
2026-06-11,3,TSU-03,Unit I,VSF Export,3452.44
2026-06-11,3,TSU-04,Unit I,Excel Slub,2921.35
2026-06-11,3,TSU-05,Unit I,Liveaco Compact,2807.69
2026-06-11,3,TSU-06,Unit I,VSF Export,3400.22
2026-06-11,3,TSU-07,Unit I,VSF Export,3498.14
2026-06-11,3,TSU-08,Unit I,Liveaco Compact,2956.42
2026-06-11,3,TSU-09,Unit I,Excel Slub,3085.21
2026-06-11,3,TSU-10,Unit I,Liveaco Compact,2774.89
2026-06-11,3,SUL-01,Unit I,VSF Export,583.4
2026-06-11,3,SUL-02,Unit I,Liveaco Compact,446.9
2026-06-11,3,SUL-03,Unit I,VSF Export,608.05
2026-06-11,3,SUL-04,Unit I,VSF Export,580.9
2026-06-11,3,SUL-05,Unit I,Liveaco Compact,539.56
2026-06-12,1,TOY-01,Unit I,VSF Export,4960.67
2026-06-12,1,TOY-02,Unit I,VSF Export,3969.81
2026-06-12,1,TOY-03,Unit I,Excel Slub,4544.21
2026-06-12,1,TOY-04,Unit I,Excel Slub,4300.32
2026-06-12,1,TOY-05,Unit I,VSF Export,4985.1
2026-06-12,1,TOY-06,Unit I,Excel Slub,4367.79
2026-06-12,1,TOY-07,Unit I,VSF Export,4299.75
2026-06-12,1,TOY-08,Unit I,Liveaco Compact,3332.61
2026-06-12,1,TOY-09,Unit I,Excel Slub,4682.06
2026-06-12,1,TOY-10,Unit I,Excel Slub,4263.65
2026-06-12,1,TOY-11,Unit I,VSF Export,5551.48
2026-06-12,1,TOY-12,Unit I,Liveaco Compact,4165.53
2026-06-12,1,TOY-13,Unit I,Excel Slub,4579.65
2026-06-12,1,TOY-14,Unit I,Liveaco Compact,4130.86
2026-06-12,1,TOY-15,Unit I,Liveaco Compact,4148.12
2026-06-12,1,TSU-01,Unit I,VSF Export,3369.02
2026-06-12,1,TSU-02,Unit I,VSF Export,3858.9
2026-06-12,1,TSU-03,Unit I,VSF Export,3343.95
2026-06-12,1,TSU-04,Unit I,Liveaco Compact,2870.58
2026-06-12,1,TSU-05,Unit I,Liveaco Compact,3049.55
2026-06-12,1,TSU-06,Unit I,Liveaco Compact,3020.9
2026-06-12,1,TSU-07,Unit I,Liveaco Compact,2578.09
2026-06-12,1,TSU-08,Unit I,Liveaco Compact,2917.98
2026-06-12,1,TSU-09,Unit I,VSF Export,3180.98
2026-06-12,1,TSU-10,Unit I,Excel Slub,2479.3
2026-06-12,1,SUL-01,Unit I,VSF Export,677.61
2026-06-12,1,SUL-02,Unit I,Liveaco Compact,497.99
2026-06-12,1,SUL-03,Unit I,Liveaco Compact,475.09
2026-06-12,1,SUL-04,Unit I,Excel Slub,539.97
2026-06-12,1,SUL-05,Unit I,VSF Export,614.57
2026-06-12,2,TOY-01,Unit I,Liveaco Compact,4236.44
2026-06-12,2,TOY-02,Unit I,VSF Export,3541.99
2026-06-12,2,TOY-03,Unit I,Liveaco Compact,3959.09
2026-06-12,2,TOY-04,Unit I,Liveaco Compact,4258.59
2026-06-12,2,TOY-05,Unit I,Liveaco Compact,3500.06
2026-06-12,2,TOY-06,Unit I,Liveaco Compact,4075.1
2026-06-12,2,TOY-07,Unit I,Liveaco Compact,3743.83
2026-06-12,2,TOY-08,Unit I,VSF Export,3610.2
2026-06-12,2,TOY-09,Unit I,VSF Export,5093.36
2026-06-12,2,TOY-10,Unit I,Excel Slub,4650.1
2026-06-12,2,TOY-11,Unit I,Liveaco Compact,4271.0
2026-06-12,2,TOY-12,Unit I,Liveaco Compact,3384.2
2026-06-12,2,TOY-13,Unit I,VSF Export,5130.35
2026-06-12,2,TOY-14,Unit I,Liveaco Compact,3662.87
2026-06-12,2,TOY-15,Unit I,VSF Export,4514.24
2026-06-12,2,TSU-01,Unit I,Excel Slub,3303.57
2026-06-12,2,TSU-02,Unit I,VSF Export,3309.34
2026-06-12,2,TSU-03,Unit I,Liveaco Compact,2554.01
2026-06-12,2,TSU-04,Unit I,Liveaco Compact,2299.06
2026-06-12,2,TSU-05,Unit I,Liveaco Compact,3057.93
2026-06-12,2,TSU-06,Unit I,Excel Slub,3274.57
2026-06-12,2,TSU-07,Unit I,VSF Export,3365.67
2026-06-12,2,TSU-08,Unit I,Liveaco Compact,2752.8
2026-06-12,2,TSU-09,Unit I,VSF Export,3296.08
2026-06-12,2,TSU-10,Unit I,VSF Export,3890.77
2026-06-12,2,SUL-01,Unit I,VSF Export,619.86
2026-06-12,2,SUL-02,Unit I,VSF Export,645.13
2026-06-12,2,SUL-03,Unit I,Excel Slub,518.44
2026-06-12,2,SUL-04,Unit I,Liveaco Compact,515.02
2026-06-12,2,SUL-05,Unit I,Liveaco Compact,545.87
2026-06-12,3,TOY-01,Unit I,Excel Slub,4699.57
2026-06-12,3,TOY-02,Unit I,Excel Slub,3125.75
2026-06-12,3,TOY-03,Unit I,VSF Export,5046.04
2026-06-12,3,TOY-04,Unit I,VSF Export,5353.6
2026-06-12,3,TOY-05,Unit I,Liveaco Compact,4264.85
2026-06-12,3,TOY-06,Unit I,Excel Slub,4603.17
2026-06-12,3,TOY-07,Unit I,Liveaco Compact,4000.75
2026-06-12,3,TOY-08,Unit I,Liveaco Compact,3349.59
2026-06-12,3,TOY-09,Unit I,Liveaco Compact,3958.86
2026-06-12,3,TOY-10,Unit I,Liveaco Compact,4025.52
2026-06-12,3,TOY-11,Unit I,VSF Export,4742.33
2026-06-12,3,TOY-12,Unit I,VSF Export,5043.67
2026-06-12,3,TOY-13,Unit I,VSF Export,5454.98
2026-06-12,3,TOY-14,Unit I,Liveaco Compact,3825.26
2026-06-12,3,TOY-15,Unit I,VSF Export,5127.37
2026-06-12,3,TSU-01,Unit I,Liveaco Compact,2905.27
2026-06-12,3,TSU-02,Unit I,Liveaco Compact,2859.9
2026-06-12,3,TSU-03,Unit I,Excel Slub,2625.17
2026-06-12,3,TSU-04,Unit I,Liveaco Compact,2367.31
2026-06-12,3,TSU-05,Unit I,Excel Slub,2868.24
2026-06-12,3,TSU-06,Unit I,VSF Export,2894.31
2026-06-12,3,TSU-07,Unit I,Liveaco Compact,2619.11
2026-06-12,3,TSU-08,Unit I,VSF Export,3059.59
2026-06-12,3,TSU-09,Unit I,Excel Slub,2896.09
2026-06-12,3,TSU-10,Unit I,Liveaco Compact,3265.79
2026-06-12,3,SUL-01,Unit I,Excel Slub,541.89
2026-06-12,3,SUL-02,Unit I,Excel Slub,510.34
2026-06-12,3,SUL-03,Unit I,Excel Slub,574.24
2026-06-12,3,SUL-04,Unit I,Liveaco Compact,507.67
2026-06-12,3,SUL-05,Unit I,Excel Slub,635.6
2026-06-13,1,TOY-01,Unit I,Excel Slub,4133.6
2026-06-13,1,TOY-02,Unit I,Excel Slub,3434.96
2026-06-13,1,TOY-03,Unit I,VSF Export,4673.66
2026-06-13,1,TOY-04,Unit I,Liveaco Compact,4710.51
2026-06-13,1,TOY-05,Unit I,Liveaco Compact,4494.22
2026-06-13,1,TOY-06,Unit I,Excel Slub,4159.38
2026-06-13,1,TOY-07,Unit I,VSF Export,4691.83
2026-06-13,1,TOY-08,Unit I,Liveaco Compact,3494.17
2026-06-13,1,TOY-09,Unit I,VSF Export,5324.68
2026-06-13,1,TOY-10,Unit I,Excel Slub,4610.13
2026-06-13,1,TOY-11,Unit I,Liveaco Compact,3825.55
2026-06-13,1,TOY-12,Unit I,VSF Export,4472.14
2026-06-13,1,TOY-13,Unit I,Liveaco Compact,3935.86
2026-06-13,1,TOY-14,Unit I,Liveaco Compact,4257.14
2026-06-13,1,TOY-15,Unit I,VSF Export,4512.92
2026-06-13,1,TSU-01,Unit I,Excel Slub,2894.73
2026-06-13,1,TSU-02,Unit I,VSF Export,3269.31
2026-06-13,1,TSU-03,Unit I,VSF Export,3749.51
2026-06-13,1,TSU-04,Unit I,Excel Slub,3106.58
2026-06-13,1,TSU-05,Unit I,VSF Export,3224.08
2026-06-13,1,TSU-06,Unit I,Liveaco Compact,2866.81
2026-06-13,1,TSU-07,Unit I,Excel Slub,3017.72
2026-06-13,1,TSU-08,Unit I,Excel Slub,2580.39
2026-06-13,1,TSU-09,Unit I,Liveaco Compact,2783.57
2026-06-13,1,TSU-10,Unit I,VSF Export,3462.71
2026-06-13,1,SUL-01,Unit I,VSF Export,514.06
2026-06-13,1,SUL-02,Unit I,Excel Slub,563.33
2026-06-13,1,SUL-03,Unit I,Excel Slub,576.79
2026-06-13,1,SUL-04,Unit I,Liveaco Compact,514.16
2026-06-13,1,SUL-05,Unit I,Liveaco Compact,547.11
2026-06-13,2,TOY-01,Unit I,VSF Export,5135.7
2026-06-13,2,TOY-02,Unit I,VSF Export,3305.46
2026-06-13,2,TOY-03,Unit I,Liveaco Compact,4524.93
2026-06-13,2,TOY-04,Unit I,Liveaco Compact,3670.14
2026-06-13,2,TOY-05,Unit I,Liveaco Compact,3622.07
2026-06-13,2,TOY-06,Unit I,VSF Export,4482.83
2026-06-13,2,TOY-07,Unit I,Excel Slub,4386.92
2026-06-13,2,TOY-08,Unit I,VSF Export,3881.13
2026-06-13,2,TOY-09,Unit I,VSF Export,5124.93
2026-06-13,2,TOY-10,Unit I,Excel Slub,4286.93
2026-06-13,2,TOY-11,Unit I,Excel Slub,3816.51
2026-06-13,2,TOY-12,Unit I,VSF Export,4746.82
2026-06-13,2,TOY-13,Unit I,Liveaco Compact,3617.88
2026-06-13,2,TOY-14,Unit I,Excel Slub,4743.87
2026-06-13,2,TOY-15,Unit I,Liveaco Compact,3818.44
2026-06-13,2,TSU-01,Unit I,VSF Export,3438.37
2026-06-13,2,TSU-02,Unit I,Excel Slub,3202.07
2026-06-13,2,TSU-03,Unit I,VSF Export,3822.01
2026-06-13,2,TSU-04,Unit I,Excel Slub,3288.68
2026-06-13,2,TSU-05,Unit I,Liveaco Compact,2879.33
2026-06-13,2,TSU-06,Unit I,Excel Slub,2996.63
2026-06-13,2,TSU-07,Unit I,Excel Slub,2987.29
2026-06-13,2,TSU-08,Unit I,Excel Slub,3017.27
2026-06-13,2,TSU-09,Unit I,VSF Export,3742.39
2026-06-13,2,TSU-10,Unit I,VSF Export,3645.2
2026-06-13,2,SUL-01,Unit I,Liveaco Compact,524.61
2026-06-13,2,SUL-02,Unit I,Excel Slub,520.62
2026-06-13,2,SUL-03,Unit I,Liveaco Compact,441.01
2026-06-13,2,SUL-04,Unit I,Liveaco Compact,531.39
2026-06-13,2,SUL-05,Unit I,Excel Slub,565.35
2026-06-13,3,TOY-01,Unit I,Excel Slub,4303.8
2026-06-13,3,TOY-02,Unit I,Liveaco Compact,2721.91
2026-06-13,3,TOY-03,Unit I,Excel Slub,4483.66
2026-06-13,3,TOY-04,Unit I,Liveaco Compact,3865.29
2026-06-13,3,TOY-05,Unit I,Excel Slub,4261.59
2026-06-13,3,TOY-06,Unit I,VSF Export,4585.42
2026-06-13,3,TOY-07,Unit I,Excel Slub,4559.13
2026-06-13,3,TOY-08,Unit I,Liveaco Compact,3608.07
2026-06-13,3,TOY-09,Unit I,Excel Slub,4187.03
2026-06-13,3,TOY-10,Unit I,Liveaco Compact,3912.56
2026-06-13,3,TOY-11,Unit I,Excel Slub,3738.76
2026-06-13,3,TOY-12,Unit I,VSF Export,5292.4
2026-06-13,3,TOY-13,Unit I,Excel Slub,3741.83
2026-06-13,3,TOY-14,Unit I,VSF Export,4927.73
2026-06-13,3,TOY-15,Unit I,VSF Export,5672.11
2026-06-13,3,TSU-01,Unit I,VSF Export,3365.27
2026-06-13,3,TSU-02,Unit I,VSF Export,3226.54
2026-06-13,3,TSU-03,Unit I,VSF Export,3125.04
2026-06-13,3,TSU-04,Unit I,VSF Export,3361.99
2026-06-13,3,TSU-05,Unit I,VSF Export,3253.12
2026-06-13,3,TSU-06,Unit I,Liveaco Compact,2884.09
2026-06-13,3,TSU-07,Unit I,VSF Export,3082.39
2026-06-13,3,TSU-08,Unit I,Excel Slub,3455.28
2026-06-13,3,TSU-09,Unit I,Excel Slub,3000.35
2026-06-13,3,TSU-10,Unit I,VSF Export,2874.95
2026-06-13,3,SUL-01,Unit I,VSF Export,683.58
2026-06-13,3,SUL-02,Unit I,VSF Export,621.39
2026-06-13,3,SUL-03,Unit I,VSF Export,570.17
2026-06-13,3,SUL-04,Unit I,VSF Export,605.24
2026-06-13,3,SUL-05,Unit I,Excel Slub,553.67
2026-06-14,1,TOY-01,Unit I,Liveaco Compact,3949.02
2026-06-14,1,TOY-02,Unit I,VSF Export,3749.93
2026-06-14,1,TOY-03,Unit I,Liveaco Compact,3787.62
2026-06-14,1,TOY-04,Unit I,Excel Slub,4667.67
2026-06-14,1,TOY-05,Unit I,VSF Export,5363.79
2026-06-14,1,TOY-06,Unit I,Liveaco Compact,4204.85
2026-06-14,1,TOY-07,Unit I,Excel Slub,4149.14
2026-06-14,1,TOY-08,Unit I,Excel Slub,4083.81
2026-06-14,1,TOY-09,Unit I,Excel Slub,4864.15
2026-06-14,1,TOY-10,Unit I,Excel Slub,3979.3
2026-06-14,1,TOY-11,Unit I,Liveaco Compact,4612.08
2026-06-14,1,TOY-12,Unit I,Liveaco Compact,4434.11
2026-06-14,1,TOY-13,Unit I,Liveaco Compact,4108.99
2026-06-14,1,TOY-14,Unit I,Liveaco Compact,4318.94
2026-06-14,1,TOY-15,Unit I,VSF Export,5093.85
2026-06-14,1,TSU-01,Unit I,VSF Export,3775.88
2026-06-14,1,TSU-02,Unit I,Liveaco Compact,2706.3
2026-06-14,1,TSU-03,Unit I,Excel Slub,2984.79
2026-06-14,1,TSU-04,Unit I,VSF Export,2924.88
2026-06-14,1,TSU-05,Unit I,VSF Export,3822.68
2026-06-14,1,TSU-06,Unit I,Liveaco Compact,2877.24
2026-06-14,1,TSU-07,Unit I,Liveaco Compact,2867.08
2026-06-14,1,TSU-08,Unit I,VSF Export,3901.7
2026-06-14,1,TSU-09,Unit I,Excel Slub,3040.37
2026-06-14,1,TSU-10,Unit I,Excel Slub,3312.69
2026-06-14,1,SUL-01,Unit I,Liveaco Compact,461.67
2026-06-14,1,SUL-02,Unit I,VSF Export,650.6
2026-06-14,1,SUL-03,Unit I,Excel Slub,542.91
2026-06-14,1,SUL-04,Unit I,VSF Export,681.09
2026-06-14,1,SUL-05,Unit I,Excel Slub,498.49
2026-06-14,2,TOY-01,Unit I,Excel Slub,3927.84
2026-06-14,2,TOY-02,Unit I,Excel Slub,3558.66
2026-06-14,2,TOY-03,Unit I,VSF Export,4367.66
2026-06-14,2,TOY-04,Unit I,Excel Slub,4300.55
2026-06-14,2,TOY-05,Unit I,Excel Slub,4432.87
2026-06-14,2,TOY-06,Unit I,VSF Export,5416.16
2026-06-14,2,TOY-07,Unit I,VSF Export,4497.73
2026-06-14,2,TOY-08,Unit I,VSF Export,3516.37
2026-06-14,2,TOY-09,Unit I,Liveaco Compact,4147.24
2026-06-14,2,TOY-10,Unit I,Liveaco Compact,4591.61
2026-06-14,2,TOY-11,Unit I,Excel Slub,4566.77
2026-06-14,2,TOY-12,Unit I,VSF Export,4721.92
2026-06-14,2,TOY-13,Unit I,Excel Slub,4569.58
2026-06-14,2,TOY-14,Unit I,VSF Export,5269.76
2026-06-14,2,TOY-15,Unit I,VSF Export,4986.33
2026-06-14,2,TSU-01,Unit I,Liveaco Compact,2827.24
2026-06-14,2,TSU-02,Unit I,VSF Export,3257.13
2026-06-14,2,TSU-03,Unit I,VSF Export,3178.91
2026-06-14,2,TSU-04,Unit I,Liveaco Compact,2755.78
2026-06-14,2,TSU-05,Unit I,VSF Export,3281.48
2026-06-14,2,TSU-06,Unit I,Excel Slub,2618.39
2026-06-14,2,TSU-07,Unit I,VSF Export,3571.79
2026-06-14,2,TSU-08,Unit I,Liveaco Compact,2786.01
2026-06-14,2,TSU-09,Unit I,Excel Slub,2757.12
2026-06-14,2,TSU-10,Unit I,Liveaco Compact,2687.44
2026-06-14,2,SUL-01,Unit I,Excel Slub,488.45
2026-06-14,2,SUL-02,Unit I,Liveaco Compact,524.04
2026-06-14,2,SUL-03,Unit I,Excel Slub,559.44
2026-06-14,2,SUL-04,Unit I,Liveaco Compact,576.53
2026-06-14,2,SUL-05,Unit I,Liveaco Compact,566.38
2026-06-14,3,TOY-01,Unit I,Excel Slub,4143.32
2026-06-14,3,TOY-02,Unit I,Excel Slub,4204.37
2026-06-14,3,TOY-03,Unit I,Excel Slub,4944.52
2026-06-14,3,TOY-04,Unit I,Excel Slub,4107.4
2026-06-14,3,TOY-05,Unit I,VSF Export,5305.18
2026-06-14,3,TOY-06,Unit I,Liveaco Compact,3484.97
2026-06-14,3,TOY-07,Unit I,VSF Export,5260.87
2026-06-14,3,TOY-08,Unit I,Liveaco Compact,3622.58
2026-06-14,3,TOY-09,Unit I,Excel Slub,4250.6
2026-06-14,3,TOY-10,Unit I,Liveaco Compact,4631.04
2026-06-14,3,TOY-11,Unit I,VSF Export,5111.76
2026-06-14,3,TOY-12,Unit I,Excel Slub,4400.31
2026-06-14,3,TOY-13,Unit I,Liveaco Compact,3887.52
2026-06-14,3,TOY-14,Unit I,VSF Export,4563.5
2026-06-14,3,TOY-15,Unit I,Liveaco Compact,3732.31
2026-06-14,3,TSU-01,Unit I,VSF Export,3470.05
2026-06-14,3,TSU-02,Unit I,Liveaco Compact,2793.77
2026-06-14,3,TSU-03,Unit I,VSF Export,3602.73
2026-06-14,3,TSU-04,Unit I,Excel Slub,2922.7
2026-06-14,3,TSU-05,Unit I,Liveaco Compact,2778.93
2026-06-14,3,TSU-06,Unit I,VSF Export,2849.31
2026-06-14,3,TSU-07,Unit I,Excel Slub,3177.57
2026-06-14,3,TSU-08,Unit I,VSF Export,3881.72
2026-06-14,3,TSU-09,Unit I,VSF Export,3314.28
2026-06-14,3,TSU-10,Unit I,Liveaco Compact,2825.82
2026-06-14,3,SUL-01,Unit I,VSF Export,636.35
2026-06-14,3,SUL-02,Unit I,Excel Slub,513.49
2026-06-14,3,SUL-03,Unit I,VSF Export,620.99
2026-06-14,3,SUL-04,Unit I,VSF Export,625.48
2026-06-14,3,SUL-05,Unit I,Liveaco Compact,460.76
2026-06-15,1,TOY-01,Unit I,Liveaco Compact,3845.08
2026-06-15,1,TOY-02,Unit I,VSF Export,4386.39
2026-06-15,1,TOY-03,Unit I,VSF Export,4860.75
2026-06-15,1,TOY-04,Unit I,VSF Export,5308.07
2026-06-15,1,TOY-05,Unit I,Excel Slub,4965.98
2026-06-15,1,TOY-06,Unit I,Liveaco Compact,3579.86
2026-06-15,1,TOY-07,Unit I,Liveaco Compact,4078.5
2026-06-15,1,TOY-08,Unit I,VSF Export,4631.58
2026-06-15,1,TOY-09,Unit I,Excel Slub,4564.94
2026-06-15,1,TOY-10,Unit I,Liveaco Compact,4097.32
2026-06-15,1,TOY-11,Unit I,VSF Export,4901.73
2026-06-15,1,TOY-12,Unit I,Liveaco Compact,3522.37
2026-06-15,1,TOY-13,Unit I,VSF Export,4750.51
2026-06-15,1,TOY-14,Unit I,Liveaco Compact,4104.8
2026-06-15,1,TOY-15,Unit I,Excel Slub,4388.41
2026-06-15,1,TSU-01,Unit I,VSF Export,3531.02
2026-06-15,1,TSU-02,Unit I,Liveaco Compact,2404.2
2026-06-15,1,TSU-03,Unit I,Excel Slub,2875.76
2026-06-15,1,TSU-04,Unit I,Liveaco Compact,2562.92
2026-06-15,1,TSU-05,Unit I,Excel Slub,2858.76
2026-06-15,1,TSU-06,Unit I,Liveaco Compact,3012.31
2026-06-15,1,TSU-07,Unit I,Liveaco Compact,2803.96
2026-06-15,1,TSU-08,Unit I,VSF Export,3292.4
2026-06-15,1,TSU-09,Unit I,VSF Export,3511.28
2026-06-15,1,TSU-10,Unit I,Liveaco Compact,2580.51
2026-06-15,1,SUL-01,Unit I,VSF Export,551.07
2026-06-15,1,SUL-02,Unit I,VSF Export,624.99
2026-06-15,1,SUL-03,Unit I,Excel Slub,483.59
2026-06-15,1,SUL-04,Unit I,Liveaco Compact,573.11
2026-06-15,1,SUL-05,Unit I,VSF Export,661.53
2026-06-15,2,TOY-01,Unit I,Liveaco Compact,4308.96
2026-06-15,2,TOY-02,Unit I,Liveaco Compact,3129.27
2026-06-15,2,TOY-03,Unit I,Liveaco Compact,4470.53
2026-06-15,2,TOY-04,Unit I,Liveaco Compact,3668.02
2026-06-15,2,TOY-05,Unit I,VSF Export,4850.22
2026-06-15,2,TOY-06,Unit I,VSF Export,4656.63
2026-06-15,2,TOY-07,Unit I,VSF Export,4545.07
2026-06-15,2,TOY-08,Unit I,Liveaco Compact,3860.68
2026-06-15,2,TOY-09,Unit I,Excel Slub,4851.68
2026-06-15,2,TOY-10,Unit I,Excel Slub,4206.0
2026-06-15,2,TOY-11,Unit I,Liveaco Compact,3575.61
2026-06-15,2,TOY-12,Unit I,VSF Export,5456.91
2026-06-15,2,TOY-13,Unit I,Liveaco Compact,4561.13
2026-06-15,2,TOY-14,Unit I,VSF Export,4295.31
2026-06-15,2,TOY-15,Unit I,VSF Export,4780.77
2026-06-15,2,TSU-01,Unit I,Excel Slub,3526.44
2026-06-15,2,TSU-02,Unit I,Excel Slub,3337.64
2026-06-15,2,TSU-03,Unit I,Liveaco Compact,2837.99
2026-06-15,2,TSU-04,Unit I,Liveaco Compact,3031.81
2026-06-15,2,TSU-05,Unit I,VSF Export,3083.58
2026-06-15,2,TSU-06,Unit I,VSF Export,3259.3
2026-06-15,2,TSU-07,Unit I,Excel Slub,2909.25
2026-06-15,2,TSU-08,Unit I,Liveaco Compact,2944.67
2026-06-15,2,TSU-09,Unit I,VSF Export,3064.91
2026-06-15,2,TSU-10,Unit I,Liveaco Compact,2819.77
2026-06-15,2,SUL-01,Unit I,Liveaco Compact,435.95
2026-06-15,2,SUL-02,Unit I,Liveaco Compact,502.46
2026-06-15,2,SUL-03,Unit I,VSF Export,608.01
2026-06-15,2,SUL-04,Unit I,VSF Export,652.51
2026-06-15,2,SUL-05,Unit I,Liveaco Compact,459.04
2026-06-15,3,TOY-01,Unit I,Excel Slub,4630.35
2026-06-15,3,TOY-02,Unit I,Liveaco Compact,3257.13
2026-06-15,3,TOY-03,Unit I,Excel Slub,4795.0
2026-06-15,3,TOY-04,Unit I,Liveaco Compact,4190.23
2026-06-15,3,TOY-05,Unit I,VSF Export,4699.38
2026-06-15,3,TOY-06,Unit I,Excel Slub,4833.67
2026-06-15,3,TOY-07,Unit I,Excel Slub,4183.46
2026-06-15,3,TOY-08,Unit I,Liveaco Compact,2896.32
2026-06-15,3,TOY-09,Unit I,Liveaco Compact,3693.65
2026-06-15,3,TOY-10,Unit I,Excel Slub,4424.68
2026-06-15,3,TOY-11,Unit I,VSF Export,4927.24
2026-06-15,3,TOY-12,Unit I,VSF Export,4162.26
2026-06-15,3,TOY-13,Unit I,VSF Export,4922.68
2026-06-15,3,TOY-14,Unit I,Liveaco Compact,3994.85
2026-06-15,3,TOY-15,Unit I,Excel Slub,4734.93
2026-06-15,3,TSU-01,Unit I,VSF Export,3105.62
2026-06-15,3,TSU-02,Unit I,Excel Slub,3040.4
2026-06-15,3,TSU-03,Unit I,Liveaco Compact,2808.18
2026-06-15,3,TSU-04,Unit I,VSF Export,3725.98
2026-06-15,3,TSU-05,Unit I,VSF Export,3346.13
2026-06-15,3,TSU-06,Unit I,VSF Export,3496.85
2026-06-15,3,TSU-07,Unit I,VSF Export,3458.89
2026-06-15,3,TSU-08,Unit I,Liveaco Compact,2994.29
2026-06-15,3,TSU-09,Unit I,VSF Export,3957.85
2026-06-15,3,TSU-10,Unit I,Liveaco Compact,2946.31
2026-06-15,3,SUL-01,Unit I,Excel Slub,613.45
2026-06-15,3,SUL-02,Unit I,Liveaco Compact,525.12
2026-06-15,3,SUL-03,Unit I,Excel Slub,634.78
2026-06-15,3,SUL-04,Unit I,Liveaco Compact,539.08
2026-06-15,3,SUL-05,Unit I,VSF Export,609.71
2026-06-16,1,TOY-01,Unit I,Excel Slub,4393.18
2026-06-16,1,TOY-02,Unit I,Excel Slub,3162.47
2026-06-16,1,TOY-03,Unit I,Liveaco Compact,4367.89
2026-06-16,1,TOY-04,Unit I,Excel Slub,4756.47
2026-06-16,1,TOY-05,Unit I,VSF Export,4807.05
2026-06-16,1,TOY-06,Unit I,Liveaco Compact,3704.56
2026-06-16,1,TOY-07,Unit I,VSF Export,4882.52
2026-06-16,1,TOY-08,Unit I,Excel Slub,3977.86
2026-06-16,1,TOY-09,Unit I,Liveaco Compact,3539.26
2026-06-16,1,TOY-10,Unit I,Liveaco Compact,3903.58
2026-06-16,1,TOY-11,Unit I,Excel Slub,4062.71
2026-06-16,1,TOY-12,Unit I,Excel Slub,4290.52
2026-06-16,1,TOY-13,Unit I,VSF Export,4730.52
2026-06-16,1,TOY-14,Unit I,Excel Slub,4907.31
2026-06-16,1,TOY-15,Unit I,Excel Slub,4767.29
2026-06-16,1,TSU-01,Unit I,Liveaco Compact,2672.41
2026-06-16,1,TSU-02,Unit I,Liveaco Compact,3019.7
2026-06-16,1,TSU-03,Unit I,VSF Export,3307.99
2026-06-16,1,TSU-04,Unit I,Excel Slub,3237.49
2026-06-16,1,TSU-05,Unit I,Excel Slub,2956.85
2026-06-16,1,TSU-06,Unit I,VSF Export,3342.91
2026-06-16,1,TSU-07,Unit I,Liveaco Compact,2785.94
2026-06-16,1,TSU-08,Unit I,Excel Slub,3084.94
2026-06-16,1,TSU-09,Unit I,VSF Export,3342.11
2026-06-16,1,TSU-10,Unit I,VSF Export,3377.57
2026-06-16,1,SUL-01,Unit I,VSF Export,657.75
2026-06-16,1,SUL-02,Unit I,Excel Slub,500.62
2026-06-16,1,SUL-03,Unit I,Liveaco Compact,498.71
2026-06-16,1,SUL-04,Unit I,Excel Slub,521.48
2026-06-16,1,SUL-05,Unit I,Excel Slub,553.82
2026-06-16,2,TOY-01,Unit I,Excel Slub,4319.56
2026-06-16,2,TOY-02,Unit I,Liveaco Compact,2709.4
2026-06-16,2,TOY-03,Unit I,Liveaco Compact,4303.4
2026-06-16,2,TOY-04,Unit I,VSF Export,5646.88
2026-06-16,2,TOY-05,Unit I,VSF Export,5243.98
2026-06-16,2,TOY-06,Unit I,Excel Slub,4382.25
2026-06-16,2,TOY-07,Unit I,Excel Slub,4750.95
2026-06-16,2,TOY-08,Unit I,Liveaco Compact,2927.79
2026-06-16,2,TOY-09,Unit I,Excel Slub,3974.12
2026-06-16,2,TOY-10,Unit I,Excel Slub,5031.11
2026-06-16,2,TOY-11,Unit I,Excel Slub,5051.57
2026-06-16,2,TOY-12,Unit I,Liveaco Compact,4474.64
2026-06-16,2,TOY-13,Unit I,VSF Export,4722.22
2026-06-16,2,TOY-14,Unit I,Liveaco Compact,4562.75
2026-06-16,2,TOY-15,Unit I,Excel Slub,4218.43
2026-06-16,2,TSU-01,Unit I,VSF Export,3501.32
2026-06-16,2,TSU-02,Unit I,Liveaco Compact,3237.26
2026-06-16,2,TSU-03,Unit I,Liveaco Compact,2815.0
2026-06-16,2,TSU-04,Unit I,Excel Slub,3141.73
2026-06-16,2,TSU-05,Unit I,VSF Export,3235.04
2026-06-16,2,TSU-06,Unit I,VSF Export,3257.58
2026-06-16,2,TSU-07,Unit I,Excel Slub,3200.84
2026-06-16,2,TSU-08,Unit I,Liveaco Compact,2841.9
2026-06-16,2,TSU-09,Unit I,Excel Slub,3343.58
2026-06-16,2,TSU-10,Unit I,Excel Slub,3093.8
2026-06-16,2,SUL-01,Unit I,VSF Export,700.59
2026-06-16,2,SUL-02,Unit I,Excel Slub,595.94
2026-06-16,2,SUL-03,Unit I,VSF Export,686.63
2026-06-16,2,SUL-04,Unit I,Excel Slub,509.56
2026-06-16,2,SUL-05,Unit I,VSF Export,575.42
2026-06-16,3,TOY-01,Unit I,VSF Export,4824.8
2026-06-16,3,TOY-02,Unit I,Excel Slub,3304.82
2026-06-16,3,TOY-03,Unit I,Excel Slub,3999.02
2026-06-16,3,TOY-04,Unit I,Liveaco Compact,4395.78
2026-06-16,3,TOY-05,Unit I,Excel Slub,4548.15
2026-06-16,3,TOY-06,Unit I,Excel Slub,4435.88
2026-06-16,3,TOY-07,Unit I,Liveaco Compact,4114.88
2026-06-16,3,TOY-08,Unit I,Excel Slub,3822.85
2026-06-16,3,TOY-09,Unit I,VSF Export,4916.67
2026-06-16,3,TOY-10,Unit I,Excel Slub,3754.59
2026-06-16,3,TOY-11,Unit I,VSF Export,4811.46
2026-06-16,3,TOY-12,Unit I,Liveaco Compact,4100.92
2026-06-16,3,TOY-13,Unit I,Liveaco Compact,4080.93
2026-06-16,3,TOY-14,Unit I,VSF Export,4694.99
2026-06-16,3,TOY-15,Unit I,Excel Slub,4458.68
2026-06-16,3,TSU-01,Unit I,Liveaco Compact,2603.12
2026-06-16,3,TSU-02,Unit I,Liveaco Compact,3002.1
2026-06-16,3,TSU-03,Unit I,Liveaco Compact,3175.31
2026-06-16,3,TSU-04,Unit I,Excel Slub,3099.64
2026-06-16,3,TSU-05,Unit I,Excel Slub,3200.5
2026-06-16,3,TSU-06,Unit I,VSF Export,3444.53
2026-06-16,3,TSU-07,Unit I,Excel Slub,2777.9
2026-06-16,3,TSU-08,Unit I,Excel Slub,2892.19
2026-06-16,3,TSU-09,Unit I,Excel Slub,3195.43
2026-06-16,3,TSU-10,Unit I,Excel Slub,2705.1
2026-06-16,3,SUL-01,Unit I,Excel Slub,544.58
2026-06-16,3,SUL-02,Unit I,Excel Slub,549.38
2026-06-16,3,SUL-03,Unit I,Excel Slub,606.49
2026-06-16,3,SUL-04,Unit I,Excel Slub,522.95
2026-06-16,3,SUL-05,Unit I,VSF Export,605.73
2026-06-17,1,TOY-01,Unit I,VSF Export,5669.85
2026-06-17,1,TOY-02,Unit I,Liveaco Compact,3224.89
2026-06-17,1,TOY-03,Unit I,Liveaco Compact,3924.24
2026-06-17,1,TOY-04,Unit I,Liveaco Compact,3892.62
2026-06-17,1,TOY-05,Unit I,Liveaco Compact,4618.24
2026-06-17,1,TOY-06,Unit I,Liveaco Compact,4557.56
2026-06-17,1,TOY-07,Unit I,VSF Export,5697.93
2026-06-17,1,TOY-08,Unit I,Liveaco Compact,3077.98
2026-06-17,1,TOY-09,Unit I,Excel Slub,4180.23
2026-06-17,1,TOY-10,Unit I,VSF Export,4995.65
2026-06-17,1,TOY-11,Unit I,Excel Slub,4581.02
2026-06-17,1,TOY-12,Unit I,Liveaco Compact,3581.63
2026-06-17,1,TOY-13,Unit I,VSF Export,5259.45
2026-06-17,1,TOY-14,Unit I,Excel Slub,4453.69
2026-06-17,1,TOY-15,Unit I,Liveaco Compact,3593.13
2026-06-17,1,TSU-01,Unit I,VSF Export,3141.07
2026-06-17,1,TSU-02,Unit I,Liveaco Compact,2580.73
2026-06-17,1,TSU-03,Unit I,Excel Slub,2835.39
2026-06-17,1,TSU-04,Unit I,VSF Export,3302.88
2026-06-17,1,TSU-05,Unit I,Liveaco Compact,2896.45
2026-06-17,1,TSU-06,Unit I,VSF Export,3314.31
2026-06-17,1,TSU-07,Unit I,Excel Slub,3160.52
2026-06-17,1,TSU-08,Unit I,Liveaco Compact,3008.95
2026-06-17,1,TSU-09,Unit I,VSF Export,3451.33
2026-06-17,1,TSU-10,Unit I,Excel Slub,2873.11
2026-06-17,1,SUL-01,Unit I,Excel Slub,582.2
2026-06-17,1,SUL-02,Unit I,Excel Slub,539.42
2026-06-17,1,SUL-03,Unit I,VSF Export,576.51
2026-06-17,1,SUL-04,Unit I,Liveaco Compact,479.91
2026-06-17,1,SUL-05,Unit I,Liveaco Compact,473.74
2026-06-17,2,TOY-01,Unit I,VSF Export,4617.9
2026-06-17,2,TOY-02,Unit I,Excel Slub,3525.38
2026-06-17,2,TOY-03,Unit I,Excel Slub,4463.96
2026-06-17,2,TOY-04,Unit I,Liveaco Compact,3888.3
2026-06-17,2,TOY-05,Unit I,VSF Export,5232.08
2026-06-17,2,TOY-06,Unit I,Excel Slub,4111.54
2026-06-17,2,TOY-07,Unit I,Excel Slub,4998.44
2026-06-17,2,TOY-08,Unit I,Excel Slub,3364.72
2026-06-17,2,TOY-09,Unit I,Liveaco Compact,4301.47
2026-06-17,2,TOY-10,Unit I,Excel Slub,3995.96
2026-06-17,2,TOY-11,Unit I,Liveaco Compact,3625.38
2026-06-17,2,TOY-12,Unit I,Excel Slub,4650.4
2026-06-17,2,TOY-13,Unit I,Excel Slub,4763.62
2026-06-17,2,TOY-14,Unit I,Excel Slub,4149.57
2026-06-17,2,TOY-15,Unit I,VSF Export,4990.25
2026-06-17,2,TSU-01,Unit I,Liveaco Compact,2572.19
2026-06-17,2,TSU-02,Unit I,VSF Export,3289.14
2026-06-17,2,TSU-03,Unit I,Excel Slub,2751.26
2026-06-17,2,TSU-04,Unit I,Excel Slub,3243.6
2026-06-17,2,TSU-05,Unit I,Liveaco Compact,2561.91
2026-06-17,2,TSU-06,Unit I,Excel Slub,3417.01
2026-06-17,2,TSU-07,Unit I,VSF Export,3271.61
2026-06-17,2,TSU-08,Unit I,Excel Slub,3147.43
2026-06-17,2,TSU-09,Unit I,Excel Slub,3386.77
2026-06-17,2,TSU-10,Unit I,Liveaco Compact,2800.28
2026-06-17,2,SUL-01,Unit I,Excel Slub,574.88
2026-06-17,2,SUL-02,Unit I,Liveaco Compact,484.72
2026-06-17,2,SUL-03,Unit I,Liveaco Compact,531.34
2026-06-17,2,SUL-04,Unit I,Excel Slub,532.0
2026-06-17,2,SUL-05,Unit I,Liveaco Compact,467.33
2026-06-17,3,TOY-01,Unit I,Liveaco Compact,4172.94
2026-06-17,3,TOY-02,Unit I,Liveaco Compact,3861.31
2026-06-17,3,TOY-03,Unit I,Excel Slub,4784.41
2026-06-17,3,TOY-04,Unit I,Liveaco Compact,4065.29
2026-06-17,3,TOY-05,Unit I,Excel Slub,3873.58
2026-06-17,3,TOY-06,Unit I,VSF Export,4715.06
2026-06-17,3,TOY-07,Unit I,VSF Export,5376.26
2026-06-17,3,TOY-08,Unit I,VSF Export,4201.88
2026-06-17,3,TOY-09,Unit I,Liveaco Compact,4040.46
2026-06-17,3,TOY-10,Unit I,Liveaco Compact,3847.66
2026-06-17,3,TOY-11,Unit I,VSF Export,4776.93
2026-06-17,3,TOY-12,Unit I,Excel Slub,4711.15
2026-06-17,3,TOY-13,Unit I,Excel Slub,4208.53
2026-06-17,3,TOY-14,Unit I,Liveaco Compact,3810.38
2026-06-17,3,TOY-15,Unit I,VSF Export,5583.35
2026-06-17,3,TSU-01,Unit I,VSF Export,3146.62
2026-06-17,3,TSU-02,Unit I,Liveaco Compact,2997.76
2026-06-17,3,TSU-03,Unit I,Excel Slub,3012.65
2026-06-17,3,TSU-04,Unit I,VSF Export,3206.8
2026-06-17,3,TSU-05,Unit I,Liveaco Compact,2897.12
2026-06-17,3,TSU-06,Unit I,Excel Slub,2695.37
2026-06-17,3,TSU-07,Unit I,Liveaco Compact,2876.95
2026-06-17,3,TSU-08,Unit I,Liveaco Compact,2524.15
2026-06-17,3,TSU-09,Unit I,Liveaco Compact,2880.23
2026-06-17,3,TSU-10,Unit I,Excel Slub,3380.88
2026-06-17,3,SUL-01,Unit I,Liveaco Compact,469.52
2026-06-17,3,SUL-02,Unit I,Liveaco Compact,525.18
2026-06-17,3,SUL-03,Unit I,Excel Slub,542.35
2026-06-17,3,SUL-04,Unit I,VSF Export,578.1
2026-06-17,3,SUL-05,Unit I,Liveaco Compact,479.14
2026-06-18,1,TOY-01,Unit I,VSF Export,5115.35
2026-06-18,1,TOY-02,Unit I,Excel Slub,3506.7
2026-06-18,1,TOY-03,Unit I,Liveaco Compact,4437.06
2026-06-18,1,TOY-04,Unit I,Liveaco Compact,3730.81
2026-06-18,1,TOY-05,Unit I,Liveaco Compact,3911.36
2026-06-18,1,TOY-06,Unit I,Excel Slub,4405.76
2026-06-18,1,TOY-07,Unit I,Excel Slub,4737.2
2026-06-18,1,TOY-08,Unit I,VSF Export,3690.47
2026-06-18,1,TOY-09,Unit I,Liveaco Compact,3775.24
2026-06-18,1,TOY-10,Unit I,Excel Slub,4346.15
2026-06-18,1,TOY-11,Unit I,Excel Slub,4323.97
2026-06-18,1,TOY-12,Unit I,Liveaco Compact,4592.31
2026-06-18,1,TOY-13,Unit I,Excel Slub,4439.9
2026-06-18,1,TOY-14,Unit I,Liveaco Compact,4251.8
2026-06-18,1,TOY-15,Unit I,Liveaco Compact,4457.17
2026-06-18,1,TSU-01,Unit I,Excel Slub,2548.63
2026-06-18,1,TSU-02,Unit I,Excel Slub,3179.25
2026-06-18,1,TSU-03,Unit I,Liveaco Compact,2883.71
2026-06-18,1,TSU-04,Unit I,VSF Export,3784.65
2026-06-18,1,TSU-05,Unit I,Liveaco Compact,2546.02
2026-06-18,1,TSU-06,Unit I,Liveaco Compact,2916.14
2026-06-18,1,TSU-07,Unit I,Excel Slub,2909.3
2026-06-18,1,TSU-08,Unit I,Excel Slub,2694.51
2026-06-18,1,TSU-09,Unit I,Liveaco Compact,2947.52
2026-06-18,1,TSU-10,Unit I,Liveaco Compact,2887.89
2026-06-18,1,SUL-01,Unit I,Excel Slub,541.58
2026-06-18,1,SUL-02,Unit I,Excel Slub,534.58
2026-06-18,1,SUL-03,Unit I,VSF Export,656.65
2026-06-18,1,SUL-04,Unit I,VSF Export,676.98
2026-06-18,1,SUL-05,Unit I,Liveaco Compact,481.79
2026-06-18,2,TOY-01,Unit I,Liveaco Compact,4244.86
2026-06-18,2,TOY-02,Unit I,VSF Export,3921.79
2026-06-18,2,TOY-03,Unit I,Liveaco Compact,3723.96
2026-06-18,2,TOY-04,Unit I,Liveaco Compact,4663.97
2026-06-18,2,TOY-05,Unit I,Liveaco Compact,3787.08
2026-06-18,2,TOY-06,Unit I,Excel Slub,4476.48
2026-06-18,2,TOY-07,Unit I,Excel Slub,4615.51
2026-06-18,2,TOY-08,Unit I,VSF Export,4450.51
2026-06-18,2,TOY-09,Unit I,Liveaco Compact,4449.61
2026-06-18,2,TOY-10,Unit I,Liveaco Compact,4383.2
2026-06-18,2,TOY-11,Unit I,Excel Slub,4777.71
2026-06-18,2,TOY-12,Unit I,VSF Export,4459.33
2026-06-18,2,TOY-13,Unit I,VSF Export,5534.47
2026-06-18,2,TOY-14,Unit I,Liveaco Compact,4272.4
2026-06-18,2,TOY-15,Unit I,VSF Export,4560.8
2026-06-18,2,TSU-01,Unit I,VSF Export,2984.6
2026-06-18,2,TSU-02,Unit I,VSF Export,3254.7
2026-06-18,2,TSU-03,Unit I,Excel Slub,2900.55
2026-06-18,2,TSU-04,Unit I,VSF Export,3589.14
2026-06-18,2,TSU-05,Unit I,VSF Export,3535.43
2026-06-18,2,TSU-06,Unit I,Liveaco Compact,2520.67
2026-06-18,2,TSU-07,Unit I,Liveaco Compact,2657.05
2026-06-18,2,TSU-08,Unit I,Liveaco Compact,2704.27
2026-06-18,2,TSU-09,Unit I,Liveaco Compact,2856.47
2026-06-18,2,TSU-10,Unit I,Liveaco Compact,3057.17
2026-06-18,2,SUL-01,Unit I,Excel Slub,509.5
2026-06-18,2,SUL-02,Unit I,Liveaco Compact,455.45
2026-06-18,2,SUL-03,Unit I,Excel Slub,528.23
2026-06-18,2,SUL-04,Unit I,VSF Export,616.92
2026-06-18,2,SUL-05,Unit I,VSF Export,585.78
2026-06-18,3,TOY-01,Unit I,VSF Export,5128.1
2026-06-18,3,TOY-02,Unit I,Excel Slub,3359.94
2026-06-18,3,TOY-03,Unit I,Liveaco Compact,4319.3
2026-06-18,3,TOY-04,Unit I,VSF Export,5384.46
2026-06-18,3,TOY-05,Unit I,VSF Export,5243.76
2026-06-18,3,TOY-06,Unit I,Liveaco Compact,3836.8
2026-06-18,3,TOY-07,Unit I,VSF Export,4730.04
2026-06-18,3,TOY-08,Unit I,Liveaco Compact,3649.24
2026-06-18,3,TOY-09,Unit I,Excel Slub,4163.2
2026-06-18,3,TOY-10,Unit I,Liveaco Compact,3979.05
2026-06-18,3,TOY-11,Unit I,Liveaco Compact,4149.5
2026-06-18,3,TOY-12,Unit I,VSF Export,4929.34
2026-06-18,3,TOY-13,Unit I,Liveaco Compact,4115.04
2026-06-18,3,TOY-14,Unit I,Liveaco Compact,4278.01
2026-06-18,3,TOY-15,Unit I,Excel Slub,3790.59
2026-06-18,3,TSU-01,Unit I,Excel Slub,3081.56
2026-06-18,3,TSU-02,Unit I,VSF Export,3508.78
2026-06-18,3,TSU-03,Unit I,Excel Slub,2934.84
2026-06-18,3,TSU-04,Unit I,Excel Slub,3268.75
2026-06-18,3,TSU-05,Unit I,Liveaco Compact,2466.89
2026-06-18,3,TSU-06,Unit I,VSF Export,3331.66
2026-06-18,3,TSU-07,Unit I,Excel Slub,3256.58
2026-06-18,3,TSU-08,Unit I,Excel Slub,2831.25
2026-06-18,3,TSU-09,Unit I,Liveaco Compact,2758.25
2026-06-18,3,TSU-10,Unit I,VSF Export,3569.87
2026-06-18,3,SUL-01,Unit I,VSF Export,530.21
2026-06-18,3,SUL-02,Unit I,Excel Slub,543.32
2026-06-18,3,SUL-03,Unit I,Liveaco Compact,520.31
2026-06-18,3,SUL-04,Unit I,Liveaco Compact,480.53
2026-06-18,3,SUL-05,Unit I,Excel Slub,493.12
2026-06-19,1,TOY-01,Unit I,VSF Export,4870.0
2026-06-19,1,TOY-02,Unit I,Excel Slub,3692.41
2026-06-19,1,TOY-03,Unit I,VSF Export,5497.3
2026-06-19,1,TOY-04,Unit I,VSF Export,5315.82
2026-06-19,1,TOY-05,Unit I,Excel Slub,4624.54
2026-06-19,1,TOY-06,Unit I,Liveaco Compact,4188.42
2026-06-19,1,TOY-07,Unit I,Liveaco Compact,4350.79
2026-06-19,1,TOY-08,Unit I,Liveaco Compact,3418.68
2026-06-19,1,TOY-09,Unit I,Liveaco Compact,3849.97
2026-06-19,1,TOY-10,Unit I,VSF Export,4212.12
2026-06-19,1,TOY-11,Unit I,Excel Slub,4994.5
2026-06-19,1,TOY-12,Unit I,VSF Export,4479.04
2026-06-19,1,TOY-13,Unit I,Liveaco Compact,3664.97
2026-06-19,1,TOY-14,Unit I,Liveaco Compact,3882.16
2026-06-19,1,TOY-15,Unit I,Liveaco Compact,4402.89
2026-06-19,1,TSU-01,Unit I,Liveaco Compact,2924.2
2026-06-19,1,TSU-02,Unit I,Excel Slub,3107.76
2026-06-19,1,TSU-03,Unit I,Liveaco Compact,2729.12
2026-06-19,1,TSU-04,Unit I,VSF Export,3451.64
2026-06-19,1,TSU-05,Unit I,VSF Export,3022.21
2026-06-19,1,TSU-06,Unit I,Excel Slub,3080.43
2026-06-19,1,TSU-07,Unit I,Excel Slub,3416.77
2026-06-19,1,TSU-08,Unit I,Liveaco Compact,2845.19
2026-06-19,1,TSU-09,Unit I,VSF Export,3466.07
2026-06-19,1,TSU-10,Unit I,Liveaco Compact,3247.23
2026-06-19,1,SUL-01,Unit I,Excel Slub,487.2
2026-06-19,1,SUL-02,Unit I,Liveaco Compact,538.28
2026-06-19,1,SUL-03,Unit I,Excel Slub,598.59
2026-06-19,1,SUL-04,Unit I,Liveaco Compact,566.38
2026-06-19,1,SUL-05,Unit I,VSF Export,677.28
2026-06-19,2,TOY-01,Unit I,Excel Slub,4458.92
2026-06-19,2,TOY-02,Unit I,Liveaco Compact,3609.39
2026-06-19,2,TOY-03,Unit I,VSF Export,5231.29
2026-06-19,2,TOY-04,Unit I,VSF Export,5098.29
2026-06-19,2,TOY-05,Unit I,VSF Export,4825.39
2026-06-19,2,TOY-06,Unit I,Excel Slub,4768.82
2026-06-19,2,TOY-07,Unit I,Liveaco Compact,4209.07
2026-06-19,2,TOY-08,Unit I,Liveaco Compact,3762.46
2026-06-19,2,TOY-09,Unit I,Liveaco Compact,3967.43
2026-06-19,2,TOY-10,Unit I,VSF Export,4888.56
2026-06-19,2,TOY-11,Unit I,Excel Slub,4164.09
2026-06-19,2,TOY-12,Unit I,Liveaco Compact,3770.92
2026-06-19,2,TOY-13,Unit I,Excel Slub,4340.82
2026-06-19,2,TOY-14,Unit I,VSF Export,5576.16
2026-06-19,2,TOY-15,Unit I,Liveaco Compact,3979.65
2026-06-19,2,TSU-01,Unit I,VSF Export,3303.0
2026-06-19,2,TSU-02,Unit I,VSF Export,3532.72
2026-06-19,2,TSU-03,Unit I,Liveaco Compact,2848.15
2026-06-19,2,TSU-04,Unit I,VSF Export,3389.19
2026-06-19,2,TSU-05,Unit I,Excel Slub,3276.98
2026-06-19,2,TSU-06,Unit I,Excel Slub,3003.32
2026-06-19,2,TSU-07,Unit I,Liveaco Compact,2929.47
2026-06-19,2,TSU-08,Unit I,Excel Slub,2828.19
2026-06-19,2,TSU-09,Unit I,Liveaco Compact,2774.1
2026-06-19,2,TSU-10,Unit I,VSF Export,3205.15
2026-06-19,2,SUL-01,Unit I,VSF Export,575.14
2026-06-19,2,SUL-02,Unit I,Liveaco Compact,461.04
2026-06-19,2,SUL-03,Unit I,Liveaco Compact,559.85
2026-06-19,2,SUL-04,Unit I,VSF Export,609.17
2026-06-19,2,SUL-05,Unit I,VSF Export,629.63
2026-06-19,3,TOY-01,Unit I,VSF Export,5379.86
2026-06-19,3,TOY-02,Unit I,Excel Slub,4121.12
2026-06-19,3,TOY-03,Unit I,Liveaco Compact,4530.07
2026-06-19,3,TOY-04,Unit I,VSF Export,5338.74
2026-06-19,3,TOY-05,Unit I,Excel Slub,4611.92
2026-06-19,3,TOY-06,Unit I,VSF Export,5250.38
2026-06-19,3,TOY-07,Unit I,Excel Slub,4021.97
2026-06-19,3,TOY-08,Unit I,Excel Slub,3694.43
2026-06-19,3,TOY-09,Unit I,Excel Slub,4814.96
2026-06-19,3,TOY-10,Unit I,VSF Export,4268.95
2026-06-19,3,TOY-11,Unit I,VSF Export,5143.57
2026-06-19,3,TOY-12,Unit I,Liveaco Compact,4103.75
2026-06-19,3,TOY-13,Unit I,VSF Export,4986.34
2026-06-19,3,TOY-14,Unit I,VSF Export,4516.94
2026-06-19,3,TOY-15,Unit I,Liveaco Compact,4640.51
2026-06-19,3,TSU-01,Unit I,Excel Slub,3354.19
2026-06-19,3,TSU-02,Unit I,Excel Slub,3335.29
2026-06-19,3,TSU-03,Unit I,VSF Export,3356.08
2026-06-19,3,TSU-04,Unit I,VSF Export,3081.13
2026-06-19,3,TSU-05,Unit I,Liveaco Compact,2621.95
2026-06-19,3,TSU-06,Unit I,Liveaco Compact,3103.71
2026-06-19,3,TSU-07,Unit I,Excel Slub,3153.15
2026-06-19,3,TSU-08,Unit I,Excel Slub,2813.86
2026-06-19,3,TSU-09,Unit I,VSF Export,3208.34
2026-06-19,3,TSU-10,Unit I,Excel Slub,2614.81
2026-06-19,3,SUL-01,Unit I,VSF Export,611.47
2026-06-19,3,SUL-02,Unit I,Liveaco Compact,556.33
2026-06-19,3,SUL-03,Unit I,Excel Slub,530.04
2026-06-19,3,SUL-04,Unit I,Liveaco Compact,548.18
2026-06-19,3,SUL-05,Unit I,Excel Slub,597.18
2026-06-20,1,TOY-01,Unit I,VSF Export,4648.75
2026-06-20,1,TOY-02,Unit I,Liveaco Compact,3252.82
2026-06-20,1,TOY-03,Unit I,Liveaco Compact,4459.03
2026-06-20,1,TOY-04,Unit I,VSF Export,5265.9
2026-06-20,1,TOY-05,Unit I,Excel Slub,4478.68
2026-06-20,1,TOY-06,Unit I,Liveaco Compact,3858.78
2026-06-20,1,TOY-07,Unit I,VSF Export,4601.14
2026-06-20,1,TOY-08,Unit I,VSF Export,3764.44
2026-06-20,1,TOY-09,Unit I,Excel Slub,4237.77
2026-06-20,1,TOY-10,Unit I,Excel Slub,4543.81
2026-06-20,1,TOY-11,Unit I,VSF Export,4846.88
2026-06-20,1,TOY-12,Unit I,Liveaco Compact,3573.84
2026-06-20,1,TOY-13,Unit I,Excel Slub,3893.03
2026-06-20,1,TOY-14,Unit I,Excel Slub,4748.37
2026-06-20,1,TOY-15,Unit I,Liveaco Compact,3654.07
2026-06-20,1,TSU-01,Unit I,Liveaco Compact,2608.1
2026-06-20,1,TSU-02,Unit I,Excel Slub,3164.41
2026-06-20,1,TSU-03,Unit I,VSF Export,3462.99
2026-06-20,1,TSU-04,Unit I,Liveaco Compact,3137.12
2026-06-20,1,TSU-05,Unit I,VSF Export,3688.95
2026-06-20,1,TSU-06,Unit I,Excel Slub,3228.07
2026-06-20,1,TSU-07,Unit I,Liveaco Compact,3069.33
2026-06-20,1,TSU-08,Unit I,VSF Export,3202.48
2026-06-20,1,TSU-09,Unit I,VSF Export,3353.78
2026-06-20,1,TSU-10,Unit I,Liveaco Compact,2741.76
2026-06-20,1,SUL-01,Unit I,Liveaco Compact,546.33
2026-06-20,1,SUL-02,Unit I,VSF Export,561.0
2026-06-20,1,SUL-03,Unit I,VSF Export,542.9
2026-06-20,1,SUL-04,Unit I,VSF Export,596.44
2026-06-20,1,SUL-05,Unit I,VSF Export,618.33
2026-06-20,2,TOY-01,Unit I,Liveaco Compact,3971.21
2026-06-20,2,TOY-02,Unit I,Excel Slub,3401.6
2026-06-20,2,TOY-03,Unit I,VSF Export,4562.29
2026-06-20,2,TOY-04,Unit I,VSF Export,5088.27
2026-06-20,2,TOY-05,Unit I,Liveaco Compact,4179.96
2026-06-20,2,TOY-06,Unit I,VSF Export,4930.66
2026-06-20,2,TOY-07,Unit I,Liveaco Compact,4222.18
2026-06-20,2,TOY-08,Unit I,Excel Slub,3698.14
2026-06-20,2,TOY-09,Unit I,Excel Slub,4363.56
2026-06-20,2,TOY-10,Unit I,Excel Slub,4988.61
2026-06-20,2,TOY-11,Unit I,Excel Slub,4438.52
2026-06-20,2,TOY-12,Unit I,Excel Slub,4442.32
2026-06-20,2,TOY-13,Unit I,VSF Export,5157.73
2026-06-20,2,TOY-14,Unit I,VSF Export,4960.67
2026-06-20,2,TOY-15,Unit I,Excel Slub,4164.31
2026-06-20,2,TSU-01,Unit I,Liveaco Compact,2683.33
2026-06-20,2,TSU-02,Unit I,Liveaco Compact,2892.64
2026-06-20,2,TSU-03,Unit I,Excel Slub,3163.82
2026-06-20,2,TSU-04,Unit I,Excel Slub,2878.13
2026-06-20,2,TSU-05,Unit I,Excel Slub,2846.43
2026-06-20,2,TSU-06,Unit I,Excel Slub,3290.33
2026-06-20,2,TSU-07,Unit I,Liveaco Compact,3194.7
2026-06-20,2,TSU-08,Unit I,VSF Export,3869.35
2026-06-20,2,TSU-09,Unit I,VSF Export,3500.92
2026-06-20,2,TSU-10,Unit I,VSF Export,3367.69
2026-06-20,2,SUL-01,Unit I,Liveaco Compact,470.89
2026-06-20,2,SUL-02,Unit I,VSF Export,582.2
2026-06-20,2,SUL-03,Unit I,Excel Slub,555.23
2026-06-20,2,SUL-04,Unit I,Excel Slub,556.07
2026-06-20,2,SUL-05,Unit I,VSF Export,598.17
2026-06-20,3,TOY-01,Unit I,Excel Slub,3592.37
2026-06-20,3,TOY-02,Unit I,Liveaco Compact,3018.82
2026-06-20,3,TOY-03,Unit I,VSF Export,4924.89
2026-06-20,3,TOY-04,Unit I,VSF Export,4908.06
2026-06-20,3,TOY-05,Unit I,VSF Export,4875.91
2026-06-20,3,TOY-06,Unit I,Excel Slub,4317.86
2026-06-20,3,TOY-07,Unit I,Excel Slub,4936.79
2026-06-20,3,TOY-08,Unit I,Liveaco Compact,2958.26
2026-06-20,3,TOY-09,Unit I,VSF Export,4692.52
2026-06-20,3,TOY-10,Unit I,VSF Export,4920.86
2026-06-20,3,TOY-11,Unit I,Liveaco Compact,4149.62
2026-06-20,3,TOY-12,Unit I,Excel Slub,4869.76
2026-06-20,3,TOY-13,Unit I,Liveaco Compact,3787.46
2026-06-20,3,TOY-14,Unit I,Liveaco Compact,4187.75
2026-06-20,3,TOY-15,Unit I,Excel Slub,5023.63
2026-06-20,3,TSU-01,Unit I,Liveaco Compact,3188.7
2026-06-20,3,TSU-02,Unit I,Liveaco Compact,2535.66
2026-06-20,3,TSU-03,Unit I,Excel Slub,3264.73
2026-06-20,3,TSU-04,Unit I,VSF Export,3171.54
2026-06-20,3,TSU-05,Unit I,Excel Slub,3493.96
2026-06-20,3,TSU-06,Unit I,Liveaco Compact,2625.01
2026-06-20,3,TSU-07,Unit I,Excel Slub,2780.88
2026-06-20,3,TSU-08,Unit I,Excel Slub,3128.77
2026-06-20,3,TSU-09,Unit I,Liveaco Compact,2933.92
2026-06-20,3,TSU-10,Unit I,Liveaco Compact,2480.59
2026-06-20,3,SUL-01,Unit I,Excel Slub,596.79
2026-06-20,3,SUL-02,Unit I,Excel Slub,598.29
2026-06-20,3,SUL-03,Unit I,VSF Export,623.91
2026-06-20,3,SUL-04,Unit I,Excel Slub,491.37
2026-06-20,3,SUL-05,Unit I,Liveaco Compact,576.31
2026-06-21,1,TOY-01,Unit I,Excel Slub,4112.83
2026-06-21,1,TOY-02,Unit I,VSF Export,4665.88
2026-06-21,1,TOY-03,Unit I,VSF Export,5461.78
2026-06-21,1,TOY-04,Unit I,Liveaco Compact,3929.88
2026-06-21,1,TOY-05,Unit I,Excel Slub,4682.0
2026-06-21,1,TOY-06,Unit I,Excel Slub,4106.24
2026-06-21,1,TOY-07,Unit I,VSF Export,5494.17
2026-06-21,1,TOY-08,Unit I,Excel Slub,4360.57
2026-06-21,1,TOY-09,Unit I,Excel Slub,4410.79
2026-06-21,1,TOY-10,Unit I,VSF Export,4914.26
2026-06-21,1,TOY-11,Unit I,Liveaco Compact,4046.69
2026-06-21,1,TOY-12,Unit I,VSF Export,4599.12
2026-06-21,1,TOY-13,Unit I,Liveaco Compact,4088.63
2026-06-21,1,TOY-14,Unit I,Liveaco Compact,4619.79
2026-06-21,1,TOY-15,Unit I,Liveaco Compact,3479.49
2026-06-21,1,TSU-01,Unit I,Liveaco Compact,2886.36
2026-06-21,1,TSU-02,Unit I,VSF Export,3724.93
2026-06-21,1,TSU-03,Unit I,VSF Export,3356.66
2026-06-21,1,TSU-04,Unit I,Excel Slub,2961.92
2026-06-21,1,TSU-05,Unit I,Excel Slub,2650.0
2026-06-21,1,TSU-06,Unit I,VSF Export,3521.09
2026-06-21,1,TSU-07,Unit I,Excel Slub,3221.27
2026-06-21,1,TSU-08,Unit I,Liveaco Compact,2333.51
2026-06-21,1,TSU-09,Unit I,VSF Export,3365.48
2026-06-21,1,TSU-10,Unit I,Excel Slub,3011.22
2026-06-21,1,SUL-01,Unit I,Excel Slub,589.41
2026-06-21,1,SUL-02,Unit I,VSF Export,658.6
2026-06-21,1,SUL-03,Unit I,Liveaco Compact,506.82
2026-06-21,1,SUL-04,Unit I,VSF Export,581.86
2026-06-21,1,SUL-05,Unit I,VSF Export,694.11
2026-06-21,2,TOY-01,Unit I,Excel Slub,4223.07
2026-06-21,2,TOY-02,Unit I,VSF Export,3834.83
2026-06-21,2,TOY-03,Unit I,Liveaco Compact,3745.18
2026-06-21,2,TOY-04,Unit I,VSF Export,5363.97
2026-06-21,2,TOY-05,Unit I,Excel Slub,4389.75
2026-06-21,2,TOY-06,Unit I,Excel Slub,4435.5
2026-06-21,2,TOY-07,Unit I,VSF Export,4416.38
2026-06-21,2,TOY-08,Unit I,Liveaco Compact,3215.83
2026-06-21,2,TOY-09,Unit I,Excel Slub,4474.26
2026-06-21,2,TOY-10,Unit I,Excel Slub,4186.39
2026-06-21,2,TOY-11,Unit I,VSF Export,4680.99
2026-06-21,2,TOY-12,Unit I,Liveaco Compact,4014.44
2026-06-21,2,TOY-13,Unit I,Liveaco Compact,3919.15
2026-06-21,2,TOY-14,Unit I,Liveaco Compact,4160.7
2026-06-21,2,TOY-15,Unit I,Excel Slub,4338.52
2026-06-21,2,TSU-01,Unit I,VSF Export,3646.4
2026-06-21,2,TSU-02,Unit I,Excel Slub,2926.43
2026-06-21,2,TSU-03,Unit I,Excel Slub,2808.07
2026-06-21,2,TSU-04,Unit I,Liveaco Compact,2669.47
2026-06-21,2,TSU-05,Unit I,VSF Export,3848.72
2026-06-21,2,TSU-06,Unit I,VSF Export,3937.44
2026-06-21,2,TSU-07,Unit I,VSF Export,3324.98
2026-06-21,2,TSU-08,Unit I,Excel Slub,3288.84
2026-06-21,2,TSU-09,Unit I,Liveaco Compact,2670.8
2026-06-21,2,TSU-10,Unit I,Liveaco Compact,3010.5
2026-06-21,2,SUL-01,Unit I,Excel Slub,577.25
2026-06-21,2,SUL-02,Unit I,Excel Slub,562.25
2026-06-21,2,SUL-03,Unit I,VSF Export,617.8
2026-06-21,2,SUL-04,Unit I,VSF Export,651.46
2026-06-21,2,SUL-05,Unit I,Liveaco Compact,487.25
2026-06-21,3,TOY-01,Unit I,Liveaco Compact,3872.71
2026-06-21,3,TOY-02,Unit I,VSF Export,4532.89
2026-06-21,3,TOY-03,Unit I,Liveaco Compact,4060.02
2026-06-21,3,TOY-04,Unit I,Liveaco Compact,3606.02
2026-06-21,3,TOY-05,Unit I,VSF Export,5149.09
2026-06-21,3,TOY-06,Unit I,Liveaco Compact,3969.32
2026-06-21,3,TOY-07,Unit I,VSF Export,5233.41
2026-06-21,3,TOY-08,Unit I,Liveaco Compact,3092.5
2026-06-21,3,TOY-09,Unit I,Liveaco Compact,4146.47
2026-06-21,3,TOY-10,Unit I,Excel Slub,4603.14
2026-06-21,3,TOY-11,Unit I,Excel Slub,4301.24
2026-06-21,3,TOY-12,Unit I,Excel Slub,4177.25
2026-06-21,3,TOY-13,Unit I,Liveaco Compact,4569.77
2026-06-21,3,TOY-14,Unit I,Excel Slub,4731.77
2026-06-21,3,TOY-15,Unit I,VSF Export,4373.54
2026-06-21,3,TSU-01,Unit I,Liveaco Compact,2811.08
2026-06-21,3,TSU-02,Unit I,Excel Slub,3251.42
2026-06-21,3,TSU-03,Unit I,Excel Slub,3091.26
2026-06-21,3,TSU-04,Unit I,Liveaco Compact,2809.65
2026-06-21,3,TSU-05,Unit I,VSF Export,3115.41
2026-06-21,3,TSU-06,Unit I,Liveaco Compact,2878.99
2026-06-21,3,TSU-07,Unit I,Liveaco Compact,2747.84
2026-06-21,3,TSU-08,Unit I,Excel Slub,2834.17
2026-06-21,3,TSU-09,Unit I,VSF Export,3505.18
2026-06-21,3,TSU-10,Unit I,VSF Export,3233.6
2026-06-21,3,SUL-01,Unit I,Liveaco Compact,555.84
2026-06-21,3,SUL-02,Unit I,VSF Export,639.83
2026-06-21,3,SUL-03,Unit I,Excel Slub,547.61
2026-06-21,3,SUL-04,Unit I,Excel Slub,627.95
2026-06-21,3,SUL-05,Unit I,VSF Export,576.73
2026-06-22,1,TOY-01,Unit I,Liveaco Compact,3998.84
2026-06-22,1,TOY-02,Unit I,Excel Slub,3750.97
2026-06-22,1,TOY-03,Unit I,VSF Export,4640.48
2026-06-22,1,TOY-04,Unit I,VSF Export,5531.2
2026-06-22,1,TOY-05,Unit I,VSF Export,5374.7
2026-06-22,1,TOY-06,Unit I,Excel Slub,4129.5
2026-06-22,1,TOY-07,Unit I,Excel Slub,3914.67
2026-06-22,1,TOY-08,Unit I,Liveaco Compact,2913.91
2026-06-22,1,TOY-09,Unit I,Excel Slub,4987.22
2026-06-22,1,TOY-10,Unit I,Excel Slub,4133.33
2026-06-22,1,TOY-11,Unit I,Liveaco Compact,4144.23
2026-06-22,1,TOY-12,Unit I,VSF Export,4363.61
2026-06-22,1,TOY-13,Unit I,Liveaco Compact,3312.19
2026-06-22,1,TOY-14,Unit I,Liveaco Compact,4115.21
2026-06-22,1,TOY-15,Unit I,Liveaco Compact,3679.51
2026-06-22,1,TSU-01,Unit I,VSF Export,3249.26
2026-06-22,1,TSU-02,Unit I,Liveaco Compact,2583.58
2026-06-22,1,TSU-03,Unit I,Liveaco Compact,2822.45
2026-06-22,1,TSU-04,Unit I,Excel Slub,3173.36
2026-06-22,1,TSU-05,Unit I,VSF Export,3118.14
2026-06-22,1,TSU-06,Unit I,VSF Export,3272.07
2026-06-22,1,TSU-07,Unit I,Liveaco Compact,2864.89
2026-06-22,1,TSU-08,Unit I,VSF Export,2943.88
2026-06-22,1,TSU-09,Unit I,VSF Export,3171.3
2026-06-22,1,TSU-10,Unit I,Liveaco Compact,2647.99
2026-06-22,1,SUL-01,Unit I,VSF Export,643.52
2026-06-22,1,SUL-02,Unit I,VSF Export,646.29
2026-06-22,1,SUL-03,Unit I,Excel Slub,502.48
2026-06-22,1,SUL-04,Unit I,Excel Slub,559.18
2026-06-22,1,SUL-05,Unit I,Liveaco Compact,422.86
2026-06-22,2,TOY-01,Unit I,Excel Slub,4182.58
2026-06-22,2,TOY-02,Unit I,Excel Slub,3220.47
2026-06-22,2,TOY-03,Unit I,VSF Export,4143.7
2026-06-22,2,TOY-04,Unit I,Liveaco Compact,3721.87
2026-06-22,2,TOY-05,Unit I,Liveaco Compact,3950.27
2026-06-22,2,TOY-06,Unit I,Liveaco Compact,4015.73
2026-06-22,2,TOY-07,Unit I,Excel Slub,4456.6
2026-06-22,2,TOY-08,Unit I,Excel Slub,3541.92
2026-06-22,2,TOY-09,Unit I,Excel Slub,4775.43
2026-06-22,2,TOY-10,Unit I,VSF Export,4839.82
2026-06-22,2,TOY-11,Unit I,Excel Slub,4287.24
2026-06-22,2,TOY-12,Unit I,Liveaco Compact,3722.78
2026-06-22,2,TOY-13,Unit I,Liveaco Compact,3767.81
2026-06-22,2,TOY-14,Unit I,Liveaco Compact,4035.12
2026-06-22,2,TOY-15,Unit I,Excel Slub,4123.6
2026-06-22,2,TSU-01,Unit I,VSF Export,3261.46
2026-06-22,2,TSU-02,Unit I,Liveaco Compact,3111.32
2026-06-22,2,TSU-03,Unit I,Liveaco Compact,2721.06
2026-06-22,2,TSU-04,Unit I,VSF Export,3127.82
2026-06-22,2,TSU-05,Unit I,Excel Slub,2941.72
2026-06-22,2,TSU-06,Unit I,Excel Slub,3196.81
2026-06-22,2,TSU-07,Unit I,VSF Export,3353.43
2026-06-22,2,TSU-08,Unit I,VSF Export,3363.14
2026-06-22,2,TSU-09,Unit I,VSF Export,3162.88
2026-06-22,2,TSU-10,Unit I,Excel Slub,2693.39
2026-06-22,2,SUL-01,Unit I,VSF Export,583.4
2026-06-22,2,SUL-02,Unit I,VSF Export,535.44
2026-06-22,2,SUL-03,Unit I,VSF Export,576.87
2026-06-22,2,SUL-04,Unit I,VSF Export,639.56
2026-06-22,2,SUL-05,Unit I,Excel Slub,522.9
2026-06-22,3,TOY-01,Unit I,Excel Slub,4296.53
2026-06-22,3,TOY-02,Unit I,Excel Slub,3692.7
2026-06-22,3,TOY-03,Unit I,Excel Slub,4303.22
2026-06-22,3,TOY-04,Unit I,Liveaco Compact,3827.75
2026-06-22,3,TOY-05,Unit I,Excel Slub,4680.96
2026-06-22,3,TOY-06,Unit I,Liveaco Compact,3622.44
2026-06-22,3,TOY-07,Unit I,Excel Slub,4131.77
2026-06-22,3,TOY-08,Unit I,Liveaco Compact,3551.08
2026-06-22,3,TOY-09,Unit I,Excel Slub,3751.09
2026-06-22,3,TOY-10,Unit I,Excel Slub,4819.76
2026-06-22,3,TOY-11,Unit I,Excel Slub,4252.35
2026-06-22,3,TOY-12,Unit I,Excel Slub,4549.48
2026-06-22,3,TOY-13,Unit I,Liveaco Compact,4326.34
2026-06-22,3,TOY-14,Unit I,Liveaco Compact,4134.03
2026-06-22,3,TOY-15,Unit I,VSF Export,4931.34
2026-06-22,3,TSU-01,Unit I,Excel Slub,3241.79
2026-06-22,3,TSU-02,Unit I,Liveaco Compact,2958.91
2026-06-22,3,TSU-03,Unit I,Liveaco Compact,3151.92
2026-06-22,3,TSU-04,Unit I,Excel Slub,2943.89
2026-06-22,3,TSU-05,Unit I,Liveaco Compact,3016.67
2026-06-22,3,TSU-06,Unit I,Excel Slub,2959.27
2026-06-22,3,TSU-07,Unit I,VSF Export,3403.11
2026-06-22,3,TSU-08,Unit I,VSF Export,3306.23
2026-06-22,3,TSU-09,Unit I,Liveaco Compact,2451.61
2026-06-22,3,TSU-10,Unit I,Excel Slub,3316.92
2026-06-22,3,SUL-01,Unit I,VSF Export,594.03
2026-06-22,3,SUL-02,Unit I,Liveaco Compact,509.97
2026-06-22,3,SUL-03,Unit I,Liveaco Compact,500.35
2026-06-22,3,SUL-04,Unit I,Liveaco Compact,550.81
2026-06-22,3,SUL-05,Unit I,Excel Slub,565.84
2026-06-23,1,TOY-01,Unit I,VSF Export,4974.53
2026-06-23,1,TOY-02,Unit I,VSF Export,4178.32
2026-06-23,1,TOY-03,Unit I,VSF Export,5485.42
2026-06-23,1,TOY-04,Unit I,VSF Export,4971.47
2026-06-23,1,TOY-05,Unit I,VSF Export,5298.0
2026-06-23,1,TOY-06,Unit I,VSF Export,5333.96
2026-06-23,1,TOY-07,Unit I,Liveaco Compact,4206.6
2026-06-23,1,TOY-08,Unit I,Excel Slub,3328.09
2026-06-23,1,TOY-09,Unit I,VSF Export,5663.4
2026-06-23,1,TOY-10,Unit I,Excel Slub,4273.64
2026-06-23,1,TOY-11,Unit I,Liveaco Compact,4686.79
2026-06-23,1,TOY-12,Unit I,Excel Slub,4192.11
2026-06-23,1,TOY-13,Unit I,Excel Slub,4989.4
2026-06-23,1,TOY-14,Unit I,Liveaco Compact,3984.48
2026-06-23,1,TOY-15,Unit I,Excel Slub,4586.8
2026-06-23,1,TSU-01,Unit I,Excel Slub,2713.15
2026-06-23,1,TSU-02,Unit I,Excel Slub,3014.7
2026-06-23,1,TSU-03,Unit I,Excel Slub,3098.69
2026-06-23,1,TSU-04,Unit I,VSF Export,3444.04
2026-06-23,1,TSU-05,Unit I,VSF Export,2963.5
2026-06-23,1,TSU-06,Unit I,VSF Export,3458.91
2026-06-23,1,TSU-07,Unit I,VSF Export,3453.79
2026-06-23,1,TSU-08,Unit I,Excel Slub,3046.53
2026-06-23,1,TSU-09,Unit I,Liveaco Compact,2646.74
2026-06-23,1,TSU-10,Unit I,Excel Slub,3427.78
2026-06-23,1,SUL-01,Unit I,VSF Export,666.74
2026-06-23,1,SUL-02,Unit I,VSF Export,590.01
2026-06-23,1,SUL-03,Unit I,Excel Slub,597.74
2026-06-23,1,SUL-04,Unit I,Liveaco Compact,546.86
2026-06-23,1,SUL-05,Unit I,Excel Slub,554.16
2026-06-23,2,TOY-01,Unit I,VSF Export,5444.39
2026-06-23,2,TOY-02,Unit I,Excel Slub,3402.23
2026-06-23,2,TOY-03,Unit I,Excel Slub,3961.19
2026-06-23,2,TOY-04,Unit I,Liveaco Compact,4137.64
2026-06-23,2,TOY-05,Unit I,VSF Export,5102.64
2026-06-23,2,TOY-06,Unit I,Excel Slub,4423.69
2026-06-23,2,TOY-07,Unit I,VSF Export,5092.16
2026-06-23,2,TOY-08,Unit I,VSF Export,3994.43
2026-06-23,2,TOY-09,Unit I,VSF Export,5085.2
2026-06-23,2,TOY-10,Unit I,Liveaco Compact,3983.67
2026-06-23,2,TOY-11,Unit I,Excel Slub,4262.95
2026-06-23,2,TOY-12,Unit I,VSF Export,4525.73
2026-06-23,2,TOY-13,Unit I,VSF Export,5021.25
2026-06-23,2,TOY-14,Unit I,Excel Slub,4769.86
2026-06-23,2,TOY-15,Unit I,Liveaco Compact,4043.21
2026-06-23,2,TSU-01,Unit I,Liveaco Compact,3012.43
2026-06-23,2,TSU-02,Unit I,Excel Slub,3163.94
2026-06-23,2,TSU-03,Unit I,Liveaco Compact,2793.47
2026-06-23,2,TSU-04,Unit I,VSF Export,3214.15
2026-06-23,2,TSU-05,Unit I,VSF Export,3509.55
2026-06-23,2,TSU-06,Unit I,VSF Export,3177.3
2026-06-23,2,TSU-07,Unit I,VSF Export,3760.88
2026-06-23,2,TSU-08,Unit I,VSF Export,3589.19
2026-06-23,2,TSU-09,Unit I,Liveaco Compact,2678.17
2026-06-23,2,TSU-10,Unit I,Excel Slub,3323.45
2026-06-23,2,SUL-01,Unit I,Excel Slub,622.32
2026-06-23,2,SUL-02,Unit I,Liveaco Compact,524.49
2026-06-23,2,SUL-03,Unit I,VSF Export,583.21
2026-06-23,2,SUL-04,Unit I,VSF Export,700.44
2026-06-23,2,SUL-05,Unit I,VSF Export,640.86
2026-06-23,3,TOY-01,Unit I,VSF Export,4991.74
2026-06-23,3,TOY-02,Unit I,Liveaco Compact,3612.19
2026-06-23,3,TOY-03,Unit I,Liveaco Compact,3966.33
2026-06-23,3,TOY-04,Unit I,Excel Slub,3933.92
2026-06-23,3,TOY-05,Unit I,Excel Slub,4478.95
2026-06-23,3,TOY-06,Unit I,Liveaco Compact,4349.89
2026-06-23,3,TOY-07,Unit I,Liveaco Compact,4191.31
2026-06-23,3,TOY-08,Unit I,Excel Slub,3327.49
2026-06-23,3,TOY-09,Unit I,Excel Slub,4552.25
2026-06-23,3,TOY-10,Unit I,VSF Export,4785.8
2026-06-23,3,TOY-11,Unit I,Liveaco Compact,3385.8
2026-06-23,3,TOY-12,Unit I,VSF Export,5528.08
2026-06-23,3,TOY-13,Unit I,VSF Export,4388.17
2026-06-23,3,TOY-14,Unit I,Excel Slub,4222.89
2026-06-23,3,TOY-15,Unit I,VSF Export,4793.11
2026-06-23,3,TSU-01,Unit I,Liveaco Compact,2770.01
2026-06-23,3,TSU-02,Unit I,Excel Slub,3345.39
2026-06-23,3,TSU-03,Unit I,VSF Export,3297.9
2026-06-23,3,TSU-04,Unit I,VSF Export,3408.71
2026-06-23,3,TSU-05,Unit I,VSF Export,3465.23
2026-06-23,3,TSU-06,Unit I,Excel Slub,2980.57
2026-06-23,3,TSU-07,Unit I,Liveaco Compact,2247.67
2026-06-23,3,TSU-08,Unit I,Liveaco Compact,2702.32
2026-06-23,3,TSU-09,Unit I,Liveaco Compact,2975.67
2026-06-23,3,TSU-10,Unit I,Excel Slub,3024.34
2026-06-23,3,SUL-01,Unit I,Liveaco Compact,492.55
2026-06-23,3,SUL-02,Unit I,Excel Slub,565.45
2026-06-23,3,SUL-03,Unit I,Excel Slub,539.49
2026-06-23,3,SUL-04,Unit I,Excel Slub,608.79
2026-06-23,3,SUL-05,Unit I,VSF Export,695.7
2026-06-24,1,TOY-01,Unit I,Liveaco Compact,3704.75
2026-06-24,1,TOY-02,Unit I,VSF Export,3583.78
2026-06-24,1,TOY-03,Unit I,VSF Export,4924.93
2026-06-24,1,TOY-04,Unit I,Liveaco Compact,4298.83
2026-06-24,1,TOY-05,Unit I,Excel Slub,4329.82
2026-06-24,1,TOY-06,Unit I,Liveaco Compact,3842.29
2026-06-24,1,TOY-07,Unit I,Liveaco Compact,3544.13
2026-06-24,1,TOY-08,Unit I,Excel Slub,3569.01
2026-06-24,1,TOY-09,Unit I,Liveaco Compact,3713.9
2026-06-24,1,TOY-10,Unit I,Excel Slub,4826.74
2026-06-24,1,TOY-11,Unit I,Liveaco Compact,3849.4
2026-06-24,1,TOY-12,Unit I,Liveaco Compact,4633.62
2026-06-24,1,TOY-13,Unit I,Liveaco Compact,3383.63
2026-06-24,1,TOY-14,Unit I,Liveaco Compact,4006.01
2026-06-24,1,TOY-15,Unit I,Liveaco Compact,3634.8
2026-06-24,1,TSU-01,Unit I,VSF Export,3358.99
2026-06-24,1,TSU-02,Unit I,Excel Slub,2851.04
2026-06-24,1,TSU-03,Unit I,Liveaco Compact,3208.19
2026-06-24,1,TSU-04,Unit I,Excel Slub,3270.32
2026-06-24,1,TSU-05,Unit I,Liveaco Compact,2455.67
2026-06-24,1,TSU-06,Unit I,Liveaco Compact,3148.09
2026-06-24,1,TSU-07,Unit I,Liveaco Compact,2945.31
2026-06-24,1,TSU-08,Unit I,Liveaco Compact,2855.43
2026-06-24,1,TSU-09,Unit I,Liveaco Compact,2751.06
2026-06-24,1,TSU-10,Unit I,Excel Slub,2680.69
2026-06-24,1,SUL-01,Unit I,Excel Slub,599.09
2026-06-24,1,SUL-02,Unit I,VSF Export,635.74
2026-06-24,1,SUL-03,Unit I,VSF Export,640.31
2026-06-24,1,SUL-04,Unit I,Liveaco Compact,487.45
2026-06-24,1,SUL-05,Unit I,VSF Export,527.48
2026-06-24,2,TOY-01,Unit I,VSF Export,4446.28
2026-06-24,2,TOY-02,Unit I,Liveaco Compact,3493.58
2026-06-24,2,TOY-03,Unit I,Excel Slub,4368.54
2026-06-24,2,TOY-04,Unit I,Liveaco Compact,4272.59
2026-06-24,2,TOY-05,Unit I,Excel Slub,4345.32
2026-06-24,2,TOY-06,Unit I,Liveaco Compact,3889.13
2026-06-24,2,TOY-07,Unit I,Excel Slub,4568.43
2026-06-24,2,TOY-08,Unit I,Excel Slub,3592.28
2026-06-24,2,TOY-09,Unit I,Liveaco Compact,4480.86
2026-06-24,2,TOY-10,Unit I,VSF Export,4821.47
2026-06-24,2,TOY-11,Unit I,Excel Slub,4653.67
2026-06-24,2,TOY-12,Unit I,VSF Export,5460.68
2026-06-24,2,TOY-13,Unit I,VSF Export,5519.43
2026-06-24,2,TOY-14,Unit I,Excel Slub,4228.23
2026-06-24,2,TOY-15,Unit I,Excel Slub,3730.99
2026-06-24,2,TSU-01,Unit I,Liveaco Compact,2334.14
2026-06-24,2,TSU-02,Unit I,Excel Slub,3147.3
2026-06-24,2,TSU-03,Unit I,Excel Slub,2860.32
2026-06-24,2,TSU-04,Unit I,Liveaco Compact,2959.85
2026-06-24,2,TSU-05,Unit I,VSF Export,3792.82
2026-06-24,2,TSU-06,Unit I,Liveaco Compact,2885.44
2026-06-24,2,TSU-07,Unit I,Liveaco Compact,2921.89
2026-06-24,2,TSU-08,Unit I,VSF Export,3635.22
2026-06-24,2,TSU-09,Unit I,Liveaco Compact,2817.05
2026-06-24,2,TSU-10,Unit I,Excel Slub,3517.12
2026-06-24,2,SUL-01,Unit I,Liveaco Compact,520.47
2026-06-24,2,SUL-02,Unit I,Excel Slub,528.83
2026-06-24,2,SUL-03,Unit I,Liveaco Compact,501.19
2026-06-24,2,SUL-04,Unit I,VSF Export,567.31
2026-06-24,2,SUL-05,Unit I,Excel Slub,561.8
2026-06-24,3,TOY-01,Unit I,Liveaco Compact,4451.82
2026-06-24,3,TOY-02,Unit I,VSF Export,3837.35
2026-06-24,3,TOY-03,Unit I,Liveaco Compact,4507.04
2026-06-24,3,TOY-04,Unit I,VSF Export,5347.89
2026-06-24,3,TOY-05,Unit I,Liveaco Compact,3361.51
2026-06-24,3,TOY-06,Unit I,VSF Export,4438.3
2026-06-24,3,TOY-07,Unit I,Liveaco Compact,3701.28
2026-06-24,3,TOY-08,Unit I,Excel Slub,4208.22
2026-06-24,3,TOY-09,Unit I,Excel Slub,4323.64
2026-06-24,3,TOY-10,Unit I,VSF Export,4156.34
2026-06-24,3,TOY-11,Unit I,VSF Export,4874.01
2026-06-24,3,TOY-12,Unit I,Excel Slub,4774.03
2026-06-24,3,TOY-13,Unit I,Excel Slub,3818.13
2026-06-24,3,TOY-14,Unit I,VSF Export,5132.1
2026-06-24,3,TOY-15,Unit I,Excel Slub,4292.72
2026-06-24,3,TSU-01,Unit I,Excel Slub,2841.05
2026-06-24,3,TSU-02,Unit I,Excel Slub,3122.76
2026-06-24,3,TSU-03,Unit I,VSF Export,3578.72
2026-06-24,3,TSU-04,Unit I,Excel Slub,2841.71
2026-06-24,3,TSU-05,Unit I,Excel Slub,2751.33
2026-06-24,3,TSU-06,Unit I,VSF Export,3469.68
2026-06-24,3,TSU-07,Unit I,Liveaco Compact,2689.63
2026-06-24,3,TSU-08,Unit I,Excel Slub,3002.8
2026-06-24,3,TSU-09,Unit I,VSF Export,3294.88
2026-06-24,3,TSU-10,Unit I,Excel Slub,2788.5
2026-06-24,3,SUL-01,Unit I,Excel Slub,598.33
2026-06-24,3,SUL-02,Unit I,Excel Slub,550.95
2026-06-24,3,SUL-03,Unit I,VSF Export,633.06
2026-06-24,3,SUL-04,Unit I,Excel Slub,536.41
2026-06-24,3,SUL-05,Unit I,Excel Slub,516.06
2026-06-25,1,TOY-01,Unit I,Excel Slub,4174.58
2026-06-25,1,TOY-02,Unit I,Excel Slub,3819.54
2026-06-25,1,TOY-03,Unit I,Liveaco Compact,4231.15
2026-06-25,1,TOY-04,Unit I,Liveaco Compact,4210.89
2026-06-25,1,TOY-05,Unit I,Excel Slub,4751.81
2026-06-25,1,TOY-06,Unit I,Excel Slub,4079.85
2026-06-25,1,TOY-07,Unit I,VSF Export,5042.15
2026-06-25,1,TOY-08,Unit I,Excel Slub,3790.99
2026-06-25,1,TOY-09,Unit I,Liveaco Compact,3923.01
2026-06-25,1,TOY-10,Unit I,VSF Export,4915.66
2026-06-25,1,TOY-11,Unit I,Excel Slub,4846.42
2026-06-25,1,TOY-12,Unit I,Excel Slub,3852.81
2026-06-25,1,TOY-13,Unit I,Excel Slub,4473.31
2026-06-25,1,TOY-14,Unit I,VSF Export,5332.53
2026-06-25,1,TOY-15,Unit I,Excel Slub,4342.72
2026-06-25,1,TSU-01,Unit I,VSF Export,3123.5
2026-06-25,1,TSU-02,Unit I,VSF Export,3165.84
2026-06-25,1,TSU-03,Unit I,VSF Export,3835.06
2026-06-25,1,TSU-04,Unit I,VSF Export,3198.71
2026-06-25,1,TSU-05,Unit I,Liveaco Compact,2695.51
2026-06-25,1,TSU-06,Unit I,Excel Slub,2679.33
2026-06-25,1,TSU-07,Unit I,Excel Slub,2941.78
2026-06-25,1,TSU-08,Unit I,Liveaco Compact,2605.42
2026-06-25,1,TSU-09,Unit I,VSF Export,3086.31
2026-06-25,1,TSU-10,Unit I,Liveaco Compact,2604.12
2026-06-25,1,SUL-01,Unit I,Liveaco Compact,505.92
2026-06-25,1,SUL-02,Unit I,Liveaco Compact,418.53
2026-06-25,1,SUL-03,Unit I,Excel Slub,548.83
2026-06-25,1,SUL-04,Unit I,Liveaco Compact,497.16
2026-06-25,1,SUL-05,Unit I,VSF Export,584.38
2026-06-25,2,TOY-01,Unit I,VSF Export,5638.1
2026-06-25,2,TOY-02,Unit I,Excel Slub,3459.83
2026-06-25,2,TOY-03,Unit I,Excel Slub,4739.19
2026-06-25,2,TOY-04,Unit I,Liveaco Compact,4091.45
2026-06-25,2,TOY-05,Unit I,Liveaco Compact,3873.87
2026-06-25,2,TOY-06,Unit I,VSF Export,5253.59
2026-06-25,2,TOY-07,Unit I,VSF Export,5051.05
2026-06-25,2,TOY-08,Unit I,Excel Slub,3205.86
2026-06-25,2,TOY-09,Unit I,Liveaco Compact,4370.81
2026-06-25,2,TOY-10,Unit I,Liveaco Compact,3579.28
2026-06-25,2,TOY-11,Unit I,Excel Slub,5024.93
2026-06-25,2,TOY-12,Unit I,VSF Export,5141.52
2026-06-25,2,TOY-13,Unit I,Excel Slub,4783.16
2026-06-25,2,TOY-14,Unit I,VSF Export,5049.8
2026-06-25,2,TOY-15,Unit I,Liveaco Compact,4015.97
2026-06-25,2,TSU-01,Unit I,Liveaco Compact,2887.03
2026-06-25,2,TSU-02,Unit I,Liveaco Compact,2416.66
2026-06-25,2,TSU-03,Unit I,VSF Export,3208.95
2026-06-25,2,TSU-04,Unit I,VSF Export,3676.95
2026-06-25,2,TSU-05,Unit I,VSF Export,3397.39
2026-06-25,2,TSU-06,Unit I,Excel Slub,2979.52
2026-06-25,2,TSU-07,Unit I,VSF Export,3864.62
2026-06-25,2,TSU-08,Unit I,Excel Slub,2998.17
2026-06-25,2,TSU-09,Unit I,Excel Slub,3449.12
2026-06-25,2,TSU-10,Unit I,Liveaco Compact,2690.58
2026-06-25,2,SUL-01,Unit I,Excel Slub,536.41
2026-06-25,2,SUL-02,Unit I,Liveaco Compact,562.9
2026-06-25,2,SUL-03,Unit I,Liveaco Compact,535.98
2026-06-25,2,SUL-04,Unit I,Excel Slub,582.79
2026-06-25,2,SUL-05,Unit I,Liveaco Compact,496.59
2026-06-25,3,TOY-01,Unit I,Liveaco Compact,3662.59
2026-06-25,3,TOY-02,Unit I,VSF Export,3790.37
2026-06-25,3,TOY-03,Unit I,VSF Export,4498.91
2026-06-25,3,TOY-04,Unit I,VSF Export,5280.2
2026-06-25,3,TOY-05,Unit I,Liveaco Compact,3494.86
2026-06-25,3,TOY-06,Unit I,Excel Slub,4694.43
2026-06-25,3,TOY-07,Unit I,Liveaco Compact,3656.38
2026-06-25,3,TOY-08,Unit I,Liveaco Compact,3316.08
2026-06-25,3,TOY-09,Unit I,VSF Export,5155.74
2026-06-25,3,TOY-10,Unit I,Excel Slub,4738.21
2026-06-25,3,TOY-11,Unit I,Excel Slub,3562.65
2026-06-25,3,TOY-12,Unit I,Liveaco Compact,4694.78
2026-06-25,3,TOY-13,Unit I,Excel Slub,4365.34
2026-06-25,3,TOY-14,Unit I,Liveaco Compact,3942.66
2026-06-25,3,TOY-15,Unit I,VSF Export,4925.33
2026-06-25,3,TSU-01,Unit I,VSF Export,3375.15
2026-06-25,3,TSU-02,Unit I,VSF Export,3410.61
2026-06-25,3,TSU-03,Unit I,Liveaco Compact,2944.35
2026-06-25,3,TSU-04,Unit I,VSF Export,3471.34
2026-06-25,3,TSU-05,Unit I,Liveaco Compact,2493.01
2026-06-25,3,TSU-06,Unit I,Excel Slub,2952.7
2026-06-25,3,TSU-07,Unit I,VSF Export,3102.8
2026-06-25,3,TSU-08,Unit I,Excel Slub,3388.64
2026-06-25,3,TSU-09,Unit I,Excel Slub,3242.74
2026-06-25,3,TSU-10,Unit I,VSF Export,3229.83
2026-06-25,3,SUL-01,Unit I,Excel Slub,565.94
2026-06-25,3,SUL-02,Unit I,Excel Slub,572.04
2026-06-25,3,SUL-03,Unit I,Excel Slub,584.49
2026-06-25,3,SUL-04,Unit I,VSF Export,701.22
2026-06-25,3,SUL-05,Unit I,Liveaco Compact,425.82
2026-06-26,1,TOY-01,Unit I,VSF Export,4937.01
2026-06-26,1,TOY-02,Unit I,Liveaco Compact,3229.13
2026-06-26,1,TOY-03,Unit I,VSF Export,4615.08
2026-06-26,1,TOY-04,Unit I,Liveaco Compact,4473.54
2026-06-26,1,TOY-05,Unit I,Liveaco Compact,3908.75
2026-06-26,1,TOY-06,Unit I,VSF Export,4738.92
2026-06-26,1,TOY-07,Unit I,Liveaco Compact,3805.73
2026-06-26,1,TOY-08,Unit I,Liveaco Compact,3657.98
2026-06-26,1,TOY-09,Unit I,Liveaco Compact,4098.28
2026-06-26,1,TOY-10,Unit I,Excel Slub,3895.3
2026-06-26,1,TOY-11,Unit I,VSF Export,5457.08
2026-06-26,1,TOY-12,Unit I,Liveaco Compact,4013.38
2026-06-26,1,TOY-13,Unit I,Liveaco Compact,3815.43
2026-06-26,1,TOY-14,Unit I,Excel Slub,4453.89
2026-06-26,1,TOY-15,Unit I,Excel Slub,4822.89
2026-06-26,1,TSU-01,Unit I,Excel Slub,3094.88
2026-06-26,1,TSU-02,Unit I,VSF Export,3234.29
2026-06-26,1,TSU-03,Unit I,VSF Export,3278.72
2026-06-26,1,TSU-04,Unit I,VSF Export,3755.77
2026-06-26,1,TSU-05,Unit I,VSF Export,3118.54
2026-06-26,1,TSU-06,Unit I,VSF Export,3556.28
2026-06-26,1,TSU-07,Unit I,Excel Slub,3184.29
2026-06-26,1,TSU-08,Unit I,Excel Slub,2787.49
2026-06-26,1,TSU-09,Unit I,VSF Export,3651.97
2026-06-26,1,TSU-10,Unit I,Excel Slub,3271.31
2026-06-26,1,SUL-01,Unit I,VSF Export,615.29
2026-06-26,1,SUL-02,Unit I,Excel Slub,553.23
2026-06-26,1,SUL-03,Unit I,Excel Slub,584.61
2026-06-26,1,SUL-04,Unit I,Liveaco Compact,543.68
2026-06-26,1,SUL-05,Unit I,Liveaco Compact,490.01
2026-06-26,2,TOY-01,Unit I,Excel Slub,4456.08
2026-06-26,2,TOY-02,Unit I,Excel Slub,3081.56
2026-06-26,2,TOY-03,Unit I,Excel Slub,4103.96
2026-06-26,2,TOY-04,Unit I,Excel Slub,4492.94
2026-06-26,2,TOY-05,Unit I,Liveaco Compact,4077.72
2026-06-26,2,TOY-06,Unit I,Excel Slub,4298.18
2026-06-26,2,TOY-07,Unit I,Liveaco Compact,4139.25
2026-06-26,2,TOY-08,Unit I,Liveaco Compact,3153.59
2026-06-26,2,TOY-09,Unit I,Excel Slub,4079.97
2026-06-26,2,TOY-10,Unit I,VSF Export,4616.69
2026-06-26,2,TOY-11,Unit I,VSF Export,5473.71
2026-06-26,2,TOY-12,Unit I,Excel Slub,4939.92
2026-06-26,2,TOY-13,Unit I,Liveaco Compact,3856.71
2026-06-26,2,TOY-14,Unit I,VSF Export,5465.36
2026-06-26,2,TOY-15,Unit I,VSF Export,4038.43
2026-06-26,2,TSU-01,Unit I,Excel Slub,2909.66
2026-06-26,2,TSU-02,Unit I,VSF Export,3454.59
2026-06-26,2,TSU-03,Unit I,Excel Slub,3106.23
2026-06-26,2,TSU-04,Unit I,Liveaco Compact,2479.45
2026-06-26,2,TSU-05,Unit I,VSF Export,3808.9
2026-06-26,2,TSU-06,Unit I,Liveaco Compact,2527.36
2026-06-26,2,TSU-07,Unit I,Liveaco Compact,2837.09
2026-06-26,2,TSU-08,Unit I,Excel Slub,2903.54
2026-06-26,2,TSU-09,Unit I,Liveaco Compact,2657.8
2026-06-26,2,TSU-10,Unit I,Excel Slub,3054.74
2026-06-26,2,SUL-01,Unit I,Liveaco Compact,512.72
2026-06-26,2,SUL-02,Unit I,Excel Slub,523.23
2026-06-26,2,SUL-03,Unit I,VSF Export,610.7
2026-06-26,2,SUL-04,Unit I,VSF Export,569.93
2026-06-26,2,SUL-05,Unit I,VSF Export,535.36
2026-06-26,3,TOY-01,Unit I,Liveaco Compact,3874.47
2026-06-26,3,TOY-02,Unit I,Liveaco Compact,3426.5
2026-06-26,3,TOY-03,Unit I,Liveaco Compact,4500.48
2026-06-26,3,TOY-04,Unit I,Excel Slub,4711.07
2026-06-26,3,TOY-05,Unit I,Excel Slub,4002.7
2026-06-26,3,TOY-06,Unit I,Excel Slub,4974.84
2026-06-26,3,TOY-07,Unit I,VSF Export,4824.49
2026-06-26,3,TOY-08,Unit I,VSF Export,4858.13
2026-06-26,3,TOY-09,Unit I,Excel Slub,4405.45
2026-06-26,3,TOY-10,Unit I,Excel Slub,4216.75
2026-06-26,3,TOY-11,Unit I,Liveaco Compact,3741.83
2026-06-26,3,TOY-12,Unit I,Liveaco Compact,3877.5
2026-06-26,3,TOY-13,Unit I,Excel Slub,4434.72
2026-06-26,3,TOY-14,Unit I,VSF Export,5048.93
2026-06-26,3,TOY-15,Unit I,Liveaco Compact,4272.87
2026-06-26,3,TSU-01,Unit I,VSF Export,3341.38
2026-06-26,3,TSU-02,Unit I,VSF Export,3530.84
2026-06-26,3,TSU-03,Unit I,VSF Export,3216.12
2026-06-26,3,TSU-04,Unit I,Liveaco Compact,3004.76
2026-06-26,3,TSU-05,Unit I,VSF Export,3354.37
2026-06-26,3,TSU-06,Unit I,VSF Export,3167.4
2026-06-26,3,TSU-07,Unit I,Excel Slub,3007.73
2026-06-26,3,TSU-08,Unit I,Liveaco Compact,2911.09
2026-06-26,3,TSU-09,Unit I,Excel Slub,3098.99
2026-06-26,3,TSU-10,Unit I,VSF Export,3207.63
2026-06-26,3,SUL-01,Unit I,Liveaco Compact,556.89
2026-06-26,3,SUL-02,Unit I,VSF Export,567.27
2026-06-26,3,SUL-03,Unit I,Liveaco Compact,480.58
2026-06-26,3,SUL-04,Unit I,VSF Export,607.39
2026-06-26,3,SUL-05,Unit I,Excel Slub,525.31
2026-06-27,1,TOY-01,Unit I,VSF Export,4792.43
2026-06-27,1,TOY-02,Unit I,Liveaco Compact,3343.4
2026-06-27,1,TOY-03,Unit I,VSF Export,4447.08
2026-06-27,1,TOY-04,Unit I,Excel Slub,4239.63
2026-06-27,1,TOY-05,Unit I,VSF Export,4651.62
2026-06-27,1,TOY-06,Unit I,VSF Export,5198.75
2026-06-27,1,TOY-07,Unit I,VSF Export,4858.18
2026-06-27,1,TOY-08,Unit I,Excel Slub,3327.64
2026-06-27,1,TOY-09,Unit I,Excel Slub,4595.62
2026-06-27,1,TOY-10,Unit I,Excel Slub,3705.48
2026-06-27,1,TOY-11,Unit I,Excel Slub,4358.25
2026-06-27,1,TOY-12,Unit I,Excel Slub,4393.77
2026-06-27,1,TOY-13,Unit I,VSF Export,4466.8
2026-06-27,1,TOY-14,Unit I,Liveaco Compact,3701.56
2026-06-27,1,TOY-15,Unit I,VSF Export,5395.54
2026-06-27,1,TSU-01,Unit I,Excel Slub,2619.19
2026-06-27,1,TSU-02,Unit I,Excel Slub,3229.46
2026-06-27,1,TSU-03,Unit I,Liveaco Compact,2937.42
2026-06-27,1,TSU-04,Unit I,Liveaco Compact,2843.99
2026-06-27,1,TSU-05,Unit I,Liveaco Compact,2681.06
2026-06-27,1,TSU-06,Unit I,VSF Export,3151.75
2026-06-27,1,TSU-07,Unit I,VSF Export,3812.78
2026-06-27,1,TSU-08,Unit I,VSF Export,3473.18
2026-06-27,1,TSU-09,Unit I,VSF Export,3764.32
2026-06-27,1,TSU-10,Unit I,VSF Export,3625.83
2026-06-27,1,SUL-01,Unit I,Excel Slub,503.08
2026-06-27,1,SUL-02,Unit I,Liveaco Compact,519.57
2026-06-27,1,SUL-03,Unit I,Excel Slub,611.16
2026-06-27,1,SUL-04,Unit I,Excel Slub,553.69
2026-06-27,1,SUL-05,Unit I,VSF Export,603.45
2026-06-27,2,TOY-01,Unit I,Liveaco Compact,3864.64
2026-06-27,2,TOY-02,Unit I,VSF Export,4176.48
2026-06-27,2,TOY-03,Unit I,Liveaco Compact,4207.49
2026-06-27,2,TOY-04,Unit I,VSF Export,4780.31
2026-06-27,2,TOY-05,Unit I,VSF Export,4608.73
2026-06-27,2,TOY-06,Unit I,Excel Slub,4103.2
2026-06-27,2,TOY-07,Unit I,VSF Export,5350.75
2026-06-27,2,TOY-08,Unit I,Excel Slub,3709.71
2026-06-27,2,TOY-09,Unit I,VSF Export,4769.09
2026-06-27,2,TOY-10,Unit I,VSF Export,5502.03
2026-06-27,2,TOY-11,Unit I,Excel Slub,4200.23
2026-06-27,2,TOY-12,Unit I,Excel Slub,4468.18
2026-06-27,2,TOY-13,Unit I,Liveaco Compact,3535.55
2026-06-27,2,TOY-14,Unit I,VSF Export,5121.58
2026-06-27,2,TOY-15,Unit I,Liveaco Compact,3561.8
2026-06-27,2,TSU-01,Unit I,VSF Export,3412.18
2026-06-27,2,TSU-02,Unit I,VSF Export,3497.44
2026-06-27,2,TSU-03,Unit I,Liveaco Compact,2902.52
2026-06-27,2,TSU-04,Unit I,Excel Slub,3360.3
2026-06-27,2,TSU-05,Unit I,Excel Slub,3096.07
2026-06-27,2,TSU-06,Unit I,Excel Slub,3018.38
2026-06-27,2,TSU-07,Unit I,VSF Export,3631.15
2026-06-27,2,TSU-08,Unit I,Liveaco Compact,2474.89
2026-06-27,2,TSU-09,Unit I,Excel Slub,2840.25
2026-06-27,2,TSU-10,Unit I,Excel Slub,2907.62
2026-06-27,2,SUL-01,Unit I,VSF Export,543.34
2026-06-27,2,SUL-02,Unit I,Liveaco Compact,488.64
2026-06-27,2,SUL-03,Unit I,Excel Slub,470.97
2026-06-27,2,SUL-04,Unit I,VSF Export,628.47
2026-06-27,2,SUL-05,Unit I,Excel Slub,555.71
2026-06-27,3,TOY-01,Unit I,Excel Slub,4371.39
2026-06-27,3,TOY-02,Unit I,VSF Export,3979.44
2026-06-27,3,TOY-03,Unit I,VSF Export,5000.57
2026-06-27,3,TOY-04,Unit I,Liveaco Compact,3847.3
2026-06-27,3,TOY-05,Unit I,VSF Export,4704.97
2026-06-27,3,TOY-06,Unit I,Excel Slub,3666.01
2026-06-27,3,TOY-07,Unit I,Excel Slub,4058.19
2026-06-27,3,TOY-08,Unit I,VSF Export,3848.02
2026-06-27,3,TOY-09,Unit I,Excel Slub,4800.9
2026-06-27,3,TOY-10,Unit I,VSF Export,4897.41
2026-06-27,3,TOY-11,Unit I,Liveaco Compact,4180.3
2026-06-27,3,TOY-12,Unit I,VSF Export,4893.3
2026-06-27,3,TOY-13,Unit I,VSF Export,5007.67
2026-06-27,3,TOY-14,Unit I,Liveaco Compact,4520.15
2026-06-27,3,TOY-15,Unit I,VSF Export,4583.94
2026-06-27,3,TSU-01,Unit I,Liveaco Compact,3056.09
2026-06-27,3,TSU-02,Unit I,Liveaco Compact,2820.25
2026-06-27,3,TSU-03,Unit I,Liveaco Compact,2987.54
2026-06-27,3,TSU-04,Unit I,Liveaco Compact,2392.6
2026-06-27,3,TSU-05,Unit I,Liveaco Compact,2853.4
2026-06-27,3,TSU-06,Unit I,VSF Export,3288.77
2026-06-27,3,TSU-07,Unit I,VSF Export,3702.32
2026-06-27,3,TSU-08,Unit I,Excel Slub,3185.16
2026-06-27,3,TSU-09,Unit I,VSF Export,3388.47
2026-06-27,3,TSU-10,Unit I,Liveaco Compact,2713.14
2026-06-27,3,SUL-01,Unit I,Excel Slub,561.04
2026-06-27,3,SUL-02,Unit I,VSF Export,617.0
2026-06-27,3,SUL-03,Unit I,VSF Export,614.63
2026-06-27,3,SUL-04,Unit I,Liveaco Compact,509.29
2026-06-27,3,SUL-05,Unit I,Excel Slub,505.71
2026-06-28,1,TOY-01,Unit I,VSF Export,4497.53
2026-06-28,1,TOY-02,Unit I,VSF Export,4131.56
2026-06-28,1,TOY-03,Unit I,VSF Export,5352.55
2026-06-28,1,TOY-04,Unit I,Liveaco Compact,3806.55
2026-06-28,1,TOY-05,Unit I,Excel Slub,4457.47
2026-06-28,1,TOY-06,Unit I,VSF Export,5078.96
2026-06-28,1,TOY-07,Unit I,VSF Export,4671.48
2026-06-28,1,TOY-08,Unit I,VSF Export,4287.04
2026-06-28,1,TOY-09,Unit I,Liveaco Compact,4102.24
2026-06-28,1,TOY-10,Unit I,Excel Slub,3971.76
2026-06-28,1,TOY-11,Unit I,VSF Export,5326.65
2026-06-28,1,TOY-12,Unit I,Liveaco Compact,4120.05
2026-06-28,1,TOY-13,Unit I,Excel Slub,4410.74
2026-06-28,1,TOY-14,Unit I,Liveaco Compact,4181.35
2026-06-28,1,TOY-15,Unit I,Excel Slub,4345.01
2026-06-28,1,TSU-01,Unit I,Excel Slub,2859.66
2026-06-28,1,TSU-02,Unit I,Liveaco Compact,2857.02
2026-06-28,1,TSU-03,Unit I,Excel Slub,2975.87
2026-06-28,1,TSU-04,Unit I,Excel Slub,2996.58
2026-06-28,1,TSU-05,Unit I,VSF Export,3312.87
2026-06-28,1,TSU-06,Unit I,Liveaco Compact,3193.01
2026-06-28,1,TSU-07,Unit I,Excel Slub,2896.37
2026-06-28,1,TSU-08,Unit I,Excel Slub,3146.12
2026-06-28,1,TSU-09,Unit I,Liveaco Compact,2761.39
2026-06-28,1,TSU-10,Unit I,Excel Slub,2667.28
2026-06-28,1,SUL-01,Unit I,VSF Export,650.7
2026-06-28,1,SUL-02,Unit I,VSF Export,509.42
2026-06-28,1,SUL-03,Unit I,Liveaco Compact,514.0
2026-06-28,1,SUL-04,Unit I,Liveaco Compact,546.45
2026-06-28,1,SUL-05,Unit I,Excel Slub,573.3
2026-06-28,2,TOY-01,Unit I,Liveaco Compact,4537.39
2026-06-28,2,TOY-02,Unit I,Liveaco Compact,3094.45
2026-06-28,2,TOY-03,Unit I,Excel Slub,3865.52
2026-06-28,2,TOY-04,Unit I,VSF Export,5414.89
2026-06-28,2,TOY-05,Unit I,Excel Slub,4319.72
2026-06-28,2,TOY-06,Unit I,VSF Export,4645.99
2026-06-28,2,TOY-07,Unit I,Excel Slub,4313.49
2026-06-28,2,TOY-08,Unit I,Excel Slub,3413.63
2026-06-28,2,TOY-09,Unit I,Liveaco Compact,3722.04
2026-06-28,2,TOY-10,Unit I,Excel Slub,3896.09
2026-06-28,2,TOY-11,Unit I,Liveaco Compact,3785.1
2026-06-28,2,TOY-12,Unit I,Excel Slub,4143.9
2026-06-28,2,TOY-13,Unit I,Liveaco Compact,3514.6
2026-06-28,2,TOY-14,Unit I,Liveaco Compact,4248.5
2026-06-28,2,TOY-15,Unit I,Liveaco Compact,3931.0
2026-06-28,2,TSU-01,Unit I,Excel Slub,3186.67
2026-06-28,2,TSU-02,Unit I,VSF Export,3783.22
2026-06-28,2,TSU-03,Unit I,Liveaco Compact,3154.28
2026-06-28,2,TSU-04,Unit I,Excel Slub,3102.22
2026-06-28,2,TSU-05,Unit I,Liveaco Compact,3178.96
2026-06-28,2,TSU-06,Unit I,VSF Export,3617.35
2026-06-28,2,TSU-07,Unit I,VSF Export,3318.36
2026-06-28,2,TSU-08,Unit I,VSF Export,3192.56
2026-06-28,2,TSU-09,Unit I,VSF Export,3247.32
2026-06-28,2,TSU-10,Unit I,VSF Export,3473.5
2026-06-28,2,SUL-01,Unit I,Liveaco Compact,468.55
2026-06-28,2,SUL-02,Unit I,Excel Slub,508.68
2026-06-28,2,SUL-03,Unit I,Excel Slub,529.72
2026-06-28,2,SUL-04,Unit I,VSF Export,608.5
2026-06-28,2,SUL-05,Unit I,Liveaco Compact,483.44
2026-06-28,3,TOY-01,Unit I,VSF Export,5113.86
2026-06-28,3,TOY-02,Unit I,Excel Slub,3930.81
2026-06-28,3,TOY-03,Unit I,Liveaco Compact,4245.52
2026-06-28,3,TOY-04,Unit I,Excel Slub,3973.83
2026-06-28,3,TOY-05,Unit I,VSF Export,4286.69
2026-06-28,3,TOY-06,Unit I,VSF Export,4559.59
2026-06-28,3,TOY-07,Unit I,Liveaco Compact,3658.56
2026-06-28,3,TOY-08,Unit I,Liveaco Compact,3240.64
2026-06-28,3,TOY-09,Unit I,Liveaco Compact,4139.87
2026-06-28,3,TOY-10,Unit I,VSF Export,4697.51
2026-06-28,3,TOY-11,Unit I,Liveaco Compact,3927.36
2026-06-28,3,TOY-12,Unit I,Excel Slub,4306.59
2026-06-28,3,TOY-13,Unit I,VSF Export,4283.91
2026-06-28,3,TOY-14,Unit I,Liveaco Compact,3978.87
2026-06-28,3,TOY-15,Unit I,VSF Export,5503.26
2026-06-28,3,TSU-01,Unit I,Excel Slub,3119.58
2026-06-28,3,TSU-02,Unit I,VSF Export,3604.36
2026-06-28,3,TSU-03,Unit I,VSF Export,2922.0
2026-06-28,3,TSU-04,Unit I,VSF Export,3802.2
2026-06-28,3,TSU-05,Unit I,VSF Export,3541.02
2026-06-28,3,TSU-06,Unit I,VSF Export,3552.26
2026-06-28,3,TSU-07,Unit I,VSF Export,3617.6
2026-06-28,3,TSU-08,Unit I,Liveaco Compact,2788.84
2026-06-28,3,TSU-09,Unit I,Excel Slub,3114.5
2026-06-28,3,TSU-10,Unit I,Liveaco Compact,2712.36
2026-06-28,3,SUL-01,Unit I,Excel Slub,590.41
2026-06-28,3,SUL-02,Unit I,Liveaco Compact,519.83
2026-06-28,3,SUL-03,Unit I,VSF Export,576.63
2026-06-28,3,SUL-04,Unit I,Liveaco Compact,504.81
2026-06-28,3,SUL-05,Unit I,Liveaco Compact,469.0
2026-06-29,1,TOY-01,Unit I,Liveaco Compact,3921.94
2026-06-29,1,TOY-02,Unit I,VSF Export,4113.9
2026-06-29,1,TOY-03,Unit I,Liveaco Compact,4394.24
2026-06-29,1,TOY-04,Unit I,VSF Export,5188.86
2026-06-29,1,TOY-05,Unit I,VSF Export,5273.89
2026-06-29,1,TOY-06,Unit I,Liveaco Compact,3961.42
2026-06-29,1,TOY-07,Unit I,Liveaco Compact,3884.34
2026-06-29,1,TOY-08,Unit I,Excel Slub,3884.38
2026-06-29,1,TOY-09,Unit I,VSF Export,5174.47
2026-06-29,1,TOY-10,Unit I,Excel Slub,4072.76
2026-06-29,1,TOY-11,Unit I,VSF Export,4659.09
2026-06-29,1,TOY-12,Unit I,Excel Slub,4673.59
2026-06-29,1,TOY-13,Unit I,Excel Slub,4129.78
2026-06-29,1,TOY-14,Unit I,Excel Slub,4725.34
2026-06-29,1,TOY-15,Unit I,VSF Export,5216.57
2026-06-29,1,TSU-01,Unit I,Liveaco Compact,2709.86
2026-06-29,1,TSU-02,Unit I,Excel Slub,3164.12
2026-06-29,1,TSU-03,Unit I,VSF Export,2909.38
2026-06-29,1,TSU-04,Unit I,Liveaco Compact,2394.22
2026-06-29,1,TSU-05,Unit I,Excel Slub,2721.49
2026-06-29,1,TSU-06,Unit I,Excel Slub,3473.55
2026-06-29,1,TSU-07,Unit I,Liveaco Compact,3116.03
2026-06-29,1,TSU-08,Unit I,Excel Slub,3230.6
2026-06-29,1,TSU-09,Unit I,Excel Slub,2733.79
2026-06-29,1,TSU-10,Unit I,Excel Slub,2599.12
2026-06-29,1,SUL-01,Unit I,VSF Export,649.04
2026-06-29,1,SUL-02,Unit I,Liveaco Compact,549.67
2026-06-29,1,SUL-03,Unit I,VSF Export,601.82
2026-06-29,1,SUL-04,Unit I,Excel Slub,605.41
2026-06-29,1,SUL-05,Unit I,Excel Slub,605.61
2026-06-29,2,TOY-01,Unit I,VSF Export,5158.04
2026-06-29,2,TOY-02,Unit I,Excel Slub,3106.68
2026-06-29,2,TOY-03,Unit I,VSF Export,4904.42
2026-06-29,2,TOY-04,Unit I,Liveaco Compact,4269.74
2026-06-29,2,TOY-05,Unit I,VSF Export,5135.8
2026-06-29,2,TOY-06,Unit I,Liveaco Compact,4094.09
2026-06-29,2,TOY-07,Unit I,Liveaco Compact,4191.13
2026-06-29,2,TOY-08,Unit I,VSF Export,4001.77
2026-06-29,2,TOY-09,Unit I,Liveaco Compact,3811.19
2026-06-29,2,TOY-10,Unit I,Liveaco Compact,3949.89
2026-06-29,2,TOY-11,Unit I,Liveaco Compact,3683.18
2026-06-29,2,TOY-12,Unit I,Excel Slub,3919.98
2026-06-29,2,TOY-13,Unit I,VSF Export,4459.33
2026-06-29,2,TOY-14,Unit I,VSF Export,4820.59
2026-06-29,2,TOY-15,Unit I,Liveaco Compact,4167.3
2026-06-29,2,TSU-01,Unit I,Excel Slub,2744.47
2026-06-29,2,TSU-02,Unit I,Liveaco Compact,2709.12
2026-06-29,2,TSU-03,Unit I,Liveaco Compact,3032.55
2026-06-29,2,TSU-04,Unit I,Liveaco Compact,2857.89
2026-06-29,2,TSU-05,Unit I,Excel Slub,3031.69
2026-06-29,2,TSU-06,Unit I,Liveaco Compact,3050.94
2026-06-29,2,TSU-07,Unit I,Excel Slub,3271.77
2026-06-29,2,TSU-08,Unit I,Excel Slub,3117.9
2026-06-29,2,TSU-09,Unit I,VSF Export,3628.63
2026-06-29,2,TSU-10,Unit I,Excel Slub,3314.49
2026-06-29,2,SUL-01,Unit I,VSF Export,576.53
2026-06-29,2,SUL-02,Unit I,VSF Export,526.83
2026-06-29,2,SUL-03,Unit I,VSF Export,597.1
2026-06-29,2,SUL-04,Unit I,Liveaco Compact,515.38
2026-06-29,2,SUL-05,Unit I,Liveaco Compact,520.67
2026-06-29,3,TOY-01,Unit I,Liveaco Compact,4022.92
2026-06-29,3,TOY-02,Unit I,Excel Slub,4004.52
2026-06-29,3,TOY-03,Unit I,Liveaco Compact,3914.12
2026-06-29,3,TOY-04,Unit I,VSF Export,4941.99
2026-06-29,3,TOY-05,Unit I,Liveaco Compact,4528.47
2026-06-29,3,TOY-06,Unit I,VSF Export,4800.01
2026-06-29,3,TOY-07,Unit I,Excel Slub,4114.01
2026-06-29,3,TOY-08,Unit I,VSF Export,3777.05
2026-06-29,3,TOY-09,Unit I,Excel Slub,4727.52
2026-06-29,3,TOY-10,Unit I,Excel Slub,4233.54
2026-06-29,3,TOY-11,Unit I,Liveaco Compact,4367.19
2026-06-29,3,TOY-12,Unit I,Liveaco Compact,4316.71
2026-06-29,3,TOY-13,Unit I,Excel Slub,4037.52
2026-06-29,3,TOY-14,Unit I,Liveaco Compact,4032.07
2026-06-29,3,TOY-15,Unit I,Excel Slub,4039.12
2026-06-29,3,TSU-01,Unit I,VSF Export,3229.83
2026-06-29,3,TSU-02,Unit I,Liveaco Compact,2574.29
2026-06-29,3,TSU-03,Unit I,VSF Export,3118.77
2026-06-29,3,TSU-04,Unit I,Liveaco Compact,2622.33
2026-06-29,3,TSU-05,Unit I,VSF Export,3298.63
2026-06-29,3,TSU-06,Unit I,Excel Slub,3201.49
2026-06-29,3,TSU-07,Unit I,VSF Export,3103.41
2026-06-29,3,TSU-08,Unit I,Excel Slub,2911.3
2026-06-29,3,TSU-09,Unit I,Excel Slub,2955.46
2026-06-29,3,TSU-10,Unit I,Excel Slub,3086.31
2026-06-29,3,SUL-01,Unit I,Liveaco Compact,459.63
2026-06-29,3,SUL-02,Unit I,VSF Export,624.98
2026-06-29,3,SUL-03,Unit I,VSF Export,650.66
2026-06-29,3,SUL-04,Unit I,VSF Export,646.59
2026-06-29,3,SUL-05,Unit I,VSF Export,602.09
2026-06-30,1,TOY-01,Unit I,Liveaco Compact,4542.2
2026-06-30,1,TOY-02,Unit I,VSF Export,3766.5
2026-06-30,1,TOY-03,Unit I,VSF Export,4679.24
2026-06-30,1,TOY-04,Unit I,VSF Export,4668.96
2026-06-30,1,TOY-05,Unit I,VSF Export,5286.0
2026-06-30,1,TOY-06,Unit I,VSF Export,5026.43
2026-06-30,1,TOY-07,Unit I,Liveaco Compact,4307.73
2026-06-30,1,TOY-08,Unit I,VSF Export,4044.58
2026-06-30,1,TOY-09,Unit I,Excel Slub,4104.05
2026-06-30,1,TOY-10,Unit I,Excel Slub,4284.18
2026-06-30,1,TOY-11,Unit I,Excel Slub,4027.61
2026-06-30,1,TOY-12,Unit I,Excel Slub,4479.92
2026-06-30,1,TOY-13,Unit I,Excel Slub,4136.94
2026-06-30,1,TOY-14,Unit I,Liveaco Compact,4188.73
2026-06-30,1,TOY-15,Unit I,VSF Export,5146.81
2026-06-30,1,TSU-01,Unit I,Liveaco Compact,2860.23
2026-06-30,1,TSU-02,Unit I,Liveaco Compact,2786.58
2026-06-30,1,TSU-03,Unit I,Liveaco Compact,2988.23
2026-06-30,1,TSU-04,Unit I,Excel Slub,3192.64
2026-06-30,1,TSU-05,Unit I,Liveaco Compact,3020.83
2026-06-30,1,TSU-06,Unit I,VSF Export,3285.92
2026-06-30,1,TSU-07,Unit I,Liveaco Compact,2792.22
2026-06-30,1,TSU-08,Unit I,Liveaco Compact,2905.49
2026-06-30,1,TSU-09,Unit I,Liveaco Compact,3043.88
2026-06-30,1,TSU-10,Unit I,Liveaco Compact,3105.72
2026-06-30,1,SUL-01,Unit I,VSF Export,655.48
2026-06-30,1,SUL-02,Unit I,Excel Slub,506.39
2026-06-30,1,SUL-03,Unit I,VSF Export,686.09
2026-06-30,1,SUL-04,Unit I,Liveaco Compact,454.58
2026-06-30,1,SUL-05,Unit I,Excel Slub,593.79
2026-06-30,2,TOY-01,Unit I,Excel Slub,4703.38
2026-06-30,2,TOY-02,Unit I,Liveaco Compact,3441.72
2026-06-30,2,TOY-03,Unit I,Liveaco Compact,3978.11
2026-06-30,2,TOY-04,Unit I,VSF Export,5050.6
2026-06-30,2,TOY-05,Unit I,Excel Slub,5076.57
2026-06-30,2,TOY-06,Unit I,VSF Export,5024.64
2026-06-30,2,TOY-07,Unit I,Liveaco Compact,3575.32
2026-06-30,2,TOY-08,Unit I,Liveaco Compact,3627.2
2026-06-30,2,TOY-09,Unit I,Liveaco Compact,3748.36
2026-06-30,2,TOY-10,Unit I,Excel Slub,4150.22
2026-06-30,2,TOY-11,Unit I,Excel Slub,4325.41
2026-06-30,2,TOY-12,Unit I,VSF Export,4722.06
2026-06-30,2,TOY-13,Unit I,Excel Slub,4307.43
2026-06-30,2,TOY-14,Unit I,Liveaco Compact,4337.02
2026-06-30,2,TOY-15,Unit I,Excel Slub,4934.92
2026-06-30,2,TSU-01,Unit I,Liveaco Compact,2724.48
2026-06-30,2,TSU-02,Unit I,Excel Slub,2786.78
2026-06-30,2,TSU-03,Unit I,Excel Slub,3225.73
2026-06-30,2,TSU-04,Unit I,Liveaco Compact,2583.87
2026-06-30,2,TSU-05,Unit I,Excel Slub,2762.06
2026-06-30,2,TSU-06,Unit I,Liveaco Compact,2642.16
2026-06-30,2,TSU-07,Unit I,Excel Slub,2926.03
2026-06-30,2,TSU-08,Unit I,VSF Export,3442.7
2026-06-30,2,TSU-09,Unit I,Liveaco Compact,2808.79
2026-06-30,2,TSU-10,Unit I,Liveaco Compact,3053.45
2026-06-30,2,SUL-01,Unit I,Excel Slub,486.92
2026-06-30,2,SUL-02,Unit I,Liveaco Compact,459.99
2026-06-30,2,SUL-03,Unit I,VSF Export,569.09
2026-06-30,2,SUL-04,Unit I,VSF Export,686.4
2026-06-30,2,SUL-05,Unit I,VSF Export,673.54
2026-06-30,3,TOY-01,Unit I,VSF Export,4744.68
2026-06-30,3,TOY-02,Unit I,Excel Slub,3355.4
2026-06-30,3,TOY-03,Unit I,Liveaco Compact,3749.86
2026-06-30,3,TOY-04,Unit I,Excel Slub,4640.64
2026-06-30,3,TOY-05,Unit I,VSF Export,4287.3
2026-06-30,3,TOY-06,Unit I,Liveaco Compact,4355.62
2026-06-30,3,TOY-07,Unit I,Excel Slub,3973.56
2026-06-30,3,TOY-08,Unit I,VSF Export,3821.67
2026-06-30,3,TOY-09,Unit I,Liveaco Compact,4544.57
2026-06-30,3,TOY-10,Unit I,Excel Slub,4946.82
2026-06-30,3,TOY-11,Unit I,Excel Slub,4216.83
2026-06-30,3,TOY-12,Unit I,Excel Slub,4839.98
2026-06-30,3,TOY-13,Unit I,Excel Slub,4243.68
2026-06-30,3,TOY-14,Unit I,Liveaco Compact,3944.42
2026-06-30,3,TOY-15,Unit I,VSF Export,4786.65
2026-06-30,3,TSU-01,Unit I,Excel Slub,3210.39
2026-06-30,3,TSU-02,Unit I,Liveaco Compact,2767.43
2026-06-30,3,TSU-03,Unit I,Excel Slub,3083.5
2026-06-30,3,TSU-04,Unit I,Liveaco Compact,3049.82
2026-06-30,3,TSU-05,Unit I,Excel Slub,3152.49
2026-06-30,3,TSU-06,Unit I,Excel Slub,3160.42
2026-06-30,3,TSU-07,Unit I,Liveaco Compact,2812.36
2026-06-30,3,TSU-08,Unit I,Liveaco Compact,2981.97
2026-06-30,3,TSU-09,Unit I,Liveaco Compact,2754.06
2026-06-30,3,TSU-10,Unit I,VSF Export,3223.95
2026-06-30,3,SUL-01,Unit I,Excel Slub,535.94
2026-06-30,3,SUL-02,Unit I,Liveaco Compact,474.15
2026-06-30,3,SUL-03,Unit I,VSF Export,558.53
2026-06-30,3,SUL-04,Unit I,Excel Slub,521.65
2026-06-30,3,SUL-05,Unit I,Liveaco Compact,479.27
2026-07-01,1,TOY-01,Unit I,Excel Slub,4788.61
2026-07-01,1,TOY-02,Unit I,Liveaco Compact,3884.1
2026-07-01,1,TOY-03,Unit I,VSF Export,4823.27
2026-07-01,1,TOY-04,Unit I,VSF Export,5224.03
2026-07-01,1,TOY-05,Unit I,Excel Slub,4248.77
2026-07-01,1,TOY-06,Unit I,Liveaco Compact,3663.48
2026-07-01,1,TOY-07,Unit I,Liveaco Compact,3571.13
2026-07-01,1,TOY-08,Unit I,VSF Export,3818.21
2026-07-01,1,TOY-09,Unit I,Liveaco Compact,3650.15
2026-07-01,1,TOY-10,Unit I,VSF Export,4615.66
2026-07-01,1,TOY-11,Unit I,VSF Export,4901.78
2026-07-01,1,TOY-12,Unit I,VSF Export,4259.5
2026-07-01,1,TOY-13,Unit I,VSF Export,5201.18
2026-07-01,1,TOY-14,Unit I,Liveaco Compact,4516.37
2026-07-01,1,TOY-15,Unit I,Excel Slub,4853.54
2026-07-01,1,TSU-01,Unit I,VSF Export,3637.42
2026-07-01,1,TSU-02,Unit I,Excel Slub,2727.72
2026-07-01,1,TSU-03,Unit I,Excel Slub,3166.57
2026-07-01,1,TSU-04,Unit I,Excel Slub,3066.12
2026-07-01,1,TSU-05,Unit I,Excel Slub,2691.63
2026-07-01,1,TSU-06,Unit I,Liveaco Compact,2698.84
2026-07-01,1,TSU-07,Unit I,Liveaco Compact,3042.44
2026-07-01,1,TSU-08,Unit I,VSF Export,3300.38
2026-07-01,1,TSU-09,Unit I,VSF Export,3628.19
2026-07-01,1,TSU-10,Unit I,VSF Export,3477.22
2026-07-01,1,SUL-01,Unit I,Liveaco Compact,466.25
2026-07-01,1,SUL-02,Unit I,Liveaco Compact,518.4
2026-07-01,1,SUL-03,Unit I,Liveaco Compact,486.44
2026-07-01,1,SUL-04,Unit I,VSF Export,578.32
2026-07-01,1,SUL-05,Unit I,Liveaco Compact,545.08
2026-07-01,2,TOY-01,Unit I,VSF Export,5174.02
2026-07-01,2,TOY-02,Unit I,Liveaco Compact,3124.48
2026-07-01,2,TOY-03,Unit I,Excel Slub,4379.13
2026-07-01,2,TOY-04,Unit I,VSF Export,4653.38
2026-07-01,2,TOY-05,Unit I,VSF Export,4566.71
2026-07-01,2,TOY-06,Unit I,Excel Slub,4167.48
2026-07-01,2,TOY-07,Unit I,Excel Slub,4669.81
2026-07-01,2,TOY-08,Unit I,VSF Export,5185.05
2026-07-01,2,TOY-09,Unit I,Liveaco Compact,3779.3
2026-07-01,2,TOY-10,Unit I,VSF Export,4880.19
2026-07-01,2,TOY-11,Unit I,VSF Export,4423.62
2026-07-01,2,TOY-12,Unit I,VSF Export,5045.73
2026-07-01,2,TOY-13,Unit I,VSF Export,4817.2
2026-07-01,2,TOY-14,Unit I,Liveaco Compact,3882.33
2026-07-01,2,TOY-15,Unit I,Liveaco Compact,4001.83
2026-07-01,2,TSU-01,Unit I,Liveaco Compact,2821.75
2026-07-01,2,TSU-02,Unit I,Liveaco Compact,2973.42
2026-07-01,2,TSU-03,Unit I,VSF Export,3893.24
2026-07-01,2,TSU-04,Unit I,VSF Export,3096.04
2026-07-01,2,TSU-05,Unit I,Excel Slub,2926.69
2026-07-01,2,TSU-06,Unit I,Excel Slub,2771.95
2026-07-01,2,TSU-07,Unit I,Excel Slub,3009.64
2026-07-01,2,TSU-08,Unit I,Excel Slub,2981.64
2026-07-01,2,TSU-09,Unit I,VSF Export,3524.78
2026-07-01,2,TSU-10,Unit I,Liveaco Compact,2572.23
2026-07-01,2,SUL-01,Unit I,VSF Export,557.15
2026-07-01,2,SUL-02,Unit I,Excel Slub,614.96
2026-07-01,2,SUL-03,Unit I,Liveaco Compact,537.15
2026-07-01,2,SUL-04,Unit I,Liveaco Compact,573.37
2026-07-01,2,SUL-05,Unit I,Liveaco Compact,423.59
2026-07-01,3,TOY-01,Unit I,Liveaco Compact,3837.28
2026-07-01,3,TOY-02,Unit I,VSF Export,3707.98
2026-07-01,3,TOY-03,Unit I,Excel Slub,3933.38
2026-07-01,3,TOY-04,Unit I,VSF Export,5029.57
2026-07-01,3,TOY-05,Unit I,Liveaco Compact,4233.25
2026-07-01,3,TOY-06,Unit I,Excel Slub,4608.83
2026-07-01,3,TOY-07,Unit I,Excel Slub,4436.49
2026-07-01,3,TOY-08,Unit I,Liveaco Compact,3476.52
2026-07-01,3,TOY-09,Unit I,Excel Slub,4646.01
2026-07-01,3,TOY-10,Unit I,VSF Export,5150.37
2026-07-01,3,TOY-11,Unit I,VSF Export,4792.56
2026-07-01,3,TOY-12,Unit I,Excel Slub,4648.94
2026-07-01,3,TOY-13,Unit I,Liveaco Compact,3577.56
2026-07-01,3,TOY-14,Unit I,VSF Export,4651.18
2026-07-01,3,TOY-15,Unit I,VSF Export,4403.1
2026-07-01,3,TSU-01,Unit I,Liveaco Compact,2857.93
2026-07-01,3,TSU-02,Unit I,Excel Slub,3340.72
2026-07-01,3,TSU-03,Unit I,Excel Slub,3092.91
2026-07-01,3,TSU-04,Unit I,Liveaco Compact,2692.61
2026-07-01,3,TSU-05,Unit I,Liveaco Compact,2761.13
2026-07-01,3,TSU-06,Unit I,VSF Export,3734.85
2026-07-01,3,TSU-07,Unit I,Liveaco Compact,2674.31
2026-07-01,3,TSU-08,Unit I,Liveaco Compact,2835.05
2026-07-01,3,TSU-09,Unit I,VSF Export,3312.16
2026-07-01,3,TSU-10,Unit I,Liveaco Compact,3058.14
2026-07-01,3,SUL-01,Unit I,Liveaco Compact,447.13
2026-07-01,3,SUL-02,Unit I,Excel Slub,599.2
2026-07-01,3,SUL-03,Unit I,Excel Slub,548.49
2026-07-01,3,SUL-04,Unit I,VSF Export,629.64
2026-07-01,3,SUL-05,Unit I,Liveaco Compact,500.22
2026-07-02,1,TOY-01,Unit I,Liveaco Compact,3825.88
2026-07-02,1,TOY-02,Unit I,Liveaco Compact,3070.53
2026-07-02,1,TOY-03,Unit I,VSF Export,5221.99
2026-07-02,1,TOY-04,Unit I,Excel Slub,4413.47
2026-07-02,1,TOY-05,Unit I,Liveaco Compact,4719.59
2026-07-02,1,TOY-06,Unit I,Liveaco Compact,4081.48
2026-07-02,1,TOY-07,Unit I,Excel Slub,4505.6
2026-07-02,1,TOY-08,Unit I,Liveaco Compact,3754.75
2026-07-02,1,TOY-09,Unit I,VSF Export,4383.54
2026-07-02,1,TOY-10,Unit I,VSF Export,4917.01
2026-07-02,1,TOY-11,Unit I,Excel Slub,4688.51
2026-07-02,1,TOY-12,Unit I,Liveaco Compact,3254.0
2026-07-02,1,TOY-13,Unit I,VSF Export,5177.28
2026-07-02,1,TOY-14,Unit I,Excel Slub,4835.45
2026-07-02,1,TOY-15,Unit I,Excel Slub,4944.07
2026-07-02,1,TSU-01,Unit I,VSF Export,3578.75
2026-07-02,1,TSU-02,Unit I,Excel Slub,2999.19
2026-07-02,1,TSU-03,Unit I,Excel Slub,2870.58
2026-07-02,1,TSU-04,Unit I,VSF Export,3551.35
2026-07-02,1,TSU-05,Unit I,VSF Export,3043.45
2026-07-02,1,TSU-06,Unit I,Liveaco Compact,2277.44
2026-07-02,1,TSU-07,Unit I,Excel Slub,3240.3
2026-07-02,1,TSU-08,Unit I,Excel Slub,2934.73
2026-07-02,1,TSU-09,Unit I,Liveaco Compact,2928.73
2026-07-02,1,TSU-10,Unit I,VSF Export,3387.25
2026-07-02,1,SUL-01,Unit I,Liveaco Compact,570.49
2026-07-02,1,SUL-02,Unit I,Liveaco Compact,478.06
2026-07-02,1,SUL-03,Unit I,Liveaco Compact,569.8
2026-07-02,1,SUL-04,Unit I,Liveaco Compact,460.1
2026-07-02,1,SUL-05,Unit I,Liveaco Compact,469.79
2026-07-02,2,TOY-01,Unit I,Excel Slub,4293.6
2026-07-02,2,TOY-02,Unit I,Liveaco Compact,3478.09
2026-07-02,2,TOY-03,Unit I,Liveaco Compact,3666.73
2026-07-02,2,TOY-04,Unit I,VSF Export,4764.27
2026-07-02,2,TOY-05,Unit I,VSF Export,4613.21
2026-07-02,2,TOY-06,Unit I,Excel Slub,4608.35
2026-07-02,2,TOY-07,Unit I,VSF Export,4498.52
2026-07-02,2,TOY-08,Unit I,VSF Export,3823.97
2026-07-02,2,TOY-09,Unit I,Excel Slub,4744.92
2026-07-02,2,TOY-10,Unit I,VSF Export,4399.58
2026-07-02,2,TOY-11,Unit I,Liveaco Compact,4300.67
2026-07-02,2,TOY-12,Unit I,Liveaco Compact,4269.38
2026-07-02,2,TOY-13,Unit I,Liveaco Compact,3830.08
2026-07-02,2,TOY-14,Unit I,Liveaco Compact,4040.24
2026-07-02,2,TOY-15,Unit I,Excel Slub,3886.88
2026-07-02,2,TSU-01,Unit I,Liveaco Compact,2759.11
2026-07-02,2,TSU-02,Unit I,Excel Slub,3159.46
2026-07-02,2,TSU-03,Unit I,VSF Export,3509.76
2026-07-02,2,TSU-04,Unit I,Liveaco Compact,2703.2
2026-07-02,2,TSU-05,Unit I,Excel Slub,3323.77
2026-07-02,2,TSU-06,Unit I,VSF Export,3802.02
2026-07-02,2,TSU-07,Unit I,VSF Export,3789.8
2026-07-02,2,TSU-08,Unit I,VSF Export,3810.96
2026-07-02,2,TSU-09,Unit I,VSF Export,3195.49
2026-07-02,2,TSU-10,Unit I,Liveaco Compact,3040.57
2026-07-02,2,SUL-01,Unit I,Excel Slub,552.12
2026-07-02,2,SUL-02,Unit I,VSF Export,638.3
2026-07-02,2,SUL-03,Unit I,Liveaco Compact,536.54
2026-07-02,2,SUL-04,Unit I,Liveaco Compact,433.99
2026-07-02,2,SUL-05,Unit I,Excel Slub,445.89
2026-07-02,3,TOY-01,Unit I,Liveaco Compact,3817.85
2026-07-02,3,TOY-02,Unit I,Excel Slub,3305.14
2026-07-02,3,TOY-03,Unit I,VSF Export,4566.35
2026-07-02,3,TOY-04,Unit I,Excel Slub,4368.57
2026-07-02,3,TOY-05,Unit I,Excel Slub,4079.21
2026-07-02,3,TOY-06,Unit I,VSF Export,5349.07
2026-07-02,3,TOY-07,Unit I,Excel Slub,4311.26
2026-07-02,3,TOY-08,Unit I,VSF Export,4209.78
2026-07-02,3,TOY-09,Unit I,Liveaco Compact,3848.26
2026-07-02,3,TOY-10,Unit I,VSF Export,4679.46
2026-07-02,3,TOY-11,Unit I,Excel Slub,4177.83
2026-07-02,3,TOY-12,Unit I,Liveaco Compact,4418.99
2026-07-02,3,TOY-13,Unit I,Excel Slub,4298.74
2026-07-02,3,TOY-14,Unit I,Liveaco Compact,3940.05
2026-07-02,3,TOY-15,Unit I,VSF Export,5048.45
2026-07-02,3,TSU-01,Unit I,Liveaco Compact,2505.2
2026-07-02,3,TSU-02,Unit I,VSF Export,3190.95
2026-07-02,3,TSU-03,Unit I,Excel Slub,3114.52
2026-07-02,3,TSU-04,Unit I,Excel Slub,2906.82
2026-07-02,3,TSU-05,Unit I,VSF Export,3578.27
2026-07-02,3,TSU-06,Unit I,Liveaco Compact,2872.84
2026-07-02,3,TSU-07,Unit I,Liveaco Compact,2681.98
2026-07-02,3,TSU-08,Unit I,Excel Slub,3372.95
2026-07-02,3,TSU-09,Unit I,Excel Slub,2853.67
2026-07-02,3,TSU-10,Unit I,Excel Slub,2829.31
2026-07-02,3,SUL-01,Unit I,Liveaco Compact,500.3
2026-07-02,3,SUL-02,Unit I,Liveaco Compact,543.78
2026-07-02,3,SUL-03,Unit I,Excel Slub,598.99
2026-07-02,3,SUL-04,Unit I,Liveaco Compact,469.01
2026-07-02,3,SUL-05,Unit I,VSF Export,616.42
2026-07-03,1,TOY-01,Unit I,Liveaco Compact,3725.99
2026-07-03,1,TOY-02,Unit I,Liveaco Compact,3170.74
2026-07-03,1,TOY-03,Unit I,VSF Export,5148.51
2026-07-03,1,TOY-04,Unit I,Liveaco Compact,4455.78
2026-07-03,1,TOY-05,Unit I,Liveaco Compact,3617.01
2026-07-03,1,TOY-06,Unit I,VSF Export,5660.7
2026-07-03,1,TOY-07,Unit I,Excel Slub,4940.01
2026-07-03,1,TOY-08,Unit I,Excel Slub,3389.01
2026-07-03,1,TOY-09,Unit I,Liveaco Compact,3803.98
2026-07-03,1,TOY-10,Unit I,Liveaco Compact,4603.96
2026-07-03,1,TOY-11,Unit I,VSF Export,4517.05
2026-07-03,1,TOY-12,Unit I,Liveaco Compact,4185.06
2026-07-03,1,TOY-13,Unit I,Excel Slub,4693.12
2026-07-03,1,TOY-14,Unit I,VSF Export,5649.52
2026-07-03,1,TOY-15,Unit I,Excel Slub,4295.04
2026-07-03,1,TSU-01,Unit I,Liveaco Compact,2896.91
2026-07-03,1,TSU-02,Unit I,Excel Slub,3008.03
2026-07-03,1,TSU-03,Unit I,VSF Export,3199.04
2026-07-03,1,TSU-04,Unit I,Liveaco Compact,2747.85
2026-07-03,1,TSU-05,Unit I,Excel Slub,2822.25
2026-07-03,1,TSU-06,Unit I,Excel Slub,2746.84
2026-07-03,1,TSU-07,Unit I,Excel Slub,3033.48
2026-07-03,1,TSU-08,Unit I,Liveaco Compact,3001.66
2026-07-03,1,TSU-09,Unit I,VSF Export,3118.84
2026-07-03,1,TSU-10,Unit I,VSF Export,2996.76
2026-07-03,1,SUL-01,Unit I,Excel Slub,576.69
2026-07-03,1,SUL-02,Unit I,VSF Export,599.71
2026-07-03,1,SUL-03,Unit I,Excel Slub,507.03
2026-07-03,1,SUL-04,Unit I,Excel Slub,594.62
2026-07-03,1,SUL-05,Unit I,Excel Slub,541.13
2026-07-03,2,TOY-01,Unit I,Excel Slub,4197.84
2026-07-03,2,TOY-02,Unit I,VSF Export,3703.41
2026-07-03,2,TOY-03,Unit I,Excel Slub,3921.55
2026-07-03,2,TOY-04,Unit I,Excel Slub,4224.68
2026-07-03,2,TOY-05,Unit I,VSF Export,4971.35
2026-07-03,2,TOY-06,Unit I,Excel Slub,4413.28
2026-07-03,2,TOY-07,Unit I,Liveaco Compact,3672.2
2026-07-03,2,TOY-08,Unit I,VSF Export,4103.56
2026-07-03,2,TOY-09,Unit I,Liveaco Compact,3926.28
2026-07-03,2,TOY-10,Unit I,VSF Export,5322.61
2026-07-03,2,TOY-11,Unit I,VSF Export,4742.54
2026-07-03,2,TOY-12,Unit I,Excel Slub,4196.41
2026-07-03,2,TOY-13,Unit I,Excel Slub,4477.25
2026-07-03,2,TOY-14,Unit I,Excel Slub,4910.92
2026-07-03,2,TOY-15,Unit I,Liveaco Compact,4518.7
2026-07-03,2,TSU-01,Unit I,Excel Slub,2718.52
2026-07-03,2,TSU-02,Unit I,VSF Export,3688.77
2026-07-03,2,TSU-03,Unit I,VSF Export,3476.91
2026-07-03,2,TSU-04,Unit I,Liveaco Compact,2632.1
2026-07-03,2,TSU-05,Unit I,Liveaco Compact,3017.85
2026-07-03,2,TSU-06,Unit I,Liveaco Compact,2676.74
2026-07-03,2,TSU-07,Unit I,VSF Export,3310.13
2026-07-03,2,TSU-08,Unit I,Excel Slub,2818.66
2026-07-03,2,TSU-09,Unit I,Liveaco Compact,2622.24
2026-07-03,2,TSU-10,Unit I,VSF Export,3410.46
2026-07-03,2,SUL-01,Unit I,VSF Export,613.39
2026-07-03,2,SUL-02,Unit I,VSF Export,569.42
2026-07-03,2,SUL-03,Unit I,VSF Export,599.5
2026-07-03,2,SUL-04,Unit I,VSF Export,614.45
2026-07-03,2,SUL-05,Unit I,Excel Slub,589.28
2026-07-03,3,TOY-01,Unit I,Excel Slub,4591.95
2026-07-03,3,TOY-02,Unit I,VSF Export,4444.31
2026-07-03,3,TOY-03,Unit I,Liveaco Compact,4279.77
2026-07-03,3,TOY-04,Unit I,Liveaco Compact,4508.89
2026-07-03,3,TOY-05,Unit I,VSF Export,4957.14
2026-07-03,3,TOY-06,Unit I,Excel Slub,4494.31
2026-07-03,3,TOY-07,Unit I,VSF Export,4124.56
2026-07-03,3,TOY-08,Unit I,VSF Export,4084.43
2026-07-03,3,TOY-09,Unit I,Liveaco Compact,3510.15
2026-07-03,3,TOY-10,Unit I,Liveaco Compact,3437.33
2026-07-03,3,TOY-11,Unit I,Liveaco Compact,4356.76
2026-07-03,3,TOY-12,Unit I,Liveaco Compact,3713.6
2026-07-03,3,TOY-13,Unit I,Liveaco Compact,4349.12
2026-07-03,3,TOY-14,Unit I,VSF Export,4719.23
2026-07-03,3,TOY-15,Unit I,Excel Slub,4570.3
2026-07-03,3,TSU-01,Unit I,Excel Slub,2776.27
2026-07-03,3,TSU-02,Unit I,VSF Export,3444.7
2026-07-03,3,TSU-03,Unit I,VSF Export,3197.3
2026-07-03,3,TSU-04,Unit I,Excel Slub,3373.39
2026-07-03,3,TSU-05,Unit I,Liveaco Compact,3064.35
2026-07-03,3,TSU-06,Unit I,Excel Slub,2845.2
2026-07-03,3,TSU-07,Unit I,Liveaco Compact,2688.66
2026-07-03,3,TSU-08,Unit I,VSF Export,3947.95
2026-07-03,3,TSU-09,Unit I,Excel Slub,3048.87
2026-07-03,3,TSU-10,Unit I,Excel Slub,2429.5
2026-07-03,3,SUL-01,Unit I,Excel Slub,579.62
2026-07-03,3,SUL-02,Unit I,Liveaco Compact,525.46
2026-07-03,3,SUL-03,Unit I,VSF Export,570.5
2026-07-03,3,SUL-04,Unit I,VSF Export,658.48
2026-07-03,3,SUL-05,Unit I,Liveaco Compact,560.99
2026-07-04,1,TOY-01,Unit I,Excel Slub,3790.62
2026-07-04,1,TOY-02,Unit I,VSF Export,3508.71
2026-07-04,1,TOY-03,Unit I,VSF Export,3979.2
2026-07-04,1,TOY-04,Unit I,Liveaco Compact,4409.64
2026-07-04,1,TOY-05,Unit I,Liveaco Compact,3738.74
2026-07-04,1,TOY-06,Unit I,VSF Export,5413.41
2026-07-04,1,TOY-07,Unit I,Excel Slub,4258.92
2026-07-04,1,TOY-08,Unit I,Liveaco Compact,2928.98
2026-07-04,1,TOY-09,Unit I,VSF Export,4883.64
2026-07-04,1,TOY-10,Unit I,VSF Export,4562.73
2026-07-04,1,TOY-11,Unit I,VSF Export,4457.96
2026-07-04,1,TOY-12,Unit I,VSF Export,4661.25
2026-07-04,1,TOY-13,Unit I,Excel Slub,4399.42
2026-07-04,1,TOY-14,Unit I,VSF Export,4838.76
2026-07-04,1,TOY-15,Unit I,Excel Slub,3634.95
2026-07-04,1,TSU-01,Unit I,VSF Export,2789.88
2026-07-04,1,TSU-02,Unit I,VSF Export,3625.39
2026-07-04,1,TSU-03,Unit I,Liveaco Compact,2710.83
2026-07-04,1,TSU-04,Unit I,Liveaco Compact,2554.71
2026-07-04,1,TSU-05,Unit I,Excel Slub,3358.68
2026-07-04,1,TSU-06,Unit I,Liveaco Compact,2726.9
2026-07-04,1,TSU-07,Unit I,Excel Slub,2845.03
2026-07-04,1,TSU-08,Unit I,VSF Export,2837.79
2026-07-04,1,TSU-09,Unit I,Excel Slub,2986.35
2026-07-04,1,TSU-10,Unit I,Excel Slub,3075.42
2026-07-04,1,SUL-01,Unit I,VSF Export,536.31
2026-07-04,1,SUL-02,Unit I,Liveaco Compact,442.86
2026-07-04,1,SUL-03,Unit I,VSF Export,579.36
2026-07-04,1,SUL-04,Unit I,VSF Export,617.45
2026-07-04,1,SUL-05,Unit I,Excel Slub,583.7
2026-07-04,2,TOY-01,Unit I,Excel Slub,4185.57
2026-07-04,2,TOY-02,Unit I,Excel Slub,3230.05
2026-07-04,2,TOY-03,Unit I,Liveaco Compact,4300.88
2026-07-04,2,TOY-04,Unit I,VSF Export,5473.2
2026-07-04,2,TOY-05,Unit I,VSF Export,4329.09
2026-07-04,2,TOY-06,Unit I,VSF Export,4907.62
2026-07-04,2,TOY-07,Unit I,VSF Export,4797.79
2026-07-04,2,TOY-08,Unit I,Excel Slub,2833.86
2026-07-04,2,TOY-09,Unit I,Excel Slub,4472.31
2026-07-04,2,TOY-10,Unit I,Liveaco Compact,3837.69
2026-07-04,2,TOY-11,Unit I,Excel Slub,4387.62
2026-07-04,2,TOY-12,Unit I,Liveaco Compact,3905.23
2026-07-04,2,TOY-13,Unit I,Liveaco Compact,4529.34
2026-07-04,2,TOY-14,Unit I,VSF Export,5387.98
2026-07-04,2,TOY-15,Unit I,Excel Slub,4208.54
2026-07-04,2,TSU-01,Unit I,VSF Export,3286.85
2026-07-04,2,TSU-02,Unit I,VSF Export,3241.35
2026-07-04,2,TSU-03,Unit I,Excel Slub,2679.59
2026-07-04,2,TSU-04,Unit I,VSF Export,3800.46
2026-07-04,2,TSU-05,Unit I,VSF Export,3447.04
2026-07-04,2,TSU-06,Unit I,VSF Export,3743.41
2026-07-04,2,TSU-07,Unit I,Excel Slub,3063.12
2026-07-04,2,TSU-08,Unit I,Excel Slub,3302.16
2026-07-04,2,TSU-09,Unit I,Excel Slub,3120.65
2026-07-04,2,TSU-10,Unit I,Excel Slub,3015.79
2026-07-04,2,SUL-01,Unit I,VSF Export,542.44
2026-07-04,2,SUL-02,Unit I,Excel Slub,589.05
2026-07-04,2,SUL-03,Unit I,Liveaco Compact,561.85
2026-07-04,2,SUL-04,Unit I,Excel Slub,565.61
2026-07-04,2,SUL-05,Unit I,Excel Slub,524.34
2026-07-04,3,TOY-01,Unit I,VSF Export,5431.97
2026-07-04,3,TOY-02,Unit I,Liveaco Compact,3199.75
2026-07-04,3,TOY-03,Unit I,VSF Export,4959.58
2026-07-04,3,TOY-04,Unit I,Liveaco Compact,4353.15
2026-07-04,3,TOY-05,Unit I,Excel Slub,4156.25
2026-07-04,3,TOY-06,Unit I,Excel Slub,4682.51
2026-07-04,3,TOY-07,Unit I,Excel Slub,4219.34
2026-07-04,3,TOY-08,Unit I,Excel Slub,3517.95
2026-07-04,3,TOY-09,Unit I,Excel Slub,4424.53
2026-07-04,3,TOY-10,Unit I,Liveaco Compact,4352.27
2026-07-04,3,TOY-11,Unit I,Excel Slub,4433.86
2026-07-04,3,TOY-12,Unit I,Excel Slub,4909.97
2026-07-04,3,TOY-13,Unit I,Excel Slub,4493.21
2026-07-04,3,TOY-14,Unit I,Liveaco Compact,4533.14
2026-07-04,3,TOY-15,Unit I,Excel Slub,3811.97
2026-07-04,3,TSU-01,Unit I,VSF Export,3189.86
2026-07-04,3,TSU-02,Unit I,Liveaco Compact,2729.71
2026-07-04,3,TSU-03,Unit I,VSF Export,3379.92
2026-07-04,3,TSU-04,Unit I,Liveaco Compact,2637.32
2026-07-04,3,TSU-05,Unit I,Excel Slub,3165.31
2026-07-04,3,TSU-06,Unit I,Excel Slub,2917.9
2026-07-04,3,TSU-07,Unit I,Excel Slub,2677.1
2026-07-04,3,TSU-08,Unit I,VSF Export,3362.34
2026-07-04,3,TSU-09,Unit I,Liveaco Compact,2695.83
2026-07-04,3,TSU-10,Unit I,VSF Export,3304.63
2026-07-04,3,SUL-01,Unit I,VSF Export,590.77
2026-07-04,3,SUL-02,Unit I,VSF Export,551.7
2026-07-04,3,SUL-03,Unit I,VSF Export,534.86
2026-07-04,3,SUL-04,Unit I,Excel Slub,569.0
2026-07-04,3,SUL-05,Unit I,VSF Export,647.75
2026-07-05,1,TOY-01,Unit I,Liveaco Compact,4020.54
2026-07-05,1,TOY-02,Unit I,VSF Export,4338.86
2026-07-05,1,TOY-03,Unit I,VSF Export,4702.6
2026-07-05,1,TOY-04,Unit I,VSF Export,5212.49
2026-07-05,1,TOY-05,Unit I,Liveaco Compact,4338.02
2026-07-05,1,TOY-06,Unit I,Liveaco Compact,3921.86
2026-07-05,1,TOY-07,Unit I,Liveaco Compact,3725.56
2026-07-05,1,TOY-08,Unit I,VSF Export,4020.55
2026-07-05,1,TOY-09,Unit I,Liveaco Compact,4341.02
2026-07-05,1,TOY-10,Unit I,Liveaco Compact,4086.58
2026-07-05,1,TOY-11,Unit I,Liveaco Compact,3310.94
2026-07-05,1,TOY-12,Unit I,VSF Export,4954.61
2026-07-05,1,TOY-13,Unit I,VSF Export,4685.44
2026-07-05,1,TOY-14,Unit I,VSF Export,4742.04
2026-07-05,1,TOY-15,Unit I,Excel Slub,4231.56
2026-07-05,1,TSU-01,Unit I,Excel Slub,3134.84
2026-07-05,1,TSU-02,Unit I,Liveaco Compact,2513.53
2026-07-05,1,TSU-03,Unit I,VSF Export,3453.48
2026-07-05,1,TSU-04,Unit I,Excel Slub,3315.49
2026-07-05,1,TSU-05,Unit I,Excel Slub,2523.22
2026-07-05,1,TSU-06,Unit I,Excel Slub,3088.28
2026-07-05,1,TSU-07,Unit I,VSF Export,3317.63
2026-07-05,1,TSU-08,Unit I,Excel Slub,3129.28
2026-07-05,1,TSU-09,Unit I,VSF Export,3891.25
2026-07-05,1,TSU-10,Unit I,Liveaco Compact,3090.94
2026-07-05,1,SUL-01,Unit I,Excel Slub,573.65
2026-07-05,1,SUL-02,Unit I,Excel Slub,517.14
2026-07-05,1,SUL-03,Unit I,VSF Export,608.22
2026-07-05,1,SUL-04,Unit I,Liveaco Compact,527.17
2026-07-05,1,SUL-05,Unit I,Excel Slub,599.53
2026-07-05,2,TOY-01,Unit I,VSF Export,4636.76
2026-07-05,2,TOY-02,Unit I,VSF Export,3550.77
2026-07-05,2,TOY-03,Unit I,Excel Slub,4655.8
2026-07-05,2,TOY-04,Unit I,Excel Slub,4804.91
2026-07-05,2,TOY-05,Unit I,Liveaco Compact,4108.08
2026-07-05,2,TOY-06,Unit I,Excel Slub,4453.53
2026-07-05,2,TOY-07,Unit I,VSF Export,4940.64
2026-07-05,2,TOY-08,Unit I,VSF Export,3642.17
2026-07-05,2,TOY-09,Unit I,Liveaco Compact,3914.39
2026-07-05,2,TOY-10,Unit I,Liveaco Compact,3925.43
2026-07-05,2,TOY-11,Unit I,Liveaco Compact,3896.74
2026-07-05,2,TOY-12,Unit I,VSF Export,5371.02
2026-07-05,2,TOY-13,Unit I,Liveaco Compact,4241.91
2026-07-05,2,TOY-14,Unit I,Liveaco Compact,4427.64
2026-07-05,2,TOY-15,Unit I,Liveaco Compact,3922.64
2026-07-05,2,TSU-01,Unit I,VSF Export,3108.93
2026-07-05,2,TSU-02,Unit I,Liveaco Compact,2886.63
2026-07-05,2,TSU-03,Unit I,Excel Slub,3266.5
2026-07-05,2,TSU-04,Unit I,Excel Slub,3019.03
2026-07-05,2,TSU-05,Unit I,Excel Slub,2680.04
2026-07-05,2,TSU-06,Unit I,Excel Slub,3301.59
2026-07-05,2,TSU-07,Unit I,Liveaco Compact,3067.38
2026-07-05,2,TSU-08,Unit I,Excel Slub,2996.66
2026-07-05,2,TSU-09,Unit I,Liveaco Compact,2805.82
2026-07-05,2,TSU-10,Unit I,VSF Export,3188.42
2026-07-05,2,SUL-01,Unit I,VSF Export,536.83
2026-07-05,2,SUL-02,Unit I,Excel Slub,526.27
2026-07-05,2,SUL-03,Unit I,Excel Slub,473.32
2026-07-05,2,SUL-04,Unit I,Excel Slub,546.86
2026-07-05,2,SUL-05,Unit I,Liveaco Compact,515.4
2026-07-05,3,TOY-01,Unit I,Liveaco Compact,4108.79
2026-07-05,3,TOY-02,Unit I,Liveaco Compact,3128.0
2026-07-05,3,TOY-03,Unit I,VSF Export,5212.43
2026-07-05,3,TOY-04,Unit I,VSF Export,5471.3
2026-07-05,3,TOY-05,Unit I,Excel Slub,4731.33
2026-07-05,3,TOY-06,Unit I,Liveaco Compact,4143.65
2026-07-05,3,TOY-07,Unit I,Liveaco Compact,4239.76
2026-07-05,3,TOY-08,Unit I,Excel Slub,3850.98
2026-07-05,3,TOY-09,Unit I,Liveaco Compact,4167.07
2026-07-05,3,TOY-10,Unit I,Liveaco Compact,3929.91
2026-07-05,3,TOY-11,Unit I,Liveaco Compact,3942.65
2026-07-05,3,TOY-12,Unit I,Excel Slub,4109.07
2026-07-05,3,TOY-13,Unit I,VSF Export,4428.4
2026-07-05,3,TOY-14,Unit I,Liveaco Compact,3991.69
2026-07-05,3,TOY-15,Unit I,Liveaco Compact,4265.34
2026-07-05,3,TSU-01,Unit I,Liveaco Compact,2503.35
2026-07-05,3,TSU-02,Unit I,Liveaco Compact,2663.14
2026-07-05,3,TSU-03,Unit I,Liveaco Compact,2628.18
2026-07-05,3,TSU-04,Unit I,Excel Slub,3116.52
2026-07-05,3,TSU-05,Unit I,VSF Export,3812.93
2026-07-05,3,TSU-06,Unit I,Excel Slub,2972.11
2026-07-05,3,TSU-07,Unit I,Liveaco Compact,2522.77
2026-07-05,3,TSU-08,Unit I,Excel Slub,2957.61
2026-07-05,3,TSU-09,Unit I,VSF Export,2998.69
2026-07-05,3,TSU-10,Unit I,VSF Export,3599.86
2026-07-05,3,SUL-01,Unit I,Excel Slub,575.17
2026-07-05,3,SUL-02,Unit I,Liveaco Compact,518.19
2026-07-05,3,SUL-03,Unit I,Liveaco Compact,476.95
2026-07-05,3,SUL-04,Unit I,VSF Export,705.46
2026-07-05,3,SUL-05,Unit I,Liveaco Compact,490.5
2026-07-06,1,TOY-01,Unit I,VSF Export,5370.99
2026-07-06,1,TOY-02,Unit I,Liveaco Compact,3082.39
2026-07-06,1,TOY-03,Unit I,Liveaco Compact,3987.93
2026-07-06,1,TOY-04,Unit I,Liveaco Compact,3681.01
2026-07-06,1,TOY-05,Unit I,VSF Export,5243.0
2026-07-06,1,TOY-06,Unit I,VSF Export,4578.8
2026-07-06,1,TOY-07,Unit I,Excel Slub,4419.45
2026-07-06,1,TOY-08,Unit I,Excel Slub,4151.67
2026-07-06,1,TOY-09,Unit I,Excel Slub,4504.27
2026-07-06,1,TOY-10,Unit I,Liveaco Compact,3879.52
2026-07-06,1,TOY-11,Unit I,Liveaco Compact,4283.45
2026-07-06,1,TOY-12,Unit I,VSF Export,4552.89
2026-07-06,1,TOY-13,Unit I,Excel Slub,4870.83
2026-07-06,1,TOY-14,Unit I,Excel Slub,4236.82
2026-07-06,1,TOY-15,Unit I,VSF Export,4567.97
2026-07-06,1,TSU-01,Unit I,Liveaco Compact,3086.51
2026-07-06,1,TSU-02,Unit I,Liveaco Compact,2704.35
2026-07-06,1,TSU-03,Unit I,Excel Slub,2705.32
2026-07-06,1,TSU-04,Unit I,Liveaco Compact,2406.26
2026-07-06,1,TSU-05,Unit I,Excel Slub,2888.35
2026-07-06,1,TSU-06,Unit I,Excel Slub,2851.4
2026-07-06,1,TSU-07,Unit I,Excel Slub,3333.57
2026-07-06,1,TSU-08,Unit I,Excel Slub,2989.12
2026-07-06,1,TSU-09,Unit I,Excel Slub,3073.0
2026-07-06,1,TSU-10,Unit I,Excel Slub,2982.43
2026-07-06,1,SUL-01,Unit I,VSF Export,645.03
2026-07-06,1,SUL-02,Unit I,VSF Export,599.04
2026-07-06,1,SUL-03,Unit I,Liveaco Compact,494.93
2026-07-06,1,SUL-04,Unit I,Excel Slub,597.17
2026-07-06,1,SUL-05,Unit I,VSF Export,574.14
2026-07-06,2,TOY-01,Unit I,VSF Export,5011.85
2026-07-06,2,TOY-02,Unit I,Excel Slub,3230.61
2026-07-06,2,TOY-03,Unit I,VSF Export,4757.99
2026-07-06,2,TOY-04,Unit I,Excel Slub,3878.5
2026-07-06,2,TOY-05,Unit I,Excel Slub,4071.63
2026-07-06,2,TOY-06,Unit I,Excel Slub,4265.27
2026-07-06,2,TOY-07,Unit I,Excel Slub,5052.92
2026-07-06,2,TOY-08,Unit I,Liveaco Compact,3352.42
2026-07-06,2,TOY-09,Unit I,Liveaco Compact,3772.36
2026-07-06,2,TOY-10,Unit I,VSF Export,4782.69
2026-07-06,2,TOY-11,Unit I,Liveaco Compact,3867.8
2026-07-06,2,TOY-12,Unit I,Liveaco Compact,3724.2
2026-07-06,2,TOY-13,Unit I,VSF Export,5137.26
2026-07-06,2,TOY-14,Unit I,Excel Slub,4364.57
2026-07-06,2,TOY-15,Unit I,Excel Slub,4899.74
2026-07-06,2,TSU-01,Unit I,Liveaco Compact,3087.51
2026-07-06,2,TSU-02,Unit I,VSF Export,3567.99
2026-07-06,2,TSU-03,Unit I,Excel Slub,3277.41
2026-07-06,2,TSU-04,Unit I,Liveaco Compact,2648.81
2026-07-06,2,TSU-05,Unit I,Excel Slub,3097.4
2026-07-06,2,TSU-06,Unit I,VSF Export,3272.68
2026-07-06,2,TSU-07,Unit I,Liveaco Compact,2891.68
2026-07-06,2,TSU-08,Unit I,Liveaco Compact,2944.81
2026-07-06,2,TSU-09,Unit I,VSF Export,3628.95
2026-07-06,2,TSU-10,Unit I,VSF Export,2950.79
2026-07-06,2,SUL-01,Unit I,Excel Slub,592.48
2026-07-06,2,SUL-02,Unit I,Excel Slub,532.89
2026-07-06,2,SUL-03,Unit I,VSF Export,678.94
2026-07-06,2,SUL-04,Unit I,VSF Export,605.45
2026-07-06,2,SUL-05,Unit I,Liveaco Compact,489.28
2026-07-06,3,TOY-01,Unit I,VSF Export,4882.71
2026-07-06,3,TOY-02,Unit I,Liveaco Compact,3246.5
2026-07-06,3,TOY-03,Unit I,Excel Slub,4355.35
2026-07-06,3,TOY-04,Unit I,Excel Slub,5128.17
2026-07-06,3,TOY-05,Unit I,VSF Export,4798.8
2026-07-06,3,TOY-06,Unit I,VSF Export,4726.2
2026-07-06,3,TOY-07,Unit I,VSF Export,4789.19
2026-07-06,3,TOY-08,Unit I,VSF Export,4088.71
2026-07-06,3,TOY-09,Unit I,Liveaco Compact,4264.57
2026-07-06,3,TOY-10,Unit I,Liveaco Compact,4186.49
2026-07-06,3,TOY-11,Unit I,Excel Slub,4740.35
2026-07-06,3,TOY-12,Unit I,Liveaco Compact,4188.61
2026-07-06,3,TOY-13,Unit I,VSF Export,4810.18
2026-07-06,3,TOY-14,Unit I,VSF Export,4724.23
2026-07-06,3,TOY-15,Unit I,Excel Slub,4669.99
2026-07-06,3,TSU-01,Unit I,Liveaco Compact,3222.28
2026-07-06,3,TSU-02,Unit I,Liveaco Compact,2981.93
2026-07-06,3,TSU-03,Unit I,Excel Slub,3476.38
2026-07-06,3,TSU-04,Unit I,VSF Export,2950.02
2026-07-06,3,TSU-05,Unit I,VSF Export,3561.87
2026-07-06,3,TSU-06,Unit I,VSF Export,3125.11
2026-07-06,3,TSU-07,Unit I,Excel Slub,3243.01
2026-07-06,3,TSU-08,Unit I,Liveaco Compact,3049.77
2026-07-06,3,TSU-09,Unit I,VSF Export,3219.64
2026-07-06,3,TSU-10,Unit I,VSF Export,3449.81
2026-07-06,3,SUL-01,Unit I,Excel Slub,575.78
2026-07-06,3,SUL-02,Unit I,Liveaco Compact,467.68
2026-07-06,3,SUL-03,Unit I,Liveaco Compact,487.8
2026-07-06,3,SUL-04,Unit I,VSF Export,650.83
2026-07-06,3,SUL-05,Unit I,Liveaco Compact,529.09
2026-07-07,1,TOY-01,Unit I,Excel Slub,4482.41
2026-07-07,1,TOY-02,Unit I,Liveaco Compact,3723.02
2026-07-07,1,TOY-03,Unit I,VSF Export,4894.22
2026-07-07,1,TOY-04,Unit I,Excel Slub,4437.62
2026-07-07,1,TOY-05,Unit I,Liveaco Compact,4368.95
2026-07-07,1,TOY-06,Unit I,Liveaco Compact,4249.9
2026-07-07,1,TOY-07,Unit I,Liveaco Compact,4660.53
2026-07-07,1,TOY-08,Unit I,Excel Slub,3568.1
2026-07-07,1,TOY-09,Unit I,Excel Slub,4642.05
2026-07-07,1,TOY-10,Unit I,Excel Slub,3888.0
2026-07-07,1,TOY-11,Unit I,VSF Export,5219.99
2026-07-07,1,TOY-12,Unit I,VSF Export,4754.64
2026-07-07,1,TOY-13,Unit I,Liveaco Compact,3787.1
2026-07-07,1,TOY-14,Unit I,VSF Export,5577.4
2026-07-07,1,TOY-15,Unit I,Liveaco Compact,3746.2
2026-07-07,1,TSU-01,Unit I,VSF Export,3393.44
2026-07-07,1,TSU-02,Unit I,VSF Export,3531.75
2026-07-07,1,TSU-03,Unit I,Liveaco Compact,2801.41
2026-07-07,1,TSU-04,Unit I,VSF Export,3164.7
2026-07-07,1,TSU-05,Unit I,Liveaco Compact,2636.94
2026-07-07,1,TSU-06,Unit I,Excel Slub,2548.88
2026-07-07,1,TSU-07,Unit I,Liveaco Compact,2510.15
2026-07-07,1,TSU-08,Unit I,Excel Slub,2742.39
2026-07-07,1,TSU-09,Unit I,Excel Slub,3122.05
2026-07-07,1,TSU-10,Unit I,VSF Export,3719.87
2026-07-07,1,SUL-01,Unit I,Excel Slub,493.74
2026-07-07,1,SUL-02,Unit I,VSF Export,654.68
2026-07-07,1,SUL-03,Unit I,VSF Export,562.74
2026-07-07,1,SUL-04,Unit I,Excel Slub,516.23
2026-07-07,1,SUL-05,Unit I,VSF Export,645.62
2026-07-07,2,TOY-01,Unit I,Excel Slub,3551.91
2026-07-07,2,TOY-02,Unit I,Liveaco Compact,2766.06
2026-07-07,2,TOY-03,Unit I,Excel Slub,4139.85
2026-07-07,2,TOY-04,Unit I,VSF Export,4493.2
2026-07-07,2,TOY-05,Unit I,Excel Slub,4198.88
2026-07-07,2,TOY-06,Unit I,Liveaco Compact,4021.18
2026-07-07,2,TOY-07,Unit I,Liveaco Compact,4003.71
2026-07-07,2,TOY-08,Unit I,VSF Export,4305.65
2026-07-07,2,TOY-09,Unit I,Excel Slub,4232.8
2026-07-07,2,TOY-10,Unit I,VSF Export,4136.94
2026-07-07,2,TOY-11,Unit I,Liveaco Compact,4064.9
2026-07-07,2,TOY-12,Unit I,VSF Export,4279.76
2026-07-07,2,TOY-13,Unit I,Liveaco Compact,4565.95
2026-07-07,2,TOY-14,Unit I,Excel Slub,4917.69
2026-07-07,2,TOY-15,Unit I,Liveaco Compact,3533.22
2026-07-07,2,TSU-01,Unit I,Liveaco Compact,2451.87
2026-07-07,2,TSU-02,Unit I,Liveaco Compact,2692.85
2026-07-07,2,TSU-03,Unit I,Excel Slub,2834.67
2026-07-07,2,TSU-04,Unit I,VSF Export,3793.04
2026-07-07,2,TSU-05,Unit I,Liveaco Compact,2862.14
2026-07-07,2,TSU-06,Unit I,Excel Slub,3053.48
2026-07-07,2,TSU-07,Unit I,Liveaco Compact,2803.55
2026-07-07,2,TSU-08,Unit I,Excel Slub,2914.76
2026-07-07,2,TSU-09,Unit I,VSF Export,3395.45
2026-07-07,2,TSU-10,Unit I,VSF Export,2941.01
2026-07-07,2,SUL-01,Unit I,Liveaco Compact,472.81
2026-07-07,2,SUL-02,Unit I,Liveaco Compact,513.4
2026-07-07,2,SUL-03,Unit I,Liveaco Compact,530.08
2026-07-07,2,SUL-04,Unit I,Liveaco Compact,512.21
2026-07-07,2,SUL-05,Unit I,VSF Export,613.92
2026-07-07,3,TOY-01,Unit I,Liveaco Compact,4279.5
2026-07-07,3,TOY-02,Unit I,Excel Slub,3631.83
2026-07-07,3,TOY-03,Unit I,Excel Slub,4299.19
2026-07-07,3,TOY-04,Unit I,Liveaco Compact,4341.22
2026-07-07,3,TOY-05,Unit I,VSF Export,4989.5
2026-07-07,3,TOY-06,Unit I,VSF Export,5359.19
2026-07-07,3,TOY-07,Unit I,Liveaco Compact,4282.55
2026-07-07,3,TOY-08,Unit I,Liveaco Compact,3350.18
2026-07-07,3,TOY-09,Unit I,Liveaco Compact,3761.8
2026-07-07,3,TOY-10,Unit I,VSF Export,5324.0
2026-07-07,3,TOY-11,Unit I,Liveaco Compact,4257.72
2026-07-07,3,TOY-12,Unit I,VSF Export,4929.78
2026-07-07,3,TOY-13,Unit I,Liveaco Compact,3924.59
2026-07-07,3,TOY-14,Unit I,Liveaco Compact,3859.51
2026-07-07,3,TOY-15,Unit I,Liveaco Compact,4136.03
2026-07-07,3,TSU-01,Unit I,Excel Slub,2938.23
2026-07-07,3,TSU-02,Unit I,Excel Slub,2928.97
2026-07-07,3,TSU-03,Unit I,VSF Export,3345.82
2026-07-07,3,TSU-04,Unit I,VSF Export,3319.17
2026-07-07,3,TSU-05,Unit I,VSF Export,3647.93
2026-07-07,3,TSU-06,Unit I,VSF Export,3439.57
2026-07-07,3,TSU-07,Unit I,Excel Slub,3026.62
2026-07-07,3,TSU-08,Unit I,Liveaco Compact,2939.99
2026-07-07,3,TSU-09,Unit I,Excel Slub,2804.33
2026-07-07,3,TSU-10,Unit I,Liveaco Compact,2992.26
2026-07-07,3,SUL-01,Unit I,Liveaco Compact,459.84
2026-07-07,3,SUL-02,Unit I,Excel Slub,533.04
2026-07-07,3,SUL-03,Unit I,Liveaco Compact,543.31
2026-07-07,3,SUL-04,Unit I,Excel Slub,505.67
2026-07-07,3,SUL-05,Unit I,Liveaco Compact,528.11
2026-07-08,1,TOY-01,Unit I,Liveaco Compact,3927.7
2026-07-08,1,TOY-02,Unit I,Excel Slub,3500.14
2026-07-08,1,TOY-03,Unit I,Excel Slub,4866.05
2026-07-08,1,TOY-04,Unit I,Liveaco Compact,4250.81
2026-07-08,1,TOY-05,Unit I,Excel Slub,4416.67
2026-07-08,1,TOY-06,Unit I,VSF Export,5067.02
2026-07-08,1,TOY-07,Unit I,Excel Slub,4013.55
2026-07-08,1,TOY-08,Unit I,Liveaco Compact,3285.58
2026-07-08,1,TOY-09,Unit I,Liveaco Compact,3943.82
2026-07-08,1,TOY-10,Unit I,Excel Slub,4379.93
2026-07-08,1,TOY-11,Unit I,Liveaco Compact,4278.15
2026-07-08,1,TOY-12,Unit I,VSF Export,5009.84
2026-07-08,1,TOY-13,Unit I,Excel Slub,4988.26
2026-07-08,1,TOY-14,Unit I,Liveaco Compact,3674.94
2026-07-08,1,TOY-15,Unit I,VSF Export,5641.15
2026-07-08,1,TSU-01,Unit I,Excel Slub,3075.55
2026-07-08,1,TSU-02,Unit I,Excel Slub,3046.24
2026-07-08,1,TSU-03,Unit I,Liveaco Compact,3190.38
2026-07-08,1,TSU-04,Unit I,Liveaco Compact,2687.37
2026-07-08,1,TSU-05,Unit I,Excel Slub,3329.23
2026-07-08,1,TSU-06,Unit I,VSF Export,3711.33
2026-07-08,1,TSU-07,Unit I,VSF Export,3175.9
2026-07-08,1,TSU-08,Unit I,Liveaco Compact,2832.64
2026-07-08,1,TSU-09,Unit I,Excel Slub,3291.2
2026-07-08,1,TSU-10,Unit I,Excel Slub,3008.14
2026-07-08,1,SUL-01,Unit I,VSF Export,653.02
2026-07-08,1,SUL-02,Unit I,Excel Slub,584.41
2026-07-08,1,SUL-03,Unit I,Excel Slub,515.0
2026-07-08,1,SUL-04,Unit I,Liveaco Compact,482.02
2026-07-08,1,SUL-05,Unit I,Excel Slub,521.57
2026-07-08,2,TOY-01,Unit I,Liveaco Compact,3620.01
2026-07-08,2,TOY-02,Unit I,Liveaco Compact,3627.08
2026-07-08,2,TOY-03,Unit I,Liveaco Compact,4058.56
2026-07-08,2,TOY-04,Unit I,Excel Slub,4391.79
2026-07-08,2,TOY-05,Unit I,Excel Slub,4104.55
2026-07-08,2,TOY-06,Unit I,VSF Export,4832.86
2026-07-08,2,TOY-07,Unit I,Liveaco Compact,4029.5
2026-07-08,2,TOY-08,Unit I,Liveaco Compact,3342.09
2026-07-08,2,TOY-09,Unit I,Liveaco Compact,4186.24
2026-07-08,2,TOY-10,Unit I,Excel Slub,4586.93
2026-07-08,2,TOY-11,Unit I,VSF Export,4959.34
2026-07-08,2,TOY-12,Unit I,Excel Slub,4248.65
2026-07-08,2,TOY-13,Unit I,VSF Export,4650.27
2026-07-08,2,TOY-14,Unit I,VSF Export,5049.34
2026-07-08,2,TOY-15,Unit I,Liveaco Compact,4019.94
2026-07-08,2,TSU-01,Unit I,VSF Export,3184.79
2026-07-08,2,TSU-02,Unit I,Excel Slub,3102.74
2026-07-08,2,TSU-03,Unit I,Excel Slub,2473.26
2026-07-08,2,TSU-04,Unit I,VSF Export,3397.42
2026-07-08,2,TSU-05,Unit I,Liveaco Compact,3147.32
2026-07-08,2,TSU-06,Unit I,VSF Export,3198.49
2026-07-08,2,TSU-07,Unit I,VSF Export,3559.12
2026-07-08,2,TSU-08,Unit I,Liveaco Compact,2553.98
2026-07-08,2,TSU-09,Unit I,VSF Export,3697.71
2026-07-08,2,TSU-10,Unit I,VSF Export,3352.94
2026-07-08,2,SUL-01,Unit I,Excel Slub,575.16
2026-07-08,2,SUL-02,Unit I,VSF Export,616.2
2026-07-08,2,SUL-03,Unit I,VSF Export,574.57
2026-07-08,2,SUL-04,Unit I,Excel Slub,516.68
2026-07-08,2,SUL-05,Unit I,Liveaco Compact,446.18
2026-07-08,3,TOY-01,Unit I,VSF Export,5069.45
2026-07-08,3,TOY-02,Unit I,VSF Export,4314.58
2026-07-08,3,TOY-03,Unit I,Excel Slub,4344.37
2026-07-08,3,TOY-04,Unit I,Liveaco Compact,4497.14
2026-07-08,3,TOY-05,Unit I,VSF Export,5243.19
2026-07-08,3,TOY-06,Unit I,Excel Slub,4811.07
2026-07-08,3,TOY-07,Unit I,Excel Slub,4800.74
2026-07-08,3,TOY-08,Unit I,Excel Slub,4009.59
2026-07-08,3,TOY-09,Unit I,Liveaco Compact,4454.56
2026-07-08,3,TOY-10,Unit I,Liveaco Compact,3924.02
2026-07-08,3,TOY-11,Unit I,VSF Export,4696.09
2026-07-08,3,TOY-12,Unit I,Excel Slub,4515.15
2026-07-08,3,TOY-13,Unit I,Excel Slub,4248.46
2026-07-08,3,TOY-14,Unit I,Excel Slub,4283.71
2026-07-08,3,TOY-15,Unit I,Liveaco Compact,4501.45
2026-07-08,3,TSU-01,Unit I,Liveaco Compact,3178.14
2026-07-08,3,TSU-02,Unit I,Excel Slub,2997.51
2026-07-08,3,TSU-03,Unit I,Liveaco Compact,2678.86
2026-07-08,3,TSU-04,Unit I,Liveaco Compact,2648.92
2026-07-08,3,TSU-05,Unit I,Liveaco Compact,2938.77
2026-07-08,3,TSU-06,Unit I,Excel Slub,2937.86
2026-07-08,3,TSU-07,Unit I,Excel Slub,3022.16
2026-07-08,3,TSU-08,Unit I,VSF Export,3392.22
2026-07-08,3,TSU-09,Unit I,Excel Slub,3121.78
2026-07-08,3,TSU-10,Unit I,VSF Export,3415.57
2026-07-08,3,SUL-01,Unit I,Liveaco Compact,517.99
2026-07-08,3,SUL-02,Unit I,Liveaco Compact,502.48
2026-07-08,3,SUL-03,Unit I,VSF Export,569.19
2026-07-08,3,SUL-04,Unit I,Excel Slub,561.39
2026-07-08,3,SUL-05,Unit I,Liveaco Compact,492.46
2026-07-09,1,TOY-01,Unit I,Liveaco Compact,4119.45
2026-07-09,1,TOY-02,Unit I,VSF Export,3795.12
2026-07-09,1,TOY-03,Unit I,Liveaco Compact,3566.11
2026-07-09,1,TOY-04,Unit I,VSF Export,5262.29
2026-07-09,1,TOY-05,Unit I,VSF Export,4905.7
2026-07-09,1,TOY-06,Unit I,Excel Slub,4111.27
2026-07-09,1,TOY-07,Unit I,Liveaco Compact,3756.27
2026-07-09,1,TOY-08,Unit I,Excel Slub,3697.73
2026-07-09,1,TOY-09,Unit I,Liveaco Compact,4452.95
2026-07-09,1,TOY-10,Unit I,Liveaco Compact,3883.54
2026-07-09,1,TOY-11,Unit I,VSF Export,5078.68
2026-07-09,1,TOY-12,Unit I,VSF Export,5404.64
2026-07-09,1,TOY-13,Unit I,Excel Slub,5089.4
2026-07-09,1,TOY-14,Unit I,Liveaco Compact,4150.76
2026-07-09,1,TOY-15,Unit I,Excel Slub,4342.88
2026-07-09,1,TSU-01,Unit I,VSF Export,3346.09
2026-07-09,1,TSU-02,Unit I,Excel Slub,2935.03
2026-07-09,1,TSU-03,Unit I,Excel Slub,2897.22
2026-07-09,1,TSU-04,Unit I,VSF Export,3157.49
2026-07-09,1,TSU-05,Unit I,VSF Export,3059.8
2026-07-09,1,TSU-06,Unit I,VSF Export,3351.23
2026-07-09,1,TSU-07,Unit I,VSF Export,3353.94
2026-07-09,1,TSU-08,Unit I,VSF Export,3657.44
2026-07-09,1,TSU-09,Unit I,VSF Export,3182.08
2026-07-09,1,TSU-10,Unit I,VSF Export,3795.85
2026-07-09,1,SUL-01,Unit I,VSF Export,601.39
2026-07-09,1,SUL-02,Unit I,Liveaco Compact,455.13
2026-07-09,1,SUL-03,Unit I,Liveaco Compact,526.82
2026-07-09,1,SUL-04,Unit I,Excel Slub,492.41
2026-07-09,1,SUL-05,Unit I,Liveaco Compact,480.9
2026-07-09,2,TOY-01,Unit I,VSF Export,5056.07
2026-07-09,2,TOY-02,Unit I,VSF Export,4255.54
2026-07-09,2,TOY-03,Unit I,Excel Slub,4540.26
2026-07-09,2,TOY-04,Unit I,VSF Export,4876.65
2026-07-09,2,TOY-05,Unit I,Liveaco Compact,4374.61
2026-07-09,2,TOY-06,Unit I,Liveaco Compact,3822.14
2026-07-09,2,TOY-07,Unit I,Excel Slub,4555.6
2026-07-09,2,TOY-08,Unit I,Excel Slub,4133.69
2026-07-09,2,TOY-09,Unit I,Excel Slub,4679.77
2026-07-09,2,TOY-10,Unit I,Excel Slub,4617.69
2026-07-09,2,TOY-11,Unit I,VSF Export,5485.07
2026-07-09,2,TOY-12,Unit I,Liveaco Compact,4305.86
2026-07-09,2,TOY-13,Unit I,VSF Export,4977.08
2026-07-09,2,TOY-14,Unit I,Excel Slub,4268.31
2026-07-09,2,TOY-15,Unit I,Liveaco Compact,4490.22
2026-07-09,2,TSU-01,Unit I,VSF Export,3446.91
2026-07-09,2,TSU-02,Unit I,Excel Slub,3204.47
2026-07-09,2,TSU-03,Unit I,Liveaco Compact,2304.47
2026-07-09,2,TSU-04,Unit I,VSF Export,3379.8
2026-07-09,2,TSU-05,Unit I,VSF Export,3167.45
2026-07-09,2,TSU-06,Unit I,Liveaco Compact,2966.74
2026-07-09,2,TSU-07,Unit I,VSF Export,3435.73
2026-07-09,2,TSU-08,Unit I,Excel Slub,2978.96
2026-07-09,2,TSU-09,Unit I,VSF Export,3518.42
2026-07-09,2,TSU-10,Unit I,VSF Export,3357.57
2026-07-09,2,SUL-01,Unit I,VSF Export,613.24
2026-07-09,2,SUL-02,Unit I,Excel Slub,504.96
2026-07-09,2,SUL-03,Unit I,VSF Export,639.29
2026-07-09,2,SUL-04,Unit I,Liveaco Compact,473.99
2026-07-09,2,SUL-05,Unit I,Excel Slub,472.66
2026-07-09,3,TOY-01,Unit I,Liveaco Compact,4140.47
2026-07-09,3,TOY-02,Unit I,Excel Slub,3540.12
2026-07-09,3,TOY-03,Unit I,VSF Export,5224.74
2026-07-09,3,TOY-04,Unit I,Excel Slub,4826.27
2026-07-09,3,TOY-05,Unit I,VSF Export,5593.7
2026-07-09,3,TOY-06,Unit I,VSF Export,4836.71
2026-07-09,3,TOY-07,Unit I,Liveaco Compact,4162.75
2026-07-09,3,TOY-08,Unit I,VSF Export,3736.54
2026-07-09,3,TOY-09,Unit I,Excel Slub,4056.62
2026-07-09,3,TOY-10,Unit I,VSF Export,4051.88
2026-07-09,3,TOY-11,Unit I,Excel Slub,4410.07
2026-07-09,3,TOY-12,Unit I,VSF Export,4798.54
2026-07-09,3,TOY-13,Unit I,VSF Export,5380.95
2026-07-09,3,TOY-14,Unit I,Liveaco Compact,3752.26
2026-07-09,3,TOY-15,Unit I,VSF Export,4978.69
2026-07-09,3,TSU-01,Unit I,Excel Slub,3355.23
2026-07-09,3,TSU-02,Unit I,VSF Export,3570.38
2026-07-09,3,TSU-03,Unit I,VSF Export,3411.78
2026-07-09,3,TSU-04,Unit I,VSF Export,3616.54
2026-07-09,3,TSU-05,Unit I,VSF Export,3657.59
2026-07-09,3,TSU-06,Unit I,VSF Export,3238.68
2026-07-09,3,TSU-07,Unit I,VSF Export,3720.16
2026-07-09,3,TSU-08,Unit I,VSF Export,3450.75
2026-07-09,3,TSU-09,Unit I,VSF Export,3216.86
2026-07-09,3,TSU-10,Unit I,Liveaco Compact,2605.59
2026-07-09,3,SUL-01,Unit I,Excel Slub,534.22
2026-07-09,3,SUL-02,Unit I,VSF Export,628.51
2026-07-09,3,SUL-03,Unit I,Liveaco Compact,535.03
2026-07-09,3,SUL-04,Unit I,VSF Export,529.17
2026-07-09,3,SUL-05,Unit I,VSF Export,610.36
2026-07-10,1,TOY-01,Unit I,VSF Export,4577.87
2026-07-10,1,TOY-02,Unit I,Liveaco Compact,3231.41
2026-07-10,1,TOY-03,Unit I,Liveaco Compact,4113.37
2026-07-10,1,TOY-04,Unit I,Liveaco Compact,3850.3
2026-07-10,1,TOY-05,Unit I,Excel Slub,4680.22
2026-07-10,1,TOY-06,Unit I,Liveaco Compact,3645.33
2026-07-10,1,TOY-07,Unit I,Liveaco Compact,4112.59
2026-07-10,1,TOY-08,Unit I,VSF Export,3480.63
2026-07-10,1,TOY-09,Unit I,Excel Slub,4618.23
2026-07-10,1,TOY-10,Unit I,Liveaco Compact,4201.37
2026-07-10,1,TOY-11,Unit I,Liveaco Compact,4004.83
2026-07-10,1,TOY-12,Unit I,Excel Slub,4214.95
2026-07-10,1,TOY-13,Unit I,Liveaco Compact,3717.52
2026-07-10,1,TOY-14,Unit I,VSF Export,4673.21
2026-07-10,1,TOY-15,Unit I,Excel Slub,4448.72
2026-07-10,1,TSU-01,Unit I,Liveaco Compact,3082.81
2026-07-10,1,TSU-02,Unit I,VSF Export,3425.49
2026-07-10,1,TSU-03,Unit I,Liveaco Compact,2585.35
2026-07-10,1,TSU-04,Unit I,Excel Slub,2808.55
2026-07-10,1,TSU-05,Unit I,Excel Slub,3294.93
2026-07-10,1,TSU-06,Unit I,VSF Export,3525.09
2026-07-10,1,TSU-07,Unit I,VSF Export,3311.65
2026-07-10,1,TSU-08,Unit I,VSF Export,2865.87
2026-07-10,1,TSU-09,Unit I,Liveaco Compact,2976.14
2026-07-10,1,TSU-10,Unit I,Liveaco Compact,2689.46
2026-07-10,1,SUL-01,Unit I,Excel Slub,574.88
2026-07-10,1,SUL-02,Unit I,Liveaco Compact,455.13
2026-07-10,1,SUL-03,Unit I,VSF Export,554.69
2026-07-10,1,SUL-04,Unit I,VSF Export,651.59
2026-07-10,1,SUL-05,Unit I,Liveaco Compact,511.51
2026-07-10,2,TOY-01,Unit I,Excel Slub,4936.28
2026-07-10,2,TOY-02,Unit I,Excel Slub,3769.61
2026-07-10,2,TOY-03,Unit I,Excel Slub,4109.27
2026-07-10,2,TOY-04,Unit I,VSF Export,4861.3
2026-07-10,2,TOY-05,Unit I,Liveaco Compact,4301.45
2026-07-10,2,TOY-06,Unit I,VSF Export,5120.29
2026-07-10,2,TOY-07,Unit I,VSF Export,4460.09
2026-07-10,2,TOY-08,Unit I,Excel Slub,3628.05
2026-07-10,2,TOY-09,Unit I,Excel Slub,3930.49
2026-07-10,2,TOY-10,Unit I,Excel Slub,4563.1
2026-07-10,2,TOY-11,Unit I,Excel Slub,4228.33
2026-07-10,2,TOY-12,Unit I,VSF Export,4899.86
2026-07-10,2,TOY-13,Unit I,Liveaco Compact,4584.25
2026-07-10,2,TOY-14,Unit I,VSF Export,4521.14
2026-07-10,2,TOY-15,Unit I,Liveaco Compact,4049.47
2026-07-10,2,TSU-01,Unit I,Excel Slub,3246.3
2026-07-10,2,TSU-02,Unit I,Liveaco Compact,2737.46
2026-07-10,2,TSU-03,Unit I,Excel Slub,2514.34
2026-07-10,2,TSU-04,Unit I,Liveaco Compact,2483.88
2026-07-10,2,TSU-05,Unit I,Liveaco Compact,3096.94
2026-07-10,2,TSU-06,Unit I,VSF Export,3390.88
2026-07-10,2,TSU-07,Unit I,VSF Export,3562.29
2026-07-10,2,TSU-08,Unit I,Liveaco Compact,2838.82
2026-07-10,2,TSU-09,Unit I,VSF Export,3341.73
2026-07-10,2,TSU-10,Unit I,Liveaco Compact,2573.95
2026-07-10,2,SUL-01,Unit I,Liveaco Compact,510.99
2026-07-10,2,SUL-02,Unit I,Excel Slub,597.55
2026-07-10,2,SUL-03,Unit I,Excel Slub,516.36
2026-07-10,2,SUL-04,Unit I,VSF Export,630.1
2026-07-10,2,SUL-05,Unit I,Excel Slub,547.9
2026-07-10,3,TOY-01,Unit I,Liveaco Compact,3381.61
2026-07-10,3,TOY-02,Unit I,Excel Slub,3702.22
2026-07-10,3,TOY-03,Unit I,VSF Export,4490.48
2026-07-10,3,TOY-04,Unit I,VSF Export,5528.78
2026-07-10,3,TOY-05,Unit I,Excel Slub,4695.43
2026-07-10,3,TOY-06,Unit I,Excel Slub,4449.49
2026-07-10,3,TOY-07,Unit I,VSF Export,4534.27
2026-07-10,3,TOY-08,Unit I,VSF Export,4113.3
2026-07-10,3,TOY-09,Unit I,Liveaco Compact,4050.46
2026-07-10,3,TOY-10,Unit I,Liveaco Compact,3530.36
2026-07-10,3,TOY-11,Unit I,Excel Slub,4394.41
2026-07-10,3,TOY-12,Unit I,Liveaco Compact,4010.97
2026-07-10,3,TOY-13,Unit I,Excel Slub,3909.31
2026-07-10,3,TOY-14,Unit I,Liveaco Compact,4297.82
2026-07-10,3,TOY-15,Unit I,Liveaco Compact,4193.0
2026-07-10,3,TSU-01,Unit I,Excel Slub,2554.05
2026-07-10,3,TSU-02,Unit I,Liveaco Compact,2599.92
2026-07-10,3,TSU-03,Unit I,Liveaco Compact,2593.07
2026-07-10,3,TSU-04,Unit I,Excel Slub,2881.84
2026-07-10,3,TSU-05,Unit I,Excel Slub,3131.69
2026-07-10,3,TSU-06,Unit I,VSF Export,3163.27
2026-07-10,3,TSU-07,Unit I,VSF Export,3186.85
2026-07-10,3,TSU-08,Unit I,Excel Slub,2978.94
2026-07-10,3,TSU-09,Unit I,Excel Slub,3225.87
2026-07-10,3,TSU-10,Unit I,Liveaco Compact,2578.93
2026-07-10,3,SUL-01,Unit I,VSF Export,623.02
2026-07-10,3,SUL-02,Unit I,Excel Slub,578.57
2026-07-10,3,SUL-03,Unit I,VSF Export,538.11
2026-07-10,3,SUL-04,Unit I,Excel Slub,555.77
2026-07-10,3,SUL-05,Unit I,VSF Export,598.19
2026-07-11,1,TOY-01,Unit I,Excel Slub,4477.88
2026-07-11,1,TOY-02,Unit I,VSF Export,4289.4
2026-07-11,1,TOY-03,Unit I,Liveaco Compact,4115.97
2026-07-11,1,TOY-04,Unit I,Excel Slub,4011.72
2026-07-11,1,TOY-05,Unit I,VSF Export,5038.03
2026-07-11,1,TOY-06,Unit I,VSF Export,4124.0
2026-07-11,1,TOY-07,Unit I,VSF Export,4508.21
2026-07-11,1,TOY-08,Unit I,Liveaco Compact,3118.15
2026-07-11,1,TOY-09,Unit I,VSF Export,5036.4
2026-07-11,1,TOY-10,Unit I,VSF Export,5603.37
2026-07-11,1,TOY-11,Unit I,Liveaco Compact,3773.44
2026-07-11,1,TOY-12,Unit I,VSF Export,4873.08
2026-07-11,1,TOY-13,Unit I,Liveaco Compact,3937.87
2026-07-11,1,TOY-14,Unit I,VSF Export,5553.55
2026-07-11,1,TOY-15,Unit I,Liveaco Compact,4384.64
2026-07-11,1,TSU-01,Unit I,Excel Slub,3018.97
2026-07-11,1,TSU-02,Unit I,Liveaco Compact,2788.43
2026-07-11,1,TSU-03,Unit I,VSF Export,3282.42
2026-07-11,1,TSU-04,Unit I,Liveaco Compact,2813.97
2026-07-11,1,TSU-05,Unit I,Excel Slub,2604.13
2026-07-11,1,TSU-06,Unit I,Liveaco Compact,2803.25
2026-07-11,1,TSU-07,Unit I,Excel Slub,3070.12
2026-07-11,1,TSU-08,Unit I,Excel Slub,2920.6
2026-07-11,1,TSU-09,Unit I,Excel Slub,2795.28
2026-07-11,1,TSU-10,Unit I,Excel Slub,2873.92
2026-07-11,1,SUL-01,Unit I,Excel Slub,564.21
2026-07-11,1,SUL-02,Unit I,VSF Export,581.61
2026-07-11,1,SUL-03,Unit I,Liveaco Compact,553.22
2026-07-11,1,SUL-04,Unit I,VSF Export,578.03
2026-07-11,1,SUL-05,Unit I,Excel Slub,607.8
2026-07-11,2,TOY-01,Unit I,Excel Slub,5077.56
2026-07-11,2,TOY-02,Unit I,VSF Export,2996.43
2026-07-11,2,TOY-03,Unit I,Liveaco Compact,4029.37
2026-07-11,2,TOY-04,Unit I,Excel Slub,4222.74
2026-07-11,2,TOY-05,Unit I,VSF Export,4542.41
2026-07-11,2,TOY-06,Unit I,Excel Slub,4801.38
2026-07-11,2,TOY-07,Unit I,Liveaco Compact,3964.41
2026-07-11,2,TOY-08,Unit I,Liveaco Compact,3432.92
2026-07-11,2,TOY-09,Unit I,Excel Slub,3828.2
2026-07-11,2,TOY-10,Unit I,Excel Slub,5074.99
2026-07-11,2,TOY-11,Unit I,Excel Slub,4277.27
2026-07-11,2,TOY-12,Unit I,Liveaco Compact,4142.67
2026-07-11,2,TOY-13,Unit I,Excel Slub,4500.35
2026-07-11,2,TOY-14,Unit I,Excel Slub,4075.67
2026-07-11,2,TOY-15,Unit I,Excel Slub,5001.48
2026-07-11,2,TSU-01,Unit I,Liveaco Compact,2983.82
2026-07-11,2,TSU-02,Unit I,Liveaco Compact,2518.37
2026-07-11,2,TSU-03,Unit I,VSF Export,3318.32
2026-07-11,2,TSU-04,Unit I,Liveaco Compact,2665.39
2026-07-11,2,TSU-05,Unit I,Excel Slub,2996.85
2026-07-11,2,TSU-06,Unit I,Liveaco Compact,2645.74
2026-07-11,2,TSU-07,Unit I,Excel Slub,2947.32
2026-07-11,2,TSU-08,Unit I,Excel Slub,3233.99
2026-07-11,2,TSU-09,Unit I,Excel Slub,3052.89
2026-07-11,2,TSU-10,Unit I,VSF Export,3441.19
2026-07-11,2,SUL-01,Unit I,VSF Export,548.37
2026-07-11,2,SUL-02,Unit I,Liveaco Compact,516.26
2026-07-11,2,SUL-03,Unit I,Excel Slub,599.89
2026-07-11,2,SUL-04,Unit I,VSF Export,552.79
2026-07-11,2,SUL-05,Unit I,VSF Export,630.92
2026-07-11,3,TOY-01,Unit I,Excel Slub,4336.05
2026-07-11,3,TOY-02,Unit I,Liveaco Compact,2743.11
2026-07-11,3,TOY-03,Unit I,Liveaco Compact,4168.8
2026-07-11,3,TOY-04,Unit I,Excel Slub,4850.45
2026-07-11,3,TOY-05,Unit I,Excel Slub,4330.64
2026-07-11,3,TOY-06,Unit I,Excel Slub,4061.16
2026-07-11,3,TOY-07,Unit I,Liveaco Compact,3636.13
2026-07-11,3,TOY-08,Unit I,Excel Slub,3607.88
2026-07-11,3,TOY-09,Unit I,VSF Export,4993.67
2026-07-11,3,TOY-10,Unit I,Excel Slub,4625.55
2026-07-11,3,TOY-11,Unit I,Excel Slub,4253.14
2026-07-11,3,TOY-12,Unit I,Excel Slub,4487.75
2026-07-11,3,TOY-13,Unit I,VSF Export,4924.8
2026-07-11,3,TOY-14,Unit I,Liveaco Compact,4136.73
2026-07-11,3,TOY-15,Unit I,Liveaco Compact,3918.65
2026-07-11,3,TSU-01,Unit I,VSF Export,3104.62
2026-07-11,3,TSU-02,Unit I,Excel Slub,3271.91
2026-07-11,3,TSU-03,Unit I,Excel Slub,3405.1
2026-07-11,3,TSU-04,Unit I,VSF Export,3060.16
2026-07-11,3,TSU-05,Unit I,VSF Export,3647.71
2026-07-11,3,TSU-06,Unit I,Excel Slub,2912.42
2026-07-11,3,TSU-07,Unit I,Excel Slub,2730.98
2026-07-11,3,TSU-08,Unit I,VSF Export,3727.12
2026-07-11,3,TSU-09,Unit I,Liveaco Compact,2281.78
2026-07-11,3,TSU-10,Unit I,VSF Export,3300.69
2026-07-11,3,SUL-01,Unit I,Excel Slub,629.66
2026-07-11,3,SUL-02,Unit I,VSF Export,612.9
2026-07-11,3,SUL-03,Unit I,VSF Export,617.41
2026-07-11,3,SUL-04,Unit I,Excel Slub,583.54
2026-07-11,3,SUL-05,Unit I,Liveaco Compact,555.15
2026-07-12,1,TOY-01,Unit I,VSF Export,4679.77
2026-07-12,1,TOY-02,Unit I,Excel Slub,3469.74
2026-07-12,1,TOY-03,Unit I,VSF Export,5230.71
2026-07-12,1,TOY-04,Unit I,Liveaco Compact,4418.69
2026-07-12,1,TOY-05,Unit I,Excel Slub,4638.79
2026-07-12,1,TOY-06,Unit I,Liveaco Compact,3973.26
2026-07-12,1,TOY-07,Unit I,Liveaco Compact,4247.36
2026-07-12,1,TOY-08,Unit I,VSF Export,4380.3
2026-07-12,1,TOY-09,Unit I,VSF Export,4684.03
2026-07-12,1,TOY-10,Unit I,VSF Export,4792.19
2026-07-12,1,TOY-11,Unit I,Excel Slub,4499.87
2026-07-12,1,TOY-12,Unit I,VSF Export,5320.81
2026-07-12,1,TOY-13,Unit I,Excel Slub,4645.91
2026-07-12,1,TOY-14,Unit I,VSF Export,4110.33
2026-07-12,1,TOY-15,Unit I,Excel Slub,4395.08
2026-07-12,1,TSU-01,Unit I,VSF Export,3412.76
2026-07-12,1,TSU-02,Unit I,Excel Slub,2847.18
2026-07-12,1,TSU-03,Unit I,Excel Slub,3517.95
2026-07-12,1,TSU-04,Unit I,VSF Export,3576.9
2026-07-12,1,TSU-05,Unit I,Liveaco Compact,2456.15
2026-07-12,1,TSU-06,Unit I,Excel Slub,3030.96
2026-07-12,1,TSU-07,Unit I,Excel Slub,3159.03
2026-07-12,1,TSU-08,Unit I,Liveaco Compact,2708.3
2026-07-12,1,TSU-09,Unit I,Excel Slub,3129.73
2026-07-12,1,TSU-10,Unit I,Liveaco Compact,2751.62
2026-07-12,1,SUL-01,Unit I,VSF Export,709.75
2026-07-12,1,SUL-02,Unit I,Excel Slub,519.18
2026-07-12,1,SUL-03,Unit I,Liveaco Compact,544.5
2026-07-12,1,SUL-04,Unit I,Excel Slub,558.7
2026-07-12,1,SUL-05,Unit I,Excel Slub,622.77
2026-07-12,2,TOY-01,Unit I,Excel Slub,4531.44
2026-07-12,2,TOY-02,Unit I,Excel Slub,4202.65
2026-07-12,2,TOY-03,Unit I,VSF Export,5539.88
2026-07-12,2,TOY-04,Unit I,Liveaco Compact,3492.68
2026-07-12,2,TOY-05,Unit I,VSF Export,4625.1
2026-07-12,2,TOY-06,Unit I,VSF Export,4960.74
2026-07-12,2,TOY-07,Unit I,Liveaco Compact,4127.77
2026-07-12,2,TOY-08,Unit I,Liveaco Compact,3389.06
2026-07-12,2,TOY-09,Unit I,Liveaco Compact,4198.83
2026-07-12,2,TOY-10,Unit I,Excel Slub,4473.09
2026-07-12,2,TOY-11,Unit I,VSF Export,5562.85
2026-07-12,2,TOY-12,Unit I,VSF Export,4901.37
2026-07-12,2,TOY-13,Unit I,Excel Slub,4515.9
2026-07-12,2,TOY-14,Unit I,VSF Export,4694.99
2026-07-12,2,TOY-15,Unit I,VSF Export,5717.21
2026-07-12,2,TSU-01,Unit I,VSF Export,3383.39
2026-07-12,2,TSU-02,Unit I,VSF Export,3292.46
2026-07-12,2,TSU-03,Unit I,Excel Slub,2949.43
2026-07-12,2,TSU-04,Unit I,Liveaco Compact,2896.12
2026-07-12,2,TSU-05,Unit I,VSF Export,3790.32
2026-07-12,2,TSU-06,Unit I,VSF Export,3599.35
2026-07-12,2,TSU-07,Unit I,Liveaco Compact,2626.59
2026-07-12,2,TSU-08,Unit I,VSF Export,3675.11
2026-07-12,2,TSU-09,Unit I,Excel Slub,3477.95
2026-07-12,2,TSU-10,Unit I,VSF Export,3439.04
2026-07-12,2,SUL-01,Unit I,VSF Export,620.39
2026-07-12,2,SUL-02,Unit I,VSF Export,667.57
2026-07-12,2,SUL-03,Unit I,Liveaco Compact,497.86
2026-07-12,2,SUL-04,Unit I,VSF Export,581.46
2026-07-12,2,SUL-05,Unit I,VSF Export,588.72
2026-07-12,3,TOY-01,Unit I,VSF Export,5288.0
2026-07-12,3,TOY-02,Unit I,VSF Export,3796.61
2026-07-12,3,TOY-03,Unit I,Liveaco Compact,4365.41
2026-07-12,3,TOY-04,Unit I,VSF Export,5394.7
2026-07-12,3,TOY-05,Unit I,VSF Export,4817.78
2026-07-12,3,TOY-06,Unit I,Liveaco Compact,4476.73
2026-07-12,3,TOY-07,Unit I,Liveaco Compact,4224.17
2026-07-12,3,TOY-08,Unit I,Liveaco Compact,3546.6
2026-07-12,3,TOY-09,Unit I,VSF Export,4591.05
2026-07-12,3,TOY-10,Unit I,Liveaco Compact,3772.37
2026-07-12,3,TOY-11,Unit I,Liveaco Compact,4226.76
2026-07-12,3,TOY-12,Unit I,Liveaco Compact,4275.94
2026-07-12,3,TOY-13,Unit I,Excel Slub,4630.16
2026-07-12,3,TOY-14,Unit I,Excel Slub,4701.01
2026-07-12,3,TOY-15,Unit I,Liveaco Compact,4507.28
2026-07-12,3,TSU-01,Unit I,Excel Slub,3461.26
2026-07-12,3,TSU-02,Unit I,VSF Export,3732.35
2026-07-12,3,TSU-03,Unit I,Excel Slub,2716.31
2026-07-12,3,TSU-04,Unit I,Liveaco Compact,2596.58
2026-07-12,3,TSU-05,Unit I,VSF Export,3763.43
2026-07-12,3,TSU-06,Unit I,Liveaco Compact,2492.31
2026-07-12,3,TSU-07,Unit I,Excel Slub,3162.86
2026-07-12,3,TSU-08,Unit I,VSF Export,3254.06
2026-07-12,3,TSU-09,Unit I,VSF Export,3397.97
2026-07-12,3,TSU-10,Unit I,VSF Export,3316.47
2026-07-12,3,SUL-01,Unit I,Liveaco Compact,477.67
2026-07-12,3,SUL-02,Unit I,Liveaco Compact,525.1
2026-07-12,3,SUL-03,Unit I,VSF Export,590.5
2026-07-12,3,SUL-04,Unit I,Liveaco Compact,530.38
2026-07-12,3,SUL-05,Unit I,Liveaco Compact,460.21
2026-07-13,1,TOY-01,Unit I,Excel Slub,4496.56
2026-07-13,1,TOY-02,Unit I,VSF Export,3774.48
2026-07-13,1,TOY-03,Unit I,Excel Slub,4471.03
2026-07-13,1,TOY-04,Unit I,Excel Slub,4723.31
2026-07-13,1,TOY-05,Unit I,Liveaco Compact,3682.97
2026-07-13,1,TOY-06,Unit I,Liveaco Compact,4265.62
2026-07-13,1,TOY-07,Unit I,Liveaco Compact,4224.49
2026-07-13,1,TOY-08,Unit I,VSF Export,4795.37
2026-07-13,1,TOY-09,Unit I,Liveaco Compact,4133.09
2026-07-13,1,TOY-10,Unit I,Excel Slub,4282.05
2026-07-13,1,TOY-11,Unit I,VSF Export,4338.0
2026-07-13,1,TOY-12,Unit I,VSF Export,4978.45
2026-07-13,1,TOY-13,Unit I,VSF Export,5240.65
2026-07-13,1,TOY-14,Unit I,Liveaco Compact,4206.42
2026-07-13,1,TOY-15,Unit I,Liveaco Compact,4019.71
2026-07-13,1,TSU-01,Unit I,VSF Export,3651.17
2026-07-13,1,TSU-02,Unit I,VSF Export,3289.45
2026-07-13,1,TSU-03,Unit I,Excel Slub,3411.97
2026-07-13,1,TSU-04,Unit I,Excel Slub,3066.65
2026-07-13,1,TSU-05,Unit I,Excel Slub,3280.68
2026-07-13,1,TSU-06,Unit I,Excel Slub,3158.78
2026-07-13,1,TSU-07,Unit I,Excel Slub,3067.59
2026-07-13,1,TSU-08,Unit I,Excel Slub,2746.76
2026-07-13,1,TSU-09,Unit I,Liveaco Compact,2660.57
2026-07-13,1,TSU-10,Unit I,VSF Export,3259.7
2026-07-13,1,SUL-01,Unit I,VSF Export,526.21
2026-07-13,1,SUL-02,Unit I,VSF Export,598.87
2026-07-13,1,SUL-03,Unit I,VSF Export,629.14
2026-07-13,1,SUL-04,Unit I,Excel Slub,517.03
2026-07-13,1,SUL-05,Unit I,Excel Slub,509.97
2026-07-13,2,TOY-01,Unit I,Excel Slub,4461.26
2026-07-13,2,TOY-02,Unit I,Liveaco Compact,3135.32
2026-07-13,2,TOY-03,Unit I,Excel Slub,4660.59
2026-07-13,2,TOY-04,Unit I,Liveaco Compact,3780.56
2026-07-13,2,TOY-05,Unit I,VSF Export,5341.05
2026-07-13,2,TOY-06,Unit I,Liveaco Compact,3245.1
2026-07-13,2,TOY-07,Unit I,Excel Slub,4237.02
2026-07-13,2,TOY-08,Unit I,VSF Export,4797.25
2026-07-13,2,TOY-09,Unit I,VSF Export,4933.05
2026-07-13,2,TOY-10,Unit I,VSF Export,4877.33
2026-07-13,2,TOY-11,Unit I,Excel Slub,4649.96
2026-07-13,2,TOY-12,Unit I,VSF Export,4743.79
2026-07-13,2,TOY-13,Unit I,Liveaco Compact,3806.83
2026-07-13,2,TOY-14,Unit I,VSF Export,5156.3
2026-07-13,2,TOY-15,Unit I,Excel Slub,4103.1
2026-07-13,2,TSU-01,Unit I,VSF Export,3573.98
2026-07-13,2,TSU-02,Unit I,Excel Slub,3126.91
2026-07-13,2,TSU-03,Unit I,Excel Slub,3375.16
2026-07-13,2,TSU-04,Unit I,VSF Export,3854.78
2026-07-13,2,TSU-05,Unit I,VSF Export,3493.92
2026-07-13,2,TSU-06,Unit I,Excel Slub,2884.17
2026-07-13,2,TSU-07,Unit I,Excel Slub,3040.22
2026-07-13,2,TSU-08,Unit I,VSF Export,3296.22
2026-07-13,2,TSU-09,Unit I,Liveaco Compact,2831.47
2026-07-13,2,TSU-10,Unit I,VSF Export,3472.98
2026-07-13,2,SUL-01,Unit I,Liveaco Compact,419.14
2026-07-13,2,SUL-02,Unit I,Liveaco Compact,499.1
2026-07-13,2,SUL-03,Unit I,Liveaco Compact,542.5
2026-07-13,2,SUL-04,Unit I,Liveaco Compact,475.65
2026-07-13,2,SUL-05,Unit I,Excel Slub,600.18
2026-07-13,3,TOY-01,Unit I,VSF Export,4553.31
2026-07-13,3,TOY-02,Unit I,Liveaco Compact,3009.73
2026-07-13,3,TOY-03,Unit I,VSF Export,5399.68
2026-07-13,3,TOY-04,Unit I,VSF Export,5030.62
2026-07-13,3,TOY-05,Unit I,VSF Export,5244.45
2026-07-13,3,TOY-06,Unit I,Excel Slub,4164.62
2026-07-13,3,TOY-07,Unit I,Liveaco Compact,3689.81
2026-07-13,3,TOY-08,Unit I,Excel Slub,3815.1
2026-07-13,3,TOY-09,Unit I,VSF Export,4385.4
2026-07-13,3,TOY-10,Unit I,Liveaco Compact,4096.59
2026-07-13,3,TOY-11,Unit I,Excel Slub,5005.69
2026-07-13,3,TOY-12,Unit I,Excel Slub,4193.23
2026-07-13,3,TOY-13,Unit I,VSF Export,4706.61
2026-07-13,3,TOY-14,Unit I,VSF Export,4723.59
2026-07-13,3,TOY-15,Unit I,Excel Slub,4177.07
2026-07-13,3,TSU-01,Unit I,VSF Export,3434.83
2026-07-13,3,TSU-02,Unit I,Excel Slub,3297.29
2026-07-13,3,TSU-03,Unit I,Excel Slub,3015.04
2026-07-13,3,TSU-04,Unit I,Excel Slub,2721.23
2026-07-13,3,TSU-05,Unit I,Excel Slub,3135.19
2026-07-13,3,TSU-06,Unit I,VSF Export,3073.86
2026-07-13,3,TSU-07,Unit I,Excel Slub,3004.03
2026-07-13,3,TSU-08,Unit I,VSF Export,3590.05
2026-07-13,3,TSU-09,Unit I,VSF Export,2939.67
2026-07-13,3,TSU-10,Unit I,Excel Slub,2652.73
2026-07-13,3,SUL-01,Unit I,Excel Slub,563.34
2026-07-13,3,SUL-02,Unit I,Liveaco Compact,508.76
2026-07-13,3,SUL-03,Unit I,Liveaco Compact,510.27
2026-07-13,3,SUL-04,Unit I,VSF Export,679.98
2026-07-13,3,SUL-05,Unit I,Liveaco Compact,533.25
2026-07-14,1,TOY-01,Unit I,VSF Export,4053.67
2026-07-14,1,TOY-02,Unit I,Excel Slub,3263.42
2026-07-14,1,TOY-03,Unit I,Excel Slub,4145.91
2026-07-14,1,TOY-04,Unit I,Liveaco Compact,4339.3
2026-07-14,1,TOY-05,Unit I,Liveaco Compact,3701.07
2026-07-14,1,TOY-06,Unit I,Excel Slub,4779.7
2026-07-14,1,TOY-07,Unit I,Excel Slub,5027.64
2026-07-14,1,TOY-08,Unit I,Excel Slub,3093.32
2026-07-14,1,TOY-09,Unit I,Excel Slub,4453.87
2026-07-14,1,TOY-10,Unit I,Excel Slub,4227.39
2026-07-14,1,TOY-11,Unit I,Liveaco Compact,3623.86
2026-07-14,1,TOY-12,Unit I,Excel Slub,4196.45
2026-07-14,1,TOY-13,Unit I,Excel Slub,4202.68
2026-07-14,1,TOY-14,Unit I,Excel Slub,4583.71
2026-07-14,1,TOY-15,Unit I,Liveaco Compact,4289.61
2026-07-14,1,TSU-01,Unit I,Excel Slub,3123.34
2026-07-14,1,TSU-02,Unit I,Excel Slub,3348.9
2026-07-14,1,TSU-03,Unit I,VSF Export,2822.46
2026-07-14,1,TSU-04,Unit I,Liveaco Compact,2610.75
2026-07-14,1,TSU-05,Unit I,Liveaco Compact,3212.34
2026-07-14,1,TSU-06,Unit I,Liveaco Compact,2729.3
2026-07-14,1,TSU-07,Unit I,Liveaco Compact,2886.72
2026-07-14,1,TSU-08,Unit I,Liveaco Compact,2997.97
2026-07-14,1,TSU-09,Unit I,VSF Export,3727.49
2026-07-14,1,TSU-10,Unit I,Liveaco Compact,2640.7
2026-07-14,1,SUL-01,Unit I,Excel Slub,493.6
2026-07-14,1,SUL-02,Unit I,Excel Slub,577.37
2026-07-14,1,SUL-03,Unit I,Liveaco Compact,481.43
2026-07-14,1,SUL-04,Unit I,Excel Slub,528.0
2026-07-14,1,SUL-05,Unit I,Excel Slub,462.51
2026-07-14,2,TOY-01,Unit I,Excel Slub,4162.38
2026-07-14,2,TOY-02,Unit I,Liveaco Compact,2936.82
2026-07-14,2,TOY-03,Unit I,Liveaco Compact,4109.27
2026-07-14,2,TOY-04,Unit I,VSF Export,4632.06
2026-07-14,2,TOY-05,Unit I,Excel Slub,4095.72
2026-07-14,2,TOY-06,Unit I,Excel Slub,4350.04
2026-07-14,2,TOY-07,Unit I,Liveaco Compact,4376.22
2026-07-14,2,TOY-08,Unit I,Liveaco Compact,2544.99
2026-07-14,2,TOY-09,Unit I,Liveaco Compact,3998.04
2026-07-14,2,TOY-10,Unit I,Excel Slub,4396.43
2026-07-14,2,TOY-11,Unit I,Excel Slub,4153.32
2026-07-14,2,TOY-12,Unit I,Liveaco Compact,3850.53
2026-07-14,2,TOY-13,Unit I,Liveaco Compact,4137.81
2026-07-14,2,TOY-14,Unit I,Excel Slub,4615.98
2026-07-14,2,TOY-15,Unit I,Liveaco Compact,3972.49
2026-07-14,2,TSU-01,Unit I,Excel Slub,3368.92
2026-07-14,2,TSU-02,Unit I,Excel Slub,3009.3
2026-07-14,2,TSU-03,Unit I,Excel Slub,3353.28
2026-07-14,2,TSU-04,Unit I,VSF Export,3619.55
2026-07-14,2,TSU-05,Unit I,Liveaco Compact,2833.61
2026-07-14,2,TSU-06,Unit I,VSF Export,3841.29
2026-07-14,2,TSU-07,Unit I,Liveaco Compact,2793.22
2026-07-14,2,TSU-08,Unit I,VSF Export,3454.29
2026-07-14,2,TSU-09,Unit I,Liveaco Compact,3037.72
2026-07-14,2,TSU-10,Unit I,VSF Export,3551.73
2026-07-14,2,SUL-01,Unit I,Excel Slub,597.69
2026-07-14,2,SUL-02,Unit I,VSF Export,640.1
2026-07-14,2,SUL-03,Unit I,Liveaco Compact,458.98
2026-07-14,2,SUL-04,Unit I,Liveaco Compact,478.38
2026-07-14,2,SUL-05,Unit I,Excel Slub,535.49
2026-07-14,3,TOY-01,Unit I,Liveaco Compact,3783.96
2026-07-14,3,TOY-02,Unit I,VSF Export,4859.89
2026-07-14,3,TOY-03,Unit I,Excel Slub,4371.71
2026-07-14,3,TOY-04,Unit I,VSF Export,4911.54
2026-07-14,3,TOY-05,Unit I,VSF Export,4896.96
2026-07-14,3,TOY-06,Unit I,Excel Slub,4088.05
2026-07-14,3,TOY-07,Unit I,Excel Slub,4228.93
2026-07-14,3,TOY-08,Unit I,VSF Export,4851.42
2026-07-14,3,TOY-09,Unit I,VSF Export,5091.31
2026-07-14,3,TOY-10,Unit I,Excel Slub,4902.7
2026-07-14,3,TOY-11,Unit I,Liveaco Compact,4048.75
2026-07-14,3,TOY-12,Unit I,Excel Slub,4552.77
2026-07-14,3,TOY-13,Unit I,Liveaco Compact,4069.26
2026-07-14,3,TOY-14,Unit I,Excel Slub,4345.87
2026-07-14,3,TOY-15,Unit I,VSF Export,4974.78
2026-07-14,3,TSU-01,Unit I,VSF Export,3260.86
2026-07-14,3,TSU-02,Unit I,Liveaco Compact,2722.78
2026-07-14,3,TSU-03,Unit I,Liveaco Compact,2954.13
2026-07-14,3,TSU-04,Unit I,Excel Slub,3036.54
2026-07-14,3,TSU-05,Unit I,VSF Export,3670.59
2026-07-14,3,TSU-06,Unit I,VSF Export,3881.51
2026-07-14,3,TSU-07,Unit I,VSF Export,3266.63
2026-07-14,3,TSU-08,Unit I,VSF Export,3423.67
2026-07-14,3,TSU-09,Unit I,Excel Slub,3170.85
2026-07-14,3,TSU-10,Unit I,VSF Export,3581.06
2026-07-14,3,SUL-01,Unit I,Liveaco Compact,526.02
2026-07-14,3,SUL-02,Unit I,Liveaco Compact,483.37
2026-07-14,3,SUL-03,Unit I,Liveaco Compact,444.76
2026-07-14,3,SUL-04,Unit I,Liveaco Compact,577.32
2026-07-14,3,SUL-05,Unit I,Excel Slub,509.35
2026-07-15,1,TOY-01,Unit I,VSF Export,5189.02
2026-07-15,1,TOY-02,Unit I,Liveaco Compact,3431.95
2026-07-15,1,TOY-03,Unit I,Excel Slub,4460.93
2026-07-15,1,TOY-04,Unit I,Excel Slub,4048.28
2026-07-15,1,TOY-05,Unit I,VSF Export,4708.34
2026-07-15,1,TOY-06,Unit I,Liveaco Compact,3696.01
2026-07-15,1,TOY-07,Unit I,Liveaco Compact,3811.87
2026-07-15,1,TOY-08,Unit I,VSF Export,4325.09
2026-07-15,1,TOY-09,Unit I,Liveaco Compact,3431.05
2026-07-15,1,TOY-10,Unit I,Excel Slub,4183.02
2026-07-15,1,TOY-11,Unit I,Excel Slub,4543.02
2026-07-15,1,TOY-12,Unit I,VSF Export,4244.97
2026-07-15,1,TOY-13,Unit I,VSF Export,4862.94
2026-07-15,1,TOY-14,Unit I,Excel Slub,4457.09
2026-07-15,1,TOY-15,Unit I,VSF Export,4652.67
2026-07-15,1,TSU-01,Unit I,Excel Slub,3353.41
2026-07-15,1,TSU-02,Unit I,VSF Export,3115.88
2026-07-15,1,TSU-03,Unit I,VSF Export,3002.49
2026-07-15,1,TSU-04,Unit I,Liveaco Compact,3029.38
2026-07-15,1,TSU-05,Unit I,Liveaco Compact,2746.99
2026-07-15,1,TSU-06,Unit I,Excel Slub,3465.61
2026-07-15,1,TSU-07,Unit I,Liveaco Compact,2296.54
2026-07-15,1,TSU-08,Unit I,Liveaco Compact,3107.7
2026-07-15,1,TSU-09,Unit I,VSF Export,3377.16
2026-07-15,1,TSU-10,Unit I,VSF Export,3148.11
2026-07-15,1,SUL-01,Unit I,VSF Export,573.56
2026-07-15,1,SUL-02,Unit I,VSF Export,635.36
2026-07-15,1,SUL-03,Unit I,VSF Export,558.71
2026-07-15,1,SUL-04,Unit I,VSF Export,554.33
2026-07-15,1,SUL-05,Unit I,Liveaco Compact,461.55
2026-07-15,2,TOY-01,Unit I,Liveaco Compact,3888.84
2026-07-15,2,TOY-02,Unit I,VSF Export,3538.16
2026-07-15,2,TOY-03,Unit I,Liveaco Compact,4158.11
2026-07-15,2,TOY-04,Unit I,Liveaco Compact,4137.1
2026-07-15,2,TOY-05,Unit I,VSF Export,5011.14
2026-07-15,2,TOY-06,Unit I,Liveaco Compact,4241.75
2026-07-15,2,TOY-07,Unit I,Excel Slub,4147.4
2026-07-15,2,TOY-08,Unit I,VSF Export,3856.65
2026-07-15,2,TOY-09,Unit I,Liveaco Compact,3921.69
2026-07-15,2,TOY-10,Unit I,Excel Slub,3774.69
2026-07-15,2,TOY-11,Unit I,Liveaco Compact,4033.25
2026-07-15,2,TOY-12,Unit I,VSF Export,4509.38
2026-07-15,2,TOY-13,Unit I,Liveaco Compact,4196.49
2026-07-15,2,TOY-14,Unit I,Excel Slub,4212.34
2026-07-15,2,TOY-15,Unit I,Liveaco Compact,3961.04
2026-07-15,2,TSU-01,Unit I,Liveaco Compact,2744.85
2026-07-15,2,TSU-02,Unit I,Excel Slub,3002.06
2026-07-15,2,TSU-03,Unit I,Liveaco Compact,2900.76
2026-07-15,2,TSU-04,Unit I,Excel Slub,3062.59
2026-07-15,2,TSU-05,Unit I,Excel Slub,3154.49
2026-07-15,2,TSU-06,Unit I,Liveaco Compact,2799.36
2026-07-15,2,TSU-07,Unit I,Liveaco Compact,2799.96
2026-07-15,2,TSU-08,Unit I,Excel Slub,3352.51
2026-07-15,2,TSU-09,Unit I,Liveaco Compact,2705.19
2026-07-15,2,TSU-10,Unit I,Liveaco Compact,3031.57
2026-07-15,2,SUL-01,Unit I,Excel Slub,523.51
2026-07-15,2,SUL-02,Unit I,Liveaco Compact,450.85
2026-07-15,2,SUL-03,Unit I,Excel Slub,540.12
2026-07-15,2,SUL-04,Unit I,Liveaco Compact,491.21
2026-07-15,2,SUL-05,Unit I,VSF Export,615.08
2026-07-15,3,TOY-01,Unit I,Liveaco Compact,3877.61
2026-07-15,3,TOY-02,Unit I,Liveaco Compact,3187.45
2026-07-15,3,TOY-03,Unit I,VSF Export,5240.1
2026-07-15,3,TOY-04,Unit I,VSF Export,4685.77
2026-07-15,3,TOY-05,Unit I,VSF Export,4701.22
2026-07-15,3,TOY-06,Unit I,VSF Export,4763.16
2026-07-15,3,TOY-07,Unit I,VSF Export,4948.41
2026-07-15,3,TOY-08,Unit I,VSF Export,4055.65
2026-07-15,3,TOY-09,Unit I,Liveaco Compact,3646.0
2026-07-15,3,TOY-10,Unit I,Liveaco Compact,3881.7
2026-07-15,3,TOY-11,Unit I,Liveaco Compact,4145.22
2026-07-15,3,TOY-12,Unit I,Excel Slub,4645.34
2026-07-15,3,TOY-13,Unit I,Excel Slub,3939.43
2026-07-15,3,TOY-14,Unit I,Excel Slub,4936.0
2026-07-15,3,TOY-15,Unit I,Liveaco Compact,4528.4
2026-07-15,3,TSU-01,Unit I,VSF Export,3766.3
2026-07-15,3,TSU-02,Unit I,VSF Export,3342.79
2026-07-15,3,TSU-03,Unit I,Liveaco Compact,2933.4
2026-07-15,3,TSU-04,Unit I,Excel Slub,2857.47
2026-07-15,3,TSU-05,Unit I,VSF Export,3653.96
2026-07-15,3,TSU-06,Unit I,Excel Slub,2643.71
2026-07-15,3,TSU-07,Unit I,VSF Export,3472.24
2026-07-15,3,TSU-08,Unit I,Excel Slub,3362.01
2026-07-15,3,TSU-09,Unit I,Excel Slub,2911.82
2026-07-15,3,TSU-10,Unit I,Liveaco Compact,3181.02
2026-07-15,3,SUL-01,Unit I,Liveaco Compact,516.31
2026-07-15,3,SUL-02,Unit I,Excel Slub,533.93
2026-07-15,3,SUL-03,Unit I,Excel Slub,560.18
2026-07-15,3,SUL-04,Unit I,Excel Slub,520.42
2026-07-15,3,SUL-05,Unit I,Liveaco Compact,567.34
2026-07-16,1,TOY-01,Unit I,VSF Export,4893.16
2026-07-16,1,TOY-02,Unit I,VSF Export,4354.3
2026-07-16,1,TOY-03,Unit I,VSF Export,4944.33
2026-07-16,1,TOY-04,Unit I,Liveaco Compact,3979.66
2026-07-16,1,TOY-05,Unit I,Liveaco Compact,3956.87
2026-07-16,1,TOY-06,Unit I,VSF Export,4830.45
2026-07-16,1,TOY-07,Unit I,Excel Slub,4866.83
2026-07-16,1,TOY-08,Unit I,VSF Export,3923.08
2026-07-16,1,TOY-09,Unit I,VSF Export,4576.22
2026-07-16,1,TOY-10,Unit I,Excel Slub,4745.92
2026-07-16,1,TOY-11,Unit I,VSF Export,4980.34
2026-07-16,1,TOY-12,Unit I,Excel Slub,4258.9
2026-07-16,1,TOY-13,Unit I,Liveaco Compact,3838.79
2026-07-16,1,TOY-14,Unit I,Excel Slub,4847.08
2026-07-16,1,TOY-15,Unit I,Excel Slub,4045.67
2026-07-16,1,TSU-01,Unit I,Excel Slub,3037.26
2026-07-16,1,TSU-02,Unit I,Excel Slub,2784.11
2026-07-16,1,TSU-03,Unit I,Excel Slub,2755.83
2026-07-16,1,TSU-04,Unit I,Excel Slub,2913.0
2026-07-16,1,TSU-05,Unit I,Liveaco Compact,2834.64
2026-07-16,1,TSU-06,Unit I,Excel Slub,3168.21
2026-07-16,1,TSU-07,Unit I,VSF Export,3526.62
2026-07-16,1,TSU-08,Unit I,VSF Export,3343.54
2026-07-16,1,TSU-09,Unit I,Excel Slub,3145.75
2026-07-16,1,TSU-10,Unit I,Excel Slub,3076.87
2026-07-16,1,SUL-01,Unit I,Liveaco Compact,487.74
2026-07-16,1,SUL-02,Unit I,VSF Export,588.75
2026-07-16,1,SUL-03,Unit I,Excel Slub,596.89
2026-07-16,1,SUL-04,Unit I,Liveaco Compact,508.23
2026-07-16,1,SUL-05,Unit I,VSF Export,609.33
2026-07-16,2,TOY-01,Unit I,VSF Export,3939.23
2026-07-16,2,TOY-02,Unit I,Excel Slub,3623.5
2026-07-16,2,TOY-03,Unit I,Liveaco Compact,3873.26
2026-07-16,2,TOY-04,Unit I,Excel Slub,4337.43
2026-07-16,2,TOY-05,Unit I,VSF Export,4634.48
2026-07-16,2,TOY-06,Unit I,VSF Export,4928.33
2026-07-16,2,TOY-07,Unit I,Liveaco Compact,4038.81
2026-07-16,2,TOY-08,Unit I,VSF Export,4511.76
2026-07-16,2,TOY-09,Unit I,VSF Export,5375.08
2026-07-16,2,TOY-10,Unit I,VSF Export,4711.73
2026-07-16,2,TOY-11,Unit I,Liveaco Compact,3974.2
2026-07-16,2,TOY-12,Unit I,Liveaco Compact,3887.03
2026-07-16,2,TOY-13,Unit I,Excel Slub,3680.89
2026-07-16,2,TOY-14,Unit I,Liveaco Compact,3745.86
2026-07-16,2,TOY-15,Unit I,VSF Export,5001.92
2026-07-16,2,TSU-01,Unit I,Excel Slub,3147.69
2026-07-16,2,TSU-02,Unit I,Excel Slub,3063.38
2026-07-16,2,TSU-03,Unit I,Excel Slub,3206.39
2026-07-16,2,TSU-04,Unit I,VSF Export,3042.98
2026-07-16,2,TSU-05,Unit I,Liveaco Compact,2953.98
2026-07-16,2,TSU-06,Unit I,Excel Slub,3327.27
2026-07-16,2,TSU-07,Unit I,Liveaco Compact,2870.99
2026-07-16,2,TSU-08,Unit I,Excel Slub,2723.26
2026-07-16,2,TSU-09,Unit I,VSF Export,3326.42
2026-07-16,2,TSU-10,Unit I,VSF Export,3322.83
2026-07-16,2,SUL-01,Unit I,Excel Slub,546.72
2026-07-16,2,SUL-02,Unit I,Excel Slub,530.82
2026-07-16,2,SUL-03,Unit I,VSF Export,587.56
2026-07-16,2,SUL-04,Unit I,VSF Export,647.61
2026-07-16,2,SUL-05,Unit I,Liveaco Compact,516.47
2026-07-16,3,TOY-01,Unit I,VSF Export,5306.43
2026-07-16,3,TOY-02,Unit I,VSF Export,3448.69
2026-07-16,3,TOY-03,Unit I,VSF Export,4961.34
2026-07-16,3,TOY-04,Unit I,Liveaco Compact,3978.11
2026-07-16,3,TOY-05,Unit I,Liveaco Compact,3626.94
2026-07-16,3,TOY-06,Unit I,VSF Export,5262.55
2026-07-16,3,TOY-07,Unit I,Excel Slub,3979.63
2026-07-16,3,TOY-08,Unit I,Excel Slub,3468.94
2026-07-16,3,TOY-09,Unit I,Excel Slub,5075.01
2026-07-16,3,TOY-10,Unit I,Liveaco Compact,3804.41
2026-07-16,3,TOY-11,Unit I,Liveaco Compact,3759.65
2026-07-16,3,TOY-12,Unit I,Liveaco Compact,3725.17
2026-07-16,3,TOY-13,Unit I,Excel Slub,4239.87
2026-07-16,3,TOY-14,Unit I,Liveaco Compact,4377.07
2026-07-16,3,TOY-15,Unit I,Excel Slub,5091.91
2026-07-16,3,TSU-01,Unit I,VSF Export,3729.11
2026-07-16,3,TSU-02,Unit I,VSF Export,3500.82
2026-07-16,3,TSU-03,Unit I,VSF Export,2885.22
2026-07-16,3,TSU-04,Unit I,VSF Export,3060.73
2026-07-16,3,TSU-05,Unit I,Liveaco Compact,2702.28
2026-07-16,3,TSU-06,Unit I,Excel Slub,2962.93
2026-07-16,3,TSU-07,Unit I,Excel Slub,2931.68
2026-07-16,3,TSU-08,Unit I,Liveaco Compact,2661.72
2026-07-16,3,TSU-09,Unit I,VSF Export,3131.87
2026-07-16,3,TSU-10,Unit I,VSF Export,3577.83
2026-07-16,3,SUL-01,Unit I,Liveaco Compact,502.76
2026-07-16,3,SUL-02,Unit I,VSF Export,576.31
2026-07-16,3,SUL-03,Unit I,VSF Export,616.11
2026-07-16,3,SUL-04,Unit I,Excel Slub,480.68
2026-07-16,3,SUL-05,Unit I,VSF Export,547.68
2026-07-17,1,TOY-01,Unit I,Excel Slub,3956.15
2026-07-17,1,TOY-02,Unit I,Liveaco Compact,3384.46
2026-07-17,1,TOY-03,Unit I,Liveaco Compact,4399.61
2026-07-17,1,TOY-04,Unit I,Liveaco Compact,4451.99
2026-07-17,1,TOY-05,Unit I,VSF Export,4786.77
2026-07-17,1,TOY-06,Unit I,VSF Export,4722.63
2026-07-17,1,TOY-07,Unit I,Liveaco Compact,3813.24
2026-07-17,1,TOY-08,Unit I,VSF Export,3767.32
2026-07-17,1,TOY-09,Unit I,Excel Slub,4950.65
2026-07-17,1,TOY-10,Unit I,Liveaco Compact,4185.91
2026-07-17,1,TOY-11,Unit I,Excel Slub,4401.58
2026-07-17,1,TOY-12,Unit I,Excel Slub,3937.65
2026-07-17,1,TOY-13,Unit I,Liveaco Compact,4436.35
2026-07-17,1,TOY-14,Unit I,VSF Export,4385.4
2026-07-17,1,TOY-15,Unit I,Liveaco Compact,4466.41
2026-07-17,1,TSU-01,Unit I,Liveaco Compact,2773.63
2026-07-17,1,TSU-02,Unit I,Excel Slub,3238.42
2026-07-17,1,TSU-03,Unit I,Liveaco Compact,2862.58
2026-07-17,1,TSU-04,Unit I,Liveaco Compact,3008.61
2026-07-17,1,TSU-05,Unit I,Liveaco Compact,3105.01
2026-07-17,1,TSU-06,Unit I,Excel Slub,2922.5
2026-07-17,1,TSU-07,Unit I,Liveaco Compact,3081.13
2026-07-17,1,TSU-08,Unit I,VSF Export,3156.23
2026-07-17,1,TSU-09,Unit I,VSF Export,3484.64
2026-07-17,1,TSU-10,Unit I,Excel Slub,3519.03
2026-07-17,1,SUL-01,Unit I,Liveaco Compact,548.6
2026-07-17,1,SUL-02,Unit I,Liveaco Compact,496.94
2026-07-17,1,SUL-03,Unit I,VSF Export,622.76
2026-07-17,1,SUL-04,Unit I,Excel Slub,579.85
2026-07-17,1,SUL-05,Unit I,Excel Slub,528.04
2026-07-17,2,TOY-01,Unit I,VSF Export,4707.22
2026-07-17,2,TOY-02,Unit I,VSF Export,3575.33
2026-07-17,2,TOY-03,Unit I,VSF Export,4681.21
2026-07-17,2,TOY-04,Unit I,VSF Export,5226.76
2026-07-17,2,TOY-05,Unit I,VSF Export,4606.12
2026-07-17,2,TOY-06,Unit I,VSF Export,5505.06
2026-07-17,2,TOY-07,Unit I,Excel Slub,4125.63
2026-07-17,2,TOY-08,Unit I,Excel Slub,3050.67
2026-07-17,2,TOY-09,Unit I,Liveaco Compact,4370.48
2026-07-17,2,TOY-10,Unit I,Liveaco Compact,4070.49
2026-07-17,2,TOY-11,Unit I,VSF Export,4959.09
2026-07-17,2,TOY-12,Unit I,Liveaco Compact,3766.42
2026-07-17,2,TOY-13,Unit I,Liveaco Compact,3626.54
2026-07-17,2,TOY-14,Unit I,VSF Export,4392.93
2026-07-17,2,TOY-15,Unit I,VSF Export,5212.86
2026-07-17,2,TSU-01,Unit I,Excel Slub,3100.98
2026-07-17,2,TSU-02,Unit I,Excel Slub,2468.49
2026-07-17,2,TSU-03,Unit I,VSF Export,3069.07
2026-07-17,2,TSU-04,Unit I,Liveaco Compact,2801.34
2026-07-17,2,TSU-05,Unit I,VSF Export,3287.45
2026-07-17,2,TSU-06,Unit I,Liveaco Compact,2971.24
2026-07-17,2,TSU-07,Unit I,Excel Slub,3395.01
2026-07-17,2,TSU-08,Unit I,Liveaco Compact,2726.45
2026-07-17,2,TSU-09,Unit I,Excel Slub,3071.79
2026-07-17,2,TSU-10,Unit I,Liveaco Compact,2658.96
2026-07-17,2,SUL-01,Unit I,VSF Export,608.23
2026-07-17,2,SUL-02,Unit I,Liveaco Compact,515.7
2026-07-17,2,SUL-03,Unit I,Excel Slub,499.3
2026-07-17,2,SUL-04,Unit I,VSF Export,674.02
2026-07-17,2,SUL-05,Unit I,Liveaco Compact,461.8
2026-07-17,3,TOY-01,Unit I,Liveaco Compact,3837.14
2026-07-17,3,TOY-02,Unit I,VSF Export,4589.46
2026-07-17,3,TOY-03,Unit I,VSF Export,4862.65
2026-07-17,3,TOY-04,Unit I,Excel Slub,4592.01
2026-07-17,3,TOY-05,Unit I,Excel Slub,4111.23
2026-07-17,3,TOY-06,Unit I,Excel Slub,4367.79
2026-07-17,3,TOY-07,Unit I,VSF Export,5272.59
2026-07-17,3,TOY-08,Unit I,Excel Slub,3395.68
2026-07-17,3,TOY-09,Unit I,Excel Slub,4515.58
2026-07-17,3,TOY-10,Unit I,Liveaco Compact,4563.5
2026-07-17,3,TOY-11,Unit I,VSF Export,4232.62
2026-07-17,3,TOY-12,Unit I,Liveaco Compact,4006.59
2026-07-17,3,TOY-13,Unit I,Liveaco Compact,3996.41
2026-07-17,3,TOY-14,Unit I,Excel Slub,4024.8
2026-07-17,3,TOY-15,Unit I,Excel Slub,3963.07
2026-07-17,3,TSU-01,Unit I,Liveaco Compact,3158.04
2026-07-17,3,TSU-02,Unit I,VSF Export,3334.81
2026-07-17,3,TSU-03,Unit I,VSF Export,3737.09
2026-07-17,3,TSU-04,Unit I,VSF Export,3401.69
2026-07-17,3,TSU-05,Unit I,VSF Export,3331.1
2026-07-17,3,TSU-06,Unit I,Excel Slub,2788.19
2026-07-17,3,TSU-07,Unit I,Excel Slub,3081.16
2026-07-17,3,TSU-08,Unit I,Excel Slub,3014.34
2026-07-17,3,TSU-09,Unit I,VSF Export,2854.77
2026-07-17,3,TSU-10,Unit I,Excel Slub,3015.07
2026-07-17,3,SUL-01,Unit I,Excel Slub,624.91
2026-07-17,3,SUL-02,Unit I,VSF Export,569.97
2026-07-17,3,SUL-03,Unit I,Excel Slub,511.9
2026-07-17,3,SUL-04,Unit I,Excel Slub,552.41
2026-07-17,3,SUL-05,Unit I,Liveaco Compact,476.45
2026-07-18,1,TOY-01,Unit I,Liveaco Compact,4348.65
2026-07-18,1,TOY-02,Unit I,Liveaco Compact,2896.25
2026-07-18,1,TOY-03,Unit I,Excel Slub,4026.92
2026-07-18,1,TOY-04,Unit I,Excel Slub,4277.44
2026-07-18,1,TOY-05,Unit I,Liveaco Compact,4178.06
2026-07-18,1,TOY-06,Unit I,Liveaco Compact,4223.64
2026-07-18,1,TOY-07,Unit I,Liveaco Compact,4203.38
2026-07-18,1,TOY-08,Unit I,VSF Export,3799.13
2026-07-18,1,TOY-09,Unit I,Excel Slub,4202.25
2026-07-18,1,TOY-10,Unit I,Excel Slub,4404.1
2026-07-18,1,TOY-11,Unit I,Excel Slub,4302.02
2026-07-18,1,TOY-12,Unit I,Excel Slub,4021.25
2026-07-18,1,TOY-13,Unit I,Liveaco Compact,4052.93
2026-07-18,1,TOY-14,Unit I,Excel Slub,4841.96
2026-07-18,1,TOY-15,Unit I,VSF Export,5189.38
2026-07-18,1,TSU-01,Unit I,VSF Export,3348.94
2026-07-18,1,TSU-02,Unit I,VSF Export,3584.93
2026-07-18,1,TSU-03,Unit I,VSF Export,3397.78
2026-07-18,1,TSU-04,Unit I,VSF Export,3462.51
2026-07-18,1,TSU-05,Unit I,VSF Export,3531.27
2026-07-18,1,TSU-06,Unit I,VSF Export,3212.88
2026-07-18,1,TSU-07,Unit I,VSF Export,3150.19
2026-07-18,1,TSU-08,Unit I,VSF Export,3335.06
2026-07-18,1,TSU-09,Unit I,VSF Export,3483.96
2026-07-18,1,TSU-10,Unit I,Excel Slub,2974.64
2026-07-18,1,SUL-01,Unit I,Liveaco Compact,495.27
2026-07-18,1,SUL-02,Unit I,Excel Slub,604.57
2026-07-18,1,SUL-03,Unit I,Liveaco Compact,500.92
2026-07-18,1,SUL-04,Unit I,Liveaco Compact,562.56
2026-07-18,1,SUL-05,Unit I,Excel Slub,603.35
2026-07-18,2,TOY-01,Unit I,Excel Slub,4476.13
2026-07-18,2,TOY-02,Unit I,VSF Export,4285.27
2026-07-18,2,TOY-03,Unit I,Liveaco Compact,4110.15
2026-07-18,2,TOY-04,Unit I,Excel Slub,4738.17
2026-07-18,2,TOY-05,Unit I,Liveaco Compact,4336.61
2026-07-18,2,TOY-06,Unit I,Liveaco Compact,4208.15
2026-07-18,2,TOY-07,Unit I,Excel Slub,4115.41
2026-07-18,2,TOY-08,Unit I,Excel Slub,3267.87
2026-07-18,2,TOY-09,Unit I,Excel Slub,4422.52
2026-07-18,2,TOY-10,Unit I,VSF Export,5535.41
2026-07-18,2,TOY-11,Unit I,Liveaco Compact,3656.48
2026-07-18,2,TOY-12,Unit I,Excel Slub,4551.9
2026-07-18,2,TOY-13,Unit I,VSF Export,5095.47
2026-07-18,2,TOY-14,Unit I,Excel Slub,4793.16
2026-07-18,2,TOY-15,Unit I,Liveaco Compact,4534.42
2026-07-18,2,TSU-01,Unit I,Excel Slub,3139.23
2026-07-18,2,TSU-02,Unit I,VSF Export,3445.78
2026-07-18,2,TSU-03,Unit I,VSF Export,3870.15
2026-07-18,2,TSU-04,Unit I,VSF Export,3817.24
2026-07-18,2,TSU-05,Unit I,Excel Slub,3357.84
2026-07-18,2,TSU-06,Unit I,VSF Export,3386.45
2026-07-18,2,TSU-07,Unit I,Liveaco Compact,2993.51
2026-07-18,2,TSU-08,Unit I,VSF Export,3736.37
2026-07-18,2,TSU-09,Unit I,VSF Export,3814.21
2026-07-18,2,TSU-10,Unit I,VSF Export,3638.63
2026-07-18,2,SUL-01,Unit I,Excel Slub,504.17
2026-07-18,2,SUL-02,Unit I,Excel Slub,623.42
2026-07-18,2,SUL-03,Unit I,VSF Export,487.65
2026-07-18,2,SUL-04,Unit I,Liveaco Compact,574.73
2026-07-18,2,SUL-05,Unit I,Excel Slub,542.45
2026-07-18,3,TOY-01,Unit I,VSF Export,5192.3
2026-07-18,3,TOY-02,Unit I,Excel Slub,3930.08
2026-07-18,3,TOY-03,Unit I,Excel Slub,4440.36
2026-07-18,3,TOY-04,Unit I,VSF Export,4412.38
2026-07-18,3,TOY-05,Unit I,Excel Slub,5044.79
2026-07-18,3,TOY-06,Unit I,VSF Export,5014.09
2026-07-18,3,TOY-07,Unit I,Excel Slub,3997.31
2026-07-18,3,TOY-08,Unit I,VSF Export,3989.71
2026-07-18,3,TOY-09,Unit I,VSF Export,4898.7
2026-07-18,3,TOY-10,Unit I,Excel Slub,4283.54
2026-07-18,3,TOY-11,Unit I,Liveaco Compact,4061.87
2026-07-18,3,TOY-12,Unit I,VSF Export,4840.71
2026-07-18,3,TOY-13,Unit I,Liveaco Compact,4039.75
2026-07-18,3,TOY-14,Unit I,VSF Export,4785.24
2026-07-18,3,TOY-15,Unit I,Excel Slub,4793.82
2026-07-18,3,TSU-01,Unit I,Excel Slub,2875.93
2026-07-18,3,TSU-02,Unit I,Liveaco Compact,2672.48
2026-07-18,3,TSU-03,Unit I,VSF Export,3528.55
2026-07-18,3,TSU-04,Unit I,VSF Export,3550.22
2026-07-18,3,TSU-05,Unit I,VSF Export,3820.99
2026-07-18,3,TSU-06,Unit I,Excel Slub,2994.48
2026-07-18,3,TSU-07,Unit I,Excel Slub,2863.64
2026-07-18,3,TSU-08,Unit I,VSF Export,3400.03
2026-07-18,3,TSU-09,Unit I,VSF Export,3324.44
2026-07-18,3,TSU-10,Unit I,VSF Export,2781.98
2026-07-18,3,SUL-01,Unit I,VSF Export,667.27
2026-07-18,3,SUL-02,Unit I,VSF Export,609.98
2026-07-18,3,SUL-03,Unit I,Liveaco Compact,564.05
2026-07-18,3,SUL-04,Unit I,Liveaco Compact,491.86
2026-07-18,3,SUL-05,Unit I,Excel Slub,535.87
2026-07-19,1,TOY-01,Unit I,VSF Export,5382.2
2026-07-19,1,TOY-02,Unit I,Excel Slub,3581.14
2026-07-19,1,TOY-03,Unit I,VSF Export,4085.23
2026-07-19,1,TOY-04,Unit I,Liveaco Compact,4103.92
2026-07-19,1,TOY-05,Unit I,Excel Slub,4652.03
2026-07-19,1,TOY-06,Unit I,VSF Export,5264.22
2026-07-19,1,TOY-07,Unit I,VSF Export,5272.25
2026-07-19,1,TOY-08,Unit I,Liveaco Compact,3080.24
2026-07-19,1,TOY-09,Unit I,VSF Export,4851.21
2026-07-19,1,TOY-10,Unit I,Excel Slub,4422.69
2026-07-19,1,TOY-11,Unit I,VSF Export,5067.77
2026-07-19,1,TOY-12,Unit I,Excel Slub,4119.25
2026-07-19,1,TOY-13,Unit I,Excel Slub,4548.95
2026-07-19,1,TOY-14,Unit I,VSF Export,4660.39
2026-07-19,1,TOY-15,Unit I,Excel Slub,4491.58
2026-07-19,1,TSU-01,Unit I,Liveaco Compact,2809.31
2026-07-19,1,TSU-02,Unit I,VSF Export,3762.83
2026-07-19,1,TSU-03,Unit I,Excel Slub,3198.06
2026-07-19,1,TSU-04,Unit I,Liveaco Compact,2678.71
2026-07-19,1,TSU-05,Unit I,Liveaco Compact,3029.06
2026-07-19,1,TSU-06,Unit I,Excel Slub,2770.51
2026-07-19,1,TSU-07,Unit I,Excel Slub,3332.5
2026-07-19,1,TSU-08,Unit I,Excel Slub,3097.02
2026-07-19,1,TSU-09,Unit I,Excel Slub,3271.16
2026-07-19,1,TSU-10,Unit I,Liveaco Compact,3012.89
2026-07-19,1,SUL-01,Unit I,Liveaco Compact,516.5
2026-07-19,1,SUL-02,Unit I,Liveaco Compact,448.74
2026-07-19,1,SUL-03,Unit I,Liveaco Compact,453.21
2026-07-19,1,SUL-04,Unit I,Liveaco Compact,497.41
2026-07-19,1,SUL-05,Unit I,VSF Export,637.67
2026-07-19,2,TOY-01,Unit I,Liveaco Compact,3932.92
2026-07-19,2,TOY-02,Unit I,Liveaco Compact,3262.37
2026-07-19,2,TOY-03,Unit I,Excel Slub,4329.85
2026-07-19,2,TOY-04,Unit I,Liveaco Compact,3976.8
2026-07-19,2,TOY-05,Unit I,VSF Export,5481.44
2026-07-19,2,TOY-06,Unit I,Liveaco Compact,4053.29
2026-07-19,2,TOY-07,Unit I,Liveaco Compact,4559.89
2026-07-19,2,TOY-08,Unit I,Liveaco Compact,3498.44
2026-07-19,2,TOY-09,Unit I,Liveaco Compact,4421.89
2026-07-19,2,TOY-10,Unit I,Liveaco Compact,3443.38
2026-07-19,2,TOY-11,Unit I,Excel Slub,4026.07
2026-07-19,2,TOY-12,Unit I,Liveaco Compact,4352.5
2026-07-19,2,TOY-13,Unit I,Liveaco Compact,4145.84
2026-07-19,2,TOY-14,Unit I,VSF Export,5261.95
2026-07-19,2,TOY-15,Unit I,Excel Slub,3667.29
2026-07-19,2,TSU-01,Unit I,Liveaco Compact,2833.28
2026-07-19,2,TSU-02,Unit I,Liveaco Compact,2657.72
2026-07-19,2,TSU-03,Unit I,Liveaco Compact,2832.44
2026-07-19,2,TSU-04,Unit I,Liveaco Compact,2812.45
2026-07-19,2,TSU-05,Unit I,Liveaco Compact,3032.96
2026-07-19,2,TSU-06,Unit I,VSF Export,3730.83
2026-07-19,2,TSU-07,Unit I,VSF Export,3349.95
2026-07-19,2,TSU-08,Unit I,Liveaco Compact,2759.02
2026-07-19,2,TSU-09,Unit I,Liveaco Compact,2612.66
2026-07-19,2,TSU-10,Unit I,Liveaco Compact,3027.03
2026-07-19,2,SUL-01,Unit I,Liveaco Compact,541.69
2026-07-19,2,SUL-02,Unit I,Liveaco Compact,502.24
2026-07-19,2,SUL-03,Unit I,VSF Export,573.07
2026-07-19,2,SUL-04,Unit I,Excel Slub,607.78
2026-07-19,2,SUL-05,Unit I,Liveaco Compact,478.29
2026-07-19,3,TOY-01,Unit I,Liveaco Compact,4404.7
2026-07-19,3,TOY-02,Unit I,Excel Slub,3265.51
2026-07-19,3,TOY-03,Unit I,Liveaco Compact,3662.67
2026-07-19,3,TOY-04,Unit I,VSF Export,4758.57
2026-07-19,3,TOY-05,Unit I,Excel Slub,4359.1
2026-07-19,3,TOY-06,Unit I,Liveaco Compact,4194.77
2026-07-19,3,TOY-07,Unit I,Excel Slub,4522.13
2026-07-19,3,TOY-08,Unit I,Excel Slub,4012.46
2026-07-19,3,TOY-09,Unit I,Liveaco Compact,3886.75
2026-07-19,3,TOY-10,Unit I,Liveaco Compact,4321.32
2026-07-19,3,TOY-11,Unit I,Excel Slub,4507.59
2026-07-19,3,TOY-12,Unit I,VSF Export,5342.32
2026-07-19,3,TOY-13,Unit I,VSF Export,5286.56
2026-07-19,3,TOY-14,Unit I,Excel Slub,5049.89
2026-07-19,3,TOY-15,Unit I,Excel Slub,4363.96
2026-07-19,3,TSU-01,Unit I,Liveaco Compact,2550.64
2026-07-19,3,TSU-02,Unit I,Liveaco Compact,2565.45
2026-07-19,3,TSU-03,Unit I,VSF Export,3281.02
2026-07-19,3,TSU-04,Unit I,Liveaco Compact,3201.81
2026-07-19,3,TSU-05,Unit I,Liveaco Compact,2766.6
2026-07-19,3,TSU-06,Unit I,Excel Slub,2615.12
2026-07-19,3,TSU-07,Unit I,Liveaco Compact,2625.55
2026-07-19,3,TSU-08,Unit I,Liveaco Compact,2796.5
2026-07-19,3,TSU-09,Unit I,VSF Export,3183.86
2026-07-19,3,TSU-10,Unit I,VSF Export,3681.01
2026-07-19,3,SUL-01,Unit I,VSF Export,583.08
2026-07-19,3,SUL-02,Unit I,Excel Slub,526.24
2026-07-19,3,SUL-03,Unit I,VSF Export,568.41
2026-07-19,3,SUL-04,Unit I,Excel Slub,588.52
2026-07-19,3,SUL-05,Unit I,VSF Export,678.43
2026-07-20,1,TOY-01,Unit I,Excel Slub,4383.02
2026-07-20,1,TOY-02,Unit I,Liveaco Compact,2994.32
2026-07-20,1,TOY-03,Unit I,VSF Export,5597.84
2026-07-20,1,TOY-04,Unit I,Liveaco Compact,4483.51
2026-07-20,1,TOY-05,Unit I,Liveaco Compact,4269.03
2026-07-20,1,TOY-06,Unit I,Liveaco Compact,3963.29
2026-07-20,1,TOY-07,Unit I,Excel Slub,3877.53
2026-07-20,1,TOY-08,Unit I,Excel Slub,3091.95
2026-07-20,1,TOY-09,Unit I,Excel Slub,4665.27
2026-07-20,1,TOY-10,Unit I,Liveaco Compact,3954.34
2026-07-20,1,TOY-11,Unit I,Excel Slub,4363.91
2026-07-20,1,TOY-12,Unit I,Excel Slub,4215.12
2026-07-20,1,TOY-13,Unit I,Liveaco Compact,3793.23
2026-07-20,1,TOY-14,Unit I,VSF Export,4943.7
2026-07-20,1,TOY-15,Unit I,Excel Slub,4283.74
2026-07-20,1,TSU-01,Unit I,Excel Slub,3329.44
2026-07-20,1,TSU-02,Unit I,Excel Slub,3322.71
2026-07-20,1,TSU-03,Unit I,VSF Export,3780.74
2026-07-20,1,TSU-04,Unit I,Excel Slub,3301.62
2026-07-20,1,TSU-05,Unit I,VSF Export,3649.55
2026-07-20,1,TSU-06,Unit I,Liveaco Compact,2755.41
2026-07-20,1,TSU-07,Unit I,VSF Export,3711.25
2026-07-20,1,TSU-08,Unit I,Liveaco Compact,2689.93
2026-07-20,1,TSU-09,Unit I,VSF Export,3403.72
2026-07-20,1,TSU-10,Unit I,Liveaco Compact,2432.6
2026-07-20,1,SUL-01,Unit I,VSF Export,568.96
2026-07-20,1,SUL-02,Unit I,Excel Slub,483.97
2026-07-20,1,SUL-03,Unit I,Excel Slub,615.64
2026-07-20,1,SUL-04,Unit I,VSF Export,577.7
2026-07-20,1,SUL-05,Unit I,VSF Export,543.97
2026-07-20,2,TOY-01,Unit I,VSF Export,4841.16
2026-07-20,2,TOY-02,Unit I,Excel Slub,3196.43
2026-07-20,2,TOY-03,Unit I,Excel Slub,4395.69
2026-07-20,2,TOY-04,Unit I,VSF Export,4546.77
2026-07-20,2,TOY-05,Unit I,Liveaco Compact,3863.53
2026-07-20,2,TOY-06,Unit I,Excel Slub,4037.59
2026-07-20,2,TOY-07,Unit I,VSF Export,5021.04
2026-07-20,2,TOY-08,Unit I,VSF Export,3954.78
2026-07-20,2,TOY-09,Unit I,Excel Slub,4604.8
2026-07-20,2,TOY-10,Unit I,Excel Slub,4844.99
2026-07-20,2,TOY-11,Unit I,Excel Slub,4887.75
2026-07-20,2,TOY-12,Unit I,Liveaco Compact,4594.13
2026-07-20,2,TOY-13,Unit I,Liveaco Compact,4298.49
2026-07-20,2,TOY-14,Unit I,VSF Export,4861.47
2026-07-20,2,TOY-15,Unit I,Excel Slub,4207.04
2026-07-20,2,TSU-01,Unit I,Liveaco Compact,2844.23
2026-07-20,2,TSU-02,Unit I,VSF Export,3181.29
2026-07-20,2,TSU-03,Unit I,VSF Export,3329.22
2026-07-20,2,TSU-04,Unit I,VSF Export,3867.37
2026-07-20,2,TSU-05,Unit I,VSF Export,3628.3
2026-07-20,2,TSU-06,Unit I,VSF Export,3701.63
2026-07-20,2,TSU-07,Unit I,Liveaco Compact,2591.42
2026-07-20,2,TSU-08,Unit I,Liveaco Compact,2625.23
2026-07-20,2,TSU-09,Unit I,Liveaco Compact,3009.94
2026-07-20,2,TSU-10,Unit I,Liveaco Compact,2771.13
2026-07-20,2,SUL-01,Unit I,VSF Export,579.19
2026-07-20,2,SUL-02,Unit I,VSF Export,648.84
2026-07-20,2,SUL-03,Unit I,VSF Export,620.24
2026-07-20,2,SUL-04,Unit I,Excel Slub,539.25
2026-07-20,2,SUL-05,Unit I,VSF Export,596.67
2026-07-20,3,TOY-01,Unit I,Liveaco Compact,4025.36
2026-07-20,3,TOY-02,Unit I,Liveaco Compact,3228.84
2026-07-20,3,TOY-03,Unit I,Liveaco Compact,3831.02
2026-07-20,3,TOY-04,Unit I,Liveaco Compact,3686.51
2026-07-20,3,TOY-05,Unit I,Excel Slub,4279.0
2026-07-20,3,TOY-06,Unit I,Excel Slub,4566.34
2026-07-20,3,TOY-07,Unit I,VSF Export,5611.74
2026-07-20,3,TOY-08,Unit I,VSF Export,4410.55
2026-07-20,3,TOY-09,Unit I,Liveaco Compact,4314.46
2026-07-20,3,TOY-10,Unit I,Liveaco Compact,4014.01
2026-07-20,3,TOY-11,Unit I,Liveaco Compact,4024.75
2026-07-20,3,TOY-12,Unit I,Excel Slub,4635.03
2026-07-20,3,TOY-13,Unit I,Excel Slub,4393.66
2026-07-20,3,TOY-14,Unit I,VSF Export,4688.95
2026-07-20,3,TOY-15,Unit I,Excel Slub,3707.9
2026-07-20,3,TSU-01,Unit I,Excel Slub,2810.13
2026-07-20,3,TSU-02,Unit I,VSF Export,3245.76
2026-07-20,3,TSU-03,Unit I,Excel Slub,3004.85
2026-07-20,3,TSU-04,Unit I,VSF Export,3854.76
2026-07-20,3,TSU-05,Unit I,VSF Export,3698.05
2026-07-20,3,TSU-06,Unit I,Liveaco Compact,2921.2
2026-07-20,3,TSU-07,Unit I,VSF Export,3282.38
2026-07-20,3,TSU-08,Unit I,Excel Slub,3270.56
2026-07-20,3,TSU-09,Unit I,Excel Slub,2871.72
2026-07-20,3,TSU-10,Unit I,Excel Slub,2901.72
2026-07-20,3,SUL-01,Unit I,Liveaco Compact,452.59
2026-07-20,3,SUL-02,Unit I,Excel Slub,576.46
2026-07-20,3,SUL-03,Unit I,VSF Export,588.44
2026-07-20,3,SUL-04,Unit I,VSF Export,611.26
2026-07-20,3,SUL-05,Unit I,Excel Slub,542.39
2026-07-21,1,TOY-01,Unit I,VSF Export,5037.41
2026-07-21,1,TOY-02,Unit I,Liveaco Compact,3160.4
2026-07-21,1,TOY-03,Unit I,VSF Export,4337.61
2026-07-21,1,TOY-04,Unit I,Excel Slub,4340.47
2026-07-21,1,TOY-05,Unit I,VSF Export,4913.97
2026-07-21,1,TOY-06,Unit I,Excel Slub,4462.98
2026-07-21,1,TOY-07,Unit I,VSF Export,5042.18
2026-07-21,1,TOY-08,Unit I,Excel Slub,3559.25
2026-07-21,1,TOY-09,Unit I,VSF Export,4620.68
2026-07-21,1,TOY-10,Unit I,VSF Export,4454.1
2026-07-21,1,TOY-11,Unit I,VSF Export,5467.79
2026-07-21,1,TOY-12,Unit I,Liveaco Compact,3777.69
2026-07-21,1,TOY-13,Unit I,Excel Slub,3904.85
2026-07-21,1,TOY-14,Unit I,VSF Export,4536.29
2026-07-21,1,TOY-15,Unit I,Liveaco Compact,3971.59
2026-07-21,1,TSU-01,Unit I,VSF Export,3560.11
2026-07-21,1,TSU-02,Unit I,Liveaco Compact,3102.13
2026-07-21,1,TSU-03,Unit I,Liveaco Compact,2948.92
2026-07-21,1,TSU-04,Unit I,VSF Export,3526.13
2026-07-21,1,TSU-05,Unit I,Liveaco Compact,2539.96
2026-07-21,1,TSU-06,Unit I,VSF Export,3726.4
2026-07-21,1,TSU-07,Unit I,VSF Export,3194.68
2026-07-21,1,TSU-08,Unit I,Liveaco Compact,2659.02
2026-07-21,1,TSU-09,Unit I,VSF Export,3287.99
2026-07-21,1,TSU-10,Unit I,Liveaco Compact,2933.41
2026-07-21,1,SUL-01,Unit I,Excel Slub,521.0
2026-07-21,1,SUL-02,Unit I,VSF Export,653.92
2026-07-21,1,SUL-03,Unit I,Liveaco Compact,448.74
2026-07-21,1,SUL-04,Unit I,Liveaco Compact,536.33
2026-07-21,1,SUL-05,Unit I,Liveaco Compact,528.37
2026-07-21,2,TOY-01,Unit I,VSF Export,5580.56
2026-07-21,2,TOY-02,Unit I,VSF Export,4069.48
2026-07-21,2,TOY-03,Unit I,VSF Export,4765.67
2026-07-21,2,TOY-04,Unit I,Liveaco Compact,3638.44
2026-07-21,2,TOY-05,Unit I,VSF Export,5161.64
2026-07-21,2,TOY-06,Unit I,Excel Slub,4244.12
2026-07-21,2,TOY-07,Unit I,Excel Slub,4228.66
2026-07-21,2,TOY-08,Unit I,Liveaco Compact,3655.49
2026-07-21,2,TOY-09,Unit I,Excel Slub,3897.98
2026-07-21,2,TOY-10,Unit I,Liveaco Compact,3739.02
2026-07-21,2,TOY-11,Unit I,VSF Export,4754.15
2026-07-21,2,TOY-12,Unit I,VSF Export,5600.95
2026-07-21,2,TOY-13,Unit I,Excel Slub,4863.04
2026-07-21,2,TOY-14,Unit I,Liveaco Compact,3834.44
2026-07-21,2,TOY-15,Unit I,VSF Export,4965.4
2026-07-21,2,TSU-01,Unit I,VSF Export,3201.73
2026-07-21,2,TSU-02,Unit I,VSF Export,3885.6
2026-07-21,2,TSU-03,Unit I,Liveaco Compact,2874.54
2026-07-21,2,TSU-04,Unit I,Excel Slub,3271.72
2026-07-21,2,TSU-05,Unit I,Liveaco Compact,2894.11
2026-07-21,2,TSU-06,Unit I,VSF Export,3336.01
2026-07-21,2,TSU-07,Unit I,VSF Export,3289.13
2026-07-21,2,TSU-08,Unit I,VSF Export,3352.2
2026-07-21,2,TSU-09,Unit I,Liveaco Compact,2761.06
2026-07-21,2,TSU-10,Unit I,Liveaco Compact,2931.11
2026-07-21,2,SUL-01,Unit I,Liveaco Compact,517.37
2026-07-21,2,SUL-02,Unit I,VSF Export,645.99
2026-07-21,2,SUL-03,Unit I,Excel Slub,538.72
2026-07-21,2,SUL-04,Unit I,Excel Slub,570.57
2026-07-21,2,SUL-05,Unit I,Excel Slub,512.24
2026-07-21,3,TOY-01,Unit I,VSF Export,5249.23
2026-07-21,3,TOY-02,Unit I,Excel Slub,3794.69
2026-07-21,3,TOY-03,Unit I,Liveaco Compact,3840.57
2026-07-21,3,TOY-04,Unit I,Liveaco Compact,4186.92
2026-07-21,3,TOY-05,Unit I,Liveaco Compact,3803.09
2026-07-21,3,TOY-06,Unit I,Excel Slub,4490.58
2026-07-21,3,TOY-07,Unit I,Excel Slub,5056.74
2026-07-21,3,TOY-08,Unit I,Excel Slub,3197.12
2026-07-21,3,TOY-09,Unit I,VSF Export,4581.43
2026-07-21,3,TOY-10,Unit I,Liveaco Compact,3767.6
2026-07-21,3,TOY-11,Unit I,Excel Slub,4972.18
2026-07-21,3,TOY-12,Unit I,VSF Export,4540.37
2026-07-21,3,TOY-13,Unit I,Liveaco Compact,3740.21
2026-07-21,3,TOY-14,Unit I,VSF Export,5356.47
2026-07-21,3,TOY-15,Unit I,VSF Export,4770.59
2026-07-21,3,TSU-01,Unit I,VSF Export,3440.97
2026-07-21,3,TSU-02,Unit I,Excel Slub,3078.33
2026-07-21,3,TSU-03,Unit I,VSF Export,3846.02
2026-07-21,3,TSU-04,Unit I,Liveaco Compact,2503.82
2026-07-21,3,TSU-05,Unit I,Liveaco Compact,2792.99
2026-07-21,3,TSU-06,Unit I,Excel Slub,3119.21
2026-07-21,3,TSU-07,Unit I,Liveaco Compact,2810.08
2026-07-21,3,TSU-08,Unit I,Liveaco Compact,2855.51
2026-07-21,3,TSU-09,Unit I,Liveaco Compact,3035.66
2026-07-21,3,TSU-10,Unit I,Excel Slub,2915.78
2026-07-21,3,SUL-01,Unit I,VSF Export,583.9
2026-07-21,3,SUL-02,Unit I,Excel Slub,587.54
2026-07-21,3,SUL-03,Unit I,Excel Slub,538.35
2026-07-21,3,SUL-04,Unit I,VSF Export,642.75
2026-07-21,3,SUL-05,Unit I,VSF Export,609.53
2026-07-22,1,TOY-01,Unit I,Excel Slub,4649.29
2026-07-22,1,TOY-02,Unit I,VSF Export,3766.53
2026-07-22,1,TOY-03,Unit I,Excel Slub,4150.68
2026-07-22,1,TOY-04,Unit I,Excel Slub,4245.44
2026-07-22,1,TOY-05,Unit I,Liveaco Compact,3697.89
2026-07-22,1,TOY-06,Unit I,VSF Export,4951.89
2026-07-22,1,TOY-07,Unit I,Liveaco Compact,3896.16
2026-07-22,1,TOY-08,Unit I,Excel Slub,3860.05
2026-07-22,1,TOY-09,Unit I,VSF Export,5126.67
2026-07-22,1,TOY-10,Unit I,VSF Export,5247.28
2026-07-22,1,TOY-11,Unit I,Liveaco Compact,3912.19
2026-07-22,1,TOY-12,Unit I,VSF Export,5447.91
2026-07-22,1,TOY-13,Unit I,Excel Slub,4029.99
2026-07-22,1,TOY-14,Unit I,Liveaco Compact,4111.53
2026-07-22,1,TOY-15,Unit I,VSF Export,5432.3
2026-07-22,1,TSU-01,Unit I,VSF Export,3638.38
2026-07-22,1,TSU-02,Unit I,VSF Export,2834.62
2026-07-22,1,TSU-03,Unit I,VSF Export,3380.37
2026-07-22,1,TSU-04,Unit I,Excel Slub,2909.28
2026-07-22,1,TSU-05,Unit I,VSF Export,3915.28
2026-07-22,1,TSU-06,Unit I,Liveaco Compact,2879.47
2026-07-22,1,TSU-07,Unit I,VSF Export,3462.86
2026-07-22,1,TSU-08,Unit I,Liveaco Compact,2917.94
2026-07-22,1,TSU-09,Unit I,Liveaco Compact,3070.89
2026-07-22,1,TSU-10,Unit I,Liveaco Compact,2725.5
2026-07-22,1,SUL-01,Unit I,VSF Export,567.38
2026-07-22,1,SUL-02,Unit I,Excel Slub,578.69
2026-07-22,1,SUL-03,Unit I,Liveaco Compact,483.76
2026-07-22,1,SUL-04,Unit I,VSF Export,605.99
2026-07-22,1,SUL-05,Unit I,VSF Export,650.88
2026-07-22,2,TOY-01,Unit I,Liveaco Compact,4362.28
2026-07-22,2,TOY-02,Unit I,Excel Slub,4298.95
2026-07-22,2,TOY-03,Unit I,VSF Export,4984.87
2026-07-22,2,TOY-04,Unit I,Excel Slub,4250.4
2026-07-22,2,TOY-05,Unit I,Liveaco Compact,4075.42
2026-07-22,2,TOY-06,Unit I,Liveaco Compact,4347.2
2026-07-22,2,TOY-07,Unit I,Excel Slub,4431.38
2026-07-22,2,TOY-08,Unit I,VSF Export,4685.14
2026-07-22,2,TOY-09,Unit I,VSF Export,5248.06
2026-07-22,2,TOY-10,Unit I,Excel Slub,4708.57
2026-07-22,2,TOY-11,Unit I,Excel Slub,3828.42
2026-07-22,2,TOY-12,Unit I,VSF Export,4853.39
2026-07-22,2,TOY-13,Unit I,Excel Slub,4713.24
2026-07-22,2,TOY-14,Unit I,Excel Slub,4620.01
2026-07-22,2,TOY-15,Unit I,Liveaco Compact,3715.23
2026-07-22,2,TSU-01,Unit I,Liveaco Compact,2745.03
2026-07-22,2,TSU-02,Unit I,Excel Slub,3228.85
2026-07-22,2,TSU-03,Unit I,Liveaco Compact,3163.85
2026-07-22,2,TSU-04,Unit I,VSF Export,3382.48
2026-07-22,2,TSU-05,Unit I,Excel Slub,2887.55
2026-07-22,2,TSU-06,Unit I,Excel Slub,3122.66
2026-07-22,2,TSU-07,Unit I,VSF Export,3707.23
2026-07-22,2,TSU-08,Unit I,Excel Slub,3147.03
2026-07-22,2,TSU-09,Unit I,Liveaco Compact,2640.97
2026-07-22,2,TSU-10,Unit I,VSF Export,3758.85
2026-07-22,2,SUL-01,Unit I,Excel Slub,533.96
2026-07-22,2,SUL-02,Unit I,VSF Export,591.02
2026-07-22,2,SUL-03,Unit I,Liveaco Compact,546.62
2026-07-22,2,SUL-04,Unit I,Liveaco Compact,466.44
2026-07-22,2,SUL-05,Unit I,Liveaco Compact,526.74
2026-07-22,3,TOY-01,Unit I,VSF Export,4856.36
2026-07-22,3,TOY-02,Unit I,Liveaco Compact,2996.36
2026-07-22,3,TOY-03,Unit I,Excel Slub,3920.57
2026-07-22,3,TOY-04,Unit I,VSF Export,4333.06
2026-07-22,3,TOY-05,Unit I,Excel Slub,4083.96
2026-07-22,3,TOY-06,Unit I,Liveaco Compact,3976.96
2026-07-22,3,TOY-07,Unit I,VSF Export,5380.79
2026-07-22,3,TOY-08,Unit I,Liveaco Compact,3291.42
2026-07-22,3,TOY-09,Unit I,Excel Slub,4650.39
2026-07-22,3,TOY-10,Unit I,Excel Slub,4428.96
2026-07-22,3,TOY-11,Unit I,Excel Slub,4253.5
2026-07-22,3,TOY-12,Unit I,VSF Export,5286.62
2026-07-22,3,TOY-13,Unit I,VSF Export,5226.03
2026-07-22,3,TOY-14,Unit I,Excel Slub,4730.51
2026-07-22,3,TOY-15,Unit I,VSF Export,5482.49
2026-07-22,3,TSU-01,Unit I,VSF Export,3328.4
2026-07-22,3,TSU-02,Unit I,Liveaco Compact,2949.04
2026-07-22,3,TSU-03,Unit I,VSF Export,3354.57
2026-07-22,3,TSU-04,Unit I,Liveaco Compact,2992.36
2026-07-22,3,TSU-05,Unit I,Excel Slub,3437.5
2026-07-22,3,TSU-06,Unit I,Liveaco Compact,3030.36
2026-07-22,3,TSU-07,Unit I,VSF Export,3504.07
2026-07-22,3,TSU-08,Unit I,Liveaco Compact,2854.31
2026-07-22,3,TSU-09,Unit I,VSF Export,3653.28
2026-07-22,3,TSU-10,Unit I,VSF Export,3484.14
2026-07-22,3,SUL-01,Unit I,Excel Slub,520.19
2026-07-22,3,SUL-02,Unit I,Liveaco Compact,503.27
2026-07-22,3,SUL-03,Unit I,VSF Export,600.69
2026-07-22,3,SUL-04,Unit I,Liveaco Compact,456.37
2026-07-22,3,SUL-05,Unit I,Excel Slub,618.74
2026-07-23,1,TOY-01,Unit I,VSF Export,4478.21
2026-07-23,1,TOY-02,Unit I,Excel Slub,3010.69
2026-07-23,1,TOY-03,Unit I,Liveaco Compact,3891.14
2026-07-23,1,TOY-04,Unit I,VSF Export,4444.97
2026-07-23,1,TOY-05,Unit I,Liveaco Compact,4437.13
2026-07-23,1,TOY-06,Unit I,Excel Slub,4345.05
2026-07-23,1,TOY-07,Unit I,Liveaco Compact,4027.77
2026-07-23,1,TOY-08,Unit I,Excel Slub,3279.4
2026-07-23,1,TOY-09,Unit I,VSF Export,5359.75
2026-07-23,1,TOY-10,Unit I,Liveaco Compact,3860.25
2026-07-23,1,TOY-11,Unit I,VSF Export,4357.54
2026-07-23,1,TOY-12,Unit I,Liveaco Compact,4318.81
2026-07-23,1,TOY-13,Unit I,Excel Slub,4642.07
2026-07-23,1,TOY-14,Unit I,Liveaco Compact,4096.88
2026-07-23,1,TOY-15,Unit I,Excel Slub,4588.87
2026-07-23,1,TSU-01,Unit I,Excel Slub,2716.26
2026-07-23,1,TSU-02,Unit I,Excel Slub,3041.92
2026-07-23,1,TSU-03,Unit I,VSF Export,3139.11
2026-07-23,1,TSU-04,Unit I,Excel Slub,3156.77
2026-07-23,1,TSU-05,Unit I,Excel Slub,2540.86
2026-07-23,1,TSU-06,Unit I,VSF Export,3033.11
2026-07-23,1,TSU-07,Unit I,Excel Slub,2989.81
2026-07-23,1,TSU-08,Unit I,Excel Slub,2701.49
2026-07-23,1,TSU-09,Unit I,VSF Export,3281.48
2026-07-23,1,TSU-10,Unit I,Excel Slub,2864.21
2026-07-23,1,SUL-01,Unit I,Excel Slub,508.76
2026-07-23,1,SUL-02,Unit I,Liveaco Compact,513.01
2026-07-23,1,SUL-03,Unit I,Liveaco Compact,565.7
2026-07-23,1,SUL-04,Unit I,Liveaco Compact,473.22
2026-07-23,1,SUL-05,Unit I,VSF Export,644.71
2026-07-23,2,TOY-01,Unit I,Excel Slub,4185.86
2026-07-23,2,TOY-02,Unit I,Liveaco Compact,2895.17
2026-07-23,2,TOY-03,Unit I,Liveaco Compact,4149.37
2026-07-23,2,TOY-04,Unit I,VSF Export,5194.19
2026-07-23,2,TOY-05,Unit I,Excel Slub,4357.67
2026-07-23,2,TOY-06,Unit I,Liveaco Compact,4681.59
2026-07-23,2,TOY-07,Unit I,Liveaco Compact,4055.8
2026-07-23,2,TOY-08,Unit I,Liveaco Compact,3332.47
2026-07-23,2,TOY-09,Unit I,VSF Export,5292.83
2026-07-23,2,TOY-10,Unit I,Excel Slub,4454.99
2026-07-23,2,TOY-11,Unit I,Liveaco Compact,4720.56
2026-07-23,2,TOY-12,Unit I,VSF Export,4879.83
2026-07-23,2,TOY-13,Unit I,Liveaco Compact,3500.49
2026-07-23,2,TOY-14,Unit I,VSF Export,5005.74
2026-07-23,2,TOY-15,Unit I,Liveaco Compact,4066.57
2026-07-23,2,TSU-01,Unit I,VSF Export,3182.49
2026-07-23,2,TSU-02,Unit I,Excel Slub,3020.82
2026-07-23,2,TSU-03,Unit I,VSF Export,3641.39
2026-07-23,2,TSU-04,Unit I,Excel Slub,3075.0
2026-07-23,2,TSU-05,Unit I,VSF Export,3026.65
2026-07-23,2,TSU-06,Unit I,Excel Slub,2891.15
2026-07-23,2,TSU-07,Unit I,VSF Export,3638.03
2026-07-23,2,TSU-08,Unit I,Excel Slub,2600.13
2026-07-23,2,TSU-09,Unit I,VSF Export,3236.76
2026-07-23,2,TSU-10,Unit I,Liveaco Compact,3155.74
2026-07-23,2,SUL-01,Unit I,Liveaco Compact,509.27
2026-07-23,2,SUL-02,Unit I,Excel Slub,577.76
2026-07-23,2,SUL-03,Unit I,Liveaco Compact,483.16
2026-07-23,2,SUL-04,Unit I,Excel Slub,523.91
2026-07-23,2,SUL-05,Unit I,Excel Slub,530.53
2026-07-23,3,TOY-01,Unit I,Liveaco Compact,4299.29
2026-07-23,3,TOY-02,Unit I,Liveaco Compact,2709.18
2026-07-23,3,TOY-03,Unit I,Liveaco Compact,3620.42
2026-07-23,3,TOY-04,Unit I,Excel Slub,4916.49
2026-07-23,3,TOY-05,Unit I,VSF Export,4668.91
2026-07-23,3,TOY-06,Unit I,Liveaco Compact,4077.43
2026-07-23,3,TOY-07,Unit I,Excel Slub,4425.99
2026-07-23,3,TOY-08,Unit I,VSF Export,4502.94
2026-07-23,3,TOY-09,Unit I,Excel Slub,5066.33
2026-07-23,3,TOY-10,Unit I,Excel Slub,4201.37
2026-07-23,3,TOY-11,Unit I,VSF Export,4937.71
2026-07-23,3,TOY-12,Unit I,Liveaco Compact,4269.95
2026-07-23,3,TOY-13,Unit I,Liveaco Compact,3897.76
2026-07-23,3,TOY-14,Unit I,Excel Slub,4268.14
2026-07-23,3,TOY-15,Unit I,Excel Slub,4458.1
2026-07-23,3,TSU-01,Unit I,Liveaco Compact,2690.31
2026-07-23,3,TSU-02,Unit I,VSF Export,3492.38
2026-07-23,3,TSU-03,Unit I,VSF Export,3268.4
2026-07-23,3,TSU-04,Unit I,Liveaco Compact,2493.98
2026-07-23,3,TSU-05,Unit I,Excel Slub,2932.87
2026-07-23,3,TSU-06,Unit I,Excel Slub,3425.02
2026-07-23,3,TSU-07,Unit I,VSF Export,3787.09
2026-07-23,3,TSU-08,Unit I,Excel Slub,3326.86
2026-07-23,3,TSU-09,Unit I,VSF Export,3354.6
2026-07-23,3,TSU-10,Unit I,Liveaco Compact,3139.38
2026-07-23,3,SUL-01,Unit I,Liveaco Compact,489.94
2026-07-23,3,SUL-02,Unit I,VSF Export,684.48
2026-07-23,3,SUL-03,Unit I,VSF Export,583.6
2026-07-23,3,SUL-04,Unit I,Excel Slub,593.2
2026-07-23,3,SUL-05,Unit I,Excel Slub,555.24
2026-07-24,1,TOY-01,Unit I,Liveaco Compact,3536.07
2026-07-24,1,TOY-02,Unit I,Excel Slub,3343.69
2026-07-24,1,TOY-03,Unit I,Liveaco Compact,3652.66
2026-07-24,1,TOY-04,Unit I,VSF Export,5152.73
2026-07-24,1,TOY-05,Unit I,Liveaco Compact,4062.05
2026-07-24,1,TOY-06,Unit I,Excel Slub,4652.83
2026-07-24,1,TOY-07,Unit I,Excel Slub,4994.07
2026-07-24,1,TOY-08,Unit I,VSF Export,3972.94
2026-07-24,1,TOY-09,Unit I,Liveaco Compact,4254.75
2026-07-24,1,TOY-10,Unit I,VSF Export,5391.36
2026-07-24,1,TOY-11,Unit I,Liveaco Compact,4289.57
2026-07-24,1,TOY-12,Unit I,Excel Slub,4249.59
2026-07-24,1,TOY-13,Unit I,Excel Slub,4417.1
2026-07-24,1,TOY-14,Unit I,Excel Slub,4170.55
2026-07-24,1,TOY-15,Unit I,Excel Slub,4825.13
2026-07-24,1,TSU-01,Unit I,Liveaco Compact,3014.03
2026-07-24,1,TSU-02,Unit I,Liveaco Compact,3018.67
2026-07-24,1,TSU-03,Unit I,Liveaco Compact,2853.96
2026-07-24,1,TSU-04,Unit I,Liveaco Compact,3168.25
2026-07-24,1,TSU-05,Unit I,Excel Slub,3405.29
2026-07-24,1,TSU-06,Unit I,Excel Slub,3273.96
2026-07-24,1,TSU-07,Unit I,Liveaco Compact,2784.2
2026-07-24,1,TSU-08,Unit I,VSF Export,3343.32
2026-07-24,1,TSU-09,Unit I,Liveaco Compact,3083.04
2026-07-24,1,TSU-10,Unit I,Liveaco Compact,3165.94
2026-07-24,1,SUL-01,Unit I,VSF Export,525.98
2026-07-24,1,SUL-02,Unit I,Excel Slub,489.04
2026-07-24,1,SUL-03,Unit I,Excel Slub,573.16
2026-07-24,1,SUL-04,Unit I,VSF Export,645.85
2026-07-24,1,SUL-05,Unit I,Excel Slub,509.18
2026-07-24,2,TOY-01,Unit I,VSF Export,4749.14
2026-07-24,2,TOY-02,Unit I,VSF Export,4241.55
2026-07-24,2,TOY-03,Unit I,VSF Export,4710.19
2026-07-24,2,TOY-04,Unit I,Liveaco Compact,4129.0
2026-07-24,2,TOY-05,Unit I,Liveaco Compact,4090.08
2026-07-24,2,TOY-06,Unit I,Liveaco Compact,3965.09
2026-07-24,2,TOY-07,Unit I,Excel Slub,3975.17
2026-07-24,2,TOY-08,Unit I,Excel Slub,3619.96
2026-07-24,2,TOY-09,Unit I,VSF Export,4544.02
2026-07-24,2,TOY-10,Unit I,Excel Slub,4796.65
2026-07-24,2,TOY-11,Unit I,Excel Slub,4388.67
2026-07-24,2,TOY-12,Unit I,Excel Slub,4259.83
2026-07-24,2,TOY-13,Unit I,VSF Export,4733.66
2026-07-24,2,TOY-14,Unit I,VSF Export,5111.9
2026-07-24,2,TOY-15,Unit I,Excel Slub,4234.67
2026-07-24,2,TSU-01,Unit I,Excel Slub,2774.58
2026-07-24,2,TSU-02,Unit I,Liveaco Compact,3121.59
2026-07-24,2,TSU-03,Unit I,VSF Export,3426.88
2026-07-24,2,TSU-04,Unit I,VSF Export,3639.44
2026-07-24,2,TSU-05,Unit I,Liveaco Compact,3005.84
2026-07-24,2,TSU-06,Unit I,Liveaco Compact,2983.69
2026-07-24,2,TSU-07,Unit I,Excel Slub,3192.67
2026-07-24,2,TSU-08,Unit I,VSF Export,3503.2
2026-07-24,2,TSU-09,Unit I,VSF Export,3443.44
2026-07-24,2,TSU-10,Unit I,Liveaco Compact,3145.52
2026-07-24,2,SUL-01,Unit I,Excel Slub,484.85
2026-07-24,2,SUL-02,Unit I,Excel Slub,561.66
2026-07-24,2,SUL-03,Unit I,Excel Slub,449.82
2026-07-24,2,SUL-04,Unit I,VSF Export,596.66
2026-07-24,2,SUL-05,Unit I,Liveaco Compact,507.58
2026-07-24,3,TOY-01,Unit I,VSF Export,4719.99
2026-07-24,3,TOY-02,Unit I,Excel Slub,3789.97
2026-07-24,3,TOY-03,Unit I,Liveaco Compact,4695.33
2026-07-24,3,TOY-04,Unit I,Excel Slub,4375.3
2026-07-24,3,TOY-05,Unit I,VSF Export,4927.32
2026-07-24,3,TOY-06,Unit I,Liveaco Compact,4090.0
2026-07-24,3,TOY-07,Unit I,Excel Slub,4559.55
2026-07-24,3,TOY-08,Unit I,VSF Export,3914.89
2026-07-24,3,TOY-09,Unit I,VSF Export,4744.68
2026-07-24,3,TOY-10,Unit I,Liveaco Compact,4152.23
2026-07-24,3,TOY-11,Unit I,Excel Slub,4245.7
2026-07-24,3,TOY-12,Unit I,Liveaco Compact,3798.77
2026-07-24,3,TOY-13,Unit I,Excel Slub,4177.73
2026-07-24,3,TOY-14,Unit I,Excel Slub,5107.25
2026-07-24,3,TOY-15,Unit I,VSF Export,4904.71
2026-07-24,3,TSU-01,Unit I,Excel Slub,2962.09
2026-07-24,3,TSU-02,Unit I,VSF Export,3301.17
2026-07-24,3,TSU-03,Unit I,Excel Slub,3275.24
2026-07-24,3,TSU-04,Unit I,Liveaco Compact,2972.01
2026-07-24,3,TSU-05,Unit I,Excel Slub,2910.9
2026-07-24,3,TSU-06,Unit I,Excel Slub,3186.72
2026-07-24,3,TSU-07,Unit I,Excel Slub,2932.72
2026-07-24,3,TSU-08,Unit I,Liveaco Compact,3100.5
2026-07-24,3,TSU-09,Unit I,VSF Export,3627.55
2026-07-24,3,TSU-10,Unit I,Liveaco Compact,2913.14
2026-07-24,3,SUL-01,Unit I,Excel Slub,542.2
2026-07-24,3,SUL-02,Unit I,Liveaco Compact,459.91
2026-07-24,3,SUL-03,Unit I,Excel Slub,465.5
2026-07-24,3,SUL-04,Unit I,Liveaco Compact,511.3
2026-07-24,3,SUL-05,Unit I,Excel Slub,555.37
2026-07-25,1,TOY-01,Unit I,Liveaco Compact,3613.58
2026-07-25,1,TOY-02,Unit I,Excel Slub,3793.42
2026-07-25,1,TOY-03,Unit I,Liveaco Compact,3920.57
2026-07-25,1,TOY-04,Unit I,VSF Export,4720.02
2026-07-25,1,TOY-05,Unit I,Excel Slub,4548.1
2026-07-25,1,TOY-06,Unit I,Excel Slub,4290.12
2026-07-25,1,TOY-07,Unit I,Excel Slub,4568.98
2026-07-25,1,TOY-08,Unit I,Liveaco Compact,3236.23
2026-07-25,1,TOY-09,Unit I,VSF Export,4652.11
2026-07-25,1,TOY-10,Unit I,Excel Slub,4244.87
2026-07-25,1,TOY-11,Unit I,Liveaco Compact,4529.11
2026-07-25,1,TOY-12,Unit I,VSF Export,4754.02
2026-07-25,1,TOY-13,Unit I,Liveaco Compact,3749.67
2026-07-25,1,TOY-14,Unit I,Liveaco Compact,4354.96
2026-07-25,1,TOY-15,Unit I,Liveaco Compact,3778.15
2026-07-25,1,TSU-01,Unit I,Excel Slub,2434.35
2026-07-25,1,TSU-02,Unit I,VSF Export,3287.72
2026-07-25,1,TSU-03,Unit I,VSF Export,3299.29
2026-07-25,1,TSU-04,Unit I,Liveaco Compact,2539.74
2026-07-25,1,TSU-05,Unit I,VSF Export,3288.98
2026-07-25,1,TSU-06,Unit I,Liveaco Compact,2778.88
2026-07-25,1,TSU-07,Unit I,VSF Export,3057.93
2026-07-25,1,TSU-08,Unit I,VSF Export,3261.75
2026-07-25,1,TSU-09,Unit I,VSF Export,3478.93
2026-07-25,1,TSU-10,Unit I,Excel Slub,2634.2
2026-07-25,1,SUL-01,Unit I,Liveaco Compact,543.57
2026-07-25,1,SUL-02,Unit I,Liveaco Compact,565.42
2026-07-25,1,SUL-03,Unit I,VSF Export,595.19
2026-07-25,1,SUL-04,Unit I,VSF Export,618.5
2026-07-25,1,SUL-05,Unit I,Liveaco Compact,515.89
2026-07-25,2,TOY-01,Unit I,Liveaco Compact,3773.17
2026-07-25,2,TOY-02,Unit I,Liveaco Compact,3332.16
2026-07-25,2,TOY-03,Unit I,Excel Slub,4381.08
2026-07-25,2,TOY-04,Unit I,Excel Slub,4326.07
2026-07-25,2,TOY-05,Unit I,Liveaco Compact,4033.35
2026-07-25,2,TOY-06,Unit I,Liveaco Compact,3853.52
2026-07-25,2,TOY-07,Unit I,Excel Slub,4368.52
2026-07-25,2,TOY-08,Unit I,Excel Slub,3142.95
2026-07-25,2,TOY-09,Unit I,VSF Export,4687.67
2026-07-25,2,TOY-10,Unit I,VSF Export,5290.05
2026-07-25,2,TOY-11,Unit I,VSF Export,5101.26
2026-07-25,2,TOY-12,Unit I,Excel Slub,3858.93
2026-07-25,2,TOY-13,Unit I,Excel Slub,4619.38
2026-07-25,2,TOY-14,Unit I,Excel Slub,5058.89
2026-07-25,2,TOY-15,Unit I,Excel Slub,4321.3
2026-07-25,2,TSU-01,Unit I,Excel Slub,3249.7
2026-07-25,2,TSU-02,Unit I,Excel Slub,2828.68
2026-07-25,2,TSU-03,Unit I,Excel Slub,2999.62
2026-07-25,2,TSU-04,Unit I,Liveaco Compact,2830.19
2026-07-25,2,TSU-05,Unit I,Excel Slub,3266.59
2026-07-25,2,TSU-06,Unit I,Liveaco Compact,2767.99
2026-07-25,2,TSU-07,Unit I,Liveaco Compact,2694.15
2026-07-25,2,TSU-08,Unit I,VSF Export,3042.5
2026-07-25,2,TSU-09,Unit I,VSF Export,2822.63
2026-07-25,2,TSU-10,Unit I,Liveaco Compact,2738.91
2026-07-25,2,SUL-01,Unit I,Liveaco Compact,526.72
2026-07-25,2,SUL-02,Unit I,VSF Export,595.91
2026-07-25,2,SUL-03,Unit I,Excel Slub,570.99
2026-07-25,2,SUL-04,Unit I,Liveaco Compact,520.02
2026-07-25,2,SUL-05,Unit I,Liveaco Compact,487.8
2026-07-25,3,TOY-01,Unit I,VSF Export,4221.79
2026-07-25,3,TOY-02,Unit I,Excel Slub,4061.91
2026-07-25,3,TOY-03,Unit I,Excel Slub,4583.94
2026-07-25,3,TOY-04,Unit I,Excel Slub,4788.59
2026-07-25,3,TOY-05,Unit I,Liveaco Compact,4301.64
2026-07-25,3,TOY-06,Unit I,Excel Slub,3927.86
2026-07-25,3,TOY-07,Unit I,Excel Slub,4741.55
2026-07-25,3,TOY-08,Unit I,Excel Slub,3283.27
2026-07-25,3,TOY-09,Unit I,Excel Slub,4033.09
2026-07-25,3,TOY-10,Unit I,Liveaco Compact,4643.44
2026-07-25,3,TOY-11,Unit I,Liveaco Compact,3937.03
2026-07-25,3,TOY-12,Unit I,Liveaco Compact,3625.55
2026-07-25,3,TOY-13,Unit I,Excel Slub,4185.31
2026-07-25,3,TOY-14,Unit I,VSF Export,5338.58
2026-07-25,3,TOY-15,Unit I,Liveaco Compact,4349.08
2026-07-25,3,TSU-01,Unit I,Excel Slub,3168.74
2026-07-25,3,TSU-02,Unit I,Excel Slub,3092.48
2026-07-25,3,TSU-03,Unit I,Excel Slub,3082.74
2026-07-25,3,TSU-04,Unit I,VSF Export,3058.42
2026-07-25,3,TSU-05,Unit I,VSF Export,3301.62
2026-07-25,3,TSU-06,Unit I,Excel Slub,2853.08
2026-07-25,3,TSU-07,Unit I,Liveaco Compact,3059.97
2026-07-25,3,TSU-08,Unit I,Liveaco Compact,3119.31
2026-07-25,3,TSU-09,Unit I,VSF Export,3215.68
2026-07-25,3,TSU-10,Unit I,Excel Slub,2792.89
2026-07-25,3,SUL-01,Unit I,Liveaco Compact,509.51
2026-07-25,3,SUL-02,Unit I,VSF Export,618.28
2026-07-25,3,SUL-03,Unit I,Excel Slub,538.67
2026-07-25,3,SUL-04,Unit I,Liveaco Compact,537.04
2026-07-25,3,SUL-05,Unit I,Liveaco Compact,470.72
2026-07-26,1,TOY-01,Unit I,Excel Slub,4047.11
2026-07-26,1,TOY-02,Unit I,Liveaco Compact,3260.76
2026-07-26,1,TOY-03,Unit I,VSF Export,5156.82
2026-07-26,1,TOY-04,Unit I,VSF Export,5147.37
2026-07-26,1,TOY-05,Unit I,Liveaco Compact,4256.82
2026-07-26,1,TOY-06,Unit I,VSF Export,4963.92
2026-07-26,1,TOY-07,Unit I,Excel Slub,4551.94
2026-07-26,1,TOY-08,Unit I,Excel Slub,3435.65
2026-07-26,1,TOY-09,Unit I,VSF Export,4817.79
2026-07-26,1,TOY-10,Unit I,Excel Slub,4648.56
2026-07-26,1,TOY-11,Unit I,Excel Slub,4402.96
2026-07-26,1,TOY-12,Unit I,Liveaco Compact,3684.23
2026-07-26,1,TOY-13,Unit I,Liveaco Compact,4085.69
2026-07-26,1,TOY-14,Unit I,Excel Slub,4598.19
2026-07-26,1,TOY-15,Unit I,VSF Export,5301.29
2026-07-26,1,TSU-01,Unit I,Liveaco Compact,2526.88
2026-07-26,1,TSU-02,Unit I,Excel Slub,2880.52
2026-07-26,1,TSU-03,Unit I,VSF Export,3333.12
2026-07-26,1,TSU-04,Unit I,Liveaco Compact,2617.18
2026-07-26,1,TSU-05,Unit I,VSF Export,3339.75
2026-07-26,1,TSU-06,Unit I,VSF Export,3619.65
2026-07-26,1,TSU-07,Unit I,VSF Export,3588.73
2026-07-26,1,TSU-08,Unit I,Liveaco Compact,2857.47
2026-07-26,1,TSU-09,Unit I,Liveaco Compact,2598.08
2026-07-26,1,TSU-10,Unit I,Excel Slub,3117.32
2026-07-26,1,SUL-01,Unit I,Liveaco Compact,434.65
2026-07-26,1,SUL-02,Unit I,Excel Slub,512.05
2026-07-26,1,SUL-03,Unit I,VSF Export,668.47
2026-07-26,1,SUL-04,Unit I,Excel Slub,592.76
2026-07-26,1,SUL-05,Unit I,VSF Export,578.09
2026-07-26,2,TOY-01,Unit I,Liveaco Compact,4214.1
2026-07-26,2,TOY-02,Unit I,Excel Slub,3681.88
2026-07-26,2,TOY-03,Unit I,Liveaco Compact,4190.37
2026-07-26,2,TOY-04,Unit I,Excel Slub,4112.87
2026-07-26,2,TOY-05,Unit I,VSF Export,4641.83
2026-07-26,2,TOY-06,Unit I,Excel Slub,4188.37
2026-07-26,2,TOY-07,Unit I,Excel Slub,4462.05
2026-07-26,2,TOY-08,Unit I,Excel Slub,4094.29
2026-07-26,2,TOY-09,Unit I,Excel Slub,4847.29
2026-07-26,2,TOY-10,Unit I,Excel Slub,4557.57
2026-07-26,2,TOY-11,Unit I,Liveaco Compact,4393.87
2026-07-26,2,TOY-12,Unit I,Liveaco Compact,3724.0
2026-07-26,2,TOY-13,Unit I,VSF Export,4906.58
2026-07-26,2,TOY-14,Unit I,Liveaco Compact,4699.67
2026-07-26,2,TOY-15,Unit I,Liveaco Compact,3477.47
2026-07-26,2,TSU-01,Unit I,VSF Export,3680.34
2026-07-26,2,TSU-02,Unit I,Liveaco Compact,2558.95
2026-07-26,2,TSU-03,Unit I,Excel Slub,2917.81
2026-07-26,2,TSU-04,Unit I,Excel Slub,3349.09
2026-07-26,2,TSU-05,Unit I,Excel Slub,3536.56
2026-07-26,2,TSU-06,Unit I,Liveaco Compact,2585.78
2026-07-26,2,TSU-07,Unit I,VSF Export,3290.32
2026-07-26,2,TSU-08,Unit I,Liveaco Compact,2724.61
2026-07-26,2,TSU-09,Unit I,VSF Export,3146.03
2026-07-26,2,TSU-10,Unit I,Liveaco Compact,2455.45
2026-07-26,2,SUL-01,Unit I,Liveaco Compact,500.24
2026-07-26,2,SUL-02,Unit I,Liveaco Compact,518.0
2026-07-26,2,SUL-03,Unit I,Liveaco Compact,559.24
2026-07-26,2,SUL-04,Unit I,Liveaco Compact,521.17
2026-07-26,2,SUL-05,Unit I,Liveaco Compact,505.94
2026-07-26,3,TOY-01,Unit I,Liveaco Compact,4158.87
2026-07-26,3,TOY-02,Unit I,Excel Slub,3421.02
2026-07-26,3,TOY-03,Unit I,Liveaco Compact,4258.7
2026-07-26,3,TOY-04,Unit I,Excel Slub,4245.36
2026-07-26,3,TOY-05,Unit I,Liveaco Compact,3649.67
2026-07-26,3,TOY-06,Unit I,Liveaco Compact,3971.71
2026-07-26,3,TOY-07,Unit I,VSF Export,5609.68
2026-07-26,3,TOY-08,Unit I,Liveaco Compact,3254.52
2026-07-26,3,TOY-09,Unit I,Liveaco Compact,3960.98
2026-07-26,3,TOY-10,Unit I,VSF Export,4593.32
2026-07-26,3,TOY-11,Unit I,VSF Export,4930.35
2026-07-26,3,TOY-12,Unit I,Excel Slub,4246.71
2026-07-26,3,TOY-13,Unit I,Liveaco Compact,4066.05
2026-07-26,3,TOY-14,Unit I,Liveaco Compact,4347.45
2026-07-26,3,TOY-15,Unit I,Liveaco Compact,4110.98
2026-07-26,3,TSU-01,Unit I,Liveaco Compact,2748.7
2026-07-26,3,TSU-02,Unit I,Liveaco Compact,2901.57
2026-07-26,3,TSU-03,Unit I,VSF Export,3747.98
2026-07-26,3,TSU-04,Unit I,Liveaco Compact,2510.57
2026-07-26,3,TSU-05,Unit I,Liveaco Compact,2569.47
2026-07-26,3,TSU-06,Unit I,Excel Slub,3163.17
2026-07-26,3,TSU-07,Unit I,Excel Slub,3032.74
2026-07-26,3,TSU-08,Unit I,VSF Export,3134.07
2026-07-26,3,TSU-09,Unit I,VSF Export,3777.51
2026-07-26,3,TSU-10,Unit I,Excel Slub,2644.66
2026-07-26,3,SUL-01,Unit I,VSF Export,540.99
2026-07-26,3,SUL-02,Unit I,Excel Slub,612.67
2026-07-26,3,SUL-03,Unit I,Excel Slub,574.6
2026-07-26,3,SUL-04,Unit I,VSF Export,593.71
2026-07-26,3,SUL-05,Unit I,Excel Slub,502.52
2026-07-27,1,TOY-01,Unit I,Excel Slub,4168.54
2026-07-27,1,TOY-02,Unit I,VSF Export,4196.53
2026-07-27,1,TOY-03,Unit I,Excel Slub,4764.95
2026-07-27,1,TOY-04,Unit I,VSF Export,5280.07
2026-07-27,1,TOY-05,Unit I,Excel Slub,4891.21
2026-07-27,1,TOY-06,Unit I,VSF Export,4636.69
2026-07-27,1,TOY-07,Unit I,Excel Slub,4676.85
2026-07-27,1,TOY-08,Unit I,Excel Slub,3487.23
2026-07-27,1,TOY-09,Unit I,Liveaco Compact,4065.0
2026-07-27,1,TOY-10,Unit I,VSF Export,5371.44
2026-07-27,1,TOY-11,Unit I,Liveaco Compact,3363.15
2026-07-27,1,TOY-12,Unit I,Excel Slub,4981.76
2026-07-27,1,TOY-13,Unit I,Liveaco Compact,4306.9
2026-07-27,1,TOY-14,Unit I,VSF Export,5193.15
2026-07-27,1,TOY-15,Unit I,VSF Export,4424.89
2026-07-27,1,TSU-01,Unit I,VSF Export,3094.09
2026-07-27,1,TSU-02,Unit I,VSF Export,3848.96
2026-07-27,1,TSU-03,Unit I,VSF Export,3274.87
2026-07-27,1,TSU-04,Unit I,Excel Slub,3110.63
2026-07-27,1,TSU-05,Unit I,Excel Slub,2902.37
2026-07-27,1,TSU-06,Unit I,Excel Slub,3191.02
2026-07-27,1,TSU-07,Unit I,Liveaco Compact,2774.3
2026-07-27,1,TSU-08,Unit I,VSF Export,3287.81
2026-07-27,1,TSU-09,Unit I,VSF Export,3628.7
2026-07-27,1,TSU-10,Unit I,Liveaco Compact,2975.14
2026-07-27,1,SUL-01,Unit I,VSF Export,581.36
2026-07-27,1,SUL-02,Unit I,VSF Export,587.26
2026-07-27,1,SUL-03,Unit I,Excel Slub,544.76
2026-07-27,1,SUL-04,Unit I,Excel Slub,547.43
2026-07-27,1,SUL-05,Unit I,Liveaco Compact,501.44
2026-07-27,2,TOY-01,Unit I,Liveaco Compact,4556.22
2026-07-27,2,TOY-02,Unit I,VSF Export,4417.79
2026-07-27,2,TOY-03,Unit I,VSF Export,5116.03
2026-07-27,2,TOY-04,Unit I,Excel Slub,5075.58
2026-07-27,2,TOY-05,Unit I,Excel Slub,4285.1
2026-07-27,2,TOY-06,Unit I,Excel Slub,4583.64
2026-07-27,2,TOY-07,Unit I,Liveaco Compact,4183.5
2026-07-27,2,TOY-08,Unit I,VSF Export,4101.03
2026-07-27,2,TOY-09,Unit I,Excel Slub,3984.79
2026-07-27,2,TOY-10,Unit I,VSF Export,4508.32
2026-07-27,2,TOY-11,Unit I,VSF Export,4502.15
2026-07-27,2,TOY-12,Unit I,Liveaco Compact,4473.93
2026-07-27,2,TOY-13,Unit I,Liveaco Compact,4342.62
2026-07-27,2,TOY-14,Unit I,Excel Slub,4167.37
2026-07-27,2,TOY-15,Unit I,Liveaco Compact,4358.1
2026-07-27,2,TSU-01,Unit I,VSF Export,3330.86
2026-07-27,2,TSU-02,Unit I,Excel Slub,2732.35
2026-07-27,2,TSU-03,Unit I,Liveaco Compact,2867.67
2026-07-27,2,TSU-04,Unit I,Liveaco Compact,2656.05
2026-07-27,2,TSU-05,Unit I,VSF Export,3263.83
2026-07-27,2,TSU-06,Unit I,Excel Slub,2933.65
2026-07-27,2,TSU-07,Unit I,Excel Slub,3256.37
2026-07-27,2,TSU-08,Unit I,Liveaco Compact,2440.21
2026-07-27,2,TSU-09,Unit I,Liveaco Compact,2839.68
2026-07-27,2,TSU-10,Unit I,VSF Export,3514.67
2026-07-27,2,SUL-01,Unit I,VSF Export,523.6
2026-07-27,2,SUL-02,Unit I,VSF Export,630.64
2026-07-27,2,SUL-03,Unit I,Excel Slub,518.29
2026-07-27,2,SUL-04,Unit I,Liveaco Compact,489.45
2026-07-27,2,SUL-05,Unit I,Excel Slub,521.89
2026-07-27,3,TOY-01,Unit I,VSF Export,5210.22
2026-07-27,3,TOY-02,Unit I,Excel Slub,3873.4
2026-07-27,3,TOY-03,Unit I,VSF Export,4977.37
2026-07-27,3,TOY-04,Unit I,Excel Slub,4702.57
2026-07-27,3,TOY-05,Unit I,Excel Slub,3876.67
2026-07-27,3,TOY-06,Unit I,VSF Export,5083.94
2026-07-27,3,TOY-07,Unit I,Liveaco Compact,3842.49
2026-07-27,3,TOY-08,Unit I,Liveaco Compact,3328.0
2026-07-27,3,TOY-09,Unit I,VSF Export,5522.52
2026-07-27,3,TOY-10,Unit I,Excel Slub,5086.62
2026-07-27,3,TOY-11,Unit I,VSF Export,4867.17
2026-07-27,3,TOY-12,Unit I,Liveaco Compact,4086.43
2026-07-27,3,TOY-13,Unit I,Liveaco Compact,3959.07
2026-07-27,3,TOY-14,Unit I,VSF Export,5062.83
2026-07-27,3,TOY-15,Unit I,Liveaco Compact,3807.7
2026-07-27,3,TSU-01,Unit I,VSF Export,3549.88
2026-07-27,3,TSU-02,Unit I,VSF Export,3573.38
2026-07-27,3,TSU-03,Unit I,VSF Export,3283.38
2026-07-27,3,TSU-04,Unit I,VSF Export,3666.79
2026-07-27,3,TSU-05,Unit I,Liveaco Compact,2918.16
2026-07-27,3,TSU-06,Unit I,Liveaco Compact,2533.26
2026-07-27,3,TSU-07,Unit I,Liveaco Compact,2631.56
2026-07-27,3,TSU-08,Unit I,Liveaco Compact,2735.42
2026-07-27,3,TSU-09,Unit I,Excel Slub,2787.34
2026-07-27,3,TSU-10,Unit I,VSF Export,3021.08
2026-07-27,3,SUL-01,Unit I,Excel Slub,525.01
2026-07-27,3,SUL-02,Unit I,Excel Slub,493.52
2026-07-27,3,SUL-03,Unit I,Liveaco Compact,443.98
2026-07-27,3,SUL-04,Unit I,VSF Export,656.0
2026-07-27,3,SUL-05,Unit I,Excel Slub,544.21
2026-07-28,1,TOY-01,Unit I,Excel Slub,4227.86
2026-07-28,1,TOY-02,Unit I,Liveaco Compact,3210.07
2026-07-28,1,TOY-03,Unit I,Excel Slub,4268.47
2026-07-28,1,TOY-04,Unit I,VSF Export,4221.72
2026-07-28,1,TOY-05,Unit I,VSF Export,5105.05
2026-07-28,1,TOY-06,Unit I,VSF Export,5332.14
2026-07-28,1,TOY-07,Unit I,Excel Slub,4804.56
2026-07-28,1,TOY-08,Unit I,Liveaco Compact,3519.62
2026-07-28,1,TOY-09,Unit I,Excel Slub,4479.84
2026-07-28,1,TOY-10,Unit I,VSF Export,5264.79
2026-07-28,1,TOY-11,Unit I,Liveaco Compact,3884.46
2026-07-28,1,TOY-12,Unit I,Liveaco Compact,4358.36
2026-07-28,1,TOY-13,Unit I,Excel Slub,4709.72
2026-07-28,1,TOY-14,Unit I,VSF Export,4524.84
2026-07-28,1,TOY-15,Unit I,Excel Slub,4112.28
2026-07-28,1,TSU-01,Unit I,Liveaco Compact,2689.01
2026-07-28,1,TSU-02,Unit I,Excel Slub,2867.28
2026-07-28,1,TSU-03,Unit I,VSF Export,3305.9
2026-07-28,1,TSU-04,Unit I,Liveaco Compact,3002.08
2026-07-28,1,TSU-05,Unit I,Liveaco Compact,2807.69
2026-07-28,1,TSU-06,Unit I,Excel Slub,3222.63
2026-07-28,1,TSU-07,Unit I,Excel Slub,2789.43
2026-07-28,1,TSU-08,Unit I,Excel Slub,3350.78
2026-07-28,1,TSU-09,Unit I,VSF Export,3520.62
2026-07-28,1,TSU-10,Unit I,Excel Slub,3133.83
2026-07-28,1,SUL-01,Unit I,Excel Slub,511.79
2026-07-28,1,SUL-02,Unit I,Liveaco Compact,546.99
2026-07-28,1,SUL-03,Unit I,Liveaco Compact,497.57
2026-07-28,1,SUL-04,Unit I,Liveaco Compact,518.67
2026-07-28,1,SUL-05,Unit I,Excel Slub,509.97
2026-07-28,2,TOY-01,Unit I,Excel Slub,4146.14
2026-07-28,2,TOY-02,Unit I,Excel Slub,3228.44
2026-07-28,2,TOY-03,Unit I,VSF Export,4769.6
2026-07-28,2,TOY-04,Unit I,Excel Slub,4266.21
2026-07-28,2,TOY-05,Unit I,Excel Slub,4415.74
2026-07-28,2,TOY-06,Unit I,VSF Export,4259.86
2026-07-28,2,TOY-07,Unit I,Excel Slub,4528.9
2026-07-28,2,TOY-08,Unit I,Excel Slub,4092.88
2026-07-28,2,TOY-09,Unit I,Excel Slub,3957.79
2026-07-28,2,TOY-10,Unit I,VSF Export,4837.7
2026-07-28,2,TOY-11,Unit I,Liveaco Compact,4297.22
2026-07-28,2,TOY-12,Unit I,Excel Slub,4814.86
2026-07-28,2,TOY-13,Unit I,Excel Slub,3799.12
2026-07-28,2,TOY-14,Unit I,VSF Export,5097.43
2026-07-28,2,TOY-15,Unit I,VSF Export,4958.34
2026-07-28,2,TSU-01,Unit I,Excel Slub,3182.72
2026-07-28,2,TSU-02,Unit I,Liveaco Compact,2273.1
2026-07-28,2,TSU-03,Unit I,Liveaco Compact,2779.91
2026-07-28,2,TSU-04,Unit I,VSF Export,3893.68
2026-07-28,2,TSU-05,Unit I,Liveaco Compact,2831.56
2026-07-28,2,TSU-06,Unit I,VSF Export,3272.01
2026-07-28,2,TSU-07,Unit I,Excel Slub,3038.56
2026-07-28,2,TSU-08,Unit I,VSF Export,3682.9
2026-07-28,2,TSU-09,Unit I,VSF Export,3814.7
2026-07-28,2,TSU-10,Unit I,Liveaco Compact,3129.83
2026-07-28,2,SUL-01,Unit I,Liveaco Compact,504.81
2026-07-28,2,SUL-02,Unit I,VSF Export,540.19
2026-07-28,2,SUL-03,Unit I,Liveaco Compact,476.3
2026-07-28,2,SUL-04,Unit I,Excel Slub,559.43
2026-07-28,2,SUL-05,Unit I,Liveaco Compact,574.17
2026-07-28,3,TOY-01,Unit I,Liveaco Compact,3517.19
2026-07-28,3,TOY-02,Unit I,Liveaco Compact,3173.65
2026-07-28,3,TOY-03,Unit I,VSF Export,4801.09
2026-07-28,3,TOY-04,Unit I,VSF Export,5262.82
2026-07-28,3,TOY-05,Unit I,Liveaco Compact,3791.65
2026-07-28,3,TOY-06,Unit I,Excel Slub,4490.47
2026-07-28,3,TOY-07,Unit I,Liveaco Compact,4324.8
2026-07-28,3,TOY-08,Unit I,Excel Slub,3340.21
2026-07-28,3,TOY-09,Unit I,Excel Slub,4330.57
2026-07-28,3,TOY-10,Unit I,Excel Slub,4756.16
2026-07-28,3,TOY-11,Unit I,Excel Slub,4065.58
2026-07-28,3,TOY-12,Unit I,VSF Export,4810.39
2026-07-28,3,TOY-13,Unit I,VSF Export,4816.09
2026-07-28,3,TOY-14,Unit I,Excel Slub,4766.56
2026-07-28,3,TOY-15,Unit I,VSF Export,4602.04
2026-07-28,3,TSU-01,Unit I,Liveaco Compact,2549.61
2026-07-28,3,TSU-02,Unit I,Liveaco Compact,2730.18
2026-07-28,3,TSU-03,Unit I,Excel Slub,2934.45
2026-07-28,3,TSU-04,Unit I,Liveaco Compact,2688.29
2026-07-28,3,TSU-05,Unit I,Liveaco Compact,2640.56
2026-07-28,3,TSU-06,Unit I,Liveaco Compact,3080.65
2026-07-28,3,TSU-07,Unit I,Liveaco Compact,2913.05
2026-07-28,3,TSU-08,Unit I,VSF Export,3568.11
2026-07-28,3,TSU-09,Unit I,VSF Export,3437.62
2026-07-28,3,TSU-10,Unit I,VSF Export,2941.85
2026-07-28,3,SUL-01,Unit I,VSF Export,593.72
2026-07-28,3,SUL-02,Unit I,VSF Export,566.77
2026-07-28,3,SUL-03,Unit I,VSF Export,534.38
2026-07-28,3,SUL-04,Unit I,Liveaco Compact,538.45
2026-07-28,3,SUL-05,Unit I,Liveaco Compact,497.92
2026-07-29,1,TOY-01,Unit I,Liveaco Compact,3836.55
2026-07-29,1,TOY-02,Unit I,Excel Slub,3761.21
2026-07-29,1,TOY-03,Unit I,VSF Export,5149.83
2026-07-29,1,TOY-04,Unit I,VSF Export,5395.7
2026-07-29,1,TOY-05,Unit I,Liveaco Compact,4069.63
2026-07-29,1,TOY-06,Unit I,Liveaco Compact,3696.47
2026-07-29,1,TOY-07,Unit I,Excel Slub,4906.68
2026-07-29,1,TOY-08,Unit I,VSF Export,4371.9
2026-07-29,1,TOY-09,Unit I,VSF Export,5164.2
2026-07-29,1,TOY-10,Unit I,Liveaco Compact,4272.22
2026-07-29,1,TOY-11,Unit I,Liveaco Compact,4423.51
2026-07-29,1,TOY-12,Unit I,Excel Slub,4868.16
2026-07-29,1,TOY-13,Unit I,Liveaco Compact,3917.09
2026-07-29,1,TOY-14,Unit I,Liveaco Compact,4207.22
2026-07-29,1,TOY-15,Unit I,Liveaco Compact,4310.97
2026-07-29,1,TSU-01,Unit I,VSF Export,3541.02
2026-07-29,1,TSU-02,Unit I,VSF Export,3303.87
2026-07-29,1,TSU-03,Unit I,Excel Slub,3290.77
2026-07-29,1,TSU-04,Unit I,Excel Slub,3147.12
2026-07-29,1,TSU-05,Unit I,Excel Slub,2938.02
2026-07-29,1,TSU-06,Unit I,Excel Slub,3164.45
2026-07-29,1,TSU-07,Unit I,Liveaco Compact,2660.5
2026-07-29,1,TSU-08,Unit I,Excel Slub,3007.84
2026-07-29,1,TSU-09,Unit I,Liveaco Compact,2579.26
2026-07-29,1,TSU-10,Unit I,VSF Export,3513.43
2026-07-29,1,SUL-01,Unit I,Excel Slub,543.3
2026-07-29,1,SUL-02,Unit I,Liveaco Compact,472.3
2026-07-29,1,SUL-03,Unit I,VSF Export,571.64
2026-07-29,1,SUL-04,Unit I,Liveaco Compact,553.16
2026-07-29,1,SUL-05,Unit I,VSF Export,565.4
2026-07-29,2,TOY-01,Unit I,Excel Slub,4304.37
2026-07-29,2,TOY-02,Unit I,Liveaco Compact,3708.79
2026-07-29,2,TOY-03,Unit I,Excel Slub,4261.15
2026-07-29,2,TOY-04,Unit I,VSF Export,5310.39
2026-07-29,2,TOY-05,Unit I,Excel Slub,4658.75
2026-07-29,2,TOY-06,Unit I,Excel Slub,3999.52
2026-07-29,2,TOY-07,Unit I,Liveaco Compact,3889.41
2026-07-29,2,TOY-08,Unit I,Liveaco Compact,3385.18
2026-07-29,2,TOY-09,Unit I,Excel Slub,4166.6
2026-07-29,2,TOY-10,Unit I,Liveaco Compact,4219.08
2026-07-29,2,TOY-11,Unit I,VSF Export,5222.09
2026-07-29,2,TOY-12,Unit I,Liveaco Compact,3580.88
2026-07-29,2,TOY-13,Unit I,VSF Export,5179.79
2026-07-29,2,TOY-14,Unit I,VSF Export,4380.68
2026-07-29,2,TOY-15,Unit I,Liveaco Compact,3469.68
2026-07-29,2,TSU-01,Unit I,Liveaco Compact,2739.64
2026-07-29,2,TSU-02,Unit I,VSF Export,2855.76
2026-07-29,2,TSU-03,Unit I,Excel Slub,2882.43
2026-07-29,2,TSU-04,Unit I,Liveaco Compact,2854.49
2026-07-29,2,TSU-05,Unit I,VSF Export,3463.91
2026-07-29,2,TSU-06,Unit I,VSF Export,3616.62
2026-07-29,2,TSU-07,Unit I,Liveaco Compact,3179.41
2026-07-29,2,TSU-08,Unit I,Liveaco Compact,3105.98
2026-07-29,2,TSU-09,Unit I,Liveaco Compact,2800.61
2026-07-29,2,TSU-10,Unit I,VSF Export,3439.41
2026-07-29,2,SUL-01,Unit I,VSF Export,653.66
2026-07-29,2,SUL-02,Unit I,VSF Export,574.57
2026-07-29,2,SUL-03,Unit I,Liveaco Compact,538.6
2026-07-29,2,SUL-04,Unit I,Excel Slub,500.81
2026-07-29,2,SUL-05,Unit I,VSF Export,628.64
2026-07-29,3,TOY-01,Unit I,Liveaco Compact,4203.22
2026-07-29,3,TOY-02,Unit I,Excel Slub,3345.92
2026-07-29,3,TOY-03,Unit I,VSF Export,5064.16
2026-07-29,3,TOY-04,Unit I,Liveaco Compact,4343.91
2026-07-29,3,TOY-05,Unit I,VSF Export,4855.54
2026-07-29,3,TOY-06,Unit I,Liveaco Compact,4413.49
2026-07-29,3,TOY-07,Unit I,Excel Slub,4118.53
2026-07-29,3,TOY-08,Unit I,VSF Export,4064.93
2026-07-29,3,TOY-09,Unit I,Excel Slub,4619.08
2026-07-29,3,TOY-10,Unit I,VSF Export,4837.57
2026-07-29,3,TOY-11,Unit I,VSF Export,5619.55
2026-07-29,3,TOY-12,Unit I,Liveaco Compact,3914.3
2026-07-29,3,TOY-13,Unit I,Excel Slub,4743.75
2026-07-29,3,TOY-14,Unit I,VSF Export,4953.24
2026-07-29,3,TOY-15,Unit I,Liveaco Compact,3867.21
2026-07-29,3,TSU-01,Unit I,VSF Export,3144.61
2026-07-29,3,TSU-02,Unit I,Liveaco Compact,2750.93
2026-07-29,3,TSU-03,Unit I,Liveaco Compact,2818.42
2026-07-29,3,TSU-04,Unit I,VSF Export,3433.92
2026-07-29,3,TSU-05,Unit I,Liveaco Compact,2650.0
2026-07-29,3,TSU-06,Unit I,Excel Slub,3277.82
2026-07-29,3,TSU-07,Unit I,Liveaco Compact,2764.57
2026-07-29,3,TSU-08,Unit I,Excel Slub,2806.05
2026-07-29,3,TSU-09,Unit I,VSF Export,3534.57
2026-07-29,3,TSU-10,Unit I,Liveaco Compact,2911.06
2026-07-29,3,SUL-01,Unit I,Liveaco Compact,554.15
2026-07-29,3,SUL-02,Unit I,VSF Export,616.41
2026-07-29,3,SUL-03,Unit I,Liveaco Compact,512.55
2026-07-29,3,SUL-04,Unit I,Liveaco Compact,462.15
2026-07-29,3,SUL-05,Unit I,Liveaco Compact,531.96
2026-07-30,1,TOY-01,Unit I,VSF Export,4377.04
2026-07-30,1,TOY-02,Unit I,Excel Slub,3411.56
2026-07-30,1,TOY-03,Unit I,Liveaco Compact,3838.65
2026-07-30,1,TOY-04,Unit I,VSF Export,5057.53
2026-07-30,1,TOY-05,Unit I,VSF Export,4517.46
2026-07-30,1,TOY-06,Unit I,VSF Export,5127.84
2026-07-30,1,TOY-07,Unit I,Excel Slub,4127.81
2026-07-30,1,TOY-08,Unit I,Excel Slub,3808.13
2026-07-30,1,TOY-09,Unit I,Excel Slub,4522.04
2026-07-30,1,TOY-10,Unit I,Liveaco Compact,4593.28
2026-07-30,1,TOY-11,Unit I,VSF Export,5601.35
2026-07-30,1,TOY-12,Unit I,Liveaco Compact,3742.89
2026-07-30,1,TOY-13,Unit I,Liveaco Compact,3665.7
2026-07-30,1,TOY-14,Unit I,VSF Export,4587.96
2026-07-30,1,TOY-15,Unit I,Liveaco Compact,4042.79
2026-07-30,1,TSU-01,Unit I,Liveaco Compact,2896.41
2026-07-30,1,TSU-02,Unit I,VSF Export,3941.05
2026-07-30,1,TSU-03,Unit I,VSF Export,3280.84
2026-07-30,1,TSU-04,Unit I,Liveaco Compact,2768.97
2026-07-30,1,TSU-05,Unit I,VSF Export,3512.9
2026-07-30,1,TSU-06,Unit I,Excel Slub,2716.67
2026-07-30,1,TSU-07,Unit I,Excel Slub,2820.33
2026-07-30,1,TSU-08,Unit I,Liveaco Compact,2524.48
2026-07-30,1,TSU-09,Unit I,Excel Slub,3108.26
2026-07-30,1,TSU-10,Unit I,Liveaco Compact,3214.34
2026-07-30,1,SUL-01,Unit I,Excel Slub,561.01
2026-07-30,1,SUL-02,Unit I,Excel Slub,575.36
2026-07-30,1,SUL-03,Unit I,Excel Slub,514.5
2026-07-30,1,SUL-04,Unit I,Liveaco Compact,507.3
2026-07-30,1,SUL-05,Unit I,Liveaco Compact,480.82
2026-07-30,2,TOY-01,Unit I,Liveaco Compact,4166.14
2026-07-30,2,TOY-02,Unit I,Excel Slub,3771.47
2026-07-30,2,TOY-03,Unit I,VSF Export,4543.67
2026-07-30,2,TOY-04,Unit I,VSF Export,5146.99
2026-07-30,2,TOY-05,Unit I,Excel Slub,4676.27
2026-07-30,2,TOY-06,Unit I,Liveaco Compact,3723.68
2026-07-30,2,TOY-07,Unit I,VSF Export,5170.66
2026-07-30,2,TOY-08,Unit I,Excel Slub,3127.69
2026-07-30,2,TOY-09,Unit I,Excel Slub,4337.17
2026-07-30,2,TOY-10,Unit I,Excel Slub,4191.11
2026-07-30,2,TOY-11,Unit I,VSF Export,4486.11
2026-07-30,2,TOY-12,Unit I,Liveaco Compact,3639.47
2026-07-30,2,TOY-13,Unit I,VSF Export,5032.63
2026-07-30,2,TOY-14,Unit I,Excel Slub,4816.93
2026-07-30,2,TOY-15,Unit I,Liveaco Compact,4211.19
2026-07-30,2,TSU-01,Unit I,VSF Export,3426.83
2026-07-30,2,TSU-02,Unit I,Liveaco Compact,2548.58
2026-07-30,2,TSU-03,Unit I,Excel Slub,3285.21
2026-07-30,2,TSU-04,Unit I,Liveaco Compact,2897.75
2026-07-30,2,TSU-05,Unit I,Excel Slub,2996.26
2026-07-30,2,TSU-06,Unit I,Excel Slub,2790.35
2026-07-30,2,TSU-07,Unit I,VSF Export,3741.12
2026-07-30,2,TSU-08,Unit I,VSF Export,3385.32
2026-07-30,2,TSU-09,Unit I,VSF Export,3207.01
2026-07-30,2,TSU-10,Unit I,VSF Export,3280.84
2026-07-30,2,SUL-01,Unit I,Excel Slub,561.81
2026-07-30,2,SUL-02,Unit I,VSF Export,645.28
2026-07-30,2,SUL-03,Unit I,Liveaco Compact,527.1
2026-07-30,2,SUL-04,Unit I,VSF Export,685.11
2026-07-30,2,SUL-05,Unit I,VSF Export,640.17
2026-07-30,3,TOY-01,Unit I,Liveaco Compact,4205.32
2026-07-30,3,TOY-02,Unit I,VSF Export,4001.61
2026-07-30,3,TOY-03,Unit I,VSF Export,5266.31
2026-07-30,3,TOY-04,Unit I,Excel Slub,4514.64
2026-07-30,3,TOY-05,Unit I,Excel Slub,4342.02
2026-07-30,3,TOY-06,Unit I,VSF Export,4792.99
2026-07-30,3,TOY-07,Unit I,VSF Export,5526.73
2026-07-30,3,TOY-08,Unit I,Liveaco Compact,3334.02
2026-07-30,3,TOY-09,Unit I,Liveaco Compact,4245.02
2026-07-30,3,TOY-10,Unit I,Liveaco Compact,3409.7
2026-07-30,3,TOY-11,Unit I,VSF Export,4980.41
2026-07-30,3,TOY-12,Unit I,VSF Export,4423.18
2026-07-30,3,TOY-13,Unit I,Liveaco Compact,3790.54
2026-07-30,3,TOY-14,Unit I,VSF Export,4692.51
2026-07-30,3,TOY-15,Unit I,Excel Slub,4359.51
2026-07-30,3,TSU-01,Unit I,Excel Slub,3125.51
2026-07-30,3,TSU-02,Unit I,Excel Slub,3246.88
2026-07-30,3,TSU-03,Unit I,Liveaco Compact,3081.14
2026-07-30,3,TSU-04,Unit I,VSF Export,3702.25
2026-07-30,3,TSU-05,Unit I,VSF Export,2949.66
2026-07-30,3,TSU-06,Unit I,Liveaco Compact,3040.04
2026-07-30,3,TSU-07,Unit I,Excel Slub,2825.13
2026-07-30,3,TSU-08,Unit I,VSF Export,2879.88
2026-07-30,3,TSU-09,Unit I,Liveaco Compact,2568.77
2026-07-30,3,TSU-10,Unit I,VSF Export,3389.78
2026-07-30,3,SUL-01,Unit I,VSF Export,688.0
2026-07-30,3,SUL-02,Unit I,Excel Slub,512.09
2026-07-30,3,SUL-03,Unit I,Excel Slub,575.61
2026-07-30,3,SUL-04,Unit I,Liveaco Compact,498.57
2026-07-30,3,SUL-05,Unit I,Excel Slub,527.56
2026-07-31,1,TOY-01,Unit I,Liveaco Compact,4267.93
2026-07-31,1,TOY-02,Unit I,Liveaco Compact,3224.65
2026-07-31,1,TOY-03,Unit I,VSF Export,5200.59
2026-07-31,1,TOY-04,Unit I,Liveaco Compact,4425.76
2026-07-31,1,TOY-05,Unit I,Liveaco Compact,4097.01
2026-07-31,1,TOY-06,Unit I,VSF Export,4497.87
2026-07-31,1,TOY-07,Unit I,Excel Slub,5083.81
2026-07-31,1,TOY-08,Unit I,Excel Slub,3481.92
2026-07-31,1,TOY-09,Unit I,Excel Slub,4396.38
2026-07-31,1,TOY-10,Unit I,Liveaco Compact,4440.66
2026-07-31,1,TOY-11,Unit I,Excel Slub,4857.0
2026-07-31,1,TOY-12,Unit I,VSF Export,4679.84
2026-07-31,1,TOY-13,Unit I,Liveaco Compact,3840.29
2026-07-31,1,TOY-14,Unit I,Excel Slub,4150.12
2026-07-31,1,TOY-15,Unit I,Excel Slub,4536.91
2026-07-31,1,TSU-01,Unit I,VSF Export,3539.05
2026-07-31,1,TSU-02,Unit I,Excel Slub,3118.97
2026-07-31,1,TSU-03,Unit I,VSF Export,3107.92
2026-07-31,1,TSU-04,Unit I,Excel Slub,3034.28
2026-07-31,1,TSU-05,Unit I,Liveaco Compact,2934.03
2026-07-31,1,TSU-06,Unit I,VSF Export,3740.28
2026-07-31,1,TSU-07,Unit I,Liveaco Compact,2710.17
2026-07-31,1,TSU-08,Unit I,Liveaco Compact,3261.03
2026-07-31,1,TSU-09,Unit I,Excel Slub,2727.9
2026-07-31,1,TSU-10,Unit I,VSF Export,3208.77
2026-07-31,1,SUL-01,Unit I,Excel Slub,592.66
2026-07-31,1,SUL-02,Unit I,Excel Slub,614.57
2026-07-31,1,SUL-03,Unit I,Excel Slub,581.36
2026-07-31,1,SUL-04,Unit I,Liveaco Compact,509.5
2026-07-31,1,SUL-05,Unit I,Excel Slub,547.49
2026-07-31,2,TOY-01,Unit I,Liveaco Compact,4454.65
2026-07-31,2,TOY-02,Unit I,VSF Export,3948.11
2026-07-31,2,TOY-03,Unit I,Excel Slub,4578.52
2026-07-31,2,TOY-04,Unit I,Liveaco Compact,3942.59
2026-07-31,2,TOY-05,Unit I,Excel Slub,4428.08
2026-07-31,2,TOY-06,Unit I,Liveaco Compact,3370.37
2026-07-31,2,TOY-07,Unit I,Liveaco Compact,3776.8
2026-07-31,2,TOY-08,Unit I,Excel Slub,3472.91
2026-07-31,2,TOY-09,Unit I,Liveaco Compact,4250.97
2026-07-31,2,TOY-10,Unit I,Liveaco Compact,4618.85
2026-07-31,2,TOY-11,Unit I,Excel Slub,4038.57
2026-07-31,2,TOY-12,Unit I,Excel Slub,4375.58
2026-07-31,2,TOY-13,Unit I,Excel Slub,5058.8
2026-07-31,2,TOY-14,Unit I,Liveaco Compact,4495.29
2026-07-31,2,TOY-15,Unit I,Liveaco Compact,4214.21
2026-07-31,2,TSU-01,Unit I,Excel Slub,2951.11
2026-07-31,2,TSU-02,Unit I,VSF Export,3237.09
2026-07-31,2,TSU-03,Unit I,Liveaco Compact,2799.91
2026-07-31,2,TSU-04,Unit I,VSF Export,3245.82
2026-07-31,2,TSU-05,Unit I,Excel Slub,3110.34
2026-07-31,2,TSU-06,Unit I,Liveaco Compact,2308.25
2026-07-31,2,TSU-07,Unit I,VSF Export,3338.25
2026-07-31,2,TSU-08,Unit I,Excel Slub,2884.0
2026-07-31,2,TSU-09,Unit I,VSF Export,3330.83
2026-07-31,2,TSU-10,Unit I,Liveaco Compact,2795.44
2026-07-31,2,SUL-01,Unit I,Liveaco Compact,495.12
2026-07-31,2,SUL-02,Unit I,Liveaco Compact,456.68
2026-07-31,2,SUL-03,Unit I,VSF Export,564.48
2026-07-31,2,SUL-04,Unit I,Excel Slub,537.56
2026-07-31,2,SUL-05,Unit I,VSF Export,587.66
2026-07-31,3,TOY-01,Unit I,VSF Export,4493.21
2026-07-31,3,TOY-02,Unit I,Excel Slub,3105.46
2026-07-31,3,TOY-03,Unit I,Excel Slub,4312.89
2026-07-31,3,TOY-04,Unit I,Liveaco Compact,3731.94
2026-07-31,3,TOY-05,Unit I,Excel Slub,4552.29
2026-07-31,3,TOY-06,Unit I,Excel Slub,4483.74
2026-07-31,3,TOY-07,Unit I,VSF Export,4715.88
2026-07-31,3,TOY-08,Unit I,VSF Export,4135.18
2026-07-31,3,TOY-09,Unit I,Excel Slub,4175.46
2026-07-31,3,TOY-10,Unit I,Excel Slub,4276.42
2026-07-31,3,TOY-11,Unit I,VSF Export,4164.02
2026-07-31,3,TOY-12,Unit I,Liveaco Compact,4415.91
2026-07-31,3,TOY-13,Unit I,Excel Slub,4718.14
2026-07-31,3,TOY-14,Unit I,Liveaco Compact,4450.65
2026-07-31,3,TOY-15,Unit I,Excel Slub,3754.66
2026-07-31,3,TSU-01,Unit I,Liveaco Compact,2799.06
2026-07-31,3,TSU-02,Unit I,Liveaco Compact,2695.89
2026-07-31,3,TSU-03,Unit I,Liveaco Compact,2647.89
2026-07-31,3,TSU-04,Unit I,Excel Slub,3179.98
2026-07-31,3,TSU-05,Unit I,Liveaco Compact,2661.73
2026-07-31,3,TSU-06,Unit I,VSF Export,3612.23
2026-07-31,3,TSU-07,Unit I,Excel Slub,2787.68
2026-07-31,3,TSU-08,Unit I,VSF Export,3677.76
2026-07-31,3,TSU-09,Unit I,Liveaco Compact,3076.53
2026-07-31,3,TSU-10,Unit I,Excel Slub,2912.51
2026-07-31,3,SUL-01,Unit I,Liveaco Compact,586.12
2026-07-31,3,SUL-02,Unit I,Liveaco Compact,541.31
2026-07-31,3,SUL-03,Unit I,Liveaco Compact,581.67
2026-07-31,3,SUL-04,Unit I,Excel Slub,498.29
2026-07-31,3,SUL-05,Unit I,VSF Export,701.93
2026-08-01,1,TOY-01,Unit I,Excel Slub,4180.26
2026-08-01,1,TOY-02,Unit I,VSF Export,4234.7
2026-08-01,1,TOY-03,Unit I,Excel Slub,4894.06
2026-08-01,1,TOY-04,Unit I,Excel Slub,4148.21
2026-08-01,1,TOY-05,Unit I,VSF Export,4864.2
2026-08-01,1,TOY-06,Unit I,VSF Export,5273.19
2026-08-01,1,TOY-07,Unit I,VSF Export,4488.91
2026-08-01,1,TOY-08,Unit I,Liveaco Compact,3715.0
2026-08-01,1,TOY-09,Unit I,VSF Export,4747.0
2026-08-01,1,TOY-10,Unit I,VSF Export,4901.63
2026-08-01,1,TOY-11,Unit I,VSF Export,5228.62
2026-08-01,1,TOY-12,Unit I,Excel Slub,4431.68
2026-08-01,1,TOY-13,Unit I,Excel Slub,4453.9
2026-08-01,1,TOY-14,Unit I,VSF Export,4473.02
2026-08-01,1,TOY-15,Unit I,Excel Slub,4256.03
2026-08-01,1,TSU-01,Unit I,Excel Slub,3031.55
2026-08-01,1,TSU-02,Unit I,Liveaco Compact,2962.45
2026-08-01,1,TSU-03,Unit I,Excel Slub,3254.44
2026-08-01,1,TSU-04,Unit I,VSF Export,3307.49
2026-08-01,1,TSU-05,Unit I,VSF Export,3714.9
2026-08-01,1,TSU-06,Unit I,VSF Export,3300.78
2026-08-01,1,TSU-07,Unit I,Excel Slub,3356.44
2026-08-01,1,TSU-08,Unit I,Liveaco Compact,3138.55
2026-08-01,1,TSU-09,Unit I,Liveaco Compact,2825.55
2026-08-01,1,TSU-10,Unit I,Excel Slub,2945.32
2026-08-01,1,SUL-01,Unit I,Excel Slub,530.83
2026-08-01,1,SUL-02,Unit I,VSF Export,585.48
2026-08-01,1,SUL-03,Unit I,Liveaco Compact,463.1
2026-08-01,1,SUL-04,Unit I,Excel Slub,553.94
2026-08-01,1,SUL-05,Unit I,VSF Export,655.34
2026-08-01,2,TOY-01,Unit I,VSF Export,4949.64
2026-08-01,2,TOY-02,Unit I,Excel Slub,3636.62
2026-08-01,2,TOY-03,Unit I,Excel Slub,4460.33
2026-08-01,2,TOY-04,Unit I,VSF Export,5094.16
2026-08-01,2,TOY-05,Unit I,VSF Export,4478.57
2026-08-01,2,TOY-06,Unit I,VSF Export,4338.59
2026-08-01,2,TOY-07,Unit I,Excel Slub,4341.04
2026-08-01,2,TOY-08,Unit I,VSF Export,4099.4
2026-08-01,2,TOY-09,Unit I,VSF Export,4522.91
2026-08-01,2,TOY-10,Unit I,Excel Slub,4339.4
2026-08-01,2,TOY-11,Unit I,Liveaco Compact,4410.82
2026-08-01,2,TOY-12,Unit I,Liveaco Compact,4236.27
2026-08-01,2,TOY-13,Unit I,VSF Export,5205.04
2026-08-01,2,TOY-14,Unit I,VSF Export,4632.53
2026-08-01,2,TOY-15,Unit I,Excel Slub,5089.85
2026-08-01,2,TSU-01,Unit I,Liveaco Compact,2864.39
2026-08-01,2,TSU-02,Unit I,Liveaco Compact,2808.1
2026-08-01,2,TSU-03,Unit I,Excel Slub,3475.94
2026-08-01,2,TSU-04,Unit I,Excel Slub,2950.67
2026-08-01,2,TSU-05,Unit I,VSF Export,2821.02
2026-08-01,2,TSU-06,Unit I,VSF Export,3256.58
2026-08-01,2,TSU-07,Unit I,Liveaco Compact,2705.56
2026-08-01,2,TSU-08,Unit I,Liveaco Compact,2412.12
2026-08-01,2,TSU-09,Unit I,Excel Slub,3090.6
2026-08-01,2,TSU-10,Unit I,VSF Export,3003.85
2026-08-01,2,SUL-01,Unit I,Excel Slub,582.82
2026-08-01,2,SUL-02,Unit I,Liveaco Compact,511.53
2026-08-01,2,SUL-03,Unit I,Excel Slub,515.83
2026-08-01,2,SUL-04,Unit I,Liveaco Compact,568.11
2026-08-01,2,SUL-05,Unit I,Excel Slub,627.94
2026-08-01,3,TOY-01,Unit I,Excel Slub,4108.17
2026-08-01,3,TOY-02,Unit I,Liveaco Compact,3491.19
2026-08-01,3,TOY-03,Unit I,VSF Export,4903.84
2026-08-01,3,TOY-04,Unit I,VSF Export,4705.03
2026-08-01,3,TOY-05,Unit I,Liveaco Compact,3932.28
2026-08-01,3,TOY-06,Unit I,VSF Export,5710.02
2026-08-01,3,TOY-07,Unit I,Excel Slub,3728.21
2026-08-01,3,TOY-08,Unit I,Liveaco Compact,3601.85
2026-08-01,3,TOY-09,Unit I,Liveaco Compact,3790.99
2026-08-01,3,TOY-10,Unit I,VSF Export,4754.73
2026-08-01,3,TOY-11,Unit I,Excel Slub,4135.28
2026-08-01,3,TOY-12,Unit I,Liveaco Compact,3646.67
2026-08-01,3,TOY-13,Unit I,VSF Export,4683.26
2026-08-01,3,TOY-14,Unit I,Liveaco Compact,3766.62
2026-08-01,3,TOY-15,Unit I,Excel Slub,4017.85
2026-08-01,3,TSU-01,Unit I,VSF Export,3628.33
2026-08-01,3,TSU-02,Unit I,Liveaco Compact,2975.49
2026-08-01,3,TSU-03,Unit I,Liveaco Compact,2839.53
2026-08-01,3,TSU-04,Unit I,VSF Export,3446.7
2026-08-01,3,TSU-05,Unit I,Excel Slub,3337.5
2026-08-01,3,TSU-06,Unit I,VSF Export,3291.51
2026-08-01,3,TSU-07,Unit I,Excel Slub,3165.5
2026-08-01,3,TSU-08,Unit I,Excel Slub,2982.5
2026-08-01,3,TSU-09,Unit I,VSF Export,3102.0
2026-08-01,3,TSU-10,Unit I,VSF Export,3298.88
2026-08-01,3,SUL-01,Unit I,VSF Export,538.58
2026-08-01,3,SUL-02,Unit I,Excel Slub,498.43
2026-08-01,3,SUL-03,Unit I,Liveaco Compact,507.86
2026-08-01,3,SUL-04,Unit I,Excel Slub,525.99
2026-08-01,3,SUL-05,Unit I,VSF Export,618.95
2026-08-02,1,TOY-01,Unit I,Liveaco Compact,3546.12
2026-08-02,1,TOY-02,Unit I,VSF Export,4342.18
2026-08-02,1,TOY-03,Unit I,Liveaco Compact,4290.58
2026-08-02,1,TOY-04,Unit I,Liveaco Compact,4139.38
2026-08-02,1,TOY-05,Unit I,VSF Export,4725.13
2026-08-02,1,TOY-06,Unit I,Liveaco Compact,3932.25
2026-08-02,1,TOY-07,Unit I,VSF Export,4461.12
2026-08-02,1,TOY-08,Unit I,VSF Export,4550.44
2026-08-02,1,TOY-09,Unit I,VSF Export,5106.23
2026-08-02,1,TOY-10,Unit I,Excel Slub,4303.89
2026-08-02,1,TOY-11,Unit I,VSF Export,5613.92
2026-08-02,1,TOY-12,Unit I,Excel Slub,4765.96
2026-08-02,1,TOY-13,Unit I,VSF Export,4701.51
2026-08-02,1,TOY-14,Unit I,VSF Export,4727.7
2026-08-02,1,TOY-15,Unit I,Liveaco Compact,4455.48
2026-08-02,1,TSU-01,Unit I,Liveaco Compact,3057.28
2026-08-02,1,TSU-02,Unit I,VSF Export,3670.88
2026-08-02,1,TSU-03,Unit I,Liveaco Compact,2976.16
2026-08-02,1,TSU-04,Unit I,Excel Slub,2979.41
2026-08-02,1,TSU-05,Unit I,Liveaco Compact,2491.01
2026-08-02,1,TSU-06,Unit I,Liveaco Compact,2584.65
2026-08-02,1,TSU-07,Unit I,Liveaco Compact,3003.72
2026-08-02,1,TSU-08,Unit I,Excel Slub,2856.12
2026-08-02,1,TSU-09,Unit I,Liveaco Compact,2919.14
2026-08-02,1,TSU-10,Unit I,Liveaco Compact,3035.24
2026-08-02,1,SUL-01,Unit I,Liveaco Compact,472.13
2026-08-02,1,SUL-02,Unit I,Liveaco Compact,497.42
2026-08-02,1,SUL-03,Unit I,Excel Slub,579.75
2026-08-02,1,SUL-04,Unit I,Liveaco Compact,509.94
2026-08-02,1,SUL-05,Unit I,Liveaco Compact,565.84
2026-08-02,2,TOY-01,Unit I,VSF Export,5512.3
2026-08-02,2,TOY-02,Unit I,Liveaco Compact,3073.36
2026-08-02,2,TOY-03,Unit I,Excel Slub,4052.92
2026-08-02,2,TOY-04,Unit I,Excel Slub,4427.91
2026-08-02,2,TOY-05,Unit I,Liveaco Compact,3774.08
2026-08-02,2,TOY-06,Unit I,VSF Export,4925.29
2026-08-02,2,TOY-07,Unit I,VSF Export,4865.63
2026-08-02,2,TOY-08,Unit I,Liveaco Compact,3109.83
2026-08-02,2,TOY-09,Unit I,Excel Slub,4442.2
2026-08-02,2,TOY-10,Unit I,Liveaco Compact,4067.0
2026-08-02,2,TOY-11,Unit I,Excel Slub,4534.1
2026-08-02,2,TOY-12,Unit I,Excel Slub,4785.51
2026-08-02,2,TOY-13,Unit I,Excel Slub,4609.29
2026-08-02,2,TOY-14,Unit I,Excel Slub,4568.66
2026-08-02,2,TOY-15,Unit I,Liveaco Compact,4154.22
2026-08-02,2,TSU-01,Unit I,Excel Slub,3239.33
2026-08-02,2,TSU-02,Unit I,VSF Export,3272.51
2026-08-02,2,TSU-03,Unit I,Liveaco Compact,2677.51
2026-08-02,2,TSU-04,Unit I,Liveaco Compact,2364.71
2026-08-02,2,TSU-05,Unit I,Excel Slub,3173.9
2026-08-02,2,TSU-06,Unit I,Excel Slub,2986.34
2026-08-02,2,TSU-07,Unit I,VSF Export,3559.43
2026-08-02,2,TSU-08,Unit I,Excel Slub,2683.43
2026-08-02,2,TSU-09,Unit I,Excel Slub,2856.14
2026-08-02,2,TSU-10,Unit I,Liveaco Compact,2653.75
2026-08-02,2,SUL-01,Unit I,Liveaco Compact,512.12
2026-08-02,2,SUL-02,Unit I,VSF Export,617.49
2026-08-02,2,SUL-03,Unit I,VSF Export,634.63
2026-08-02,2,SUL-04,Unit I,Excel Slub,504.08
2026-08-02,2,SUL-05,Unit I,Liveaco Compact,480.83
2026-08-02,3,TOY-01,Unit I,Excel Slub,4465.12
2026-08-02,3,TOY-02,Unit I,VSF Export,3957.9
2026-08-02,3,TOY-03,Unit I,Liveaco Compact,4081.5
2026-08-02,3,TOY-04,Unit I,VSF Export,4658.29
2026-08-02,3,TOY-05,Unit I,Excel Slub,4271.73
2026-08-02,3,TOY-06,Unit I,VSF Export,5042.9
2026-08-02,3,TOY-07,Unit I,Excel Slub,4459.47
2026-08-02,3,TOY-08,Unit I,VSF Export,3952.31
2026-08-02,3,TOY-09,Unit I,Excel Slub,4203.41
2026-08-02,3,TOY-10,Unit I,Excel Slub,4233.78
2026-08-02,3,TOY-11,Unit I,Excel Slub,4517.38
2026-08-02,3,TOY-12,Unit I,VSF Export,5025.89
2026-08-02,3,TOY-13,Unit I,VSF Export,4988.59
2026-08-02,3,TOY-14,Unit I,Liveaco Compact,3372.6
2026-08-02,3,TOY-15,Unit I,Excel Slub,4650.71
2026-08-02,3,TSU-01,Unit I,Excel Slub,2695.64
2026-08-02,3,TSU-02,Unit I,Liveaco Compact,2977.21
2026-08-02,3,TSU-03,Unit I,Excel Slub,2887.43
2026-08-02,3,TSU-04,Unit I,VSF Export,3037.0
2026-08-02,3,TSU-05,Unit I,VSF Export,3286.96
2026-08-02,3,TSU-06,Unit I,Liveaco Compact,2738.4
2026-08-02,3,TSU-07,Unit I,VSF Export,3586.42
2026-08-02,3,TSU-08,Unit I,Excel Slub,2817.57
2026-08-02,3,TSU-09,Unit I,VSF Export,3657.7
2026-08-02,3,TSU-10,Unit I,Liveaco Compact,2795.9
2026-08-02,3,SUL-01,Unit I,VSF Export,568.76
2026-08-02,3,SUL-02,Unit I,Liveaco Compact,567.09
2026-08-02,3,SUL-03,Unit I,Liveaco Compact,522.38
2026-08-02,3,SUL-04,Unit I,Liveaco Compact,556.71
2026-08-02,3,SUL-05,Unit I,Liveaco Compact,464.81
2026-08-03,1,TOY-01,Unit I,Excel Slub,4553.98
2026-08-03,1,TOY-02,Unit I,VSF Export,3737.67
2026-08-03,1,TOY-03,Unit I,Excel Slub,4038.85
2026-08-03,1,TOY-04,Unit I,VSF Export,4621.79
2026-08-03,1,TOY-05,Unit I,Liveaco Compact,4455.42
2026-08-03,1,TOY-06,Unit I,Excel Slub,3967.54
2026-08-03,1,TOY-07,Unit I,Liveaco Compact,3994.44
2026-08-03,1,TOY-08,Unit I,Liveaco Compact,3772.22
2026-08-03,1,TOY-09,Unit I,Excel Slub,4472.08
2026-08-03,1,TOY-10,Unit I,VSF Export,5712.1
2026-08-03,1,TOY-11,Unit I,VSF Export,4852.25
2026-08-03,1,TOY-12,Unit I,Liveaco Compact,3965.38
2026-08-03,1,TOY-13,Unit I,VSF Export,5278.03
2026-08-03,1,TOY-14,Unit I,Excel Slub,4547.54
2026-08-03,1,TOY-15,Unit I,Liveaco Compact,4285.49
2026-08-03,1,TSU-01,Unit I,Excel Slub,2944.47
2026-08-03,1,TSU-02,Unit I,Excel Slub,3085.46
2026-08-03,1,TSU-03,Unit I,Excel Slub,3213.38
2026-08-03,1,TSU-04,Unit I,VSF Export,3556.75
2026-08-03,1,TSU-05,Unit I,Excel Slub,3481.4
2026-08-03,1,TSU-06,Unit I,Liveaco Compact,2765.72
2026-08-03,1,TSU-07,Unit I,Liveaco Compact,2639.06
2026-08-03,1,TSU-08,Unit I,Liveaco Compact,2502.39
2026-08-03,1,TSU-09,Unit I,VSF Export,3340.42
2026-08-03,1,TSU-10,Unit I,VSF Export,3459.94
2026-08-03,1,SUL-01,Unit I,Excel Slub,506.13
2026-08-03,1,SUL-02,Unit I,Excel Slub,623.85
2026-08-03,1,SUL-03,Unit I,VSF Export,578.74
2026-08-03,1,SUL-04,Unit I,Excel Slub,544.13
2026-08-03,1,SUL-05,Unit I,VSF Export,476.15
2026-08-03,2,TOY-01,Unit I,Excel Slub,4547.07
2026-08-03,2,TOY-02,Unit I,Excel Slub,3314.03
2026-08-03,2,TOY-03,Unit I,Liveaco Compact,4134.99
2026-08-03,2,TOY-04,Unit I,VSF Export,5317.45
2026-08-03,2,TOY-05,Unit I,VSF Export,4632.39
2026-08-03,2,TOY-06,Unit I,Excel Slub,5086.94
2026-08-03,2,TOY-07,Unit I,VSF Export,5352.7
2026-08-03,2,TOY-08,Unit I,Excel Slub,3454.82
2026-08-03,2,TOY-09,Unit I,Excel Slub,4381.95
2026-08-03,2,TOY-10,Unit I,Excel Slub,4211.26
2026-08-03,2,TOY-11,Unit I,VSF Export,4556.43
2026-08-03,2,TOY-12,Unit I,Liveaco Compact,3775.03
2026-08-03,2,TOY-13,Unit I,Excel Slub,4215.24
2026-08-03,2,TOY-14,Unit I,Liveaco Compact,3583.45
2026-08-03,2,TOY-15,Unit I,VSF Export,4706.02
2026-08-03,2,TSU-01,Unit I,Liveaco Compact,2418.32
2026-08-03,2,TSU-02,Unit I,Liveaco Compact,2938.74
2026-08-03,2,TSU-03,Unit I,Liveaco Compact,2999.06
2026-08-03,2,TSU-04,Unit I,Liveaco Compact,2944.26
2026-08-03,2,TSU-05,Unit I,Liveaco Compact,3047.28
2026-08-03,2,TSU-06,Unit I,VSF Export,3575.82
2026-08-03,2,TSU-07,Unit I,VSF Export,3050.68
2026-08-03,2,TSU-08,Unit I,Liveaco Compact,2806.86
2026-08-03,2,TSU-09,Unit I,Liveaco Compact,2583.29
2026-08-03,2,TSU-10,Unit I,Liveaco Compact,2990.83
2026-08-03,2,SUL-01,Unit I,Liveaco Compact,520.74
2026-08-03,2,SUL-02,Unit I,Excel Slub,530.04
2026-08-03,2,SUL-03,Unit I,Excel Slub,549.95
2026-08-03,2,SUL-04,Unit I,Liveaco Compact,560.34
2026-08-03,2,SUL-05,Unit I,Liveaco Compact,479.5
2026-08-03,3,TOY-01,Unit I,Liveaco Compact,4514.82
2026-08-03,3,TOY-02,Unit I,VSF Export,4832.27
2026-08-03,3,TOY-03,Unit I,Liveaco Compact,3632.36
2026-08-03,3,TOY-04,Unit I,VSF Export,4960.45
2026-08-03,3,TOY-05,Unit I,Excel Slub,4960.9
2026-08-03,3,TOY-06,Unit I,Liveaco Compact,4171.57
2026-08-03,3,TOY-07,Unit I,Excel Slub,4893.32
2026-08-03,3,TOY-08,Unit I,Excel Slub,4439.76
2026-08-03,3,TOY-09,Unit I,VSF Export,5289.46
2026-08-03,3,TOY-10,Unit I,Excel Slub,4581.92
2026-08-03,3,TOY-11,Unit I,Excel Slub,4581.89
2026-08-03,3,TOY-12,Unit I,Liveaco Compact,4258.69
2026-08-03,3,TOY-13,Unit I,Excel Slub,4023.42
2026-08-03,3,TOY-14,Unit I,Liveaco Compact,3726.5
2026-08-03,3,TOY-15,Unit I,VSF Export,4838.4
2026-08-03,3,TSU-01,Unit I,Liveaco Compact,2561.27
2026-08-03,3,TSU-02,Unit I,Excel Slub,2656.42
2026-08-03,3,TSU-03,Unit I,Excel Slub,2724.94
2026-08-03,3,TSU-04,Unit I,VSF Export,3400.97
2026-08-03,3,TSU-05,Unit I,Liveaco Compact,2799.62
2026-08-03,3,TSU-06,Unit I,VSF Export,3934.3
2026-08-03,3,TSU-07,Unit I,VSF Export,3540.47
2026-08-03,3,TSU-08,Unit I,VSF Export,3548.57
2026-08-03,3,TSU-09,Unit I,VSF Export,3840.64
2026-08-03,3,TSU-10,Unit I,Liveaco Compact,3228.2
2026-08-03,3,SUL-01,Unit I,VSF Export,572.61
2026-08-03,3,SUL-02,Unit I,VSF Export,567.98
2026-08-03,3,SUL-03,Unit I,Liveaco Compact,512.51
2026-08-03,3,SUL-04,Unit I,Excel Slub,549.25
2026-08-03,3,SUL-05,Unit I,Liveaco Compact,502.15
2026-08-04,1,TOY-01,Unit I,VSF Export,5051.71
2026-08-04,1,TOY-02,Unit I,VSF Export,3574.23
2026-08-04,1,TOY-03,Unit I,VSF Export,5110.93
2026-08-04,1,TOY-04,Unit I,Liveaco Compact,4441.69
2026-08-04,1,TOY-05,Unit I,VSF Export,5034.61
2026-08-04,1,TOY-06,Unit I,Excel Slub,4404.85
2026-08-04,1,TOY-07,Unit I,VSF Export,4771.94
2026-08-04,1,TOY-08,Unit I,Excel Slub,3479.94
2026-08-04,1,TOY-09,Unit I,VSF Export,4598.05
2026-08-04,1,TOY-10,Unit I,Excel Slub,4664.23
2026-08-04,1,TOY-11,Unit I,Liveaco Compact,4713.33
2026-08-04,1,TOY-12,Unit I,Liveaco Compact,4342.36
2026-08-04,1,TOY-13,Unit I,Excel Slub,3992.81
2026-08-04,1,TOY-14,Unit I,Liveaco Compact,4123.91
2026-08-04,1,TOY-15,Unit I,Liveaco Compact,3917.57
2026-08-04,1,TSU-01,Unit I,VSF Export,3180.02
2026-08-04,1,TSU-02,Unit I,Liveaco Compact,2703.91
2026-08-04,1,TSU-03,Unit I,Excel Slub,3282.13
2026-08-04,1,TSU-04,Unit I,Excel Slub,2892.91
2026-08-04,1,TSU-05,Unit I,VSF Export,3726.22
2026-08-04,1,TSU-06,Unit I,VSF Export,3521.61
2026-08-04,1,TSU-07,Unit I,Excel Slub,2992.4
2026-08-04,1,TSU-08,Unit I,VSF Export,3347.46
2026-08-04,1,TSU-09,Unit I,Excel Slub,3147.56
2026-08-04,1,TSU-10,Unit I,VSF Export,3741.17
2026-08-04,1,SUL-01,Unit I,Excel Slub,559.63
2026-08-04,1,SUL-02,Unit I,VSF Export,691.73
2026-08-04,1,SUL-03,Unit I,VSF Export,682.04
2026-08-04,1,SUL-04,Unit I,Excel Slub,507.57
2026-08-04,1,SUL-05,Unit I,Excel Slub,572.53
2026-08-04,2,TOY-01,Unit I,Liveaco Compact,4538.72
2026-08-04,2,TOY-02,Unit I,VSF Export,3983.62
2026-08-04,2,TOY-03,Unit I,Excel Slub,3961.72
2026-08-04,2,TOY-04,Unit I,VSF Export,4997.88
2026-08-04,2,TOY-05,Unit I,VSF Export,4796.58
2026-08-04,2,TOY-06,Unit I,Liveaco Compact,4192.08
2026-08-04,2,TOY-07,Unit I,Liveaco Compact,3653.3
2026-08-04,2,TOY-08,Unit I,VSF Export,3909.8
2026-08-04,2,TOY-09,Unit I,Liveaco Compact,3650.02
2026-08-04,2,TOY-10,Unit I,Excel Slub,4436.89
2026-08-04,2,TOY-11,Unit I,Liveaco Compact,4024.54
2026-08-04,2,TOY-12,Unit I,Excel Slub,4339.63
2026-08-04,2,TOY-13,Unit I,Liveaco Compact,4189.88
2026-08-04,2,TOY-14,Unit I,Liveaco Compact,4346.82
2026-08-04,2,TOY-15,Unit I,VSF Export,4801.53
2026-08-04,2,TSU-01,Unit I,Liveaco Compact,2959.21
2026-08-04,2,TSU-02,Unit I,VSF Export,3487.29
2026-08-04,2,TSU-03,Unit I,Excel Slub,2867.39
2026-08-04,2,TSU-04,Unit I,VSF Export,3284.21
2026-08-04,2,TSU-05,Unit I,Excel Slub,2993.64
2026-08-04,2,TSU-06,Unit I,Liveaco Compact,2931.38
2026-08-04,2,TSU-07,Unit I,VSF Export,3373.37
2026-08-04,2,TSU-08,Unit I,VSF Export,3380.2
2026-08-04,2,TSU-09,Unit I,Excel Slub,3226.3
2026-08-04,2,TSU-10,Unit I,Liveaco Compact,2353.68
2026-08-04,2,SUL-01,Unit I,VSF Export,641.41
2026-08-04,2,SUL-02,Unit I,VSF Export,681.81
2026-08-04,2,SUL-03,Unit I,Liveaco Compact,515.34
2026-08-04,2,SUL-04,Unit I,VSF Export,591.94
2026-08-04,2,SUL-05,Unit I,Liveaco Compact,488.91
2026-08-04,3,TOY-01,Unit I,Excel Slub,4531.13
2026-08-04,3,TOY-02,Unit I,VSF Export,4660.17
2026-08-04,3,TOY-03,Unit I,Liveaco Compact,4159.08
2026-08-04,3,TOY-04,Unit I,Excel Slub,4144.01
2026-08-04,3,TOY-05,Unit I,Excel Slub,4373.38
2026-08-04,3,TOY-06,Unit I,Liveaco Compact,4001.99
2026-08-04,3,TOY-07,Unit I,Excel Slub,4004.03
2026-08-04,3,TOY-08,Unit I,VSF Export,3901.78
2026-08-04,3,TOY-09,Unit I,Excel Slub,4350.16
2026-08-04,3,TOY-10,Unit I,Liveaco Compact,4300.88
2026-08-04,3,TOY-11,Unit I,VSF Export,5271.32
2026-08-04,3,TOY-12,Unit I,Excel Slub,4175.58
2026-08-04,3,TOY-13,Unit I,VSF Export,4464.92
2026-08-04,3,TOY-14,Unit I,Liveaco Compact,4227.97
2026-08-04,3,TOY-15,Unit I,VSF Export,5315.55
2026-08-04,3,TSU-01,Unit I,VSF Export,3712.09
2026-08-04,3,TSU-02,Unit I,Excel Slub,2952.36
2026-08-04,3,TSU-03,Unit I,VSF Export,3014.78
2026-08-04,3,TSU-04,Unit I,VSF Export,3306.26
2026-08-04,3,TSU-05,Unit I,Liveaco Compact,2691.33
2026-08-04,3,TSU-06,Unit I,VSF Export,3272.11
2026-08-04,3,TSU-07,Unit I,Liveaco Compact,2699.66
2026-08-04,3,TSU-08,Unit I,VSF Export,3648.34
2026-08-04,3,TSU-09,Unit I,Liveaco Compact,2922.6
2026-08-04,3,TSU-10,Unit I,Liveaco Compact,2803.01
2026-08-04,3,SUL-01,Unit I,Excel Slub,523.79
2026-08-04,3,SUL-02,Unit I,VSF Export,632.84
2026-08-04,3,SUL-03,Unit I,Liveaco Compact,488.8
2026-08-04,3,SUL-04,Unit I,Excel Slub,555.82
2026-08-04,3,SUL-05,Unit I,VSF Export,608.9
2026-08-05,1,TOY-01,Unit I,VSF Export,5169.75
2026-08-05,1,TOY-02,Unit I,Excel Slub,3783.21
2026-08-05,1,TOY-03,Unit I,Liveaco Compact,3861.21
2026-08-05,1,TOY-04,Unit I,Excel Slub,4695.37
2026-08-05,1,TOY-05,Unit I,Excel Slub,4882.74
2026-08-05,1,TOY-06,Unit I,Liveaco Compact,4014.93
2026-08-05,1,TOY-07,Unit I,VSF Export,5229.12
2026-08-05,1,TOY-08,Unit I,VSF Export,3862.68
2026-08-05,1,TOY-09,Unit I,VSF Export,4575.09
2026-08-05,1,TOY-10,Unit I,VSF Export,4754.11
2026-08-05,1,TOY-11,Unit I,Liveaco Compact,4440.07
2026-08-05,1,TOY-12,Unit I,Excel Slub,4134.53
2026-08-05,1,TOY-13,Unit I,Excel Slub,4542.93
2026-08-05,1,TOY-14,Unit I,Liveaco Compact,3930.38
2026-08-05,1,TOY-15,Unit I,VSF Export,5006.27
2026-08-05,1,TSU-01,Unit I,Liveaco Compact,2686.76
2026-08-05,1,TSU-02,Unit I,VSF Export,2661.26
2026-08-05,1,TSU-03,Unit I,Excel Slub,3086.93
2026-08-05,1,TSU-04,Unit I,Liveaco Compact,2737.37
2026-08-05,1,TSU-05,Unit I,VSF Export,3385.19
2026-08-05,1,TSU-06,Unit I,Excel Slub,3274.2
2026-08-05,1,TSU-07,Unit I,Liveaco Compact,2685.78
2026-08-05,1,TSU-08,Unit I,VSF Export,3774.01
2026-08-05,1,TSU-09,Unit I,VSF Export,3195.15
2026-08-05,1,TSU-10,Unit I,Excel Slub,2852.89
2026-08-05,1,SUL-01,Unit I,Liveaco Compact,505.34
2026-08-05,1,SUL-02,Unit I,Liveaco Compact,553.66
2026-08-05,1,SUL-03,Unit I,Excel Slub,565.62
2026-08-05,1,SUL-04,Unit I,VSF Export,513.8
2026-08-05,1,SUL-05,Unit I,Excel Slub,582.95
2026-08-05,2,TOY-01,Unit I,Liveaco Compact,4088.07
2026-08-05,2,TOY-02,Unit I,VSF Export,3864.11
2026-08-05,2,TOY-03,Unit I,Excel Slub,4040.34
2026-08-05,2,TOY-04,Unit I,Excel Slub,4307.81
2026-08-05,2,TOY-05,Unit I,VSF Export,5434.55
2026-08-05,2,TOY-06,Unit I,Excel Slub,4635.99
2026-08-05,2,TOY-07,Unit I,Excel Slub,4604.13
2026-08-05,2,TOY-08,Unit I,Excel Slub,3444.47
2026-08-05,2,TOY-09,Unit I,VSF Export,4876.72
2026-08-05,2,TOY-10,Unit I,Excel Slub,4804.9
2026-08-05,2,TOY-11,Unit I,Liveaco Compact,3907.76
2026-08-05,2,TOY-12,Unit I,Excel Slub,4912.43
2026-08-05,2,TOY-13,Unit I,Excel Slub,4117.51
2026-08-05,2,TOY-14,Unit I,VSF Export,5495.11
2026-08-05,2,TOY-15,Unit I,Excel Slub,4486.88
2026-08-05,2,TSU-01,Unit I,Excel Slub,3040.54
2026-08-05,2,TSU-02,Unit I,Excel Slub,2826.8
2026-08-05,2,TSU-03,Unit I,Excel Slub,3075.63
2026-08-05,2,TSU-04,Unit I,VSF Export,3104.11
2026-08-05,2,TSU-05,Unit I,VSF Export,3319.62
2026-08-05,2,TSU-06,Unit I,Excel Slub,3135.14
2026-08-05,2,TSU-07,Unit I,Liveaco Compact,2897.89
2026-08-05,2,TSU-08,Unit I,VSF Export,3022.05
2026-08-05,2,TSU-09,Unit I,Liveaco Compact,2729.83
2026-08-05,2,TSU-10,Unit I,VSF Export,3202.23
2026-08-05,2,SUL-01,Unit I,VSF Export,625.15
2026-08-05,2,SUL-02,Unit I,Liveaco Compact,496.64
2026-08-05,2,SUL-03,Unit I,Liveaco Compact,450.56
2026-08-05,2,SUL-04,Unit I,Excel Slub,602.06
2026-08-05,2,SUL-05,Unit I,VSF Export,710.38
2026-08-05,3,TOY-01,Unit I,Liveaco Compact,3863.26
2026-08-05,3,TOY-02,Unit I,Liveaco Compact,3701.59
2026-08-05,3,TOY-03,Unit I,VSF Export,4776.7
2026-08-05,3,TOY-04,Unit I,Liveaco Compact,3745.78
2026-08-05,3,TOY-05,Unit I,Excel Slub,4522.48
2026-08-05,3,TOY-06,Unit I,VSF Export,4941.39
2026-08-05,3,TOY-07,Unit I,VSF Export,4722.84
2026-08-05,3,TOY-08,Unit I,Excel Slub,3724.3
2026-08-05,3,TOY-09,Unit I,Liveaco Compact,3972.66
2026-08-05,3,TOY-10,Unit I,Excel Slub,4804.13
2026-08-05,3,TOY-11,Unit I,VSF Export,5334.54
2026-08-05,3,TOY-12,Unit I,VSF Export,5399.44
2026-08-05,3,TOY-13,Unit I,Liveaco Compact,4223.54
2026-08-05,3,TOY-14,Unit I,VSF Export,4585.46
2026-08-05,3,TOY-15,Unit I,VSF Export,4886.71
2026-08-05,3,TSU-01,Unit I,VSF Export,3133.27
2026-08-05,3,TSU-02,Unit I,Excel Slub,3396.61
2026-08-05,3,TSU-03,Unit I,Excel Slub,2963.34
2026-08-05,3,TSU-04,Unit I,Excel Slub,3086.42
2026-08-05,3,TSU-05,Unit I,Excel Slub,2966.06
2026-08-05,3,TSU-06,Unit I,VSF Export,2694.76
2026-08-05,3,TSU-07,Unit I,Excel Slub,2851.13
2026-08-05,3,TSU-08,Unit I,Excel Slub,3297.15
2026-08-05,3,TSU-09,Unit I,Excel Slub,3369.26
2026-08-05,3,TSU-10,Unit I,Excel Slub,3001.52
2026-08-05,3,SUL-01,Unit I,Excel Slub,584.06
2026-08-05,3,SUL-02,Unit I,Liveaco Compact,560.82
2026-08-05,3,SUL-03,Unit I,Liveaco Compact,550.43
2026-08-05,3,SUL-04,Unit I,Excel Slub,493.41
2026-08-05,3,SUL-05,Unit I,Liveaco Compact,535.47
2026-08-06,1,TOY-01,Unit I,Excel Slub,4744.49
2026-08-06,1,TOY-02,Unit I,Excel Slub,3834.29
2026-08-06,1,TOY-03,Unit I,Liveaco Compact,4660.67
2026-08-06,1,TOY-04,Unit I,Excel Slub,4950.88
2026-08-06,1,TOY-05,Unit I,Liveaco Compact,4045.23
2026-08-06,1,TOY-06,Unit I,Liveaco Compact,3705.18
2026-08-06,1,TOY-07,Unit I,VSF Export,5019.34
2026-08-06,1,TOY-08,Unit I,Liveaco Compact,3753.58
2026-08-06,1,TOY-09,Unit I,Liveaco Compact,3798.18
2026-08-06,1,TOY-10,Unit I,Liveaco Compact,4018.1
2026-08-06,1,TOY-11,Unit I,VSF Export,4914.7
2026-08-06,1,TOY-12,Unit I,VSF Export,4449.27
2026-08-06,1,TOY-13,Unit I,Liveaco Compact,4195.5
2026-08-06,1,TOY-14,Unit I,Excel Slub,4301.63
2026-08-06,1,TOY-15,Unit I,VSF Export,4522.04
2026-08-06,1,TSU-01,Unit I,VSF Export,3349.66
2026-08-06,1,TSU-02,Unit I,Liveaco Compact,2747.69
2026-08-06,1,TSU-03,Unit I,Liveaco Compact,2541.06
2026-08-06,1,TSU-04,Unit I,Liveaco Compact,2965.23
2026-08-06,1,TSU-05,Unit I,Excel Slub,2985.53
2026-08-06,1,TSU-06,Unit I,Excel Slub,2517.95
2026-08-06,1,TSU-07,Unit I,Excel Slub,3216.24
2026-08-06,1,TSU-08,Unit I,VSF Export,3321.21
2026-08-06,1,TSU-09,Unit I,VSF Export,3798.7
2026-08-06,1,TSU-10,Unit I,VSF Export,3595.71
2026-08-06,1,SUL-01,Unit I,Excel Slub,601.37
2026-08-06,1,SUL-02,Unit I,VSF Export,597.92
2026-08-06,1,SUL-03,Unit I,Liveaco Compact,549.05
2026-08-06,1,SUL-04,Unit I,VSF Export,612.11
2026-08-06,1,SUL-05,Unit I,Liveaco Compact,533.57
2026-08-06,2,TOY-01,Unit I,Liveaco Compact,3939.56
2026-08-06,2,TOY-02,Unit I,VSF Export,4130.58
2026-08-06,2,TOY-03,Unit I,Excel Slub,4345.81
2026-08-06,2,TOY-04,Unit I,VSF Export,5486.19
2026-08-06,2,TOY-05,Unit I,VSF Export,4915.43
2026-08-06,2,TOY-06,Unit I,Excel Slub,4976.62
2026-08-06,2,TOY-07,Unit I,Excel Slub,3477.26
2026-08-06,2,TOY-08,Unit I,Liveaco Compact,3643.05
2026-08-06,2,TOY-09,Unit I,Excel Slub,4243.99
2026-08-06,2,TOY-10,Unit I,Excel Slub,4508.29
2026-08-06,2,TOY-11,Unit I,Liveaco Compact,4054.2
2026-08-06,2,TOY-12,Unit I,VSF Export,4302.62
2026-08-06,2,TOY-13,Unit I,Excel Slub,4393.29
2026-08-06,2,TOY-14,Unit I,VSF Export,4933.44
2026-08-06,2,TOY-15,Unit I,Excel Slub,4564.69
2026-08-06,2,TSU-01,Unit I,Excel Slub,3200.76
2026-08-06,2,TSU-02,Unit I,Excel Slub,3224.74
2026-08-06,2,TSU-03,Unit I,Liveaco Compact,2795.27
2026-08-06,2,TSU-04,Unit I,VSF Export,3236.06
2026-08-06,2,TSU-05,Unit I,VSF Export,3222.51
2026-08-06,2,TSU-06,Unit I,Excel Slub,2925.13
2026-08-06,2,TSU-07,Unit I,VSF Export,3001.04
2026-08-06,2,TSU-08,Unit I,Excel Slub,2960.86
2026-08-06,2,TSU-09,Unit I,Excel Slub,2895.26
2026-08-06,2,TSU-10,Unit I,VSF Export,3449.2
2026-08-06,2,SUL-01,Unit I,VSF Export,643.06
2026-08-06,2,SUL-02,Unit I,Liveaco Compact,498.66
2026-08-06,2,SUL-03,Unit I,Excel Slub,571.34
2026-08-06,2,SUL-04,Unit I,VSF Export,610.32
2026-08-06,2,SUL-05,Unit I,Liveaco Compact,488.39
2026-08-06,3,TOY-01,Unit I,Excel Slub,4719.93
2026-08-06,3,TOY-02,Unit I,VSF Export,3868.94
2026-08-06,3,TOY-03,Unit I,Liveaco Compact,3883.8
2026-08-06,3,TOY-04,Unit I,VSF Export,4582.94
2026-08-06,3,TOY-05,Unit I,Liveaco Compact,4177.37
2026-08-06,3,TOY-06,Unit I,VSF Export,4645.33
2026-08-06,3,TOY-07,Unit I,Excel Slub,4224.0
2026-08-06,3,TOY-08,Unit I,VSF Export,3958.26
2026-08-06,3,TOY-09,Unit I,VSF Export,5247.98
2026-08-06,3,TOY-10,Unit I,Liveaco Compact,4622.48
2026-08-06,3,TOY-11,Unit I,Excel Slub,4210.06
2026-08-06,3,TOY-12,Unit I,Excel Slub,3998.35
2026-08-06,3,TOY-13,Unit I,Excel Slub,4294.66
2026-08-06,3,TOY-14,Unit I,Excel Slub,5017.6
2026-08-06,3,TOY-15,Unit I,VSF Export,5085.39
2026-08-06,3,TSU-01,Unit I,Liveaco Compact,2650.1
2026-08-06,3,TSU-02,Unit I,Excel Slub,3193.57
2026-08-06,3,TSU-03,Unit I,Liveaco Compact,3157.62
2026-08-06,3,TSU-04,Unit I,Excel Slub,2963.25
2026-08-06,3,TSU-05,Unit I,VSF Export,3305.98
2026-08-06,3,TSU-06,Unit I,Liveaco Compact,2517.84
2026-08-06,3,TSU-07,Unit I,VSF Export,2994.14
2026-08-06,3,TSU-08,Unit I,Liveaco Compact,3030.57
2026-08-06,3,TSU-09,Unit I,VSF Export,3408.98
2026-08-06,3,TSU-10,Unit I,Excel Slub,2649.32
2026-08-06,3,SUL-01,Unit I,VSF Export,679.35
2026-08-06,3,SUL-02,Unit I,Excel Slub,556.88
2026-08-06,3,SUL-03,Unit I,Liveaco Compact,472.67
2026-08-06,3,SUL-04,Unit I,Excel Slub,491.45
2026-08-06,3,SUL-05,Unit I,Liveaco Compact,460.68
2026-08-07,1,TOY-01,Unit I,VSF Export,4837.47
2026-08-07,1,TOY-02,Unit I,Liveaco Compact,3510.64
2026-08-07,1,TOY-03,Unit I,VSF Export,4539.79
2026-08-07,1,TOY-04,Unit I,Liveaco Compact,3872.69
2026-08-07,1,TOY-05,Unit I,Excel Slub,4782.24
2026-08-07,1,TOY-06,Unit I,Excel Slub,4487.4
2026-08-07,1,TOY-07,Unit I,Excel Slub,3985.58
2026-08-07,1,TOY-08,Unit I,Excel Slub,3474.15
2026-08-07,1,TOY-09,Unit I,VSF Export,4086.64
2026-08-07,1,TOY-10,Unit I,Liveaco Compact,4079.36
2026-08-07,1,TOY-11,Unit I,Liveaco Compact,4324.67
2026-08-07,1,TOY-12,Unit I,Excel Slub,5087.51
2026-08-07,1,TOY-13,Unit I,Liveaco Compact,3935.7
2026-08-07,1,TOY-14,Unit I,VSF Export,5081.02
2026-08-07,1,TOY-15,Unit I,VSF Export,4491.2
2026-08-07,1,TSU-01,Unit I,Liveaco Compact,2588.89
2026-08-07,1,TSU-02,Unit I,VSF Export,2941.99
2026-08-07,1,TSU-03,Unit I,Excel Slub,3065.19
2026-08-07,1,TSU-04,Unit I,Liveaco Compact,2647.89
2026-08-07,1,TSU-05,Unit I,Excel Slub,3160.22
2026-08-07,1,TSU-06,Unit I,VSF Export,3396.06
2026-08-07,1,TSU-07,Unit I,VSF Export,3770.6
2026-08-07,1,TSU-08,Unit I,Liveaco Compact,2962.24
2026-08-07,1,TSU-09,Unit I,Excel Slub,3051.95
2026-08-07,1,TSU-10,Unit I,VSF Export,3691.04
2026-08-07,1,SUL-01,Unit I,Liveaco Compact,479.3
2026-08-07,1,SUL-02,Unit I,Liveaco Compact,518.02
2026-08-07,1,SUL-03,Unit I,VSF Export,614.34
2026-08-07,1,SUL-04,Unit I,Excel Slub,546.62
2026-08-07,1,SUL-05,Unit I,Excel Slub,593.56
2026-08-07,2,TOY-01,Unit I,VSF Export,4771.62
2026-08-07,2,TOY-02,Unit I,VSF Export,4237.49
2026-08-07,2,TOY-03,Unit I,VSF Export,5151.18
2026-08-07,2,TOY-04,Unit I,Excel Slub,4635.52
2026-08-07,2,TOY-05,Unit I,Liveaco Compact,4403.86
2026-08-07,2,TOY-06,Unit I,Excel Slub,4276.14
2026-08-07,2,TOY-07,Unit I,Excel Slub,4596.52
2026-08-07,2,TOY-08,Unit I,Liveaco Compact,3637.4
2026-08-07,2,TOY-09,Unit I,Liveaco Compact,3928.9
2026-08-07,2,TOY-10,Unit I,VSF Export,5114.12
2026-08-07,2,TOY-11,Unit I,Liveaco Compact,3653.53
2026-08-07,2,TOY-12,Unit I,Excel Slub,4094.15
2026-08-07,2,TOY-13,Unit I,VSF Export,5165.73
2026-08-07,2,TOY-14,Unit I,VSF Export,5727.75
2026-08-07,2,TOY-15,Unit I,Excel Slub,4560.69
2026-08-07,2,TSU-01,Unit I,Liveaco Compact,2964.51
2026-08-07,2,TSU-02,Unit I,VSF Export,3292.83
2026-08-07,2,TSU-03,Unit I,VSF Export,3568.6
2026-08-07,2,TSU-04,Unit I,VSF Export,3496.21
2026-08-07,2,TSU-05,Unit I,Excel Slub,3073.24
2026-08-07,2,TSU-06,Unit I,VSF Export,3205.95
2026-08-07,2,TSU-07,Unit I,Excel Slub,3450.85
2026-08-07,2,TSU-08,Unit I,VSF Export,3653.31
2026-08-07,2,TSU-09,Unit I,Excel Slub,3489.2
2026-08-07,2,TSU-10,Unit I,Excel Slub,2872.52
2026-08-07,2,SUL-01,Unit I,VSF Export,675.83
2026-08-07,2,SUL-02,Unit I,VSF Export,646.67
2026-08-07,2,SUL-03,Unit I,Liveaco Compact,535.22
2026-08-07,2,SUL-04,Unit I,Liveaco Compact,514.22
2026-08-07,2,SUL-05,Unit I,Excel Slub,484.25
2026-08-07,3,TOY-01,Unit I,VSF Export,4569.52
2026-08-07,3,TOY-02,Unit I,Liveaco Compact,3747.37
2026-08-07,3,TOY-03,Unit I,VSF Export,4971.16
2026-08-07,3,TOY-04,Unit I,Excel Slub,4485.5
2026-08-07,3,TOY-05,Unit I,VSF Export,4711.92
2026-08-07,3,TOY-06,Unit I,Excel Slub,3802.14
2026-08-07,3,TOY-07,Unit I,Liveaco Compact,4320.85
2026-08-07,3,TOY-08,Unit I,Excel Slub,3770.91
2026-08-07,3,TOY-09,Unit I,VSF Export,5109.69
2026-08-07,3,TOY-10,Unit I,Liveaco Compact,4033.66
2026-08-07,3,TOY-11,Unit I,Liveaco Compact,4355.34
2026-08-07,3,TOY-12,Unit I,Liveaco Compact,3942.79
2026-08-07,3,TOY-13,Unit I,Liveaco Compact,4525.64
2026-08-07,3,TOY-14,Unit I,Excel Slub,3930.49
2026-08-07,3,TOY-15,Unit I,Excel Slub,4210.96
2026-08-07,3,TSU-01,Unit I,Liveaco Compact,2690.76
2026-08-07,3,TSU-02,Unit I,VSF Export,3021.91
2026-08-07,3,TSU-03,Unit I,VSF Export,3335.44
2026-08-07,3,TSU-04,Unit I,Liveaco Compact,2727.94
2026-08-07,3,TSU-05,Unit I,Excel Slub,2955.46
2026-08-07,3,TSU-06,Unit I,Excel Slub,3432.23
2026-08-07,3,TSU-07,Unit I,Liveaco Compact,2767.07
2026-08-07,3,TSU-08,Unit I,Excel Slub,2771.5
2026-08-07,3,TSU-09,Unit I,Excel Slub,3376.97
2026-08-07,3,TSU-10,Unit I,VSF Export,3383.35
2026-08-07,3,SUL-01,Unit I,Liveaco Compact,456.83
2026-08-07,3,SUL-02,Unit I,VSF Export,614.39
2026-08-07,3,SUL-03,Unit I,Liveaco Compact,542.17
2026-08-07,3,SUL-04,Unit I,Excel Slub,561.94
2026-08-07,3,SUL-05,Unit I,Liveaco Compact,524.36
2026-08-08,1,TOY-01,Unit I,VSF Export,4567.4
2026-08-08,1,TOY-02,Unit I,Liveaco Compact,2805.43
2026-08-08,1,TOY-03,Unit I,Excel Slub,4493.39
2026-08-08,1,TOY-04,Unit I,VSF Export,4427.79
2026-08-08,1,TOY-05,Unit I,Excel Slub,4882.19
2026-08-08,1,TOY-06,Unit I,Excel Slub,4158.21
2026-08-08,1,TOY-07,Unit I,Excel Slub,4240.19
2026-08-08,1,TOY-08,Unit I,VSF Export,4350.54
2026-08-08,1,TOY-09,Unit I,VSF Export,5208.36
2026-08-08,1,TOY-10,Unit I,Liveaco Compact,3969.57
2026-08-08,1,TOY-11,Unit I,Excel Slub,4128.83
2026-08-08,1,TOY-12,Unit I,Liveaco Compact,3971.24
2026-08-08,1,TOY-13,Unit I,VSF Export,4922.53
2026-08-08,1,TOY-14,Unit I,VSF Export,4562.04
2026-08-08,1,TOY-15,Unit I,Excel Slub,4700.28
2026-08-08,1,TSU-01,Unit I,VSF Export,3783.44
2026-08-08,1,TSU-02,Unit I,Liveaco Compact,3222.85
2026-08-08,1,TSU-03,Unit I,Liveaco Compact,2615.69
2026-08-08,1,TSU-04,Unit I,Excel Slub,3290.7
2026-08-08,1,TSU-05,Unit I,Excel Slub,3012.48
2026-08-08,1,TSU-06,Unit I,Liveaco Compact,2827.55
2026-08-08,1,TSU-07,Unit I,Liveaco Compact,2990.5
2026-08-08,1,TSU-08,Unit I,VSF Export,3606.13
2026-08-08,1,TSU-09,Unit I,Excel Slub,3229.83
2026-08-08,1,TSU-10,Unit I,VSF Export,3201.92
2026-08-08,1,SUL-01,Unit I,VSF Export,521.79
2026-08-08,1,SUL-02,Unit I,Liveaco Compact,511.88
2026-08-08,1,SUL-03,Unit I,Excel Slub,604.19
2026-08-08,1,SUL-04,Unit I,VSF Export,698.27
2026-08-08,1,SUL-05,Unit I,VSF Export,662.78
2026-08-08,2,TOY-01,Unit I,Excel Slub,4213.2
2026-08-08,2,TOY-02,Unit I,Excel Slub,4228.66
2026-08-08,2,TOY-03,Unit I,Liveaco Compact,3733.68
2026-08-08,2,TOY-04,Unit I,Liveaco Compact,4061.99
2026-08-08,2,TOY-05,Unit I,VSF Export,4578.63
2026-08-08,2,TOY-06,Unit I,Excel Slub,4145.09
2026-08-08,2,TOY-07,Unit I,Liveaco Compact,3776.04
2026-08-08,2,TOY-08,Unit I,VSF Export,4238.8
2026-08-08,2,TOY-09,Unit I,Liveaco Compact,4504.06
2026-08-08,2,TOY-10,Unit I,Excel Slub,4766.76
2026-08-08,2,TOY-11,Unit I,Liveaco Compact,3539.51
2026-08-08,2,TOY-12,Unit I,Excel Slub,4485.24
2026-08-08,2,TOY-13,Unit I,VSF Export,4965.2
2026-08-08,2,TOY-14,Unit I,Liveaco Compact,3946.88
2026-08-08,2,TOY-15,Unit I,Liveaco Compact,4389.71
2026-08-08,2,TSU-01,Unit I,VSF Export,3425.84
2026-08-08,2,TSU-02,Unit I,VSF Export,3639.71
2026-08-08,2,TSU-03,Unit I,VSF Export,3170.84
2026-08-08,2,TSU-04,Unit I,Excel Slub,3084.53
2026-08-08,2,TSU-05,Unit I,VSF Export,3646.42
2026-08-08,2,TSU-06,Unit I,Excel Slub,3264.1
2026-08-08,2,TSU-07,Unit I,VSF Export,3382.93
2026-08-08,2,TSU-08,Unit I,Liveaco Compact,3087.19
2026-08-08,2,TSU-09,Unit I,Liveaco Compact,2954.91
2026-08-08,2,TSU-10,Unit I,Liveaco Compact,2697.68
2026-08-08,2,SUL-01,Unit I,VSF Export,592.63
2026-08-08,2,SUL-02,Unit I,Excel Slub,509.48
2026-08-08,2,SUL-03,Unit I,VSF Export,677.51
2026-08-08,2,SUL-04,Unit I,Liveaco Compact,498.78
2026-08-08,2,SUL-05,Unit I,VSF Export,661.05
2026-08-08,3,TOY-01,Unit I,VSF Export,5621.94
2026-08-08,3,TOY-02,Unit I,Excel Slub,3566.44
2026-08-08,3,TOY-03,Unit I,VSF Export,5444.91
2026-08-08,3,TOY-04,Unit I,Liveaco Compact,4179.15
2026-08-08,3,TOY-05,Unit I,Liveaco Compact,3706.94
2026-08-08,3,TOY-06,Unit I,VSF Export,5332.2
2026-08-08,3,TOY-07,Unit I,Excel Slub,4092.97
2026-08-08,3,TOY-08,Unit I,VSF Export,4253.19
2026-08-08,3,TOY-09,Unit I,VSF Export,5389.54
2026-08-08,3,TOY-10,Unit I,VSF Export,5441.13
2026-08-08,3,TOY-11,Unit I,VSF Export,5551.3
2026-08-08,3,TOY-12,Unit I,Excel Slub,4510.17
2026-08-08,3,TOY-13,Unit I,Excel Slub,4564.26
2026-08-08,3,TOY-14,Unit I,VSF Export,5287.66
2026-08-08,3,TOY-15,Unit I,Excel Slub,4787.05
2026-08-08,3,TSU-01,Unit I,VSF Export,3281.29
2026-08-08,3,TSU-02,Unit I,Excel Slub,3388.61
2026-08-08,3,TSU-03,Unit I,Excel Slub,3129.1
2026-08-08,3,TSU-04,Unit I,Excel Slub,2877.65
2026-08-08,3,TSU-05,Unit I,VSF Export,3379.79
2026-08-08,3,TSU-06,Unit I,Liveaco Compact,2650.91
2026-08-08,3,TSU-07,Unit I,VSF Export,3407.22
2026-08-08,3,TSU-08,Unit I,VSF Export,3191.57
2026-08-08,3,TSU-09,Unit I,Liveaco Compact,2858.31
2026-08-08,3,TSU-10,Unit I,Liveaco Compact,2457.16
2026-08-08,3,SUL-01,Unit I,VSF Export,595.11
2026-08-08,3,SUL-02,Unit I,Excel Slub,601.91
2026-08-08,3,SUL-03,Unit I,Excel Slub,575.71
2026-08-08,3,SUL-04,Unit I,Liveaco Compact,528.0
2026-08-08,3,SUL-05,Unit I,VSF Export,558.13
2026-08-09,1,TOY-01,Unit I,VSF Export,5203.01
2026-08-09,1,TOY-02,Unit I,Liveaco Compact,3831.55
2026-08-09,1,TOY-03,Unit I,Liveaco Compact,4175.23
2026-08-09,1,TOY-04,Unit I,VSF Export,4826.57
2026-08-09,1,TOY-05,Unit I,Excel Slub,4289.33
2026-08-09,1,TOY-06,Unit I,Liveaco Compact,3947.46
2026-08-09,1,TOY-07,Unit I,VSF Export,4810.9
2026-08-09,1,TOY-08,Unit I,VSF Export,4375.75
2026-08-09,1,TOY-09,Unit I,VSF Export,5106.95
2026-08-09,1,TOY-10,Unit I,Excel Slub,5086.65
2026-08-09,1,TOY-11,Unit I,VSF Export,5455.76
2026-08-09,1,TOY-12,Unit I,Liveaco Compact,3906.85
2026-08-09,1,TOY-13,Unit I,VSF Export,5366.23
2026-08-09,1,TOY-14,Unit I,VSF Export,4587.43
2026-08-09,1,TOY-15,Unit I,Excel Slub,4206.26
2026-08-09,1,TSU-01,Unit I,Liveaco Compact,2711.21
2026-08-09,1,TSU-02,Unit I,VSF Export,3247.46
2026-08-09,1,TSU-03,Unit I,VSF Export,3408.46
2026-08-09,1,TSU-04,Unit I,Liveaco Compact,2749.77
2026-08-09,1,TSU-05,Unit I,Excel Slub,2963.31
2026-08-09,1,TSU-06,Unit I,VSF Export,3409.74
2026-08-09,1,TSU-07,Unit I,Excel Slub,2975.18
2026-08-09,1,TSU-08,Unit I,Excel Slub,2728.35
2026-08-09,1,TSU-09,Unit I,VSF Export,3582.29
2026-08-09,1,TSU-10,Unit I,Excel Slub,3188.72
2026-08-09,1,SUL-01,Unit I,VSF Export,619.59
2026-08-09,1,SUL-02,Unit I,VSF Export,568.29
2026-08-09,1,SUL-03,Unit I,VSF Export,541.72
2026-08-09,1,SUL-04,Unit I,VSF Export,562.89
2026-08-09,1,SUL-05,Unit I,Liveaco Compact,518.36
2026-08-09,2,TOY-01,Unit I,VSF Export,5251.51
2026-08-09,2,TOY-02,Unit I,VSF Export,3895.9
2026-08-09,2,TOY-03,Unit I,Liveaco Compact,4048.11
2026-08-09,2,TOY-04,Unit I,VSF Export,4847.15
2026-08-09,2,TOY-05,Unit I,VSF Export,4443.95
2026-08-09,2,TOY-06,Unit I,Liveaco Compact,4528.15
2026-08-09,2,TOY-07,Unit I,VSF Export,5358.33
2026-08-09,2,TOY-08,Unit I,VSF Export,3746.41
2026-08-09,2,TOY-09,Unit I,Liveaco Compact,4338.73
2026-08-09,2,TOY-10,Unit I,Excel Slub,4250.42
2026-08-09,2,TOY-11,Unit I,VSF Export,4985.96
2026-08-09,2,TOY-12,Unit I,VSF Export,4907.87
2026-08-09,2,TOY-13,Unit I,Excel Slub,4351.86
2026-08-09,2,TOY-14,Unit I,Excel Slub,4876.65
2026-08-09,2,TOY-15,Unit I,Excel Slub,4638.74
2026-08-09,2,TSU-01,Unit I,VSF Export,3208.64
2026-08-09,2,TSU-02,Unit I,Liveaco Compact,2702.5
2026-08-09,2,TSU-03,Unit I,Excel Slub,3138.87
2026-08-09,2,TSU-04,Unit I,Excel Slub,2892.93
2026-08-09,2,TSU-05,Unit I,Liveaco Compact,2847.15
2026-08-09,2,TSU-06,Unit I,Excel Slub,3237.91
2026-08-09,2,TSU-07,Unit I,Excel Slub,3236.19
2026-08-09,2,TSU-08,Unit I,VSF Export,3646.53
2026-08-09,2,TSU-09,Unit I,Liveaco Compact,2931.02
2026-08-09,2,TSU-10,Unit I,Liveaco Compact,2815.84
2026-08-09,2,SUL-01,Unit I,Liveaco Compact,471.5
2026-08-09,2,SUL-02,Unit I,VSF Export,624.84
2026-08-09,2,SUL-03,Unit I,Liveaco Compact,495.78
2026-08-09,2,SUL-04,Unit I,VSF Export,619.16
2026-08-09,2,SUL-05,Unit I,Liveaco Compact,542.08
2026-08-09,3,TOY-01,Unit I,VSF Export,5118.27
2026-08-09,3,TOY-02,Unit I,Liveaco Compact,3719.92
2026-08-09,3,TOY-03,Unit I,Excel Slub,4698.26
2026-08-09,3,TOY-04,Unit I,Excel Slub,4162.55
2026-08-09,3,TOY-05,Unit I,Liveaco Compact,3685.07
2026-08-09,3,TOY-06,Unit I,VSF Export,4963.39
2026-08-09,3,TOY-07,Unit I,Liveaco Compact,4564.41
2026-08-09,3,TOY-08,Unit I,Excel Slub,3494.37
2026-08-09,3,TOY-09,Unit I,VSF Export,5347.49
2026-08-09,3,TOY-10,Unit I,VSF Export,4476.74
2026-08-09,3,TOY-11,Unit I,Excel Slub,4127.74
2026-08-09,3,TOY-12,Unit I,VSF Export,5030.95
2026-08-09,3,TOY-13,Unit I,Liveaco Compact,3823.63
2026-08-09,3,TOY-14,Unit I,Liveaco Compact,4122.34
2026-08-09,3,TOY-15,Unit I,Liveaco Compact,4378.27
2026-08-09,3,TSU-01,Unit I,VSF Export,3449.69
2026-08-09,3,TSU-02,Unit I,VSF Export,3238.22
2026-08-09,3,TSU-03,Unit I,VSF Export,3202.17
2026-08-09,3,TSU-04,Unit I,Liveaco Compact,2879.37
2026-08-09,3,TSU-05,Unit I,Excel Slub,2958.85
2026-08-09,3,TSU-06,Unit I,VSF Export,3539.65
2026-08-09,3,TSU-07,Unit I,Excel Slub,2739.88
2026-08-09,3,TSU-08,Unit I,Excel Slub,2775.74
2026-08-09,3,TSU-09,Unit I,VSF Export,3250.1
2026-08-09,3,TSU-10,Unit I,Excel Slub,3116.21
2026-08-09,3,SUL-01,Unit I,VSF Export,634.36
2026-08-09,3,SUL-02,Unit I,Excel Slub,551.54
2026-08-09,3,SUL-03,Unit I,VSF Export,558.9
2026-08-09,3,SUL-04,Unit I,Liveaco Compact,530.25
2026-08-09,3,SUL-05,Unit I,VSF Export,603.43
2026-08-10,1,TOY-01,Unit I,Liveaco Compact,4008.7
2026-08-10,1,TOY-02,Unit I,VSF Export,4382.23
2026-08-10,1,TOY-03,Unit I,VSF Export,5648.48
2026-08-10,1,TOY-04,Unit I,VSF Export,5003.57
2026-08-10,1,TOY-05,Unit I,Liveaco Compact,4143.54
2026-08-10,1,TOY-06,Unit I,VSF Export,4678.47
2026-08-10,1,TOY-07,Unit I,Excel Slub,4855.47
2026-08-10,1,TOY-08,Unit I,VSF Export,3625.98
2026-08-10,1,TOY-09,Unit I,VSF Export,4351.73
2026-08-10,1,TOY-10,Unit I,VSF Export,4756.3
2026-08-10,1,TOY-11,Unit I,Excel Slub,4507.19
2026-08-10,1,TOY-12,Unit I,Liveaco Compact,3960.41
2026-08-10,1,TOY-13,Unit I,Liveaco Compact,3826.41
2026-08-10,1,TOY-14,Unit I,VSF Export,5582.6
2026-08-10,1,TOY-15,Unit I,Excel Slub,3622.05
2026-08-10,1,TSU-01,Unit I,VSF Export,3363.07
2026-08-10,1,TSU-02,Unit I,Excel Slub,2938.84
2026-08-10,1,TSU-03,Unit I,Excel Slub,3197.07
2026-08-10,1,TSU-04,Unit I,Excel Slub,2680.12
2026-08-10,1,TSU-05,Unit I,Excel Slub,2664.55
2026-08-10,1,TSU-06,Unit I,Liveaco Compact,2722.07
2026-08-10,1,TSU-07,Unit I,VSF Export,3320.79
2026-08-10,1,TSU-08,Unit I,Excel Slub,3315.22
2026-08-10,1,TSU-09,Unit I,Liveaco Compact,2849.47
2026-08-10,1,TSU-10,Unit I,Liveaco Compact,2941.19
2026-08-10,1,SUL-01,Unit I,VSF Export,582.82
2026-08-10,1,SUL-02,Unit I,VSF Export,563.96
2026-08-10,1,SUL-03,Unit I,Liveaco Compact,489.89
2026-08-10,1,SUL-04,Unit I,Excel Slub,582.91
2026-08-10,1,SUL-05,Unit I,VSF Export,614.02
2026-08-10,2,TOY-01,Unit I,Excel Slub,4063.86
2026-08-10,2,TOY-02,Unit I,VSF Export,3776.12
2026-08-10,2,TOY-03,Unit I,Excel Slub,4200.46
2026-08-10,2,TOY-04,Unit I,Liveaco Compact,4552.46
2026-08-10,2,TOY-05,Unit I,Liveaco Compact,3607.62
2026-08-10,2,TOY-06,Unit I,Liveaco Compact,4119.31
2026-08-10,2,TOY-07,Unit I,Excel Slub,4721.57
2026-08-10,2,TOY-08,Unit I,Excel Slub,4027.95
2026-08-10,2,TOY-09,Unit I,Liveaco Compact,3952.05
2026-08-10,2,TOY-10,Unit I,Excel Slub,4123.42
2026-08-10,2,TOY-11,Unit I,Excel Slub,4419.93
2026-08-10,2,TOY-12,Unit I,Excel Slub,4201.33
2026-08-10,2,TOY-13,Unit I,Excel Slub,4240.67
2026-08-10,2,TOY-14,Unit I,VSF Export,4378.47
2026-08-10,2,TOY-15,Unit I,VSF Export,4737.11
2026-08-10,2,TSU-01,Unit I,VSF Export,3417.38
2026-08-10,2,TSU-02,Unit I,VSF Export,3443.95
2026-08-10,2,TSU-03,Unit I,Liveaco Compact,2899.43
2026-08-10,2,TSU-04,Unit I,Excel Slub,3200.1
2026-08-10,2,TSU-05,Unit I,VSF Export,3757.91
2026-08-10,2,TSU-06,Unit I,VSF Export,3213.21
2026-08-10,2,TSU-07,Unit I,Liveaco Compact,3156.72
2026-08-10,2,TSU-08,Unit I,VSF Export,3529.77
2026-08-10,2,TSU-09,Unit I,Excel Slub,2880.29
2026-08-10,2,TSU-10,Unit I,VSF Export,3171.9
2026-08-10,2,SUL-01,Unit I,VSF Export,582.02
2026-08-10,2,SUL-02,Unit I,Excel Slub,576.13
2026-08-10,2,SUL-03,Unit I,Liveaco Compact,544.32
2026-08-10,2,SUL-04,Unit I,Liveaco Compact,519.7
2026-08-10,2,SUL-05,Unit I,Liveaco Compact,569.39
2026-08-10,3,TOY-01,Unit I,Excel Slub,3791.29
2026-08-10,3,TOY-02,Unit I,Excel Slub,3456.48
2026-08-10,3,TOY-03,Unit I,VSF Export,5172.74
2026-08-10,3,TOY-04,Unit I,Liveaco Compact,4161.34
2026-08-10,3,TOY-05,Unit I,VSF Export,4810.33
2026-08-10,3,TOY-06,Unit I,Liveaco Compact,3905.0
2026-08-10,3,TOY-07,Unit I,Excel Slub,4124.92
2026-08-10,3,TOY-08,Unit I,Excel Slub,3910.46
2026-08-10,3,TOY-09,Unit I,Excel Slub,4321.57
2026-08-10,3,TOY-10,Unit I,Liveaco Compact,3871.08
2026-08-10,3,TOY-11,Unit I,VSF Export,5498.92
2026-08-10,3,TOY-12,Unit I,VSF Export,4978.76
2026-08-10,3,TOY-13,Unit I,Excel Slub,4386.96
2026-08-10,3,TOY-14,Unit I,Excel Slub,4530.38
2026-08-10,3,TOY-15,Unit I,Liveaco Compact,3844.68
2026-08-10,3,TSU-01,Unit I,Liveaco Compact,2935.31
2026-08-10,3,TSU-02,Unit I,Liveaco Compact,2611.71
2026-08-10,3,TSU-03,Unit I,VSF Export,3842.7
2026-08-10,3,TSU-04,Unit I,Liveaco Compact,2756.19
2026-08-10,3,TSU-05,Unit I,Excel Slub,3446.08
2026-08-10,3,TSU-06,Unit I,Liveaco Compact,3085.88
2026-08-10,3,TSU-07,Unit I,Liveaco Compact,2869.74
2026-08-10,3,TSU-08,Unit I,VSF Export,3574.1
2026-08-10,3,TSU-09,Unit I,Liveaco Compact,2955.72
2026-08-10,3,TSU-10,Unit I,Liveaco Compact,2641.91
2026-08-10,3,SUL-01,Unit I,VSF Export,622.53
2026-08-10,3,SUL-02,Unit I,Liveaco Compact,511.1
2026-08-10,3,SUL-03,Unit I,Excel Slub,510.95
2026-08-10,3,SUL-04,Unit I,Liveaco Compact,475.89
2026-08-10,3,SUL-05,Unit I,Liveaco Compact,481.5
2026-08-11,1,TOY-01,Unit I,VSF Export,5067.97
2026-08-11,1,TOY-02,Unit I,Excel Slub,3261.47
2026-08-11,1,TOY-03,Unit I,VSF Export,4801.67
2026-08-11,1,TOY-04,Unit I,Liveaco Compact,4146.85
2026-08-11,1,TOY-05,Unit I,Liveaco Compact,4218.58
2026-08-11,1,TOY-06,Unit I,VSF Export,4733.73
2026-08-11,1,TOY-07,Unit I,Liveaco Compact,3460.36
2026-08-11,1,TOY-08,Unit I,Excel Slub,4105.55
2026-08-11,1,TOY-09,Unit I,Liveaco Compact,3512.12
2026-08-11,1,TOY-10,Unit I,Excel Slub,5081.99
2026-08-11,1,TOY-11,Unit I,Liveaco Compact,3764.47
2026-08-11,1,TOY-12,Unit I,Liveaco Compact,3563.98
2026-08-11,1,TOY-13,Unit I,Excel Slub,4088.03
2026-08-11,1,TOY-14,Unit I,VSF Export,5457.54
2026-08-11,1,TOY-15,Unit I,Excel Slub,4108.03
2026-08-11,1,TSU-01,Unit I,Excel Slub,2774.88
2026-08-11,1,TSU-02,Unit I,VSF Export,3664.36
2026-08-11,1,TSU-03,Unit I,Liveaco Compact,2651.83
2026-08-11,1,TSU-04,Unit I,VSF Export,3697.87
2026-08-11,1,TSU-05,Unit I,Liveaco Compact,3009.2
2026-08-11,1,TSU-06,Unit I,VSF Export,3278.8
2026-08-11,1,TSU-07,Unit I,Liveaco Compact,2640.75
2026-08-11,1,TSU-08,Unit I,Excel Slub,3045.23
2026-08-11,1,TSU-09,Unit I,Liveaco Compact,2554.95
2026-08-11,1,TSU-10,Unit I,Liveaco Compact,2726.66
2026-08-11,1,SUL-01,Unit I,Excel Slub,525.54
2026-08-11,1,SUL-02,Unit I,Excel Slub,613.64
2026-08-11,1,SUL-03,Unit I,Liveaco Compact,508.28
2026-08-11,1,SUL-04,Unit I,VSF Export,570.38
2026-08-11,1,SUL-05,Unit I,Liveaco Compact,482.39
2026-08-11,2,TOY-01,Unit I,Excel Slub,4801.21
2026-08-11,2,TOY-02,Unit I,VSF Export,3681.88
2026-08-11,2,TOY-03,Unit I,VSF Export,5029.23
2026-08-11,2,TOY-04,Unit I,VSF Export,4571.47
2026-08-11,2,TOY-05,Unit I,VSF Export,4766.66
2026-08-11,2,TOY-06,Unit I,Liveaco Compact,4114.3
2026-08-11,2,TOY-07,Unit I,Excel Slub,4465.13
2026-08-11,2,TOY-08,Unit I,Liveaco Compact,2901.68
2026-08-11,2,TOY-09,Unit I,VSF Export,5009.78
2026-08-11,2,TOY-10,Unit I,Liveaco Compact,3934.47
2026-08-11,2,TOY-11,Unit I,Liveaco Compact,4455.38
2026-08-11,2,TOY-12,Unit I,Excel Slub,4304.67
2026-08-11,2,TOY-13,Unit I,VSF Export,5248.56
2026-08-11,2,TOY-14,Unit I,Liveaco Compact,3897.69
2026-08-11,2,TOY-15,Unit I,Liveaco Compact,3600.78
2026-08-11,2,TSU-01,Unit I,Excel Slub,3127.41
2026-08-11,2,TSU-02,Unit I,Excel Slub,3248.65
2026-08-11,2,TSU-03,Unit I,Liveaco Compact,2751.18
2026-08-11,2,TSU-04,Unit I,VSF Export,3642.32
2026-08-11,2,TSU-05,Unit I,Liveaco Compact,2774.64
2026-08-11,2,TSU-06,Unit I,VSF Export,3562.07
2026-08-11,2,TSU-07,Unit I,Excel Slub,2828.43
2026-08-11,2,TSU-08,Unit I,Excel Slub,2763.76
2026-08-11,2,TSU-09,Unit I,Liveaco Compact,2846.66
2026-08-11,2,TSU-10,Unit I,Excel Slub,3032.57
2026-08-11,2,SUL-01,Unit I,Liveaco Compact,471.96
2026-08-11,2,SUL-02,Unit I,Excel Slub,602.42
2026-08-11,2,SUL-03,Unit I,VSF Export,653.86
2026-08-11,2,SUL-04,Unit I,Excel Slub,596.51
2026-08-11,2,SUL-05,Unit I,VSF Export,603.1
2026-08-11,3,TOY-01,Unit I,Excel Slub,4271.1
2026-08-11,3,TOY-02,Unit I,VSF Export,3521.29
2026-08-11,3,TOY-03,Unit I,Liveaco Compact,3917.17
2026-08-11,3,TOY-04,Unit I,Liveaco Compact,4465.02
2026-08-11,3,TOY-05,Unit I,Liveaco Compact,4111.36
2026-08-11,3,TOY-06,Unit I,Excel Slub,4409.48
2026-08-11,3,TOY-07,Unit I,Excel Slub,4324.73
2026-08-11,3,TOY-08,Unit I,Excel Slub,3414.54
2026-08-11,3,TOY-09,Unit I,Liveaco Compact,4274.42
2026-08-11,3,TOY-10,Unit I,VSF Export,4706.79
2026-08-11,3,TOY-11,Unit I,Liveaco Compact,4014.62
2026-08-11,3,TOY-12,Unit I,Liveaco Compact,4031.3
2026-08-11,3,TOY-13,Unit I,VSF Export,5289.46
2026-08-11,3,TOY-14,Unit I,VSF Export,4950.32
2026-08-11,3,TOY-15,Unit I,Excel Slub,4399.19
2026-08-11,3,TSU-01,Unit I,Liveaco Compact,2781.07
2026-08-11,3,TSU-02,Unit I,Liveaco Compact,3042.92
2026-08-11,3,TSU-03,Unit I,Excel Slub,3129.78
2026-08-11,3,TSU-04,Unit I,VSF Export,2981.6
2026-08-11,3,TSU-05,Unit I,VSF Export,3193.65
2026-08-11,3,TSU-06,Unit I,Liveaco Compact,3214.4
2026-08-11,3,TSU-07,Unit I,VSF Export,3173.51
2026-08-11,3,TSU-08,Unit I,VSF Export,3411.6
2026-08-11,3,TSU-09,Unit I,VSF Export,3262.01
2026-08-11,3,TSU-10,Unit I,VSF Export,3251.66
2026-08-11,3,SUL-01,Unit I,Liveaco Compact,473.32
2026-08-11,3,SUL-02,Unit I,Liveaco Compact,571.29
2026-08-11,3,SUL-03,Unit I,VSF Export,645.67
2026-08-11,3,SUL-04,Unit I,Excel Slub,533.49
2026-08-11,3,SUL-05,Unit I,Excel Slub,603.01
2026-08-12,1,TOY-01,Unit I,Excel Slub,4195.48
2026-08-12,1,TOY-02,Unit I,Excel Slub,3878.33
2026-08-12,1,TOY-03,Unit I,VSF Export,5480.87
2026-08-12,1,TOY-04,Unit I,VSF Export,4660.07
2026-08-12,1,TOY-05,Unit I,Liveaco Compact,4357.58
2026-08-12,1,TOY-06,Unit I,VSF Export,4371.63
2026-08-12,1,TOY-07,Unit I,Liveaco Compact,3977.03
2026-08-12,1,TOY-08,Unit I,VSF Export,4891.57
2026-08-12,1,TOY-09,Unit I,Excel Slub,3776.44
2026-08-12,1,TOY-10,Unit I,VSF Export,5067.55
2026-08-12,1,TOY-11,Unit I,VSF Export,4917.95
2026-08-12,1,TOY-12,Unit I,Liveaco Compact,3650.42
2026-08-12,1,TOY-13,Unit I,Liveaco Compact,4006.29
2026-08-12,1,TOY-14,Unit I,Liveaco Compact,3708.88
2026-08-12,1,TOY-15,Unit I,Liveaco Compact,4054.62
2026-08-12,1,TSU-01,Unit I,Excel Slub,3149.83
2026-08-12,1,TSU-02,Unit I,VSF Export,3418.98
2026-08-12,1,TSU-03,Unit I,Liveaco Compact,3028.62
2026-08-12,1,TSU-04,Unit I,VSF Export,3023.29
2026-08-12,1,TSU-05,Unit I,Liveaco Compact,3009.23
2026-08-12,1,TSU-06,Unit I,VSF Export,3262.72
2026-08-12,1,TSU-07,Unit I,Excel Slub,3279.87
2026-08-12,1,TSU-08,Unit I,Excel Slub,2929.27
2026-08-12,1,TSU-09,Unit I,VSF Export,3646.04
2026-08-12,1,TSU-10,Unit I,Excel Slub,3200.54
2026-08-12,1,SUL-01,Unit I,Excel Slub,556.18
2026-08-12,1,SUL-02,Unit I,Excel Slub,561.27
2026-08-12,1,SUL-03,Unit I,VSF Export,585.38
2026-08-12,1,SUL-04,Unit I,Excel Slub,621.34
2026-08-12,1,SUL-05,Unit I,Liveaco Compact,500.57
2026-08-12,2,TOY-01,Unit I,Excel Slub,4079.04
2026-08-12,2,TOY-02,Unit I,Liveaco Compact,3341.92
2026-08-12,2,TOY-03,Unit I,Excel Slub,3878.43
2026-08-12,2,TOY-04,Unit I,Excel Slub,4769.9
2026-08-12,2,TOY-05,Unit I,Excel Slub,4432.47
2026-08-12,2,TOY-06,Unit I,VSF Export,5305.48
2026-08-12,2,TOY-07,Unit I,Excel Slub,4348.89
2026-08-12,2,TOY-08,Unit I,VSF Export,4601.73
2026-08-12,2,TOY-09,Unit I,Liveaco Compact,4363.34
2026-08-12,2,TOY-10,Unit I,VSF Export,5204.36
2026-08-12,2,TOY-11,Unit I,Liveaco Compact,4400.53
2026-08-12,2,TOY-12,Unit I,Liveaco Compact,4081.42
2026-08-12,2,TOY-13,Unit I,Liveaco Compact,3896.18
2026-08-12,2,TOY-14,Unit I,VSF Export,5103.64
2026-08-12,2,TOY-15,Unit I,Liveaco Compact,4123.44
2026-08-12,2,TSU-01,Unit I,VSF Export,3159.15
2026-08-12,2,TSU-02,Unit I,Excel Slub,3335.52
2026-08-12,2,TSU-03,Unit I,VSF Export,3502.57
2026-08-12,2,TSU-04,Unit I,Liveaco Compact,2571.47
2026-08-12,2,TSU-05,Unit I,Excel Slub,3069.05
2026-08-12,2,TSU-06,Unit I,Liveaco Compact,2649.29
2026-08-12,2,TSU-07,Unit I,Liveaco Compact,2799.02
2026-08-12,2,TSU-08,Unit I,VSF Export,3723.12
2026-08-12,2,TSU-09,Unit I,Liveaco Compact,2900.09
2026-08-12,2,TSU-10,Unit I,Excel Slub,2717.39
2026-08-12,2,SUL-01,Unit I,VSF Export,688.77
2026-08-12,2,SUL-02,Unit I,VSF Export,526.26
2026-08-12,2,SUL-03,Unit I,VSF Export,593.66
2026-08-12,2,SUL-04,Unit I,Excel Slub,530.38
2026-08-12,2,SUL-05,Unit I,VSF Export,617.31
2026-08-12,3,TOY-01,Unit I,Liveaco Compact,4013.86
2026-08-12,3,TOY-02,Unit I,Excel Slub,3449.51
2026-08-12,3,TOY-03,Unit I,Excel Slub,4790.89
2026-08-12,3,TOY-04,Unit I,Liveaco Compact,4230.26
2026-08-12,3,TOY-05,Unit I,VSF Export,5294.49
2026-08-12,3,TOY-06,Unit I,VSF Export,4859.23
2026-08-12,3,TOY-07,Unit I,Liveaco Compact,4587.38
2026-08-12,3,TOY-08,Unit I,Excel Slub,3315.65
2026-08-12,3,TOY-09,Unit I,Liveaco Compact,4031.37
2026-08-12,3,TOY-10,Unit I,Excel Slub,4854.44
2026-08-12,3,TOY-11,Unit I,VSF Export,5231.41
2026-08-12,3,TOY-12,Unit I,Excel Slub,4776.79
2026-08-12,3,TOY-13,Unit I,Liveaco Compact,4107.62
2026-08-12,3,TOY-14,Unit I,Liveaco Compact,3453.28
2026-08-12,3,TOY-15,Unit I,Liveaco Compact,3837.5
2026-08-12,3,TSU-01,Unit I,Liveaco Compact,2795.11
2026-08-12,3,TSU-02,Unit I,VSF Export,3246.76
2026-08-12,3,TSU-03,Unit I,Liveaco Compact,2775.44
2026-08-12,3,TSU-04,Unit I,Excel Slub,3250.03
2026-08-12,3,TSU-05,Unit I,VSF Export,3239.35
2026-08-12,3,TSU-06,Unit I,Liveaco Compact,2806.78
2026-08-12,3,TSU-07,Unit I,Liveaco Compact,2962.51
2026-08-12,3,TSU-08,Unit I,Excel Slub,2788.29
2026-08-12,3,TSU-09,Unit I,Liveaco Compact,2785.52
2026-08-12,3,TSU-10,Unit I,Excel Slub,3180.49
2026-08-12,3,SUL-01,Unit I,Liveaco Compact,468.21
2026-08-12,3,SUL-02,Unit I,Liveaco Compact,528.75
2026-08-12,3,SUL-03,Unit I,Liveaco Compact,506.81
2026-08-12,3,SUL-04,Unit I,Liveaco Compact,582.63
2026-08-12,3,SUL-05,Unit I,Liveaco Compact,448.93
2026-08-13,1,TOY-01,Unit I,Liveaco Compact,4096.42
2026-08-13,1,TOY-02,Unit I,VSF Export,4020.49
2026-08-13,1,TOY-03,Unit I,Liveaco Compact,3245.39
2026-08-13,1,TOY-04,Unit I,Liveaco Compact,3890.45
2026-08-13,1,TOY-05,Unit I,Liveaco Compact,4299.93
2026-08-13,1,TOY-06,Unit I,Excel Slub,4202.85
2026-08-13,1,TOY-07,Unit I,Excel Slub,4184.35
2026-08-13,1,TOY-08,Unit I,Liveaco Compact,2753.84
2026-08-13,1,TOY-09,Unit I,Liveaco Compact,3567.74
2026-08-13,1,TOY-10,Unit I,Excel Slub,3995.19
2026-08-13,1,TOY-11,Unit I,VSF Export,5011.03
2026-08-13,1,TOY-12,Unit I,Excel Slub,5045.77
2026-08-13,1,TOY-13,Unit I,Excel Slub,4671.25
2026-08-13,1,TOY-14,Unit I,Excel Slub,4513.23
2026-08-13,1,TOY-15,Unit I,Liveaco Compact,3450.33
2026-08-13,1,TSU-01,Unit I,Excel Slub,3444.41
2026-08-13,1,TSU-02,Unit I,Excel Slub,3172.09
2026-08-13,1,TSU-03,Unit I,Liveaco Compact,2514.62
2026-08-13,1,TSU-04,Unit I,VSF Export,3640.95
2026-08-13,1,TSU-05,Unit I,Liveaco Compact,2598.83
2026-08-13,1,TSU-06,Unit I,Liveaco Compact,2943.93
2026-08-13,1,TSU-07,Unit I,Liveaco Compact,2586.76
2026-08-13,1,TSU-08,Unit I,Excel Slub,3005.75
2026-08-13,1,TSU-09,Unit I,VSF Export,3241.88
2026-08-13,1,TSU-10,Unit I,VSF Export,3809.93
2026-08-13,1,SUL-01,Unit I,Excel Slub,545.71
2026-08-13,1,SUL-02,Unit I,Liveaco Compact,440.96
2026-08-13,1,SUL-03,Unit I,Excel Slub,631.93
2026-08-13,1,SUL-04,Unit I,Excel Slub,604.29
2026-08-13,1,SUL-05,Unit I,VSF Export,621.52
2026-08-13,2,TOY-01,Unit I,Excel Slub,4500.08
2026-08-13,2,TOY-02,Unit I,VSF Export,4151.47
2026-08-13,2,TOY-03,Unit I,Liveaco Compact,4215.14
2026-08-13,2,TOY-04,Unit I,Excel Slub,4299.39
2026-08-13,2,TOY-05,Unit I,Liveaco Compact,4574.89
2026-08-13,2,TOY-06,Unit I,Liveaco Compact,3534.67
2026-08-13,2,TOY-07,Unit I,Excel Slub,4300.43
2026-08-13,2,TOY-08,Unit I,Liveaco Compact,3009.3
2026-08-13,2,TOY-09,Unit I,VSF Export,4787.32
2026-08-13,2,TOY-10,Unit I,Excel Slub,4264.05
2026-08-13,2,TOY-11,Unit I,Liveaco Compact,4241.6
2026-08-13,2,TOY-12,Unit I,Liveaco Compact,3934.33
2026-08-13,2,TOY-13,Unit I,Excel Slub,4626.05
2026-08-13,2,TOY-14,Unit I,Liveaco Compact,3658.05
2026-08-13,2,TOY-15,Unit I,Liveaco Compact,4490.5
2026-08-13,2,TSU-01,Unit I,Liveaco Compact,2608.03
2026-08-13,2,TSU-02,Unit I,VSF Export,3692.68
2026-08-13,2,TSU-03,Unit I,Excel Slub,3040.73
2026-08-13,2,TSU-04,Unit I,VSF Export,3316.71
2026-08-13,2,TSU-05,Unit I,VSF Export,3498.66
2026-08-13,2,TSU-06,Unit I,Excel Slub,2872.85
2026-08-13,2,TSU-07,Unit I,Liveaco Compact,2650.8
2026-08-13,2,TSU-08,Unit I,Excel Slub,2649.13
2026-08-13,2,TSU-09,Unit I,Liveaco Compact,2604.65
2026-08-13,2,TSU-10,Unit I,VSF Export,3492.13
2026-08-13,2,SUL-01,Unit I,Liveaco Compact,459.08
2026-08-13,2,SUL-02,Unit I,Excel Slub,483.42
2026-08-13,2,SUL-03,Unit I,VSF Export,592.73
2026-08-13,2,SUL-04,Unit I,Liveaco Compact,555.22
2026-08-13,2,SUL-05,Unit I,Excel Slub,530.13
2026-08-13,3,TOY-01,Unit I,Liveaco Compact,4320.49
2026-08-13,3,TOY-02,Unit I,Excel Slub,3480.48
2026-08-13,3,TOY-03,Unit I,Excel Slub,4744.51
2026-08-13,3,TOY-04,Unit I,Excel Slub,4357.78
2026-08-13,3,TOY-05,Unit I,Excel Slub,4578.82
2026-08-13,3,TOY-06,Unit I,Liveaco Compact,4058.43
2026-08-13,3,TOY-07,Unit I,Liveaco Compact,4062.39
2026-08-13,3,TOY-08,Unit I,VSF Export,4746.07
2026-08-13,3,TOY-09,Unit I,Excel Slub,4286.99
2026-08-13,3,TOY-10,Unit I,Liveaco Compact,4296.76
2026-08-13,3,TOY-11,Unit I,Liveaco Compact,3783.2
2026-08-13,3,TOY-12,Unit I,VSF Export,5216.34
2026-08-13,3,TOY-13,Unit I,Excel Slub,4557.94
2026-08-13,3,TOY-14,Unit I,Liveaco Compact,3896.82
2026-08-13,3,TOY-15,Unit I,Excel Slub,5092.16
2026-08-13,3,TSU-01,Unit I,VSF Export,3474.24
2026-08-13,3,TSU-02,Unit I,Liveaco Compact,2658.69
2026-08-13,3,TSU-03,Unit I,Liveaco Compact,2911.75
2026-08-13,3,TSU-04,Unit I,Excel Slub,2757.62
2026-08-13,3,TSU-05,Unit I,VSF Export,3156.45
2026-08-13,3,TSU-06,Unit I,VSF Export,3712.81
2026-08-13,3,TSU-07,Unit I,VSF Export,3427.25
2026-08-13,3,TSU-08,Unit I,VSF Export,3415.39
2026-08-13,3,TSU-09,Unit I,Liveaco Compact,2982.23
2026-08-13,3,TSU-10,Unit I,Liveaco Compact,3067.29
2026-08-13,3,SUL-01,Unit I,Excel Slub,607.52
2026-08-13,3,SUL-02,Unit I,Liveaco Compact,542.78
2026-08-13,3,SUL-03,Unit I,Liveaco Compact,579.23
2026-08-13,3,SUL-04,Unit I,Excel Slub,558.85
2026-08-13,3,SUL-05,Unit I,VSF Export,599.66
2026-08-14,1,TOY-01,Unit I,VSF Export,5394.93
2026-08-14,1,TOY-02,Unit I,Excel Slub,3288.48
2026-08-14,1,TOY-03,Unit I,Excel Slub,4644.0
2026-08-14,1,TOY-04,Unit I,Excel Slub,4353.02
2026-08-14,1,TOY-05,Unit I,Liveaco Compact,3752.79
2026-08-14,1,TOY-06,Unit I,Excel Slub,4150.11
2026-08-14,1,TOY-07,Unit I,VSF Export,5165.21
2026-08-14,1,TOY-08,Unit I,Excel Slub,3423.73
2026-08-14,1,TOY-09,Unit I,Excel Slub,3637.77
2026-08-14,1,TOY-10,Unit I,VSF Export,4789.08
2026-08-14,1,TOY-11,Unit I,VSF Export,5144.94
2026-08-14,1,TOY-12,Unit I,Liveaco Compact,4126.61
2026-08-14,1,TOY-13,Unit I,VSF Export,5402.36
2026-08-14,1,TOY-14,Unit I,VSF Export,5354.82
2026-08-14,1,TOY-15,Unit I,Liveaco Compact,3951.34
2026-08-14,1,TSU-01,Unit I,Excel Slub,2777.88
2026-08-14,1,TSU-02,Unit I,Liveaco Compact,2987.36
2026-08-14,1,TSU-03,Unit I,Liveaco Compact,2976.74
2026-08-14,1,TSU-04,Unit I,Liveaco Compact,3181.51
2026-08-14,1,TSU-05,Unit I,Liveaco Compact,2938.54
2026-08-14,1,TSU-06,Unit I,Excel Slub,2949.14
2026-08-14,1,TSU-07,Unit I,Excel Slub,3379.58
2026-08-14,1,TSU-08,Unit I,VSF Export,3634.64
2026-08-14,1,TSU-09,Unit I,Liveaco Compact,2463.55
2026-08-14,1,TSU-10,Unit I,VSF Export,3338.32
2026-08-14,1,SUL-01,Unit I,Excel Slub,586.79
2026-08-14,1,SUL-02,Unit I,Liveaco Compact,492.54
2026-08-14,1,SUL-03,Unit I,Excel Slub,472.33
2026-08-14,1,SUL-04,Unit I,VSF Export,662.19
2026-08-14,1,SUL-05,Unit I,Liveaco Compact,446.62
2026-08-14,2,TOY-01,Unit I,VSF Export,5134.26
2026-08-14,2,TOY-02,Unit I,VSF Export,3612.42
2026-08-14,2,TOY-03,Unit I,Liveaco Compact,4539.92
2026-08-14,2,TOY-04,Unit I,Excel Slub,4347.85
2026-08-14,2,TOY-05,Unit I,VSF Export,4851.77
2026-08-14,2,TOY-06,Unit I,VSF Export,4843.69
2026-08-14,2,TOY-07,Unit I,VSF Export,4657.84
2026-08-14,2,TOY-08,Unit I,Liveaco Compact,3282.3
2026-08-14,2,TOY-09,Unit I,Liveaco Compact,3930.29
2026-08-14,2,TOY-10,Unit I,Excel Slub,4282.65
2026-08-14,2,TOY-11,Unit I,Excel Slub,4185.58
2026-08-14,2,TOY-12,Unit I,Excel Slub,4268.39
2026-08-14,2,TOY-13,Unit I,VSF Export,5694.04
2026-08-14,2,TOY-14,Unit I,Excel Slub,3967.65
2026-08-14,2,TOY-15,Unit I,VSF Export,4996.51
2026-08-14,2,TSU-01,Unit I,Excel Slub,2776.28
2026-08-14,2,TSU-02,Unit I,VSF Export,3595.17
2026-08-14,2,TSU-03,Unit I,Liveaco Compact,2900.08
2026-08-14,2,TSU-04,Unit I,Liveaco Compact,3249.28
2026-08-14,2,TSU-05,Unit I,Excel Slub,3092.91
2026-08-14,2,TSU-06,Unit I,Liveaco Compact,3179.51
2026-08-14,2,TSU-07,Unit I,Liveaco Compact,2497.29
2026-08-14,2,TSU-08,Unit I,Excel Slub,2949.32
2026-08-14,2,TSU-09,Unit I,VSF Export,3176.65
2026-08-14,2,TSU-10,Unit I,Liveaco Compact,2395.6
2026-08-14,2,SUL-01,Unit I,Liveaco Compact,464.98
2026-08-14,2,SUL-02,Unit I,VSF Export,616.05
2026-08-14,2,SUL-03,Unit I,Excel Slub,502.19
2026-08-14,2,SUL-04,Unit I,Liveaco Compact,559.22
2026-08-14,2,SUL-05,Unit I,Excel Slub,477.5
2026-08-14,3,TOY-01,Unit I,VSF Export,4626.97
2026-08-14,3,TOY-02,Unit I,Excel Slub,3915.95
2026-08-14,3,TOY-03,Unit I,Excel Slub,4517.89
2026-08-14,3,TOY-04,Unit I,Excel Slub,4210.9
2026-08-14,3,TOY-05,Unit I,Liveaco Compact,4152.25
2026-08-14,3,TOY-06,Unit I,Excel Slub,4216.04
2026-08-14,3,TOY-07,Unit I,Excel Slub,4207.51
2026-08-14,3,TOY-08,Unit I,VSF Export,3721.19
2026-08-14,3,TOY-09,Unit I,Excel Slub,4393.03
2026-08-14,3,TOY-10,Unit I,Excel Slub,5128.35
2026-08-14,3,TOY-11,Unit I,Excel Slub,4300.36
2026-08-14,3,TOY-12,Unit I,VSF Export,4632.51
2026-08-14,3,TOY-13,Unit I,VSF Export,4451.75
2026-08-14,3,TOY-14,Unit I,Liveaco Compact,3960.94
2026-08-14,3,TOY-15,Unit I,Excel Slub,4118.01
2026-08-14,3,TSU-01,Unit I,VSF Export,3203.11
2026-08-14,3,TSU-02,Unit I,Excel Slub,3352.82
2026-08-14,3,TSU-03,Unit I,Liveaco Compact,2804.34
2026-08-14,3,TSU-04,Unit I,Liveaco Compact,3036.66
2026-08-14,3,TSU-05,Unit I,Liveaco Compact,3083.66
2026-08-14,3,TSU-06,Unit I,Excel Slub,2555.36
2026-08-14,3,TSU-07,Unit I,Liveaco Compact,2700.34
2026-08-14,3,TSU-08,Unit I,Liveaco Compact,2788.07
2026-08-14,3,TSU-09,Unit I,Excel Slub,3220.17
2026-08-14,3,TSU-10,Unit I,VSF Export,3003.59
2026-08-14,3,SUL-01,Unit I,Excel Slub,527.82
2026-08-14,3,SUL-02,Unit I,VSF Export,629.14
2026-08-14,3,SUL-03,Unit I,Excel Slub,494.33
2026-08-14,3,SUL-04,Unit I,Liveaco Compact,466.64
2026-08-14,3,SUL-05,Unit I,Liveaco Compact,517.44
2026-08-15,1,TOY-01,Unit I,Excel Slub,3779.85
2026-08-15,1,TOY-02,Unit I,Liveaco Compact,3166.13
2026-08-15,1,TOY-03,Unit I,Excel Slub,4343.52
2026-08-15,1,TOY-04,Unit I,VSF Export,4767.85
2026-08-15,1,TOY-05,Unit I,Excel Slub,4066.63
2026-08-15,1,TOY-06,Unit I,VSF Export,4920.44
2026-08-15,1,TOY-07,Unit I,Excel Slub,4232.39
2026-08-15,1,TOY-08,Unit I,VSF Export,4413.72
2026-08-15,1,TOY-09,Unit I,VSF Export,4942.33
2026-08-15,1,TOY-10,Unit I,VSF Export,4777.58
2026-08-15,1,TOY-11,Unit I,Liveaco Compact,4366.08
2026-08-15,1,TOY-12,Unit I,VSF Export,5720.11
2026-08-15,1,TOY-13,Unit I,VSF Export,4842.31
2026-08-15,1,TOY-14,Unit I,Liveaco Compact,4066.06
2026-08-15,1,TOY-15,Unit I,Excel Slub,4113.5
2026-08-15,1,TSU-01,Unit I,Liveaco Compact,3007.74
2026-08-15,1,TSU-02,Unit I,Liveaco Compact,2955.12
2026-08-15,1,TSU-03,Unit I,Excel Slub,2904.14
2026-08-15,1,TSU-04,Unit I,Liveaco Compact,3215.95
2026-08-15,1,TSU-05,Unit I,Excel Slub,2914.32
2026-08-15,1,TSU-06,Unit I,Liveaco Compact,2950.84
2026-08-15,1,TSU-07,Unit I,Liveaco Compact,3123.02
2026-08-15,1,TSU-08,Unit I,VSF Export,3314.94
2026-08-15,1,TSU-09,Unit I,Excel Slub,2917.77
2026-08-15,1,TSU-10,Unit I,Liveaco Compact,2841.55
2026-08-15,1,SUL-01,Unit I,Excel Slub,589.13
2026-08-15,1,SUL-02,Unit I,Excel Slub,518.16
2026-08-15,1,SUL-03,Unit I,Excel Slub,522.6
2026-08-15,1,SUL-04,Unit I,Liveaco Compact,483.3
2026-08-15,1,SUL-05,Unit I,Excel Slub,474.65
2026-08-15,2,TOY-01,Unit I,VSF Export,5583.79
2026-08-15,2,TOY-02,Unit I,VSF Export,4525.24
2026-08-15,2,TOY-03,Unit I,Liveaco Compact,4263.37
2026-08-15,2,TOY-04,Unit I,Liveaco Compact,3870.4
2026-08-15,2,TOY-05,Unit I,VSF Export,5132.49
2026-08-15,2,TOY-06,Unit I,VSF Export,4342.29
2026-08-15,2,TOY-07,Unit I,VSF Export,4222.74
2026-08-15,2,TOY-08,Unit I,VSF Export,4144.23
2026-08-15,2,TOY-09,Unit I,VSF Export,5112.7
2026-08-15,2,TOY-10,Unit I,Liveaco Compact,4013.67
2026-08-15,2,TOY-11,Unit I,VSF Export,4735.24
2026-08-15,2,TOY-12,Unit I,Liveaco Compact,3835.4
2026-08-15,2,TOY-13,Unit I,Liveaco Compact,3999.28
2026-08-15,2,TOY-14,Unit I,Excel Slub,4506.08
2026-08-15,2,TOY-15,Unit I,VSF Export,4676.76
2026-08-15,2,TSU-01,Unit I,VSF Export,3138.74
2026-08-15,2,TSU-02,Unit I,Liveaco Compact,2941.18
2026-08-15,2,TSU-03,Unit I,VSF Export,3334.96
2026-08-15,2,TSU-04,Unit I,VSF Export,3884.16
2026-08-15,2,TSU-05,Unit I,VSF Export,3600.01
2026-08-15,2,TSU-06,Unit I,VSF Export,3705.89
2026-08-15,2,TSU-07,Unit I,Excel Slub,3018.95
2026-08-15,2,TSU-08,Unit I,VSF Export,3635.98
2026-08-15,2,TSU-09,Unit I,Liveaco Compact,2683.56
2026-08-15,2,TSU-10,Unit I,VSF Export,3146.59
2026-08-15,2,SUL-01,Unit I,VSF Export,592.1
2026-08-15,2,SUL-02,Unit I,Liveaco Compact,553.03
2026-08-15,2,SUL-03,Unit I,Liveaco Compact,491.22
2026-08-15,2,SUL-04,Unit I,VSF Export,554.63
2026-08-15,2,SUL-05,Unit I,VSF Export,607.24
2026-08-15,3,TOY-01,Unit I,VSF Export,4523.92
2026-08-15,3,TOY-02,Unit I,Liveaco Compact,3493.19
2026-08-15,3,TOY-03,Unit I,Excel Slub,4175.58
2026-08-15,3,TOY-04,Unit I,Liveaco Compact,4079.3
2026-08-15,3,TOY-05,Unit I,Excel Slub,4335.85
2026-08-15,3,TOY-06,Unit I,Liveaco Compact,3851.71
2026-08-15,3,TOY-07,Unit I,Excel Slub,5051.1
2026-08-15,3,TOY-08,Unit I,Excel Slub,3373.59
2026-08-15,3,TOY-09,Unit I,Liveaco Compact,4210.09
2026-08-15,3,TOY-10,Unit I,VSF Export,4711.23
2026-08-15,3,TOY-11,Unit I,Liveaco Compact,3611.32
2026-08-15,3,TOY-12,Unit I,VSF Export,4777.07
2026-08-15,3,TOY-13,Unit I,VSF Export,4570.24
2026-08-15,3,TOY-14,Unit I,Liveaco Compact,3891.49
2026-08-15,3,TOY-15,Unit I,Excel Slub,4484.71
2026-08-15,3,TSU-01,Unit I,Liveaco Compact,3109.56
2026-08-15,3,TSU-02,Unit I,Excel Slub,3392.71
2026-08-15,3,TSU-03,Unit I,Excel Slub,3035.31
2026-08-15,3,TSU-04,Unit I,Liveaco Compact,2817.85
2026-08-15,3,TSU-05,Unit I,VSF Export,3659.34
2026-08-15,3,TSU-06,Unit I,Excel Slub,3505.57
2026-08-15,3,TSU-07,Unit I,Liveaco Compact,2976.96
2026-08-15,3,TSU-08,Unit I,Liveaco Compact,2700.08
2026-08-15,3,TSU-09,Unit I,Excel Slub,2847.53
2026-08-15,3,TSU-10,Unit I,Liveaco Compact,2663.64
2026-08-15,3,SUL-01,Unit I,VSF Export,658.38
2026-08-15,3,SUL-02,Unit I,Excel Slub,530.88
2026-08-15,3,SUL-03,Unit I,Liveaco Compact,517.91
2026-08-15,3,SUL-04,Unit I,VSF Export,636.56
2026-08-15,3,SUL-05,Unit I,Liveaco Compact,445.41
2026-08-16,1,TOY-01,Unit I,Excel Slub,4071.63
2026-08-16,1,TOY-02,Unit I,VSF Export,4205.09
2026-08-16,1,TOY-03,Unit I,VSF Export,5026.82
2026-08-16,1,TOY-04,Unit I,VSF Export,5341.2
2026-08-16,1,TOY-05,Unit I,Liveaco Compact,4117.76
2026-08-16,1,TOY-06,Unit I,Excel Slub,3996.78
2026-08-16,1,TOY-07,Unit I,Excel Slub,4589.16
2026-08-16,1,TOY-08,Unit I,Excel Slub,3915.09
2026-08-16,1,TOY-09,Unit I,Excel Slub,4350.32
2026-08-16,1,TOY-10,Unit I,Liveaco Compact,4330.44
2026-08-16,1,TOY-11,Unit I,Excel Slub,4425.27
2026-08-16,1,TOY-12,Unit I,Liveaco Compact,3836.85
2026-08-16,1,TOY-13,Unit I,Liveaco Compact,4377.0
2026-08-16,1,TOY-14,Unit I,Excel Slub,4256.93
2026-08-16,1,TOY-15,Unit I,Excel Slub,4742.17
2026-08-16,1,TSU-01,Unit I,VSF Export,3599.98
2026-08-16,1,TSU-02,Unit I,Liveaco Compact,3194.0
2026-08-16,1,TSU-03,Unit I,Liveaco Compact,2749.21
2026-08-16,1,TSU-04,Unit I,Liveaco Compact,2935.29
2026-08-16,1,TSU-05,Unit I,VSF Export,3288.55
2026-08-16,1,TSU-06,Unit I,Excel Slub,3006.96
2026-08-16,1,TSU-07,Unit I,VSF Export,3831.78
2026-08-16,1,TSU-08,Unit I,Liveaco Compact,2566.76
2026-08-16,1,TSU-09,Unit I,Liveaco Compact,3121.28
2026-08-16,1,TSU-10,Unit I,Excel Slub,2923.66
2026-08-16,1,SUL-01,Unit I,VSF Export,579.21
2026-08-16,1,SUL-02,Unit I,Liveaco Compact,522.08
2026-08-16,1,SUL-03,Unit I,Excel Slub,550.76
2026-08-16,1,SUL-04,Unit I,VSF Export,661.74
2026-08-16,1,SUL-05,Unit I,Liveaco Compact,487.91
2026-08-16,2,TOY-01,Unit I,VSF Export,5150.47
2026-08-16,2,TOY-02,Unit I,Excel Slub,3211.96
2026-08-16,2,TOY-03,Unit I,Excel Slub,4854.08
2026-08-16,2,TOY-04,Unit I,Liveaco Compact,3812.15
2026-08-16,2,TOY-05,Unit I,Excel Slub,4472.76
2026-08-16,2,TOY-06,Unit I,Liveaco Compact,3830.63
2026-08-16,2,TOY-07,Unit I,Excel Slub,3957.47
2026-08-16,2,TOY-08,Unit I,VSF Export,4816.25
2026-08-16,2,TOY-09,Unit I,Excel Slub,4318.53
2026-08-16,2,TOY-10,Unit I,Excel Slub,4496.94
2026-08-16,2,TOY-11,Unit I,VSF Export,4625.57
2026-08-16,2,TOY-12,Unit I,Excel Slub,4541.42
2026-08-16,2,TOY-13,Unit I,Excel Slub,4540.27
2026-08-16,2,TOY-14,Unit I,Liveaco Compact,3710.87
2026-08-16,2,TOY-15,Unit I,VSF Export,5212.74
2026-08-16,2,TSU-01,Unit I,VSF Export,3094.81
2026-08-16,2,TSU-02,Unit I,VSF Export,3823.39
2026-08-16,2,TSU-03,Unit I,VSF Export,3278.67
2026-08-16,2,TSU-04,Unit I,Excel Slub,2861.5
2026-08-16,2,TSU-05,Unit I,Excel Slub,2882.32
2026-08-16,2,TSU-06,Unit I,Excel Slub,3201.6
2026-08-16,2,TSU-07,Unit I,Excel Slub,3371.1
2026-08-16,2,TSU-08,Unit I,Liveaco Compact,3068.08
2026-08-16,2,TSU-09,Unit I,Excel Slub,3251.14
2026-08-16,2,TSU-10,Unit I,Excel Slub,3339.81
2026-08-16,2,SUL-01,Unit I,Excel Slub,481.72
2026-08-16,2,SUL-02,Unit I,Excel Slub,587.62
2026-08-16,2,SUL-03,Unit I,Liveaco Compact,519.85
2026-08-16,2,SUL-04,Unit I,Liveaco Compact,474.97
2026-08-16,2,SUL-05,Unit I,VSF Export,531.39
2026-08-16,3,TOY-01,Unit I,Liveaco Compact,4212.55
2026-08-16,3,TOY-02,Unit I,VSF Export,3860.37
2026-08-16,3,TOY-03,Unit I,Excel Slub,4667.28
2026-08-16,3,TOY-04,Unit I,Excel Slub,4494.53
2026-08-16,3,TOY-05,Unit I,Liveaco Compact,4323.16
2026-08-16,3,TOY-06,Unit I,Liveaco Compact,3889.61
2026-08-16,3,TOY-07,Unit I,Liveaco Compact,4314.62
2026-08-16,3,TOY-08,Unit I,Liveaco Compact,3469.28
2026-08-16,3,TOY-09,Unit I,VSF Export,4073.6
2026-08-16,3,TOY-10,Unit I,Liveaco Compact,3812.44
2026-08-16,3,TOY-11,Unit I,VSF Export,4510.37
2026-08-16,3,TOY-12,Unit I,Liveaco Compact,3699.95
2026-08-16,3,TOY-13,Unit I,Excel Slub,3559.03
2026-08-16,3,TOY-14,Unit I,Liveaco Compact,3991.85
2026-08-16,3,TOY-15,Unit I,VSF Export,4733.77
2026-08-16,3,TSU-01,Unit I,Excel Slub,3268.14
2026-08-16,3,TSU-02,Unit I,Excel Slub,3239.84
2026-08-16,3,TSU-03,Unit I,VSF Export,3443.85
2026-08-16,3,TSU-04,Unit I,VSF Export,3403.89
2026-08-16,3,TSU-05,Unit I,VSF Export,3264.78
2026-08-16,3,TSU-06,Unit I,Excel Slub,2831.79
2026-08-16,3,TSU-07,Unit I,Excel Slub,3225.05
2026-08-16,3,TSU-08,Unit I,VSF Export,3108.39
2026-08-16,3,TSU-09,Unit I,VSF Export,3438.0
2026-08-16,3,TSU-10,Unit I,VSF Export,3089.96
2026-08-16,3,SUL-01,Unit I,Excel Slub,499.24
2026-08-16,3,SUL-02,Unit I,Liveaco Compact,476.87
2026-08-16,3,SUL-03,Unit I,Liveaco Compact,544.64
2026-08-16,3,SUL-04,Unit I,Liveaco Compact,572.19
2026-08-16,3,SUL-05,Unit I,Excel Slub,596.67
2026-08-17,1,TOY-01,Unit I,Liveaco Compact,3785.75
2026-08-17,1,TOY-02,Unit I,VSF Export,3959.14
2026-08-17,1,TOY-03,Unit I,VSF Export,4504.9
2026-08-17,1,TOY-04,Unit I,Liveaco Compact,4118.89
2026-08-17,1,TOY-05,Unit I,Liveaco Compact,4389.07
2026-08-17,1,TOY-06,Unit I,Excel Slub,3705.47
2026-08-17,1,TOY-07,Unit I,VSF Export,5540.85
2026-08-17,1,TOY-08,Unit I,Liveaco Compact,3556.09
2026-08-17,1,TOY-09,Unit I,VSF Export,4404.56
2026-08-17,1,TOY-10,Unit I,Excel Slub,4847.81
2026-08-17,1,TOY-11,Unit I,Excel Slub,4892.07
2026-08-17,1,TOY-12,Unit I,Liveaco Compact,3919.65
2026-08-17,1,TOY-13,Unit I,VSF Export,4385.46
2026-08-17,1,TOY-14,Unit I,Liveaco Compact,4013.23
2026-08-17,1,TOY-15,Unit I,Liveaco Compact,3785.07
2026-08-17,1,TSU-01,Unit I,VSF Export,3807.59
2026-08-17,1,TSU-02,Unit I,Excel Slub,3238.81
2026-08-17,1,TSU-03,Unit I,VSF Export,3631.54
2026-08-17,1,TSU-04,Unit I,Excel Slub,2843.97
2026-08-17,1,TSU-05,Unit I,Excel Slub,3116.89
2026-08-17,1,TSU-06,Unit I,Excel Slub,3261.44
2026-08-17,1,TSU-07,Unit I,Liveaco Compact,2888.16
2026-08-17,1,TSU-08,Unit I,Excel Slub,2968.38
2026-08-17,1,TSU-09,Unit I,VSF Export,3905.14
2026-08-17,1,TSU-10,Unit I,Excel Slub,2852.74
2026-08-17,1,SUL-01,Unit I,VSF Export,589.88
2026-08-17,1,SUL-02,Unit I,VSF Export,631.36
2026-08-17,1,SUL-03,Unit I,Excel Slub,584.78
2026-08-17,1,SUL-04,Unit I,Excel Slub,555.45
2026-08-17,1,SUL-05,Unit I,Liveaco Compact,503.86
2026-08-17,2,TOY-01,Unit I,VSF Export,4556.18
2026-08-17,2,TOY-02,Unit I,VSF Export,4361.84
2026-08-17,2,TOY-03,Unit I,Excel Slub,4699.89
2026-08-17,2,TOY-04,Unit I,VSF Export,5092.98
2026-08-17,2,TOY-05,Unit I,Liveaco Compact,4626.09
2026-08-17,2,TOY-06,Unit I,Excel Slub,4082.25
2026-08-17,2,TOY-07,Unit I,VSF Export,4411.41
2026-08-17,2,TOY-08,Unit I,VSF Export,4443.14
2026-08-17,2,TOY-09,Unit I,VSF Export,5395.29
2026-08-17,2,TOY-10,Unit I,VSF Export,4831.7
2026-08-17,2,TOY-11,Unit I,VSF Export,4637.37
2026-08-17,2,TOY-12,Unit I,Liveaco Compact,4533.64
2026-08-17,2,TOY-13,Unit I,VSF Export,4663.36
2026-08-17,2,TOY-14,Unit I,VSF Export,4744.36
2026-08-17,2,TOY-15,Unit I,Excel Slub,4191.22
2026-08-17,2,TSU-01,Unit I,VSF Export,3204.97
2026-08-17,2,TSU-02,Unit I,Excel Slub,3151.48
2026-08-17,2,TSU-03,Unit I,Liveaco Compact,3006.26
2026-08-17,2,TSU-04,Unit I,Liveaco Compact,2847.34
2026-08-17,2,TSU-05,Unit I,Excel Slub,3062.07
2026-08-17,2,TSU-06,Unit I,Excel Slub,3060.06
2026-08-17,2,TSU-07,Unit I,VSF Export,3424.9
2026-08-17,2,TSU-08,Unit I,VSF Export,3442.79
2026-08-17,2,TSU-09,Unit I,Liveaco Compact,2873.55
2026-08-17,2,TSU-10,Unit I,VSF Export,3299.38
2026-08-17,2,SUL-01,Unit I,Liveaco Compact,492.0
2026-08-17,2,SUL-02,Unit I,Excel Slub,494.07
2026-08-17,2,SUL-03,Unit I,Liveaco Compact,451.23
2026-08-17,2,SUL-04,Unit I,Liveaco Compact,502.99
2026-08-17,2,SUL-05,Unit I,Liveaco Compact,500.06
2026-08-17,3,TOY-01,Unit I,VSF Export,5421.48
2026-08-17,3,TOY-02,Unit I,VSF Export,4539.22
2026-08-17,3,TOY-03,Unit I,Liveaco Compact,4110.87
2026-08-17,3,TOY-04,Unit I,VSF Export,5062.08
2026-08-17,3,TOY-05,Unit I,Excel Slub,4160.56
2026-08-17,3,TOY-06,Unit I,VSF Export,5174.78
2026-08-17,3,TOY-07,Unit I,Excel Slub,4260.19
2026-08-17,3,TOY-08,Unit I,Liveaco Compact,3366.4
2026-08-17,3,TOY-09,Unit I,Liveaco Compact,3533.53
2026-08-17,3,TOY-10,Unit I,Liveaco Compact,4632.74
2026-08-17,3,TOY-11,Unit I,VSF Export,4342.96
2026-08-17,3,TOY-12,Unit I,VSF Export,5316.83
2026-08-17,3,TOY-13,Unit I,Excel Slub,4339.58
2026-08-17,3,TOY-14,Unit I,VSF Export,5265.45
2026-08-17,3,TOY-15,Unit I,Excel Slub,4137.23
2026-08-17,3,TSU-01,Unit I,Excel Slub,2840.62
2026-08-17,3,TSU-02,Unit I,VSF Export,3383.23
2026-08-17,3,TSU-03,Unit I,Excel Slub,3205.89
2026-08-17,3,TSU-04,Unit I,Excel Slub,3090.7
2026-08-17,3,TSU-05,Unit I,VSF Export,3100.51
2026-08-17,3,TSU-06,Unit I,VSF Export,3175.83
2026-08-17,3,TSU-07,Unit I,VSF Export,3432.67
2026-08-17,3,TSU-08,Unit I,Excel Slub,2996.27
2026-08-17,3,TSU-09,Unit I,Liveaco Compact,2740.06
2026-08-17,3,TSU-10,Unit I,Liveaco Compact,2478.79
2026-08-17,3,SUL-01,Unit I,Excel Slub,548.65
2026-08-17,3,SUL-02,Unit I,Liveaco Compact,567.47
2026-08-17,3,SUL-03,Unit I,Liveaco Compact,519.63
2026-08-17,3,SUL-04,Unit I,VSF Export,644.52
2026-08-17,3,SUL-05,Unit I,Liveaco Compact,482.22
2026-08-18,1,TOY-01,Unit I,VSF Export,5189.9
2026-08-18,1,TOY-02,Unit I,VSF Export,3679.31
2026-08-18,1,TOY-03,Unit I,VSF Export,5342.53
2026-08-18,1,TOY-04,Unit I,Liveaco Compact,4571.96
2026-08-18,1,TOY-05,Unit I,Liveaco Compact,4477.51
2026-08-18,1,TOY-06,Unit I,Excel Slub,4715.24
2026-08-18,1,TOY-07,Unit I,VSF Export,4907.68
2026-08-18,1,TOY-08,Unit I,Liveaco Compact,3269.7
2026-08-18,1,TOY-09,Unit I,Excel Slub,4093.24
2026-08-18,1,TOY-10,Unit I,VSF Export,5011.2
2026-08-18,1,TOY-11,Unit I,Excel Slub,4706.23
2026-08-18,1,TOY-12,Unit I,Liveaco Compact,4207.88
2026-08-18,1,TOY-13,Unit I,VSF Export,5267.32
2026-08-18,1,TOY-14,Unit I,Liveaco Compact,3898.74
2026-08-18,1,TOY-15,Unit I,Excel Slub,4567.58
2026-08-18,1,TSU-01,Unit I,Excel Slub,3135.79
2026-08-18,1,TSU-02,Unit I,Excel Slub,2967.98
2026-08-18,1,TSU-03,Unit I,VSF Export,3604.57
2026-08-18,1,TSU-04,Unit I,Liveaco Compact,3222.49
2026-08-18,1,TSU-05,Unit I,Liveaco Compact,2725.59
2026-08-18,1,TSU-06,Unit I,VSF Export,3410.4
2026-08-18,1,TSU-07,Unit I,Liveaco Compact,2723.93
2026-08-18,1,TSU-08,Unit I,Excel Slub,3286.72
2026-08-18,1,TSU-09,Unit I,VSF Export,3486.51
2026-08-18,1,TSU-10,Unit I,VSF Export,3657.21
2026-08-18,1,SUL-01,Unit I,Excel Slub,527.47
2026-08-18,1,SUL-02,Unit I,VSF Export,607.99
2026-08-18,1,SUL-03,Unit I,Liveaco Compact,526.85
2026-08-18,1,SUL-04,Unit I,Excel Slub,515.55
2026-08-18,1,SUL-05,Unit I,Excel Slub,535.91
2026-08-18,2,TOY-01,Unit I,Liveaco Compact,3913.2
2026-08-18,2,TOY-02,Unit I,Excel Slub,3434.55
2026-08-18,2,TOY-03,Unit I,VSF Export,5071.28
2026-08-18,2,TOY-04,Unit I,VSF Export,4726.95
2026-08-18,2,TOY-05,Unit I,Liveaco Compact,4049.47
2026-08-18,2,TOY-06,Unit I,Excel Slub,3888.59
2026-08-18,2,TOY-07,Unit I,Excel Slub,4049.97
2026-08-18,2,TOY-08,Unit I,Excel Slub,3798.32
2026-08-18,2,TOY-09,Unit I,VSF Export,4764.29
2026-08-18,2,TOY-10,Unit I,Liveaco Compact,4433.62
2026-08-18,2,TOY-11,Unit I,Liveaco Compact,3904.54
2026-08-18,2,TOY-12,Unit I,Liveaco Compact,3551.46
2026-08-18,2,TOY-13,Unit I,Excel Slub,4311.04
2026-08-18,2,TOY-14,Unit I,Liveaco Compact,3857.94
2026-08-18,2,TOY-15,Unit I,Excel Slub,4221.37
2026-08-18,2,TSU-01,Unit I,VSF Export,3210.53
2026-08-18,2,TSU-02,Unit I,VSF Export,2985.34
2026-08-18,2,TSU-03,Unit I,VSF Export,3731.38
2026-08-18,2,TSU-04,Unit I,Liveaco Compact,3130.7
2026-08-18,2,TSU-05,Unit I,Liveaco Compact,3253.07
2026-08-18,2,TSU-06,Unit I,Excel Slub,2994.67
2026-08-18,2,TSU-07,Unit I,Liveaco Compact,3160.32
2026-08-18,2,TSU-08,Unit I,Liveaco Compact,2667.86
2026-08-18,2,TSU-09,Unit I,Excel Slub,2877.95
2026-08-18,2,TSU-10,Unit I,Liveaco Compact,2980.72
2026-08-18,2,SUL-01,Unit I,Liveaco Compact,515.85
2026-08-18,2,SUL-02,Unit I,VSF Export,599.61
2026-08-18,2,SUL-03,Unit I,Excel Slub,569.31
2026-08-18,2,SUL-04,Unit I,VSF Export,635.17
2026-08-18,2,SUL-05,Unit I,Excel Slub,596.59
2026-08-18,3,TOY-01,Unit I,Liveaco Compact,4538.69
2026-08-18,3,TOY-02,Unit I,Liveaco Compact,3237.72
2026-08-18,3,TOY-03,Unit I,Excel Slub,3908.86
2026-08-18,3,TOY-04,Unit I,Excel Slub,3980.37
2026-08-18,3,TOY-05,Unit I,Liveaco Compact,4621.45
2026-08-18,3,TOY-06,Unit I,Excel Slub,4107.48
2026-08-18,3,TOY-07,Unit I,Excel Slub,4056.44
2026-08-18,3,TOY-08,Unit I,Liveaco Compact,2821.47
2026-08-18,3,TOY-09,Unit I,Liveaco Compact,3851.83
2026-08-18,3,TOY-10,Unit I,Liveaco Compact,4032.08
2026-08-18,3,TOY-11,Unit I,VSF Export,4767.27
2026-08-18,3,TOY-12,Unit I,Liveaco Compact,4209.2
2026-08-18,3,TOY-13,Unit I,Liveaco Compact,3648.89
2026-08-18,3,TOY-14,Unit I,Liveaco Compact,4218.5
2026-08-18,3,TOY-15,Unit I,Liveaco Compact,4210.36
2026-08-18,3,TSU-01,Unit I,Liveaco Compact,2865.38
2026-08-18,3,TSU-02,Unit I,VSF Export,3725.2
2026-08-18,3,TSU-03,Unit I,Excel Slub,2842.67
2026-08-18,3,TSU-04,Unit I,Excel Slub,2694.29
2026-08-18,3,TSU-05,Unit I,VSF Export,3245.36
2026-08-18,3,TSU-06,Unit I,Liveaco Compact,2487.21
2026-08-18,3,TSU-07,Unit I,Excel Slub,3344.34
2026-08-18,3,TSU-08,Unit I,Excel Slub,2960.12
2026-08-18,3,TSU-09,Unit I,Liveaco Compact,3070.02
2026-08-18,3,TSU-10,Unit I,Liveaco Compact,3094.31
2026-08-18,3,SUL-01,Unit I,Liveaco Compact,565.77
2026-08-18,3,SUL-02,Unit I,Liveaco Compact,490.92
2026-08-18,3,SUL-03,Unit I,VSF Export,658.36
2026-08-18,3,SUL-04,Unit I,Excel Slub,580.48
2026-08-18,3,SUL-05,Unit I,Excel Slub,556.13
2026-08-19,1,TOY-01,Unit I,Excel Slub,4806.28
2026-08-19,1,TOY-02,Unit I,VSF Export,3917.68
2026-08-19,1,TOY-03,Unit I,VSF Export,5177.0
2026-08-19,1,TOY-04,Unit I,VSF Export,4591.5
2026-08-19,1,TOY-05,Unit I,VSF Export,5510.81
2026-08-19,1,TOY-06,Unit I,Excel Slub,3994.93
2026-08-19,1,TOY-07,Unit I,VSF Export,4372.94
2026-08-19,1,TOY-08,Unit I,Liveaco Compact,2787.23
2026-08-19,1,TOY-09,Unit I,Excel Slub,4417.21
2026-08-19,1,TOY-10,Unit I,Liveaco Compact,4388.41
2026-08-19,1,TOY-11,Unit I,VSF Export,4236.95
2026-08-19,1,TOY-12,Unit I,VSF Export,5312.66
2026-08-19,1,TOY-13,Unit I,VSF Export,5362.64
2026-08-19,1,TOY-14,Unit I,Liveaco Compact,3999.15
2026-08-19,1,TOY-15,Unit I,VSF Export,5090.92
2026-08-19,1,TSU-01,Unit I,VSF Export,3591.22
2026-08-19,1,TSU-02,Unit I,Liveaco Compact,2627.62
2026-08-19,1,TSU-03,Unit I,VSF Export,3046.74
2026-08-19,1,TSU-04,Unit I,VSF Export,3715.17
2026-08-19,1,TSU-05,Unit I,Liveaco Compact,2946.81
2026-08-19,1,TSU-06,Unit I,Liveaco Compact,3057.45
2026-08-19,1,TSU-07,Unit I,Excel Slub,3053.58
2026-08-19,1,TSU-08,Unit I,Liveaco Compact,2863.93
2026-08-19,1,TSU-09,Unit I,Excel Slub,3002.75
2026-08-19,1,TSU-10,Unit I,VSF Export,3247.44
2026-08-19,1,SUL-01,Unit I,VSF Export,642.88
2026-08-19,1,SUL-02,Unit I,Excel Slub,532.96
2026-08-19,1,SUL-03,Unit I,VSF Export,623.95
2026-08-19,1,SUL-04,Unit I,VSF Export,626.98
2026-08-19,1,SUL-05,Unit I,Excel Slub,539.85
2026-08-19,2,TOY-01,Unit I,Excel Slub,4585.77
2026-08-19,2,TOY-02,Unit I,VSF Export,3838.82
2026-08-19,2,TOY-03,Unit I,Liveaco Compact,4123.01
2026-08-19,2,TOY-04,Unit I,VSF Export,4960.81
2026-08-19,2,TOY-05,Unit I,VSF Export,5245.39
2026-08-19,2,TOY-06,Unit I,Liveaco Compact,3723.94
2026-08-19,2,TOY-07,Unit I,Excel Slub,4238.97
2026-08-19,2,TOY-08,Unit I,Excel Slub,3748.71
2026-08-19,2,TOY-09,Unit I,Liveaco Compact,3939.79
2026-08-19,2,TOY-10,Unit I,Excel Slub,4631.33
2026-08-19,2,TOY-11,Unit I,VSF Export,4491.17
2026-08-19,2,TOY-12,Unit I,Liveaco Compact,3773.88
2026-08-19,2,TOY-13,Unit I,VSF Export,5190.75
2026-08-19,2,TOY-14,Unit I,Liveaco Compact,4038.31
2026-08-19,2,TOY-15,Unit I,VSF Export,5224.85
2026-08-19,2,TSU-01,Unit I,VSF Export,3463.79
2026-08-19,2,TSU-02,Unit I,Excel Slub,3058.06
2026-08-19,2,TSU-03,Unit I,VSF Export,3227.93
2026-08-19,2,TSU-04,Unit I,VSF Export,3843.92
2026-08-19,2,TSU-05,Unit I,Liveaco Compact,2445.33
2026-08-19,2,TSU-06,Unit I,VSF Export,3515.83
2026-08-19,2,TSU-07,Unit I,Liveaco Compact,2571.08
2026-08-19,2,TSU-08,Unit I,Excel Slub,2845.46
2026-08-19,2,TSU-09,Unit I,VSF Export,3715.1
2026-08-19,2,TSU-10,Unit I,VSF Export,3872.51
2026-08-19,2,SUL-01,Unit I,Liveaco Compact,480.89
2026-08-19,2,SUL-02,Unit I,Excel Slub,534.63
2026-08-19,2,SUL-03,Unit I,Liveaco Compact,505.36
2026-08-19,2,SUL-04,Unit I,Liveaco Compact,490.63
2026-08-19,2,SUL-05,Unit I,Excel Slub,550.62
2026-08-19,3,TOY-01,Unit I,Liveaco Compact,4023.87
2026-08-19,3,TOY-02,Unit I,VSF Export,4043.66
2026-08-19,3,TOY-03,Unit I,Excel Slub,4638.76
2026-08-19,3,TOY-04,Unit I,VSF Export,5101.31
2026-08-19,3,TOY-05,Unit I,Liveaco Compact,4139.05
2026-08-19,3,TOY-06,Unit I,Liveaco Compact,4206.52
2026-08-19,3,TOY-07,Unit I,Excel Slub,4789.56
2026-08-19,3,TOY-08,Unit I,VSF Export,4012.53
2026-08-19,3,TOY-09,Unit I,Liveaco Compact,3602.26
2026-08-19,3,TOY-10,Unit I,Excel Slub,4553.52
2026-08-19,3,TOY-11,Unit I,Excel Slub,4156.01
2026-08-19,3,TOY-12,Unit I,Excel Slub,3992.68
2026-08-19,3,TOY-13,Unit I,Excel Slub,4229.07
2026-08-19,3,TOY-14,Unit I,Excel Slub,3498.37
2026-08-19,3,TOY-15,Unit I,VSF Export,4935.8
2026-08-19,3,TSU-01,Unit I,Liveaco Compact,2812.3
2026-08-19,3,TSU-02,Unit I,Liveaco Compact,3238.75
2026-08-19,3,TSU-03,Unit I,Excel Slub,3002.12
2026-08-19,3,TSU-04,Unit I,Excel Slub,3215.16
2026-08-19,3,TSU-05,Unit I,Liveaco Compact,2557.08
2026-08-19,3,TSU-06,Unit I,Liveaco Compact,2548.05
2026-08-19,3,TSU-07,Unit I,Excel Slub,3303.41
2026-08-19,3,TSU-08,Unit I,Liveaco Compact,2864.22
2026-08-19,3,TSU-09,Unit I,Excel Slub,3123.48
2026-08-19,3,TSU-10,Unit I,Liveaco Compact,2928.05
2026-08-19,3,SUL-01,Unit I,Excel Slub,506.88
2026-08-19,3,SUL-02,Unit I,Excel Slub,501.41
2026-08-19,3,SUL-03,Unit I,Liveaco Compact,525.75
2026-08-19,3,SUL-04,Unit I,Excel Slub,493.12
2026-08-19,3,SUL-05,Unit I,Liveaco Compact,487.29
2026-08-20,1,TOY-01,Unit I,VSF Export,4906.5
2026-08-20,1,TOY-02,Unit I,Excel Slub,3300.6
2026-08-20,1,TOY-03,Unit I,VSF Export,5101.5
2026-08-20,1,TOY-04,Unit I,Liveaco Compact,3953.76
2026-08-20,1,TOY-05,Unit I,VSF Export,4808.45
2026-08-20,1,TOY-06,Unit I,VSF Export,5177.95
2026-08-20,1,TOY-07,Unit I,Liveaco Compact,4235.42
2026-08-20,1,TOY-08,Unit I,Excel Slub,4056.4
2026-08-20,1,TOY-09,Unit I,Liveaco Compact,3822.01
2026-08-20,1,TOY-10,Unit I,Liveaco Compact,4130.89
2026-08-20,1,TOY-11,Unit I,VSF Export,4281.99
2026-08-20,1,TOY-12,Unit I,VSF Export,5412.91
2026-08-20,1,TOY-13,Unit I,Liveaco Compact,4400.34
2026-08-20,1,TOY-14,Unit I,Liveaco Compact,3892.82
2026-08-20,1,TOY-15,Unit I,Excel Slub,4166.55
2026-08-20,1,TSU-01,Unit I,VSF Export,3570.11
2026-08-20,1,TSU-02,Unit I,Liveaco Compact,2983.3
2026-08-20,1,TSU-03,Unit I,Excel Slub,2630.2
2026-08-20,1,TSU-04,Unit I,VSF Export,3438.9
2026-08-20,1,TSU-05,Unit I,VSF Export,3024.06
2026-08-20,1,TSU-06,Unit I,VSF Export,3737.7
2026-08-20,1,TSU-07,Unit I,VSF Export,3723.93
2026-08-20,1,TSU-08,Unit I,VSF Export,3191.05
2026-08-20,1,TSU-09,Unit I,Excel Slub,2810.12
2026-08-20,1,TSU-10,Unit I,VSF Export,3420.73
2026-08-20,1,SUL-01,Unit I,Liveaco Compact,549.42
2026-08-20,1,SUL-02,Unit I,VSF Export,570.54
2026-08-20,1,SUL-03,Unit I,Liveaco Compact,496.47
2026-08-20,1,SUL-04,Unit I,VSF Export,568.74
2026-08-20,1,SUL-05,Unit I,VSF Export,617.17
2026-08-20,2,TOY-01,Unit I,VSF Export,4988.25
2026-08-20,2,TOY-02,Unit I,VSF Export,4087.32
2026-08-20,2,TOY-03,Unit I,VSF Export,5346.26
2026-08-20,2,TOY-04,Unit I,Liveaco Compact,3901.8
2026-08-20,2,TOY-05,Unit I,Excel Slub,4153.58
2026-08-20,2,TOY-06,Unit I,Excel Slub,3762.73
2026-08-20,2,TOY-07,Unit I,Liveaco Compact,4674.71
2026-08-20,2,TOY-08,Unit I,Liveaco Compact,3530.54
2026-08-20,2,TOY-09,Unit I,Excel Slub,4247.1
2026-08-20,2,TOY-10,Unit I,Liveaco Compact,3765.77
2026-08-20,2,TOY-11,Unit I,Excel Slub,4273.05
2026-08-20,2,TOY-12,Unit I,Liveaco Compact,4551.2
2026-08-20,2,TOY-13,Unit I,VSF Export,4614.65
2026-08-20,2,TOY-14,Unit I,Liveaco Compact,3940.85
2026-08-20,2,TOY-15,Unit I,Excel Slub,4083.12
2026-08-20,2,TSU-01,Unit I,VSF Export,3850.05
2026-08-20,2,TSU-02,Unit I,VSF Export,3305.04
2026-08-20,2,TSU-03,Unit I,Liveaco Compact,3030.37
2026-08-20,2,TSU-04,Unit I,VSF Export,3457.3
2026-08-20,2,TSU-05,Unit I,Liveaco Compact,2977.38
2026-08-20,2,TSU-06,Unit I,VSF Export,3733.37
2026-08-20,2,TSU-07,Unit I,VSF Export,3450.27
2026-08-20,2,TSU-08,Unit I,Liveaco Compact,2569.18
2026-08-20,2,TSU-09,Unit I,VSF Export,3203.07
2026-08-20,2,TSU-10,Unit I,VSF Export,3121.19
2026-08-20,2,SUL-01,Unit I,Liveaco Compact,559.19
2026-08-20,2,SUL-02,Unit I,Liveaco Compact,510.1
2026-08-20,2,SUL-03,Unit I,Liveaco Compact,508.4
2026-08-20,2,SUL-04,Unit I,Excel Slub,564.25
2026-08-20,2,SUL-05,Unit I,VSF Export,623.69
2026-08-20,3,TOY-01,Unit I,Excel Slub,4473.77
2026-08-20,3,TOY-02,Unit I,VSF Export,3993.19
2026-08-20,3,TOY-03,Unit I,Excel Slub,4322.85
2026-08-20,3,TOY-04,Unit I,Liveaco Compact,3894.6
2026-08-20,3,TOY-05,Unit I,Liveaco Compact,3756.51
2026-08-20,3,TOY-06,Unit I,Excel Slub,4087.7
2026-08-20,3,TOY-07,Unit I,Liveaco Compact,4097.92
2026-08-20,3,TOY-08,Unit I,Excel Slub,3425.38
2026-08-20,3,TOY-09,Unit I,Excel Slub,4307.15
2026-08-20,3,TOY-10,Unit I,Liveaco Compact,3952.79
2026-08-20,3,TOY-11,Unit I,VSF Export,4527.26
2026-08-20,3,TOY-12,Unit I,Excel Slub,4596.48
2026-08-20,3,TOY-13,Unit I,Excel Slub,4366.12
2026-08-20,3,TOY-14,Unit I,VSF Export,4701.09
2026-08-20,3,TOY-15,Unit I,Liveaco Compact,3938.98
2026-08-20,3,TSU-01,Unit I,VSF Export,3511.77
2026-08-20,3,TSU-02,Unit I,VSF Export,3475.26
2026-08-20,3,TSU-03,Unit I,Excel Slub,3313.33
2026-08-20,3,TSU-04,Unit I,Liveaco Compact,2781.53
2026-08-20,3,TSU-05,Unit I,Excel Slub,2847.73
2026-08-20,3,TSU-06,Unit I,Liveaco Compact,3097.5
2026-08-20,3,TSU-07,Unit I,Excel Slub,2967.27
2026-08-20,3,TSU-08,Unit I,Liveaco Compact,2737.88
2026-08-20,3,TSU-09,Unit I,VSF Export,3177.77
2026-08-20,3,TSU-10,Unit I,Excel Slub,3411.93
2026-08-20,3,SUL-01,Unit I,Excel Slub,545.56
2026-08-20,3,SUL-02,Unit I,Liveaco Compact,458.33
2026-08-20,3,SUL-03,Unit I,Liveaco Compact,495.03
2026-08-20,3,SUL-04,Unit I,VSF Export,613.57
2026-08-20,3,SUL-05,Unit I,VSF Export,614.75
2026-08-21,1,TOY-01,Unit I,Excel Slub,4302.04
2026-08-21,1,TOY-02,Unit I,Excel Slub,3489.39
2026-08-21,1,TOY-03,Unit I,Excel Slub,4268.21
2026-08-21,1,TOY-04,Unit I,VSF Export,5054.9
2026-08-21,1,TOY-05,Unit I,Excel Slub,4723.85
2026-08-21,1,TOY-06,Unit I,Liveaco Compact,3803.38
2026-08-21,1,TOY-07,Unit I,VSF Export,4594.04
2026-08-21,1,TOY-08,Unit I,Liveaco Compact,3005.46
2026-08-21,1,TOY-09,Unit I,Liveaco Compact,3750.51
2026-08-21,1,TOY-10,Unit I,VSF Export,4299.15
2026-08-21,1,TOY-11,Unit I,Excel Slub,4158.96
2026-08-21,1,TOY-12,Unit I,Excel Slub,5043.51
2026-08-21,1,TOY-13,Unit I,VSF Export,4414.93
2026-08-21,1,TOY-14,Unit I,Liveaco Compact,4375.58
2026-08-21,1,TOY-15,Unit I,Excel Slub,4572.21
2026-08-21,1,TSU-01,Unit I,Excel Slub,2944.03
2026-08-21,1,TSU-02,Unit I,VSF Export,3221.96
2026-08-21,1,TSU-03,Unit I,VSF Export,3448.4
2026-08-21,1,TSU-04,Unit I,VSF Export,3682.5
2026-08-21,1,TSU-05,Unit I,Excel Slub,2883.73
2026-08-21,1,TSU-06,Unit I,Liveaco Compact,2914.24
2026-08-21,1,TSU-07,Unit I,Liveaco Compact,2769.12
2026-08-21,1,TSU-08,Unit I,Excel Slub,2872.21
2026-08-21,1,TSU-09,Unit I,Excel Slub,3323.1
2026-08-21,1,TSU-10,Unit I,Liveaco Compact,2910.87
2026-08-21,1,SUL-01,Unit I,VSF Export,590.5
2026-08-21,1,SUL-02,Unit I,Excel Slub,544.79
2026-08-21,1,SUL-03,Unit I,VSF Export,561.33
2026-08-21,1,SUL-04,Unit I,Excel Slub,634.71
2026-08-21,1,SUL-05,Unit I,Liveaco Compact,458.34
2026-08-21,2,TOY-01,Unit I,Excel Slub,4653.47
2026-08-21,2,TOY-02,Unit I,Liveaco Compact,2889.08
2026-08-21,2,TOY-03,Unit I,Excel Slub,4304.68
2026-08-21,2,TOY-04,Unit I,VSF Export,4954.61
2026-08-21,2,TOY-05,Unit I,Liveaco Compact,4353.34
2026-08-21,2,TOY-06,Unit I,VSF Export,4640.71
2026-08-21,2,TOY-07,Unit I,Liveaco Compact,4358.17
2026-08-21,2,TOY-08,Unit I,Liveaco Compact,3296.95
2026-08-21,2,TOY-09,Unit I,Excel Slub,4295.52
2026-08-21,2,TOY-10,Unit I,Excel Slub,4569.01
2026-08-21,2,TOY-11,Unit I,VSF Export,4919.24
2026-08-21,2,TOY-12,Unit I,VSF Export,4989.24
2026-08-21,2,TOY-13,Unit I,VSF Export,4618.73
2026-08-21,2,TOY-14,Unit I,Liveaco Compact,4689.58
2026-08-21,2,TOY-15,Unit I,Excel Slub,4746.33
2026-08-21,2,TSU-01,Unit I,Liveaco Compact,2468.11
2026-08-21,2,TSU-02,Unit I,VSF Export,3279.87
2026-08-21,2,TSU-03,Unit I,Liveaco Compact,2951.36
2026-08-21,2,TSU-04,Unit I,VSF Export,3672.44
2026-08-21,2,TSU-05,Unit I,Liveaco Compact,2776.89
2026-08-21,2,TSU-06,Unit I,Liveaco Compact,2500.43
2026-08-21,2,TSU-07,Unit I,VSF Export,3593.57
2026-08-21,2,TSU-08,Unit I,Excel Slub,2999.89
2026-08-21,2,TSU-09,Unit I,Liveaco Compact,2870.3
2026-08-21,2,TSU-10,Unit I,VSF Export,3746.09
2026-08-21,2,SUL-01,Unit I,Liveaco Compact,452.69
2026-08-21,2,SUL-02,Unit I,Excel Slub,526.51
2026-08-21,2,SUL-03,Unit I,Excel Slub,487.31
2026-08-21,2,SUL-04,Unit I,VSF Export,642.32
2026-08-21,2,SUL-05,Unit I,Liveaco Compact,575.08
2026-08-21,3,TOY-01,Unit I,Liveaco Compact,3881.15
2026-08-21,3,TOY-02,Unit I,VSF Export,3892.66
2026-08-21,3,TOY-03,Unit I,Excel Slub,4901.51
2026-08-21,3,TOY-04,Unit I,VSF Export,4706.53
2026-08-21,3,TOY-05,Unit I,VSF Export,5130.27
2026-08-21,3,TOY-06,Unit I,VSF Export,4261.91
2026-08-21,3,TOY-07,Unit I,Excel Slub,4823.97
2026-08-21,3,TOY-08,Unit I,Excel Slub,3937.48
2026-08-21,3,TOY-09,Unit I,Liveaco Compact,3927.98
2026-08-21,3,TOY-10,Unit I,VSF Export,5473.42
2026-08-21,3,TOY-11,Unit I,Excel Slub,4362.2
2026-08-21,3,TOY-12,Unit I,Liveaco Compact,4255.06
2026-08-21,3,TOY-13,Unit I,Liveaco Compact,4388.47
2026-08-21,3,TOY-14,Unit I,VSF Export,4291.19
2026-08-21,3,TOY-15,Unit I,VSF Export,4551.57
2026-08-21,3,TSU-01,Unit I,Liveaco Compact,3155.9
2026-08-21,3,TSU-02,Unit I,Liveaco Compact,2654.03
2026-08-21,3,TSU-03,Unit I,VSF Export,3041.98
2026-08-21,3,TSU-04,Unit I,Excel Slub,3279.47
2026-08-21,3,TSU-05,Unit I,VSF Export,3302.97
2026-08-21,3,TSU-06,Unit I,Excel Slub,3036.72
2026-08-21,3,TSU-07,Unit I,Liveaco Compact,2840.27
2026-08-21,3,TSU-08,Unit I,VSF Export,3247.29
2026-08-21,3,TSU-09,Unit I,Liveaco Compact,2531.2
2026-08-21,3,TSU-10,Unit I,Liveaco Compact,2873.16
2026-08-21,3,SUL-01,Unit I,Liveaco Compact,505.13
2026-08-21,3,SUL-02,Unit I,VSF Export,585.66
2026-08-21,3,SUL-03,Unit I,Liveaco Compact,495.88
2026-08-21,3,SUL-04,Unit I,Liveaco Compact,473.63
2026-08-21,3,SUL-05,Unit I,Excel Slub,574.38
2026-08-22,1,TOY-01,Unit I,VSF Export,4838.31
2026-08-22,1,TOY-02,Unit I,Excel Slub,3428.41
2026-08-22,1,TOY-03,Unit I,VSF Export,4889.14
2026-08-22,1,TOY-04,Unit I,Excel Slub,4146.15
2026-08-22,1,TOY-05,Unit I,Liveaco Compact,4179.99
2026-08-22,1,TOY-06,Unit I,VSF Export,5042.34
2026-08-22,1,TOY-07,Unit I,Liveaco Compact,4296.22
2026-08-22,1,TOY-08,Unit I,VSF Export,4107.49
2026-08-22,1,TOY-09,Unit I,Liveaco Compact,4160.02
2026-08-22,1,TOY-10,Unit I,Liveaco Compact,4359.06
2026-08-22,1,TOY-11,Unit I,VSF Export,4952.94
2026-08-22,1,TOY-12,Unit I,Excel Slub,4679.47
2026-08-22,1,TOY-13,Unit I,Liveaco Compact,4158.69
2026-08-22,1,TOY-14,Unit I,Excel Slub,4251.62
2026-08-22,1,TOY-15,Unit I,VSF Export,5022.07
2026-08-22,1,TSU-01,Unit I,Liveaco Compact,2463.47
2026-08-22,1,TSU-02,Unit I,VSF Export,3105.51
2026-08-22,1,TSU-03,Unit I,VSF Export,3681.57
2026-08-22,1,TSU-04,Unit I,Liveaco Compact,2987.8
2026-08-22,1,TSU-05,Unit I,Liveaco Compact,3089.26
2026-08-22,1,TSU-06,Unit I,Excel Slub,3001.55
2026-08-22,1,TSU-07,Unit I,Liveaco Compact,2551.2
2026-08-22,1,TSU-08,Unit I,Liveaco Compact,2802.04
2026-08-22,1,TSU-09,Unit I,VSF Export,3019.82
2026-08-22,1,TSU-10,Unit I,VSF Export,3373.87
2026-08-22,1,SUL-01,Unit I,Excel Slub,544.3
2026-08-22,1,SUL-02,Unit I,Excel Slub,518.41
2026-08-22,1,SUL-03,Unit I,Excel Slub,622.15
2026-08-22,1,SUL-04,Unit I,VSF Export,575.48
2026-08-22,1,SUL-05,Unit I,Liveaco Compact,540.37
2026-08-22,2,TOY-01,Unit I,VSF Export,4256.37
2026-08-22,2,TOY-02,Unit I,Excel Slub,3389.02
2026-08-22,2,TOY-03,Unit I,Excel Slub,4733.69
2026-08-22,2,TOY-04,Unit I,VSF Export,4495.75
2026-08-22,2,TOY-05,Unit I,VSF Export,4850.28
2026-08-22,2,TOY-06,Unit I,Liveaco Compact,4429.24
2026-08-22,2,TOY-07,Unit I,VSF Export,4840.82
2026-08-22,2,TOY-08,Unit I,Liveaco Compact,3115.16
2026-08-22,2,TOY-09,Unit I,Liveaco Compact,3416.09
2026-08-22,2,TOY-10,Unit I,Excel Slub,4228.15
2026-08-22,2,TOY-11,Unit I,Excel Slub,4719.24
2026-08-22,2,TOY-12,Unit I,VSF Export,4688.04
2026-08-22,2,TOY-13,Unit I,Liveaco Compact,4089.46
2026-08-22,2,TOY-14,Unit I,Liveaco Compact,4181.54
2026-08-22,2,TOY-15,Unit I,VSF Export,4751.31
2026-08-22,2,TSU-01,Unit I,Liveaco Compact,2460.89
2026-08-22,2,TSU-02,Unit I,VSF Export,3154.91
2026-08-22,2,TSU-03,Unit I,VSF Export,2876.5
2026-08-22,2,TSU-04,Unit I,VSF Export,3498.65
2026-08-22,2,TSU-05,Unit I,Liveaco Compact,3180.85
2026-08-22,2,TSU-06,Unit I,VSF Export,3504.42
2026-08-22,2,TSU-07,Unit I,Liveaco Compact,2720.04
2026-08-22,2,TSU-08,Unit I,Excel Slub,2538.14
2026-08-22,2,TSU-09,Unit I,Excel Slub,2987.38
2026-08-22,2,TSU-10,Unit I,Excel Slub,3079.54
2026-08-22,2,SUL-01,Unit I,Excel Slub,495.58
2026-08-22,2,SUL-02,Unit I,VSF Export,586.69
2026-08-22,2,SUL-03,Unit I,Excel Slub,622.76
2026-08-22,2,SUL-04,Unit I,Liveaco Compact,491.54
2026-08-22,2,SUL-05,Unit I,Liveaco Compact,550.21
2026-08-22,3,TOY-01,Unit I,Liveaco Compact,4010.1
2026-08-22,3,TOY-02,Unit I,VSF Export,4016.81
2026-08-22,3,TOY-03,Unit I,Liveaco Compact,4357.8
2026-08-22,3,TOY-04,Unit I,Excel Slub,4623.65
2026-08-22,3,TOY-05,Unit I,Excel Slub,4869.07
2026-08-22,3,TOY-06,Unit I,VSF Export,4716.19
2026-08-22,3,TOY-07,Unit I,VSF Export,4808.73
2026-08-22,3,TOY-08,Unit I,VSF Export,3847.6
2026-08-22,3,TOY-09,Unit I,VSF Export,5181.21
2026-08-22,3,TOY-10,Unit I,VSF Export,4884.51
2026-08-22,3,TOY-11,Unit I,VSF Export,4247.75
2026-08-22,3,TOY-12,Unit I,VSF Export,5212.17
2026-08-22,3,TOY-13,Unit I,Liveaco Compact,3916.97
2026-08-22,3,TOY-14,Unit I,Excel Slub,4355.91
2026-08-22,3,TOY-15,Unit I,Liveaco Compact,4206.9
2026-08-22,3,TSU-01,Unit I,Liveaco Compact,2891.2
2026-08-22,3,TSU-02,Unit I,Liveaco Compact,3026.15
2026-08-22,3,TSU-03,Unit I,Liveaco Compact,2949.33
2026-08-22,3,TSU-04,Unit I,VSF Export,3773.82
2026-08-22,3,TSU-05,Unit I,Liveaco Compact,2819.03
2026-08-22,3,TSU-06,Unit I,Liveaco Compact,2585.89
2026-08-22,3,TSU-07,Unit I,VSF Export,3362.09
2026-08-22,3,TSU-08,Unit I,Liveaco Compact,2529.21
2026-08-22,3,TSU-09,Unit I,VSF Export,3265.98
2026-08-22,3,TSU-10,Unit I,Liveaco Compact,2581.28
2026-08-22,3,SUL-01,Unit I,Liveaco Compact,482.65
2026-08-22,3,SUL-02,Unit I,Excel Slub,571.27
2026-08-22,3,SUL-03,Unit I,VSF Export,624.61
2026-08-22,3,SUL-04,Unit I,Excel Slub,585.45
2026-08-22,3,SUL-05,Unit I,Excel Slub,549.97
2026-08-23,1,TOY-01,Unit I,Excel Slub,4302.32
2026-08-23,1,TOY-02,Unit I,Liveaco Compact,3131.59
2026-08-23,1,TOY-03,Unit I,Liveaco Compact,4402.2
2026-08-23,1,TOY-04,Unit I,Excel Slub,4919.4
2026-08-23,1,TOY-05,Unit I,Liveaco Compact,3494.9
2026-08-23,1,TOY-06,Unit I,VSF Export,5505.21
2026-08-23,1,TOY-07,Unit I,Liveaco Compact,4200.53
2026-08-23,1,TOY-08,Unit I,Excel Slub,3675.59
2026-08-23,1,TOY-09,Unit I,Excel Slub,4425.29
2026-08-23,1,TOY-10,Unit I,VSF Export,4970.58
2026-08-23,1,TOY-11,Unit I,Liveaco Compact,4238.11
2026-08-23,1,TOY-12,Unit I,VSF Export,5412.95
2026-08-23,1,TOY-13,Unit I,Excel Slub,4198.24
2026-08-23,1,TOY-14,Unit I,Liveaco Compact,3707.55
2026-08-23,1,TOY-15,Unit I,VSF Export,4801.96
2026-08-23,1,TSU-01,Unit I,Liveaco Compact,2676.06
2026-08-23,1,TSU-02,Unit I,VSF Export,3428.91
2026-08-23,1,TSU-03,Unit I,Liveaco Compact,2990.02
2026-08-23,1,TSU-04,Unit I,VSF Export,3210.25
2026-08-23,1,TSU-05,Unit I,Excel Slub,2814.85
2026-08-23,1,TSU-06,Unit I,Excel Slub,3204.35
2026-08-23,1,TSU-07,Unit I,VSF Export,3507.27
2026-08-23,1,TSU-08,Unit I,Liveaco Compact,2986.69
2026-08-23,1,TSU-09,Unit I,Liveaco Compact,2469.0
2026-08-23,1,TSU-10,Unit I,Liveaco Compact,2483.99
2026-08-23,1,SUL-01,Unit I,VSF Export,570.1
2026-08-23,1,SUL-02,Unit I,VSF Export,594.54
2026-08-23,1,SUL-03,Unit I,Liveaco Compact,494.39
2026-08-23,1,SUL-04,Unit I,Liveaco Compact,478.63
2026-08-23,1,SUL-05,Unit I,VSF Export,649.3
2026-08-23,2,TOY-01,Unit I,VSF Export,5396.25
2026-08-23,2,TOY-02,Unit I,Excel Slub,3408.59
2026-08-23,2,TOY-03,Unit I,Liveaco Compact,4057.59
2026-08-23,2,TOY-04,Unit I,Liveaco Compact,3878.45
2026-08-23,2,TOY-05,Unit I,Excel Slub,5008.86
2026-08-23,2,TOY-06,Unit I,VSF Export,4731.88
2026-08-23,2,TOY-07,Unit I,Excel Slub,4666.41
2026-08-23,2,TOY-08,Unit I,VSF Export,3653.84
2026-08-23,2,TOY-09,Unit I,Liveaco Compact,4153.19
2026-08-23,2,TOY-10,Unit I,VSF Export,5454.41
2026-08-23,2,TOY-11,Unit I,VSF Export,4785.0
2026-08-23,2,TOY-12,Unit I,VSF Export,5393.26
2026-08-23,2,TOY-13,Unit I,Liveaco Compact,3898.72
2026-08-23,2,TOY-14,Unit I,VSF Export,4890.57
2026-08-23,2,TOY-15,Unit I,VSF Export,5299.27
2026-08-23,2,TSU-01,Unit I,Excel Slub,3110.14
2026-08-23,2,TSU-02,Unit I,Liveaco Compact,2564.52
2026-08-23,2,TSU-03,Unit I,Liveaco Compact,2764.78
2026-08-23,2,TSU-04,Unit I,Excel Slub,2485.11
2026-08-23,2,TSU-05,Unit I,Excel Slub,3127.69
2026-08-23,2,TSU-06,Unit I,Excel Slub,3063.25
2026-08-23,2,TSU-07,Unit I,VSF Export,3504.41
2026-08-23,2,TSU-08,Unit I,Excel Slub,3499.24
2026-08-23,2,TSU-09,Unit I,Excel Slub,3163.92
2026-08-23,2,TSU-10,Unit I,Liveaco Compact,2882.07
2026-08-23,2,SUL-01,Unit I,Excel Slub,488.85
2026-08-23,2,SUL-02,Unit I,VSF Export,598.41
2026-08-23,2,SUL-03,Unit I,Excel Slub,553.11
2026-08-23,2,SUL-04,Unit I,Excel Slub,594.32
2026-08-23,2,SUL-05,Unit I,VSF Export,612.62
2026-08-23,3,TOY-01,Unit I,VSF Export,5015.23
2026-08-23,3,TOY-02,Unit I,Excel Slub,3497.97
2026-08-23,3,TOY-03,Unit I,VSF Export,4805.4
2026-08-23,3,TOY-04,Unit I,Excel Slub,4206.62
2026-08-23,3,TOY-05,Unit I,Excel Slub,4294.88
2026-08-23,3,TOY-06,Unit I,Excel Slub,4669.65
2026-08-23,3,TOY-07,Unit I,Liveaco Compact,4172.42
2026-08-23,3,TOY-08,Unit I,Liveaco Compact,3113.13
2026-08-23,3,TOY-09,Unit I,VSF Export,4960.95
2026-08-23,3,TOY-10,Unit I,Liveaco Compact,4209.7
2026-08-23,3,TOY-11,Unit I,VSF Export,4653.38
2026-08-23,3,TOY-12,Unit I,VSF Export,4880.61
2026-08-23,3,TOY-13,Unit I,Liveaco Compact,4091.91
2026-08-23,3,TOY-14,Unit I,Liveaco Compact,3921.08
2026-08-23,3,TOY-15,Unit I,Excel Slub,4839.44
2026-08-23,3,TSU-01,Unit I,VSF Export,3639.17
2026-08-23,3,TSU-02,Unit I,Excel Slub,3378.01
2026-08-23,3,TSU-03,Unit I,VSF Export,3171.89
2026-08-23,3,TSU-04,Unit I,VSF Export,3423.82
2026-08-23,3,TSU-05,Unit I,Liveaco Compact,2697.4
2026-08-23,3,TSU-06,Unit I,Excel Slub,2894.86
2026-08-23,3,TSU-07,Unit I,VSF Export,3837.86
2026-08-23,3,TSU-08,Unit I,Liveaco Compact,2777.88
2026-08-23,3,TSU-09,Unit I,Excel Slub,3062.16
2026-08-23,3,TSU-10,Unit I,VSF Export,3209.66
2026-08-23,3,SUL-01,Unit I,Excel Slub,505.81
2026-08-23,3,SUL-02,Unit I,Liveaco Compact,499.16
2026-08-23,3,SUL-03,Unit I,VSF Export,623.58
2026-08-23,3,SUL-04,Unit I,Liveaco Compact,503.57
2026-08-23,3,SUL-05,Unit I,Liveaco Compact,555.35
2026-08-24,1,TOY-01,Unit I,Liveaco Compact,4206.39
2026-08-24,1,TOY-02,Unit I,Liveaco Compact,3205.3
2026-08-24,1,TOY-03,Unit I,Excel Slub,4500.06
2026-08-24,1,TOY-04,Unit I,Liveaco Compact,4148.39
2026-08-24,1,TOY-05,Unit I,Liveaco Compact,4360.8
2026-08-24,1,TOY-06,Unit I,VSF Export,5336.74
2026-08-24,1,TOY-07,Unit I,Liveaco Compact,4556.12
2026-08-24,1,TOY-08,Unit I,Excel Slub,3239.25
2026-08-24,1,TOY-09,Unit I,Liveaco Compact,4134.17
2026-08-24,1,TOY-10,Unit I,Liveaco Compact,3980.95
2026-08-24,1,TOY-11,Unit I,Liveaco Compact,4373.55
2026-08-24,1,TOY-12,Unit I,Liveaco Compact,4219.3
2026-08-24,1,TOY-13,Unit I,Liveaco Compact,4522.65
2026-08-24,1,TOY-14,Unit I,VSF Export,4909.92
2026-08-24,1,TOY-15,Unit I,VSF Export,5162.03
2026-08-24,1,TSU-01,Unit I,Liveaco Compact,2824.98
2026-08-24,1,TSU-02,Unit I,Liveaco Compact,3194.76
2026-08-24,1,TSU-03,Unit I,Excel Slub,2921.83
2026-08-24,1,TSU-04,Unit I,VSF Export,3088.07
2026-08-24,1,TSU-05,Unit I,Liveaco Compact,2437.36
2026-08-24,1,TSU-06,Unit I,VSF Export,3579.52
2026-08-24,1,TSU-07,Unit I,Excel Slub,2736.05
2026-08-24,1,TSU-08,Unit I,Liveaco Compact,2764.11
2026-08-24,1,TSU-09,Unit I,VSF Export,3024.47
2026-08-24,1,TSU-10,Unit I,VSF Export,3649.52
2026-08-24,1,SUL-01,Unit I,VSF Export,509.49
2026-08-24,1,SUL-02,Unit I,VSF Export,555.29
2026-08-24,1,SUL-03,Unit I,Excel Slub,531.31
2026-08-24,1,SUL-04,Unit I,Liveaco Compact,479.48
2026-08-24,1,SUL-05,Unit I,Excel Slub,552.36
2026-08-24,2,TOY-01,Unit I,Liveaco Compact,4024.55
2026-08-24,2,TOY-02,Unit I,Liveaco Compact,2879.13
2026-08-24,2,TOY-03,Unit I,Liveaco Compact,4070.51
2026-08-24,2,TOY-04,Unit I,VSF Export,5484.01
2026-08-24,2,TOY-05,Unit I,VSF Export,4894.63
2026-08-24,2,TOY-06,Unit I,Liveaco Compact,4139.65
2026-08-24,2,TOY-07,Unit I,VSF Export,4783.99
2026-08-24,2,TOY-08,Unit I,Liveaco Compact,3548.09
2026-08-24,2,TOY-09,Unit I,Liveaco Compact,4058.16
2026-08-24,2,TOY-10,Unit I,Liveaco Compact,4147.77
2026-08-24,2,TOY-11,Unit I,Liveaco Compact,4434.01
2026-08-24,2,TOY-12,Unit I,VSF Export,4483.93
2026-08-24,2,TOY-13,Unit I,VSF Export,5128.38
2026-08-24,2,TOY-14,Unit I,Liveaco Compact,3885.07
2026-08-24,2,TOY-15,Unit I,Liveaco Compact,4232.06
2026-08-24,2,TSU-01,Unit I,Liveaco Compact,2444.75
2026-08-24,2,TSU-02,Unit I,Liveaco Compact,2785.64
2026-08-24,2,TSU-03,Unit I,Excel Slub,3269.18
2026-08-24,2,TSU-04,Unit I,Liveaco Compact,2832.35
2026-08-24,2,TSU-05,Unit I,Liveaco Compact,2771.51
2026-08-24,2,TSU-06,Unit I,VSF Export,3067.14
2026-08-24,2,TSU-07,Unit I,VSF Export,3901.46
2026-08-24,2,TSU-08,Unit I,Excel Slub,3084.67
2026-08-24,2,TSU-09,Unit I,Excel Slub,3331.42
2026-08-24,2,TSU-10,Unit I,VSF Export,3170.63
2026-08-24,2,SUL-01,Unit I,Liveaco Compact,488.3
2026-08-24,2,SUL-02,Unit I,Excel Slub,526.13
2026-08-24,2,SUL-03,Unit I,VSF Export,639.01
2026-08-24,2,SUL-04,Unit I,Liveaco Compact,533.28
2026-08-24,2,SUL-05,Unit I,Liveaco Compact,527.23
2026-08-24,3,TOY-01,Unit I,Excel Slub,4353.48
2026-08-24,3,TOY-02,Unit I,Liveaco Compact,3904.22
2026-08-24,3,TOY-03,Unit I,Liveaco Compact,4520.09
2026-08-24,3,TOY-04,Unit I,Excel Slub,4176.62
2026-08-24,3,TOY-05,Unit I,Liveaco Compact,4258.72
2026-08-24,3,TOY-06,Unit I,Excel Slub,4412.62
2026-08-24,3,TOY-07,Unit I,VSF Export,4850.32
2026-08-24,3,TOY-08,Unit I,Excel Slub,3920.22
2026-08-24,3,TOY-09,Unit I,VSF Export,4480.18
2026-08-24,3,TOY-10,Unit I,VSF Export,4540.67
2026-08-24,3,TOY-11,Unit I,VSF Export,4961.26
2026-08-24,3,TOY-12,Unit I,Excel Slub,4976.18
2026-08-24,3,TOY-13,Unit I,VSF Export,5064.42
2026-08-24,3,TOY-14,Unit I,Liveaco Compact,3976.44
2026-08-24,3,TOY-15,Unit I,Excel Slub,4710.3
2026-08-24,3,TSU-01,Unit I,VSF Export,3561.94
2026-08-24,3,TSU-02,Unit I,Excel Slub,2894.06
2026-08-24,3,TSU-03,Unit I,Excel Slub,3153.49
2026-08-24,3,TSU-04,Unit I,VSF Export,3482.74
2026-08-24,3,TSU-05,Unit I,Excel Slub,3065.79
2026-08-24,3,TSU-06,Unit I,Excel Slub,3137.04
2026-08-24,3,TSU-07,Unit I,Excel Slub,3006.33
2026-08-24,3,TSU-08,Unit I,VSF Export,3370.31
2026-08-24,3,TSU-09,Unit I,VSF Export,3553.85
2026-08-24,3,TSU-10,Unit I,VSF Export,3426.75
2026-08-24,3,SUL-01,Unit I,Excel Slub,577.37
2026-08-24,3,SUL-02,Unit I,Liveaco Compact,544.82
2026-08-24,3,SUL-03,Unit I,Excel Slub,615.54
2026-08-24,3,SUL-04,Unit I,VSF Export,683.3
2026-08-24,3,SUL-05,Unit I,Liveaco Compact,530.79
2026-08-25,1,TOY-01,Unit I,Liveaco Compact,4439.6
2026-08-25,1,TOY-02,Unit I,VSF Export,3728.77
2026-08-25,1,TOY-03,Unit I,Liveaco Compact,4329.24
2026-08-25,1,TOY-04,Unit I,VSF Export,5014.35
2026-08-25,1,TOY-05,Unit I,Liveaco Compact,4207.86
2026-08-25,1,TOY-06,Unit I,Liveaco Compact,4426.26
2026-08-25,1,TOY-07,Unit I,Excel Slub,4261.04
2026-08-25,1,TOY-08,Unit I,Liveaco Compact,3115.87
2026-08-25,1,TOY-09,Unit I,Excel Slub,4651.25
2026-08-25,1,TOY-10,Unit I,Liveaco Compact,4280.26
2026-08-25,1,TOY-11,Unit I,Excel Slub,4359.14
2026-08-25,1,TOY-12,Unit I,Excel Slub,4446.57
2026-08-25,1,TOY-13,Unit I,VSF Export,4214.86
2026-08-25,1,TOY-14,Unit I,Liveaco Compact,4699.03
2026-08-25,1,TOY-15,Unit I,Liveaco Compact,3748.94
2026-08-25,1,TSU-01,Unit I,Liveaco Compact,3018.52
2026-08-25,1,TSU-02,Unit I,Excel Slub,3196.41
2026-08-25,1,TSU-03,Unit I,Excel Slub,3010.47
2026-08-25,1,TSU-04,Unit I,Liveaco Compact,2700.6
2026-08-25,1,TSU-05,Unit I,Liveaco Compact,2925.25
2026-08-25,1,TSU-06,Unit I,VSF Export,3261.26
2026-08-25,1,TSU-07,Unit I,Excel Slub,3396.71
2026-08-25,1,TSU-08,Unit I,Excel Slub,3075.78
2026-08-25,1,TSU-09,Unit I,VSF Export,3040.15
2026-08-25,1,TSU-10,Unit I,Excel Slub,3049.91
2026-08-25,1,SUL-01,Unit I,Liveaco Compact,490.65
2026-08-25,1,SUL-02,Unit I,Excel Slub,620.97
2026-08-25,1,SUL-03,Unit I,Excel Slub,523.21
2026-08-25,1,SUL-04,Unit I,Liveaco Compact,555.97
2026-08-25,1,SUL-05,Unit I,VSF Export,671.79
2026-08-25,2,TOY-01,Unit I,Liveaco Compact,4541.4
2026-08-25,2,TOY-02,Unit I,Liveaco Compact,3831.27
2026-08-25,2,TOY-03,Unit I,Excel Slub,4572.95
2026-08-25,2,TOY-04,Unit I,Liveaco Compact,4142.16
2026-08-25,2,TOY-05,Unit I,Excel Slub,4469.99
2026-08-25,2,TOY-06,Unit I,VSF Export,4663.34
2026-08-25,2,TOY-07,Unit I,Liveaco Compact,4578.49
2026-08-25,2,TOY-08,Unit I,Liveaco Compact,3440.66
2026-08-25,2,TOY-09,Unit I,Liveaco Compact,3986.45
2026-08-25,2,TOY-10,Unit I,Liveaco Compact,4255.03
2026-08-25,2,TOY-11,Unit I,Excel Slub,4525.75
2026-08-25,2,TOY-12,Unit I,VSF Export,4612.02
2026-08-25,2,TOY-13,Unit I,VSF Export,4547.59
2026-08-25,2,TOY-14,Unit I,Excel Slub,4542.9
2026-08-25,2,TOY-15,Unit I,VSF Export,4926.59
2026-08-25,2,TSU-01,Unit I,Excel Slub,2980.73
2026-08-25,2,TSU-02,Unit I,Excel Slub,3036.35
2026-08-25,2,TSU-03,Unit I,Excel Slub,3141.29
2026-08-25,2,TSU-04,Unit I,VSF Export,3221.33
2026-08-25,2,TSU-05,Unit I,Excel Slub,3400.95
2026-08-25,2,TSU-06,Unit I,Liveaco Compact,2919.84
2026-08-25,2,TSU-07,Unit I,VSF Export,3055.19
2026-08-25,2,TSU-08,Unit I,VSF Export,3618.04
2026-08-25,2,TSU-09,Unit I,Liveaco Compact,3045.88
2026-08-25,2,TSU-10,Unit I,Excel Slub,2770.79
2026-08-25,2,SUL-01,Unit I,Liveaco Compact,431.99
2026-08-25,2,SUL-02,Unit I,Excel Slub,578.68
2026-08-25,2,SUL-03,Unit I,VSF Export,596.45
2026-08-25,2,SUL-04,Unit I,Liveaco Compact,470.84
2026-08-25,2,SUL-05,Unit I,Excel Slub,567.33
2026-08-25,3,TOY-01,Unit I,Liveaco Compact,4295.85
2026-08-25,3,TOY-02,Unit I,Liveaco Compact,3721.66
2026-08-25,3,TOY-03,Unit I,VSF Export,4905.94
2026-08-25,3,TOY-04,Unit I,VSF Export,4701.17
2026-08-25,3,TOY-05,Unit I,Excel Slub,4206.78
2026-08-25,3,TOY-06,Unit I,VSF Export,5102.94
2026-08-25,3,TOY-07,Unit I,Liveaco Compact,3414.03
2026-08-25,3,TOY-08,Unit I,Excel Slub,3289.79
2026-08-25,3,TOY-09,Unit I,Liveaco Compact,4232.83
2026-08-25,3,TOY-10,Unit I,Excel Slub,4068.81
2026-08-25,3,TOY-11,Unit I,VSF Export,4560.12
2026-08-25,3,TOY-12,Unit I,VSF Export,5286.32
2026-08-25,3,TOY-13,Unit I,Excel Slub,4742.75
2026-08-25,3,TOY-14,Unit I,Excel Slub,4234.21
2026-08-25,3,TOY-15,Unit I,VSF Export,4791.61
2026-08-25,3,TSU-01,Unit I,Liveaco Compact,2778.68
2026-08-25,3,TSU-02,Unit I,VSF Export,3761.06
2026-08-25,3,TSU-03,Unit I,Excel Slub,2840.54
2026-08-25,3,TSU-04,Unit I,Excel Slub,2705.67
2026-08-25,3,TSU-05,Unit I,Excel Slub,3059.48
2026-08-25,3,TSU-06,Unit I,VSF Export,3541.84
2026-08-25,3,TSU-07,Unit I,VSF Export,3115.91
2026-08-25,3,TSU-08,Unit I,Excel Slub,2963.34
2026-08-25,3,TSU-09,Unit I,VSF Export,3381.82
2026-08-25,3,TSU-10,Unit I,Excel Slub,3145.31
2026-08-25,3,SUL-01,Unit I,Excel Slub,592.61
2026-08-25,3,SUL-02,Unit I,Excel Slub,505.25
2026-08-25,3,SUL-03,Unit I,VSF Export,573.32
2026-08-25,3,SUL-04,Unit I,Excel Slub,516.67
2026-08-25,3,SUL-05,Unit I,Liveaco Compact,529.81
2026-08-26,1,TOY-01,Unit I,Liveaco Compact,4327.11
2026-08-26,1,TOY-02,Unit I,Excel Slub,3424.61
2026-08-26,1,TOY-03,Unit I,Liveaco Compact,4471.37
2026-08-26,1,TOY-04,Unit I,Excel Slub,4684.83
2026-08-26,1,TOY-05,Unit I,Liveaco Compact,3792.47
2026-08-26,1,TOY-06,Unit I,Liveaco Compact,3853.97
2026-08-26,1,TOY-07,Unit I,VSF Export,5263.19
2026-08-26,1,TOY-08,Unit I,VSF Export,3692.85
2026-08-26,1,TOY-09,Unit I,Liveaco Compact,4316.44
2026-08-26,1,TOY-10,Unit I,Liveaco Compact,4114.42
2026-08-26,1,TOY-11,Unit I,VSF Export,4552.19
2026-08-26,1,TOY-12,Unit I,Excel Slub,3996.91
2026-08-26,1,TOY-13,Unit I,Excel Slub,4636.53
2026-08-26,1,TOY-14,Unit I,VSF Export,4913.69
2026-08-26,1,TOY-15,Unit I,VSF Export,5355.39
2026-08-26,1,TSU-01,Unit I,Excel Slub,3251.85
2026-08-26,1,TSU-02,Unit I,VSF Export,3151.57
2026-08-26,1,TSU-03,Unit I,Liveaco Compact,2797.82
2026-08-26,1,TSU-04,Unit I,VSF Export,3765.38
2026-08-26,1,TSU-05,Unit I,VSF Export,3597.71
2026-08-26,1,TSU-06,Unit I,Liveaco Compact,2885.01
2026-08-26,1,TSU-07,Unit I,VSF Export,3244.22
2026-08-26,1,TSU-08,Unit I,Liveaco Compact,2776.91
2026-08-26,1,TSU-09,Unit I,VSF Export,3003.34
2026-08-26,1,TSU-10,Unit I,Liveaco Compact,3110.97
2026-08-26,1,SUL-01,Unit I,Excel Slub,462.02
2026-08-26,1,SUL-02,Unit I,Excel Slub,582.43
2026-08-26,1,SUL-03,Unit I,Liveaco Compact,517.09
2026-08-26,1,SUL-04,Unit I,VSF Export,585.68
2026-08-26,1,SUL-05,Unit I,VSF Export,599.4
2026-08-26,2,TOY-01,Unit I,Excel Slub,3905.81
2026-08-26,2,TOY-02,Unit I,Liveaco Compact,3633.58
2026-08-26,2,TOY-03,Unit I,VSF Export,4740.37
2026-08-26,2,TOY-04,Unit I,Excel Slub,4277.64
2026-08-26,2,TOY-05,Unit I,VSF Export,4264.82
2026-08-26,2,TOY-06,Unit I,VSF Export,5247.16
2026-08-26,2,TOY-07,Unit I,Excel Slub,4278.86
2026-08-26,2,TOY-08,Unit I,Excel Slub,4151.07
2026-08-26,2,TOY-09,Unit I,VSF Export,5178.7
2026-08-26,2,TOY-10,Unit I,VSF Export,4388.97
2026-08-26,2,TOY-11,Unit I,Excel Slub,4375.93
2026-08-26,2,TOY-12,Unit I,Liveaco Compact,4138.65
2026-08-26,2,TOY-13,Unit I,VSF Export,4824.67
2026-08-26,2,TOY-14,Unit I,Liveaco Compact,3877.91
2026-08-26,2,TOY-15,Unit I,Excel Slub,4015.58
2026-08-26,2,TSU-01,Unit I,Excel Slub,3152.1
2026-08-26,2,TSU-02,Unit I,Excel Slub,2865.01
2026-08-26,2,TSU-03,Unit I,VSF Export,3094.14
2026-08-26,2,TSU-04,Unit I,Liveaco Compact,2913.98
2026-08-26,2,TSU-05,Unit I,VSF Export,2917.23
2026-08-26,2,TSU-06,Unit I,Liveaco Compact,2995.99
2026-08-26,2,TSU-07,Unit I,Excel Slub,3124.74
2026-08-26,2,TSU-08,Unit I,VSF Export,3116.85
2026-08-26,2,TSU-09,Unit I,Liveaco Compact,3129.86
2026-08-26,2,TSU-10,Unit I,VSF Export,3536.85
2026-08-26,2,SUL-01,Unit I,Liveaco Compact,556.19
2026-08-26,2,SUL-02,Unit I,VSF Export,593.02
2026-08-26,2,SUL-03,Unit I,Liveaco Compact,398.87
2026-08-26,2,SUL-04,Unit I,Excel Slub,544.79
2026-08-26,2,SUL-05,Unit I,Excel Slub,502.34
2026-08-26,3,TOY-01,Unit I,VSF Export,5659.7
2026-08-26,3,TOY-02,Unit I,VSF Export,3876.95
2026-08-26,3,TOY-03,Unit I,Liveaco Compact,4425.09
2026-08-26,3,TOY-04,Unit I,Liveaco Compact,3911.46
2026-08-26,3,TOY-05,Unit I,Liveaco Compact,3973.24
2026-08-26,3,TOY-06,Unit I,Excel Slub,4556.88
2026-08-26,3,TOY-07,Unit I,Liveaco Compact,4306.0
2026-08-26,3,TOY-08,Unit I,VSF Export,3903.25
2026-08-26,3,TOY-09,Unit I,Excel Slub,3674.07
2026-08-26,3,TOY-10,Unit I,VSF Export,4712.99
2026-08-26,3,TOY-11,Unit I,Excel Slub,4153.03
2026-08-26,3,TOY-12,Unit I,Excel Slub,4093.5
2026-08-26,3,TOY-13,Unit I,Liveaco Compact,3803.4
2026-08-26,3,TOY-14,Unit I,Excel Slub,4368.04
2026-08-26,3,TOY-15,Unit I,VSF Export,5600.79
2026-08-26,3,TSU-01,Unit I,Excel Slub,3046.49
2026-08-26,3,TSU-02,Unit I,Excel Slub,2766.48
2026-08-26,3,TSU-03,Unit I,VSF Export,3134.6
2026-08-26,3,TSU-04,Unit I,VSF Export,3078.54
2026-08-26,3,TSU-05,Unit I,Excel Slub,3187.0
2026-08-26,3,TSU-06,Unit I,Liveaco Compact,2607.37
2026-08-26,3,TSU-07,Unit I,Excel Slub,3061.46
2026-08-26,3,TSU-08,Unit I,Excel Slub,2837.73
2026-08-26,3,TSU-09,Unit I,Excel Slub,3124.3
2026-08-26,3,TSU-10,Unit I,VSF Export,2989.38
2026-08-26,3,SUL-01,Unit I,VSF Export,581.96
2026-08-26,3,SUL-02,Unit I,Excel Slub,606.68
2026-08-26,3,SUL-03,Unit I,VSF Export,548.5
2026-08-26,3,SUL-04,Unit I,Excel Slub,524.17
2026-08-26,3,SUL-05,Unit I,Excel Slub,500.13
2026-08-27,1,TOY-01,Unit I,Excel Slub,4442.59
2026-08-27,1,TOY-02,Unit I,VSF Export,3740.75
2026-08-27,1,TOY-03,Unit I,VSF Export,5054.66
2026-08-27,1,TOY-04,Unit I,Liveaco Compact,3498.48
2026-08-27,1,TOY-05,Unit I,Excel Slub,4223.13
2026-08-27,1,TOY-06,Unit I,Liveaco Compact,4017.35
2026-08-27,1,TOY-07,Unit I,Liveaco Compact,3955.61
2026-08-27,1,TOY-08,Unit I,VSF Export,4121.9
2026-08-27,1,TOY-09,Unit I,Liveaco Compact,4276.92
2026-08-27,1,TOY-10,Unit I,Liveaco Compact,3837.15
2026-08-27,1,TOY-11,Unit I,Excel Slub,4330.21
2026-08-27,1,TOY-12,Unit I,Liveaco Compact,4378.78
2026-08-27,1,TOY-13,Unit I,VSF Export,5442.58
2026-08-27,1,TOY-14,Unit I,Excel Slub,4758.03
2026-08-27,1,TOY-15,Unit I,VSF Export,4671.07
2026-08-27,1,TSU-01,Unit I,VSF Export,3021.14
2026-08-27,1,TSU-02,Unit I,Liveaco Compact,2710.5
2026-08-27,1,TSU-03,Unit I,VSF Export,3476.41
2026-08-27,1,TSU-04,Unit I,VSF Export,3529.59
2026-08-27,1,TSU-05,Unit I,Liveaco Compact,2871.54
2026-08-27,1,TSU-06,Unit I,VSF Export,3235.44
2026-08-27,1,TSU-07,Unit I,Excel Slub,2906.96
2026-08-27,1,TSU-08,Unit I,VSF Export,3239.92
2026-08-27,1,TSU-09,Unit I,Excel Slub,3391.04
2026-08-27,1,TSU-10,Unit I,Excel Slub,2679.8
2026-08-27,1,SUL-01,Unit I,Excel Slub,527.13
2026-08-27,1,SUL-02,Unit I,Excel Slub,581.4
2026-08-27,1,SUL-03,Unit I,Excel Slub,616.93
2026-08-27,1,SUL-04,Unit I,VSF Export,662.67
2026-08-27,1,SUL-05,Unit I,Excel Slub,495.19
2026-08-27,2,TOY-01,Unit I,Excel Slub,3927.77
2026-08-27,2,TOY-02,Unit I,Excel Slub,4043.6
2026-08-27,2,TOY-03,Unit I,Liveaco Compact,4006.66
2026-08-27,2,TOY-04,Unit I,Liveaco Compact,3917.55
2026-08-27,2,TOY-05,Unit I,Liveaco Compact,4095.45
2026-08-27,2,TOY-06,Unit I,Liveaco Compact,4267.23
2026-08-27,2,TOY-07,Unit I,VSF Export,4955.81
2026-08-27,2,TOY-08,Unit I,Excel Slub,4144.22
2026-08-27,2,TOY-09,Unit I,Excel Slub,4725.36
2026-08-27,2,TOY-10,Unit I,VSF Export,4755.2
2026-08-27,2,TOY-11,Unit I,Liveaco Compact,3858.37
2026-08-27,2,TOY-12,Unit I,VSF Export,4739.85
2026-08-27,2,TOY-13,Unit I,VSF Export,5540.1
2026-08-27,2,TOY-14,Unit I,VSF Export,4737.32
2026-08-27,2,TOY-15,Unit I,Liveaco Compact,4288.96
2026-08-27,2,TSU-01,Unit I,Liveaco Compact,3218.19
2026-08-27,2,TSU-02,Unit I,Excel Slub,2921.91
2026-08-27,2,TSU-03,Unit I,Excel Slub,2808.43
2026-08-27,2,TSU-04,Unit I,VSF Export,3138.11
2026-08-27,2,TSU-05,Unit I,Excel Slub,3279.64
2026-08-27,2,TSU-06,Unit I,Excel Slub,2929.41
2026-08-27,2,TSU-07,Unit I,Excel Slub,2534.28
2026-08-27,2,TSU-08,Unit I,VSF Export,3196.47
2026-08-27,2,TSU-09,Unit I,VSF Export,3311.23
2026-08-27,2,TSU-10,Unit I,Excel Slub,2920.19
2026-08-27,2,SUL-01,Unit I,VSF Export,566.57
2026-08-27,2,SUL-02,Unit I,VSF Export,649.08
2026-08-27,2,SUL-03,Unit I,VSF Export,627.99
2026-08-27,2,SUL-04,Unit I,VSF Export,598.84
2026-08-27,2,SUL-05,Unit I,Liveaco Compact,567.2
2026-08-27,3,TOY-01,Unit I,Liveaco Compact,4598.89
2026-08-27,3,TOY-02,Unit I,Liveaco Compact,3681.86
2026-08-27,3,TOY-03,Unit I,VSF Export,5090.71
2026-08-27,3,TOY-04,Unit I,Liveaco Compact,4245.29
2026-08-27,3,TOY-05,Unit I,VSF Export,4742.94
2026-08-27,3,TOY-06,Unit I,Excel Slub,4012.47
2026-08-27,3,TOY-07,Unit I,Excel Slub,4569.09
2026-08-27,3,TOY-08,Unit I,Excel Slub,3718.42
2026-08-27,3,TOY-09,Unit I,Excel Slub,4832.65
2026-08-27,3,TOY-10,Unit I,VSF Export,4734.08
2026-08-27,3,TOY-11,Unit I,Excel Slub,4731.0
2026-08-27,3,TOY-12,Unit I,Liveaco Compact,3814.47
2026-08-27,3,TOY-13,Unit I,Liveaco Compact,4365.19
2026-08-27,3,TOY-14,Unit I,Excel Slub,5031.75
2026-08-27,3,TOY-15,Unit I,Excel Slub,5087.79
2026-08-27,3,TSU-01,Unit I,VSF Export,3477.81
2026-08-27,3,TSU-02,Unit I,VSF Export,3102.87
2026-08-27,3,TSU-03,Unit I,Excel Slub,3283.59
2026-08-27,3,TSU-04,Unit I,Liveaco Compact,2851.57
2026-08-27,3,TSU-05,Unit I,Liveaco Compact,2708.22
2026-08-27,3,TSU-06,Unit I,VSF Export,3089.25
2026-08-27,3,TSU-07,Unit I,VSF Export,3384.81
2026-08-27,3,TSU-08,Unit I,Excel Slub,2961.24
2026-08-27,3,TSU-09,Unit I,Excel Slub,3054.25
2026-08-27,3,TSU-10,Unit I,Excel Slub,2845.22
2026-08-27,3,SUL-01,Unit I,Liveaco Compact,545.17
2026-08-27,3,SUL-02,Unit I,VSF Export,597.74
2026-08-27,3,SUL-03,Unit I,Liveaco Compact,502.2
2026-08-27,3,SUL-04,Unit I,VSF Export,550.9
2026-08-27,3,SUL-05,Unit I,Excel Slub,521.2
2026-08-28,1,TOY-01,Unit I,Liveaco Compact,4416.68
2026-08-28,1,TOY-02,Unit I,Liveaco Compact,3270.27
2026-08-28,1,TOY-03,Unit I,VSF Export,4806.88
2026-08-28,1,TOY-04,Unit I,Liveaco Compact,3628.03
2026-08-28,1,TOY-05,Unit I,Excel Slub,4160.85
2026-08-28,1,TOY-06,Unit I,Excel Slub,4619.04
2026-08-28,1,TOY-07,Unit I,Excel Slub,4036.79
2026-08-28,1,TOY-08,Unit I,VSF Export,3605.21
2026-08-28,1,TOY-09,Unit I,Excel Slub,4352.29
2026-08-28,1,TOY-10,Unit I,Excel Slub,4363.68
2026-08-28,1,TOY-11,Unit I,Liveaco Compact,3826.73
2026-08-28,1,TOY-12,Unit I,Liveaco Compact,4446.42
2026-08-28,1,TOY-13,Unit I,Excel Slub,4384.87
2026-08-28,1,TOY-14,Unit I,Excel Slub,4137.94
2026-08-28,1,TOY-15,Unit I,Liveaco Compact,4114.89
2026-08-28,1,TSU-01,Unit I,VSF Export,3253.29
2026-08-28,1,TSU-02,Unit I,VSF Export,3442.43
2026-08-28,1,TSU-03,Unit I,VSF Export,3342.0
2026-08-28,1,TSU-04,Unit I,Excel Slub,3113.55
2026-08-28,1,TSU-05,Unit I,Liveaco Compact,2859.86
2026-08-28,1,TSU-06,Unit I,Liveaco Compact,2901.85
2026-08-28,1,TSU-07,Unit I,VSF Export,2763.02
2026-08-28,1,TSU-08,Unit I,Liveaco Compact,2708.66
2026-08-28,1,TSU-09,Unit I,Excel Slub,2988.84
2026-08-28,1,TSU-10,Unit I,Liveaco Compact,2887.06
2026-08-28,1,SUL-01,Unit I,Liveaco Compact,488.17
2026-08-28,1,SUL-02,Unit I,VSF Export,678.69
2026-08-28,1,SUL-03,Unit I,VSF Export,605.41
2026-08-28,1,SUL-04,Unit I,Liveaco Compact,441.82
2026-08-28,1,SUL-05,Unit I,Liveaco Compact,458.47
2026-08-28,2,TOY-01,Unit I,Excel Slub,4598.09
2026-08-28,2,TOY-02,Unit I,VSF Export,4449.61
2026-08-28,2,TOY-03,Unit I,Liveaco Compact,4122.58
2026-08-28,2,TOY-04,Unit I,VSF Export,4347.09
2026-08-28,2,TOY-05,Unit I,Liveaco Compact,3466.48
2026-08-28,2,TOY-06,Unit I,Liveaco Compact,3920.64
2026-08-28,2,TOY-07,Unit I,VSF Export,4766.14
2026-08-28,2,TOY-08,Unit I,Excel Slub,3691.15
2026-08-28,2,TOY-09,Unit I,VSF Export,5400.64
2026-08-28,2,TOY-10,Unit I,Liveaco Compact,4234.81
2026-08-28,2,TOY-11,Unit I,Excel Slub,4318.24
2026-08-28,2,TOY-12,Unit I,Excel Slub,4396.01
2026-08-28,2,TOY-13,Unit I,Excel Slub,4480.16
2026-08-28,2,TOY-14,Unit I,Excel Slub,3580.55
2026-08-28,2,TOY-15,Unit I,Liveaco Compact,3922.78
2026-08-28,2,TSU-01,Unit I,VSF Export,3722.1
2026-08-28,2,TSU-02,Unit I,Liveaco Compact,3098.93
2026-08-28,2,TSU-03,Unit I,VSF Export,3410.66
2026-08-28,2,TSU-04,Unit I,Excel Slub,3080.48
2026-08-28,2,TSU-05,Unit I,Liveaco Compact,2856.42
2026-08-28,2,TSU-06,Unit I,Liveaco Compact,2956.43
2026-08-28,2,TSU-07,Unit I,Liveaco Compact,2667.41
2026-08-28,2,TSU-08,Unit I,Liveaco Compact,2850.32
2026-08-28,2,TSU-09,Unit I,Liveaco Compact,2960.68
2026-08-28,2,TSU-10,Unit I,Excel Slub,2914.81
2026-08-28,2,SUL-01,Unit I,Excel Slub,575.61
2026-08-28,2,SUL-02,Unit I,VSF Export,621.32
2026-08-28,2,SUL-03,Unit I,Excel Slub,550.96
2026-08-28,2,SUL-04,Unit I,Excel Slub,602.6
2026-08-28,2,SUL-05,Unit I,Excel Slub,534.17
2026-08-28,3,TOY-01,Unit I,Liveaco Compact,4012.05
2026-08-28,3,TOY-02,Unit I,Excel Slub,3379.78
2026-08-28,3,TOY-03,Unit I,VSF Export,4680.75
2026-08-28,3,TOY-04,Unit I,Excel Slub,4508.33
2026-08-28,3,TOY-05,Unit I,Liveaco Compact,4033.24
2026-08-28,3,TOY-06,Unit I,VSF Export,4626.65
2026-08-28,3,TOY-07,Unit I,VSF Export,4948.13
2026-08-28,3,TOY-08,Unit I,Excel Slub,3421.49
2026-08-28,3,TOY-09,Unit I,Excel Slub,3824.28
2026-08-28,3,TOY-10,Unit I,Excel Slub,4440.06
2026-08-28,3,TOY-11,Unit I,Excel Slub,4015.31
2026-08-28,3,TOY-12,Unit I,VSF Export,4949.04
2026-08-28,3,TOY-13,Unit I,VSF Export,4544.33
2026-08-28,3,TOY-14,Unit I,VSF Export,5051.7
2026-08-28,3,TOY-15,Unit I,Liveaco Compact,3602.17
2026-08-28,3,TSU-01,Unit I,Liveaco Compact,2830.68
2026-08-28,3,TSU-02,Unit I,Excel Slub,3527.89
2026-08-28,3,TSU-03,Unit I,Excel Slub,3189.27
2026-08-28,3,TSU-04,Unit I,Excel Slub,3120.96
2026-08-28,3,TSU-05,Unit I,VSF Export,3506.32
2026-08-28,3,TSU-06,Unit I,Excel Slub,3194.74
2026-08-28,3,TSU-07,Unit I,Excel Slub,2911.37
2026-08-28,3,TSU-08,Unit I,Excel Slub,2939.82
2026-08-28,3,TSU-09,Unit I,Liveaco Compact,2955.02
2026-08-28,3,TSU-10,Unit I,Liveaco Compact,2966.26
2026-08-28,3,SUL-01,Unit I,VSF Export,619.58
2026-08-28,3,SUL-02,Unit I,Excel Slub,597.67
2026-08-28,3,SUL-03,Unit I,Liveaco Compact,534.87
2026-08-28,3,SUL-04,Unit I,VSF Export,526.48
2026-08-28,3,SUL-05,Unit I,VSF Export,626.94
2026-08-29,1,TOY-01,Unit I,Excel Slub,4866.1
2026-08-29,1,TOY-02,Unit I,Liveaco Compact,3000.53
2026-08-29,1,TOY-03,Unit I,VSF Export,4515.3
2026-08-29,1,TOY-04,Unit I,Excel Slub,4013.14
2026-08-29,1,TOY-05,Unit I,VSF Export,5124.46
2026-08-29,1,TOY-06,Unit I,VSF Export,5026.34
2026-08-29,1,TOY-07,Unit I,Liveaco Compact,4429.85
2026-08-29,1,TOY-08,Unit I,Liveaco Compact,3562.22
2026-08-29,1,TOY-09,Unit I,Liveaco Compact,4112.72
2026-08-29,1,TOY-10,Unit I,Excel Slub,5039.91
2026-08-29,1,TOY-11,Unit I,VSF Export,4652.28
2026-08-29,1,TOY-12,Unit I,Liveaco Compact,4019.88
2026-08-29,1,TOY-13,Unit I,Liveaco Compact,3844.69
2026-08-29,1,TOY-14,Unit I,Liveaco Compact,4296.12
2026-08-29,1,TOY-15,Unit I,Liveaco Compact,4119.08
2026-08-29,1,TSU-01,Unit I,VSF Export,3440.3
2026-08-29,1,TSU-02,Unit I,Liveaco Compact,3021.93
2026-08-29,1,TSU-03,Unit I,VSF Export,3039.68
2026-08-29,1,TSU-04,Unit I,Excel Slub,3020.61
2026-08-29,1,TSU-05,Unit I,VSF Export,3074.43
2026-08-29,1,TSU-06,Unit I,Excel Slub,3384.46
2026-08-29,1,TSU-07,Unit I,Excel Slub,3177.11
2026-08-29,1,TSU-08,Unit I,VSF Export,3360.29
2026-08-29,1,TSU-09,Unit I,Liveaco Compact,3248.38
2026-08-29,1,TSU-10,Unit I,VSF Export,3437.31
2026-08-29,1,SUL-01,Unit I,Liveaco Compact,487.87
2026-08-29,1,SUL-02,Unit I,VSF Export,691.08
2026-08-29,1,SUL-03,Unit I,VSF Export,578.68
2026-08-29,1,SUL-04,Unit I,Excel Slub,599.14
2026-08-29,1,SUL-05,Unit I,Liveaco Compact,492.78
2026-08-29,2,TOY-01,Unit I,VSF Export,4500.05
2026-08-29,2,TOY-02,Unit I,VSF Export,4276.14
2026-08-29,2,TOY-03,Unit I,Excel Slub,4791.54
2026-08-29,2,TOY-04,Unit I,Excel Slub,4732.03
2026-08-29,2,TOY-05,Unit I,Excel Slub,4637.16
2026-08-29,2,TOY-06,Unit I,Liveaco Compact,3930.83
2026-08-29,2,TOY-07,Unit I,Liveaco Compact,4676.77
2026-08-29,2,TOY-08,Unit I,Excel Slub,4081.26
2026-08-29,2,TOY-09,Unit I,VSF Export,4917.68
2026-08-29,2,TOY-10,Unit I,VSF Export,4755.96
2026-08-29,2,TOY-11,Unit I,VSF Export,4988.21
2026-08-29,2,TOY-12,Unit I,Liveaco Compact,3694.43
2026-08-29,2,TOY-13,Unit I,Liveaco Compact,4654.83
2026-08-29,2,TOY-14,Unit I,Excel Slub,3992.99
2026-08-29,2,TOY-15,Unit I,VSF Export,5074.06
2026-08-29,2,TSU-01,Unit I,Excel Slub,3215.86
2026-08-29,2,TSU-02,Unit I,VSF Export,3376.11
2026-08-29,2,TSU-03,Unit I,Liveaco Compact,2738.75
2026-08-29,2,TSU-04,Unit I,Liveaco Compact,2882.4
2026-08-29,2,TSU-05,Unit I,Liveaco Compact,3187.25
2026-08-29,2,TSU-06,Unit I,Excel Slub,3157.7
2026-08-29,2,TSU-07,Unit I,Liveaco Compact,2405.1
2026-08-29,2,TSU-08,Unit I,Liveaco Compact,2538.38
2026-08-29,2,TSU-09,Unit I,Excel Slub,3062.15
2026-08-29,2,TSU-10,Unit I,Excel Slub,3249.77
2026-08-29,2,SUL-01,Unit I,Excel Slub,607.15
2026-08-29,2,SUL-02,Unit I,Liveaco Compact,568.8
2026-08-29,2,SUL-03,Unit I,Liveaco Compact,496.31
2026-08-29,2,SUL-04,Unit I,VSF Export,667.69
2026-08-29,2,SUL-05,Unit I,Excel Slub,566.02
2026-08-29,3,TOY-01,Unit I,VSF Export,5456.03
2026-08-29,3,TOY-02,Unit I,Excel Slub,3269.65
2026-08-29,3,TOY-03,Unit I,Excel Slub,4043.61
2026-08-29,3,TOY-04,Unit I,Excel Slub,4386.89
2026-08-29,3,TOY-05,Unit I,VSF Export,4810.12
2026-08-29,3,TOY-06,Unit I,Liveaco Compact,4381.54
2026-08-29,3,TOY-07,Unit I,Liveaco Compact,3991.25
2026-08-29,3,TOY-08,Unit I,Liveaco Compact,2962.84
2026-08-29,3,TOY-09,Unit I,VSF Export,4939.25
2026-08-29,3,TOY-10,Unit I,Liveaco Compact,4044.67
2026-08-29,3,TOY-11,Unit I,Excel Slub,4127.64
2026-08-29,3,TOY-12,Unit I,VSF Export,5084.34
2026-08-29,3,TOY-13,Unit I,Excel Slub,4573.93
2026-08-29,3,TOY-14,Unit I,Liveaco Compact,3872.93
2026-08-29,3,TOY-15,Unit I,Liveaco Compact,4532.26
2026-08-29,3,TSU-01,Unit I,Liveaco Compact,3119.59
2026-08-29,3,TSU-02,Unit I,Liveaco Compact,2988.06
2026-08-29,3,TSU-03,Unit I,Liveaco Compact,2911.12
2026-08-29,3,TSU-04,Unit I,Liveaco Compact,2700.84
2026-08-29,3,TSU-05,Unit I,Excel Slub,3225.09
2026-08-29,3,TSU-06,Unit I,Liveaco Compact,3016.18
2026-08-29,3,TSU-07,Unit I,Liveaco Compact,2806.4
2026-08-29,3,TSU-08,Unit I,Excel Slub,2610.79
2026-08-29,3,TSU-09,Unit I,Liveaco Compact,2745.09
2026-08-29,3,TSU-10,Unit I,Liveaco Compact,2747.57
2026-08-29,3,SUL-01,Unit I,VSF Export,646.4
2026-08-29,3,SUL-02,Unit I,Liveaco Compact,466.56
2026-08-29,3,SUL-03,Unit I,Excel Slub,475.18
2026-08-29,3,SUL-04,Unit I,Excel Slub,512.21
2026-08-29,3,SUL-05,Unit I,VSF Export,675.02
